This is LuaHBTeX, Version 1.17.0 (TeX Live 2023)  (format=lualatex 2023.5.12)  17 MAY 2023 08:02
 restricted system commands enabled.
**tmpK
(./tmpK.tex
LaTeX2e <2022-11-01> patch level 1
Lua module: luaotfload 2022-10-03 3.23 Lua based OpenType font support
Lua module: lualibs 2022-10-04 2.75 ConTeXt Lua standard libraries.
Lua module: lualibs-extended 2022-10-04 2.75 ConTeXt Lua libraries -- extended c
ollection.
luaotfload | conf : Root cache directory is "/Users/napier3/Library/texlive/2023
/texmf-var/luatex-cache/generic/names".
luaotfload | init : Loading fontloader "fontloader-2022-10-03.lua" from kpse-res
olved path "/usr/local/texlive/2023/texmf-dist/tex/luatex/luaotfload/fontloader-
2022-10-03.lua".
Lua-only attribute luaotfload@noligature = 1
luaotfload | init : Context OpenType loader version 3.120
Inserting `luaotfload.node_processor' in `pre_linebreak_filter'.
Inserting `luaotfload.node_processor' in `hpack_filter'.
Inserting `luaotfload.glyph_stream' in `glyph_stream_provider'.
Inserting `luaotfload.define_font' in `define_font'.
Lua-only attribute luaotfload_color_attribute = 2
luaotfload | conf : Root cache directory is "/Users/napier3/Library/texlive/2023
/texmf-var/luatex-cache/generic/names".
Inserting `luaotfload.harf.strip_prefix' in `find_opentype_file'.
Inserting `luaotfload.harf.strip_prefix' in `find_truetype_file'.
Removing  `luaotfload.glyph_stream' from `glyph_stream_provider'.
Inserting `luaotfload.harf.glyphstream' in `glyph_stream_provider'.
Inserting `luaotfload.harf.finalize_vlist' in `post_linebreak_filter'.
Inserting `luaotfload.harf.finalize_hlist' in `hpack_filter'.
Inserting `luaotfload.cleanup_files' in `wrapup_run'.
Inserting `luaotfload.harf.finalize_unicode' in `finish_pdffile'.
Inserting `luaotfload.glyphinfo' in `glyph_info'.
Lua-only attribute luaotfload.letterspace_done = 3
Inserting `luaotfload.aux.set_sscale_dimens' in `luaotfload.patch_font'.
Inserting `luaotfload.aux.set_font_index' in `luaotfload.patch_font'.
Inserting `luaotfload.aux.patch_cambria_domh' in `luaotfload.patch_font'.
Inserting `luaotfload.aux.fixup_fontdata' in `luaotfload.patch_font_unsafe'.
Inserting `luaotfload.aux.set_capheight' in `luaotfload.patch_font'.
Inserting `luaotfload.aux.set_xheight' in `luaotfload.patch_font'.
Inserting `luaotfload.rewrite_fontname' in `luaotfload.patch_font'. L3 programm
ing layer <2023-05-11>
Inserting `tracingstacklevels' in `input_level_string'.
(/usr/local/texlive/2023/texmf-dist/tex/luatex/luatexja/ltjsbook.cls
Document Class: ltjsbook 2022/09/12 ltjsclasses 
(/usr/local/texlive/2023/texmf-dist/tex/luatex/luatexja/luatexja.sty
Package: luatexja 2023-05-03 Japanese Typesetting with Lua(La)TeX

(/usr/local/texlive/2023/texmf-dist/tex/luatex/luatexja/luatexja-core.sty
Package: luatexja-core 2023-04-06 Core of LuaTeX-ja

(/usr/local/texlive/2023/texmf-dist/tex/luatex/luatexbase/luatexbase.sty
Package: luatexbase 2015/10/04 v1.3 luatexbase interface to LuaTeX 

(/usr/local/texlive/2023/texmf-dist/tex/luatex/ctablestack/ctablestack.sty
Package: ctablestack 2015/10/01 v1.0 Catcode table stable support
\@catcodetablestackcnt=\count183
)
\CatcodeTableOther=\catcodetable12
\CatcodeTableExpl=\catcodetable13
)
(/usr/local/texlive/2023/texmf-dist/tex/generic/ltxcmds/ltxcmds.sty
Package: ltxcmds 2020-05-10 v1.25 LaTeX kernel commands for general use (HO)
)
(/usr/local/texlive/2023/texmf-dist/tex/generic/pdftexcmds/pdftexcmds.sty
Package: pdftexcmds 2020-06-27 v0.33 Utility functions of pdfTeX for LuaTeX (HO
)

(/usr/local/texlive/2023/texmf-dist/tex/generic/infwarerr/infwarerr.sty
Package: infwarerr 2019/12/03 v1.5 Providing info/warning/error messages (HO)
)
(/usr/local/texlive/2023/texmf-dist/tex/generic/iftex/iftex.sty
Package: iftex 2022/02/03 v1.0f TeX engine tests
)
Package pdftexcmds Info: \pdf@primitive is available.
Package pdftexcmds Info: \pdf@ifprimitive is available.
Package pdftexcmds Info: \pdfdraftmode found.
\pdftexcmds@toks=\toks16
)
(/usr/local/texlive/2023/texmf-dist/tex/latex/xkeyval/xkeyval.sty
Package: xkeyval 2022/06/16 v2.9 package option processing (HA)

(/usr/local/texlive/2023/texmf-dist/tex/generic/xkeyval/xkeyval.tex
(/usr/local/texlive/2023/texmf-dist/tex/generic/xkeyval/xkvutils.tex
\XKV@toks=\toks17
\XKV@tempa@toks=\toks18

(/usr/local/texlive/2023/texmf-dist/tex/generic/xkeyval/keyval.tex))
\XKV@depth=\count184
File: xkeyval.tex 2014/12/03 v2.7a key=value parser (HA)
))
(/usr/local/texlive/2023/texmf-dist/tex/latex/etoolbox/etoolbox.sty
Package: etoolbox 2020/10/05 v2.5k e-TeX tools for LaTeX (JAW)
\etb@tempcnta=\count185
)
(/usr/local/texlive/2023/texmf-dist/tex/latex/everyhook/everyhook.sty
(/usr/local/texlive/2023/texmf-dist/tex/latex/svn-prov/svn-prov.sty
Package: svn-prov 2010/04/24 v3.1862 Package Date/Version from SVN Keywords
)
Package: everyhook 2014/11/26 v1.2 (SVN Rev: 12)\ Hooks for low level TeX every
X primitives.
\everypar=\toks19
\frozen@everymath=\toks20
\frozen@everydisplay=\toks21
\everyhbox=\toks22
\everyvbox=\toks23
\everycr=\toks24
)
\ltjlineendcomment=\count186
\ltj@dimen@zw=\dimen139
\ltj@dimen@zh=\dimen140
\ltj@dimen@jQ=\dimen141
\ltj@icflag=\attribute4
\ltj@curjfnt=\attribute5
\ltj@curtfnt=\attribute6
\ltj@charclass=\attribute7
\ltj@charcode=\attribute8
\ltj@autospc=\attribute9
\ltj@autoxspc=\attribute10
\ltj@yablshift=\attribute11
\ltj@ykblshift=\attribute12
\ltj@tablshift=\attribute13
\ltj@tkblshift=\attribute14
\jfam=\attribute15
\ltj@vert@ori=\attribute16
\ltj@dir=\attribute17
\ltj@@japanese=\language2
\ltj@tempcnta=\count187
\ltj@tempdima=\dimen142
\ltj@@stack=\count188
\ltj@@group@level=\count189
\ltj@kcat0=\attribute18
\ltj@kcat1=\attribute19
\ltj@kcat2=\attribute20
\ltj@kcat3=\attribute21
\ltj@kcat4=\attribute22
\ltj@kcat5=\attribute23
\ltj@kcat6=\attribute24
Custom whatsit inhibitglue = 1
Custom whatsit stack_marker = 2
Custom whatsit begin_par = 3
Custom whatsit direction = 4
Custom whatsit box_boundary = 5
Custom whatsit ja_al_boundary = 6(load cache: ltj-cid-auto-adobe-japan1.luc)
Lua module: luatexja.charrange 2022-08-19 Handling the range of Japanese charact
ers
Lua module: luatexja.stack 2022-08-20 LuaTeX-ja stack system
Inserting `ltj.create_dir_whatsit' in `hpack_filter'.
Inserting `ltj.create_dir_whatsit' in `post_linebreak_filter'.
Inserting `ltj.direction' in `vpack_filter'.
Inserting `ltj.direction' in `pre_output_filter'.
Inserting `ltj.lineskip' in `post_linebreak_filter'.
Inserting `ltj.lineskip' in `append_to_vlist_filter'.
Lua module: luatexja.jfont 2023-04-06 Loader for Japanese fonts
Removing  `luaotfload.define_font' from `define_font'.
Inserting `luatexja.font_callback' in `define_font'.
Removing  `luaotfload.aux.set_sscale_dimens' from `luaotfload.patch_font'.
Removing  `luaotfload.aux.set_font_index' from `luaotfload.patch_font'.
Removing  `luaotfload.aux.patch_cambria_domh' from `luaotfload.patch_font'.
Removing  `luaotfload.aux.set_capheight' from `luaotfload.patch_font'.
Removing  `luaotfload.aux.set_xheight' from `luaotfload.patch_font'.
Removing  `luaotfload.rewrite_fontname' from `luaotfload.patch_font'.
Inserting `ltj.prepare_extra_data' in `luaotfload.patch_font'.
Inserting `luaotfload.aux.set_sscale_dimens' in `luaotfload.patch_font'.
Inserting `luaotfload.aux.set_font_index' in `luaotfload.patch_font'.
Inserting `luaotfload.aux.patch_cambria_domh' in `luaotfload.patch_font'.
Inserting `luaotfload.aux.set_capheight' in `luaotfload.patch_font'.
Inserting `luaotfload.aux.set_xheight' in `luaotfload.patch_font'.
Inserting `luaotfload.rewrite_fontname' in `luaotfload.patch_font'.
Inserting `ltj.prepare_extra_data' in `luatexja.define_font'.
Inserting `ltj.get_vert_form' in `luatexja.define_jfont'.
Removing  `ltj.prepare_extra_data' from `luaotfload.patch_font'.
Removing  `luaotfload.aux.set_sscale_dimens' from `luaotfload.patch_font'.
Removing  `luaotfload.aux.set_font_index' from `luaotfload.patch_font'.
Removing  `luaotfload.aux.patch_cambria_domh' from `luaotfload.patch_font'.
Removing  `luaotfload.aux.set_capheight' from `luaotfload.patch_font'.
Removing  `luaotfload.aux.set_xheight' from `luaotfload.patch_font'.
Removing  `luaotfload.rewrite_fontname' from `luaotfload.patch_font'.
Inserting `ltj.supply_tounicode' in `luaotfload.patch_font'.
Inserting `ltj.prepare_extra_data' in `luaotfload.patch_font'.
Inserting `luaotfload.aux.set_sscale_dimens' in `luaotfload.patch_font'.
Inserting `luaotfload.aux.set_font_index' in `luaotfload.patch_font'.
Inserting `luaotfload.aux.patch_cambria_domh' in `luaotfload.patch_font'.
Inserting `luaotfload.aux.set_capheight' in `luaotfload.patch_font'.
Inserting `luaotfload.aux.set_xheight' in `luaotfload.patch_font'.
Inserting `luaotfload.rewrite_fontname' in `luaotfload.patch_font'.
Inserting `ltj.process_input_buffer' in `process_input_buffer'.
Inserting `ltj.hyphenate' in `hyphenate'.
Removing  `luaotfload.node_processor' from `hpack_filter'.
Removing  `luaotfload.harf.finalize_hlist' from `hpack_filter'.
Removing  `ltj.create_dir_whatsit' from `hpack_filter'.
Inserting `ltj.set_stack_level' in `hpack_filter'.
Inserting `luaotfload.node_processor' in `hpack_filter'.
Inserting `luaotfload.harf.finalize_hlist' in `hpack_filter'.
Inserting `ltj.create_dir_whatsit' in `hpack_filter'.
Removing  `luaotfload.node_processor' from `pre_linebreak_filter'.
Inserting `ltj.set_stack_level' in `pre_linebreak_filter'.
Inserting `luaotfload.node_processor' in `pre_linebreak_filter'.
Lua module: luatexja.jfmglue 2022-08-29 Insertion process of JFM glues, [x]kanji
skip and others
Inserting `luatexja.beginpar.np_info' in `luatexja.jfmglue.whatsit_getinfo'.
Inserting `luatexja.beginpar.np_info_after' in `luatexja.jfmglue.whatsit_after'.
Inserting `ltj.mlist_to_hlist_pre' in `pre_mlist_to_hlist_filter'.
Inserting `ltj.main' in `pre_linebreak_filter'.
Removing  `luaotfload.harf.finalize_hlist' from `hpack_filter'.
Removing  `ltj.create_dir_whatsit' from `hpack_filter'.
Inserting `ltj.main' in `hpack_filter'.
Inserting `luaotfload.harf.finalize_hlist' in `hpack_filter'.
Inserting `ltj.create_dir_whatsit' in `hpack_filter'.
Removing  `ltj.set_stack_level' from `pre_linebreak_filter'.
Removing  `luaotfload.node_processor' from `pre_linebreak_filter'.
Removing  `ltj.main' from `pre_linebreak_filter'.
Inserting `ltj.adjust_icflag' in `pre_linebreak_filter'.
Inserting `ltj.set_stack_level' in `pre_linebreak_filter'.
Inserting `luaotfload.node_processor' in `pre_linebreak_filter'.
Inserting `ltj.main' in `pre_linebreak_filter'.
Removing  `ltj.set_stack_level' from `hpack_filter'.
Removing  `luaotfload.node_processor' from `hpack_filter'.
Removing  `ltj.main' from `hpack_filter'.
Removing  `luaotfload.harf.finalize_hlist' from `hpack_filter'.
Removing  `ltj.create_dir_whatsit' from `hpack_filter'.
Inserting `ltj.adjust_icflag' in `hpack_filter'.
Inserting `ltj.set_stack_level' in `hpack_filter'.
Inserting `luaotfload.node_processor' in `hpack_filter'.
Inserting `ltj.main' in `hpack_filter'.
Inserting `luaotfload.harf.finalize_hlist' in `hpack_filter'.
Inserting `ltj.create_dir_whatsit' in `hpack_filter'.
(/usr/local/texlive/2023/texmf-dist/tex/luatex/luatexja/ltj-base.sty
Package: ltj-base 2021-03-16
\ltj@tempcntb=\count190
\ltj@tempcntc=\count191
\ltj@afbox=\box51
)
\ltj@@italic@inner=\luafunction26
\ltj@@start@time@measure@inner=\luafunction27
\ltj@@stop@time@measure@inner=\luafunction28
\ltj@@jfont@inner=\luafunction29
\ltj@zw@inner=\luafunction30
\ltj@zh@inner=\luafunction31
\ltj@reset@globaldefs@inner=\luafunction32
\ltj@restore@globaldefs@inner=\luafunction33
\ltj@@disihb@inner=\luafunction34
\ltj@@ihb@inner=\luafunction35
\ltj@@fakeparbegin@inner=\luafunction36
\ltj@@fakeboxbdd@inner=\luafunction37
\ltj@@ins@xk@inner=\luafunction38
\ltj@@ins@k@inner=\luafunction39
\ltjsetkanjiskip@inner=\luafunction40
\ltjsetxkanjiskip@inner=\luafunction41
\ltj@@getparam@one@inner=\luafunction42
\ltj@alljachar@inner=\luafunction43
\ltj@@lua@populate@insertwhatsit@inner=\luafunction44
\ltj@@vadjust@begin@inner=\luafunction45
\ltj@@vadjust@dirhook@inner=\luafunction46
\ltj@@vadjust@check@dir@inner=\luafunction47
\ltj@@box@dirhook@inner=\luafunction48
\ltj@@reset@badness@inner=\luafunction49
\ltj@@lua@raisebox@inner=\luafunction50
\ltj@@vsplit@inner=\luafunction51
\ltj@@lua@unboxcheckdir@inner=\luafunction52
\ltj@@lua@uncopycheckdir@inner=\luafunction53
\ltj@@lua@uncopy@restore@whatsit@inner=\luafunction54
(load cache: ltj-kinsoku_default.luc)
(/usr/local/texlive/2023/texmf-dist/tex/luatex/luatexja/ltj-latex.sty
Package: ltj-latex 2022-10-15 LaTeX support of LuaTeX-ja
Inserting `ltj.direction' in `pre_shipout_filter'.
(/usr/local/texlive/2023/texmf-dist/tex/luatex/luatexja/patches/lltjfont.sty
Package: lltjfont 2023-04-13 Patch to NFSS2 for LuaTeX-ja
\ltj@@latex@plv=\count192

(/usr/local/texlive/2023/texmf-dist/tex/latex/base/tuenc.def
File: tuenc.def 2021/04/29 v2.0v Standard LaTeX file
\@remove@tlig@@@=\luafunction55
LaTeX Font Info:    Redeclaring font encoding TU on input line 105.
)
\Cht=\dimen143
\cht=\dimen144
\Cdp=\dimen145
\cdp=\dimen146
\Cwd=\dimen147
\cwd=\dimen148
\Cvs=\dimen149
\cvs=\dimen150
\Chs=\dimen151
\chs=\dimen152
\cHT=\dimen153
\dstrutbox=\box52
\tstrutbox=\box53
\zstrutbox=\box54
LaTeX Info: Redefining \strut on input line 91.
\ltj@@add@fenc@@inner=\luafunction56
\ltj@@add@kyenc@@inner=\luafunction57
\ltj@@add@ktenc@@inner=\luafunction58
\ltj@@is@kyenc@@inner=\luafunction59
\ltj@@is@ktenc@@inner=\luafunction60
\ltj@@is@kenc@@inner=\luafunction61
\ltj@@is@ffam@@inner=\luafunction62
\ltj@@add@ffam@@inner=\luafunction63
\ltj@@add@kfam@@inner=\luafunction64
\ltj@@adjust@baseline@inner=\luafunction65
LaTeX Info: Redefining \fontencoding on input line 646.
LaTeX Info: Redefining \fontfamily on input line 689.
LaTeX Info: Redefining \fontseries on input line 923.
LaTeX Info: Redefining \fontseriesforce on input line 924.
LaTeX Info: Redefining \fontshape on input line 944.
LaTeX Info: Redefining \fontshapeforce on input line 955.
\ltj@@jfont@@jfmonly@@inner=\luafunction66
\ltj@@does@alt@set@@inner=\luafunction67
\ltj@@cipath@clear@inner=\luafunction68
)
(/usr/local/texlive/2023/texmf-dist/tex/luatex/luatexja/patches/lltjdefs.sty
Package: lltjdefs 2022-01-23 Default font settings of LuaTeX-ja
luaotfload | db : Font names database loaded from /Users/napier3/Library/texlive
/2023/texmf-var/luatex-cache/generic/names/luaotfload-names.luc.gz(load cache: e
xtra_lmroman10-regular.luc)
LaTeX Font Info:    Font shape `JT3/mc/m/n' will be
(Font)              scaled to size 9.24713pt on input line 79.

(/usr/local/texlive/2023/texmf-dist/tex/luatex/luatexja/jfm-ujisv.lua)
LaTeX Font Info:    Font shape `JY3/mc/m/n' will be
(Font)              scaled to size 9.24713pt on input line 79.
(load cache: extra_haranoajimincho-regular.luc)
(/usr/local/texlive/2023/texmf-dist/tex/luatex/luatexja/jfm-ujis.lua)
\symmincho=\mathgroup4
LaTeX Font Info:    Overwriting symbol font `mincho' in version `bold'
(Font)                  JY3/mc/m/n --> JY3/gt/m/n on input line 88.
)
(/usr/local/texlive/2023/texmf-dist/tex/luatex/luatexja/patches/lltjcore.sty
Package: lltjcore 2023-02-26 Patch to LaTeX2e Kernel for LuaTeX-ja

(/usr/local/texlive/2023/texmf-dist/tex/latex/l3kernel/expl3.sty
Package: expl3 2023-05-11 L3 programming layer (loader) 

(/usr/local/texlive/2023/texmf-dist/tex/latex/l3backend/l3backend-luatex.def
File: l3backend-luatex.def 2023-04-19 L3 backend support: PDF output (LuaTeX)
\l__color_backend_stack_int=\count193
Inserting `l3color' in `luaotfload.parse_color'.
\l__pdf_internal_box=\box55
))
\@tombowwidth=\dimen154
\@TL=\box56
\@Tl=\box57
\@TC=\box58
\@TR=\box59
\@Tr=\box60
\@BL=\box61
\@Bl=\box62
\@BC=\box63
\@BR=\box64
\@Br=\box65
\@CL=\box66
\@CR=\box67
(load cache: extra_lmmono9-regular.luc)
\@bannertoken=\toks25
\@@paperheight=\dimen155
\@@paperwidth=\dimen156
\@@topmargin=\dimen157
LaTeX Info: Redefining \underline on input line 280.
)
(/usr/local/texlive/2023/texmf-dist/tex/luatex/luatexja/patches/lltjp-atbegshi.
sty
Package: lltjp-atbegshi 2022-08-12 Patching \shipout hooks for LuaTeX-ja
\l__platex_shipout_dummy_box=\box68
)
(/usr/local/texlive/2023/texmf-dist/tex/luatex/luatexja/patches/lltjp-geometry.
sty
Package: lltjp-geometry 2021-10-24 Patch to geometry for LuaTeX-ja with vertica
l writing mode
 (/usr/local/texlive/2023/texmf-dist/tex/generic/iftex/ifluatex.sty
Package: ifluatex 2019/10/25 v1.5 ifluatex legacy package. Use iftex instead.
)))
\ltj@temp@cctb=\catcodetable14
)
(/usr/local/texlive/2023/texmf-dist/tex/luatex/luatexja/luatexja-compat.sty
Package: luatexja-compat 2020-08-08 Compatibility with pTeX
(load cache: ltj-jisx0208.luc)
\hour=\count194
\minute=\count195
))
\jsc@mpt=\dimen158
\jsc@mmm=\dimen159
\jsc@smallskipamount=\skip48
LaTeX Font Info:    Font shape `JY3/mc/m/n' will be
(Font)              scaled to size 9.24713pt on input line 424.
\fullwidth=\dimen160
(load cache: extra_lmroman8-regular.luc)
LaTeX Font Info:    Font shape `JT3/mc/m/n' will be
(Font)              scaled to size 7.3977pt on input line 573.
LaTeX Font Info:    Font shape `JY3/mc/m/n' will be
(Font)              scaled to size 7.3977pt on input line 573.
\c@part=\count196
\c@chapter=\count197
\c@section=\count198
\c@subsection=\count199
\c@subsubsection=\count266
\c@paragraph=\count267
\c@subparagraph=\count268
\c@figure=\count269
\c@table=\count270
\abovecaptionskip=\skip49
\belowcaptionskip=\skip50
LaTeX Info: Redefining \mc on input line 1282.
LaTeX Info: Redefining \gt on input line 1283.
\jsc@tocl@width=\dimen161
\@lnumwidth=\dimen162
\bibindent=\dimen163

(/usr/local/texlive/2023/texmf-dist/tex/platex/jsclasses/jslogo.sty
Package: jslogo 2019/07/25 okumura, texjporg
LaTeX Info: Redefining \TeX on input line 82.
LaTeX Info: Redefining \LaTeX on input line 135.
LaTeX Info: Redefining \LaTeXe on input line 188.
)
\heisei=\count271

(/usr/local/texlive/2023/texmf-dist/tex/latex/sttools/stfloats.sty
Package: stfloats 2017/03/27 v3.3 Improve float mechanism and baselineskip sett
ings
\@dblbotnum=\count272
\c@dblbotnumber=\count273
)
(/usr/local/texlive/2023/texmf-dist/tex/luatex/luatexja/patches/lltjp-stfloats.
sty)) (../../myStyle.sty
(/usr/local/texlive/2023/texmf-dist/tex/latex/natbib/natbib.sty
Package: natbib 2010/09/13 8.31b (PWD, AO)
\bibhang=\skip51
\bibsep=\skip52
LaTeX Info: Redefining \cite on input line 694.
\c@NAT@ctr=\count274
)
(/usr/local/texlive/2023/texmf-dist/tex/latex/bxpapersize/bxpapersize.sty
Package: bxpapersize 2022/04/28 v0.6

(/usr/local/texlive/2023/texmf-dist/tex/generic/iftex/ifpdf.sty
Package: ifpdf 2019/10/25 v3.4 ifpdf legacy package. Use iftex instead.
)
(/usr/local/texlive/2023/texmf-dist/tex/generic/iftex/ifxetex.sty
Package: ifxetex 2019/10/25 v0.7 ifxetex legacy package. Use iftex instead.
)
(/usr/local/texlive/2023/texmf-dist/tex/generic/iftex/ifvtex.sty
Package: ifvtex 2019/10/25 v1.7 ifvtex legacy package. Use iftex instead.
)
(/usr/local/texlive/2023/texmf-dist/tex/generic/ifptex/ifptex.sty
Package: ifptex 2023/04/08 v2.2c pTeX checker
)
\bxpr@dima=\dimen164
Package bxpapersize Info: Detected the new LaTeX kernel (2020-10-01).

(/usr/local/texlive/2023/texmf-dist/tex/latex/base/atbegshi-ltx.sty
Package: atbegshi-ltx 2021/01/10 v1.0c Emulation of the original atbegshi
package with kernel methods
))
(/usr/local/texlive/2023/texmf-dist/tex/latex/geometry/geometry.sty
Package: geometry 2020/01/02 v5.9 Page Geometry
\Gm@cnth=\count275
\Gm@cntv=\count276
\c@Gm@tempcnt=\count277
\Gm@bindingoffset=\dimen165
\Gm@wd@mp=\dimen166
\Gm@odd@mp=\dimen167
\Gm@even@mp=\dimen168
\Gm@layoutwidth=\dimen169
\Gm@layoutheight=\dimen170
\Gm@layouthoffset=\dimen171
\Gm@layoutvoffset=\dimen172
\Gm@dimlist=\toks26
)
(/usr/local/texlive/2023/texmf-dist/tex/latex/amsmath/amsmath.sty
Package: amsmath 2022/04/08 v2.17n AMS math features
\@mathmargin=\skip53

For additional information on amsmath, use the `?' option.
(/usr/local/texlive/2023/texmf-dist/tex/latex/amsmath/amstext.sty
Package: amstext 2021/08/26 v2.01 AMS text

(/usr/local/texlive/2023/texmf-dist/tex/latex/amsmath/amsgen.sty
File: amsgen.sty 1999/11/30 v2.0 generic functions
\@emptytoks=\toks27
\ex@=\dimen173
))
(/usr/local/texlive/2023/texmf-dist/tex/latex/amsmath/amsbsy.sty
Package: amsbsy 1999/11/29 v1.2d Bold Symbols
\pmbraise@=\dimen174
)
(/usr/local/texlive/2023/texmf-dist/tex/latex/amsmath/amsopn.sty
Package: amsopn 2022/04/08 v2.04 operator names
)
\inf@bad=\count278
LaTeX Info: Redefining \frac on input line 236.
\uproot@=\count279
\leftroot@=\count280
LaTeX Info: Redefining \overline on input line 399.
LaTeX Info: Redefining \colon on input line 410.
\classnum@=\count281
\DOTSCASE@=\count282
LaTeX Info: Redefining \ldots on input line 496.
LaTeX Info: Redefining \dots on input line 499.
LaTeX Info: Redefining \cdots on input line 620.
\Mathstrutbox@=\box69
\strutbox@=\box70
LaTeX Info: Redefining \big on input line 722.
LaTeX Info: Redefining \Big on input line 723.
LaTeX Info: Redefining \bigg on input line 724.
LaTeX Info: Redefining \Bigg on input line 725.
\big@size=\dimen175
LaTeX Font Info:    Redeclaring font encoding OML on input line 743.
LaTeX Font Info:    Redeclaring font encoding OMS on input line 744.
\macc@depth=\count283
LaTeX Info: Redefining \bmod on input line 905.
LaTeX Info: Redefining \pmod on input line 910.
LaTeX Info: Redefining \smash on input line 940.
LaTeX Info: Redefining \relbar on input line 970.
LaTeX Info: Redefining \Relbar on input line 971.
\c@MaxMatrixCols=\count284
\dotsspace@=\muskip16
\c@parentequation=\count285
\dspbrk@lvl=\count286
\tag@help=\toks28
\row@=\count287
\column@=\count288
\maxfields@=\count289
\andhelp@=\toks29
\eqnshift@=\dimen176
\alignsep@=\dimen177
\tagshift@=\dimen178
\tagwidth@=\dimen179
\totwidth@=\dimen180
\lineht@=\dimen181
\@envbody=\toks30
\multlinegap=\skip54
\multlinetaggap=\skip55
\mathdisplay@stack=\toks31
LaTeX Info: Redefining \[ on input line 2953.
LaTeX Info: Redefining \] on input line 2954.
)
(/usr/local/texlive/2023/texmf-dist/tex/latex/amsfonts/amssymb.sty
Package: amssymb 2013/01/14 v3.01 AMS font symbols

(/usr/local/texlive/2023/texmf-dist/tex/latex/amsfonts/amsfonts.sty
Package: amsfonts 2013/01/14 v3.01 Basic AMSFonts support
\symAMSa=\mathgroup5
\symAMSb=\mathgroup6
LaTeX Font Info:    Redeclaring math symbol \hbar on input line 98.
LaTeX Font Info:    Overwriting math alphabet `\mathfrak' in version `bold'
(Font)                  U/euf/m/n --> U/euf/b/n on input line 106.
))
(/usr/local/texlive/2023/texmf-dist/tex/latex/url/url.sty
\Urlmuskip=\muskip17
Package: url 2013/09/16  ver 3.4  Verb mode for urls, etc.
)
(/usr/local/texlive/2023/texmf-dist/tex/latex/graphics/graphicx.sty
Package: graphicx 2021/09/16 v1.2d Enhanced LaTeX Graphics (DPC,SPQR)

(/usr/local/texlive/2023/texmf-dist/tex/latex/graphics/graphics.sty
Package: graphics 2022/03/10 v1.4e Standard LaTeX Graphics (DPC,SPQR)

(/usr/local/texlive/2023/texmf-dist/tex/latex/graphics/trig.sty
Package: trig 2021/08/11 v1.11 sin cos tan (DPC)
)
(/usr/local/texlive/2023/texmf-dist/tex/latex/graphics-cfg/graphics.cfg
File: graphics.cfg 2016/06/04 v1.11 sample graphics configuration
)
Package graphics Info: Driver file: luatex.def on input line 107.

(/usr/local/texlive/2023/texmf-dist/tex/latex/graphics-def/luatex.def
File: luatex.def 2022/09/22 v1.2d Graphics/color driver for luatex
))
\Gin@req@height=\dimen182
\Gin@req@width=\dimen183
)
(/usr/local/texlive/2023/texmf-dist/tex/latex/lineno/lineno.sty
Package: lineno 2023/01/19 line numbers on paragraphs v5.1
\linenopenalty=\count290
\output=\toks32
\linenoprevgraf=\count291
\linenumbersep=\dimen184
\linenumberwidth=\dimen185
\c@linenumber=\count292
\c@pagewiselinenumber=\count293
\c@LN@truepage=\count294
\c@internallinenumber=\count295
\c@internallinenumbers=\count296
\quotelinenumbersep=\dimen186
\bframerule=\dimen187
\bframesep=\dimen188
\bframebox=\box71
\linenoamsmath@ams@eqpen=\count297
LaTeX Info: Redefining \\ on input line 3131.
)
(/usr/local/texlive/2023/texmf-dist/tex/latex/graphics/lscape.sty
Package: lscape 2020/05/28 v3.02 Landscape Pages (DPC)
)
(/usr/local/texlive/2023/texmf-dist/tex/luatex/luatexja/addons/luatexja-ruby.st
y
Package: luatexja-ruby 2023-01-21 v0.61
\ltj@rubyattr=\attribute25
Lua module: luatexja.ruby 2022-12-31 Ruby annotation
Custom whatsit ruby_pre = 7
Custom whatsit ruby_post = 8
Inserting `ltj.ruby.pre' in `pre_linebreak_filter'.
Inserting `ltj.ruby.pre' in `hpack_filter'.
Inserting `ltj.ruby.post_break' in `post_linebreak_filter'.
Inserting `ltj.ruby.post_hbox' in `hpack_filter'.
Removing  `luatexja.beginpar.np_info' from `luatexja.jfmglue.whatsit_getinfo'.
Inserting `luatexja.ruby.np_info' in `luatexja.jfmglue.whatsit_getinfo'.
Inserting `luatexja.beginpar.np_info' in `luatexja.jfmglue.whatsit_getinfo'.
Removing  `luatexja.beginpar.np_info_after' from `luatexja.jfmglue.whatsit_after
'.
Inserting `luatexja.ruby.np_info_after' in `luatexja.jfmglue.whatsit_after'.
Inserting `luatexja.beginpar.np_info_after' in `luatexja.jfmglue.whatsit_after'.
Inserting `luatexja.ruby.np_info_last_minute' in `luatexja.jfmglue.whatsit_last_
minute'.) (/usr/local/texlive/2023/texmf-dist/tex/latex/epsdice/epsdice.sty
Package: epsdice 2007/02/15 by Thomas Heim (v. 2.1)

(/usr/local/texlive/2023/texmf-dist/tex/latex/base/ifthen.sty
Package: ifthen 2022/04/13 v1.1d Standard LaTeX ifthen package (DPC)
)
(/usr/local/texlive/2023/texmf-dist/tex/latex/epsdice/epsdice.cfg)
\c@eps@face=\count298
)
(/usr/local/texlive/2023/texmf-dist/tex/latex/fancyvrb/fancyvrb.sty
Package: fancyvrb 2023/01/19 4.5a verbatim text (tvz,hv)
\FV@CodeLineNo=\count299
\FV@InFile=\read2
\FV@TabBox=\box72
\c@FancyVerbLine=\count300
\FV@StepNumber=\count301
\FV@OutFile=\write3
)
(/usr/local/texlive/2023/texmf-dist/tex/generic/ulem/ulem.sty
\UL@box=\box73
\UL@hyphenbox=\box74
\UL@skip=\skip56
\UL@hook=\toks33
\UL@height=\dimen189
\UL@pe=\count302
\UL@pixel=\dimen190
\ULC@box=\box75
Package: ulem 2019/11/18
\ULdepth=\dimen191
)
(/usr/local/texlive/2023/texmf-dist/tex/latex/tools/bm.sty
Package: bm 2022/01/05 v1.2f Bold Symbol Support (DPC/FMi)
\symboldoperators=\mathgroup7
\symboldletters=\mathgroup8
\symboldsymbols=\mathgroup9
Package bm Info: No bold for \OMX/cmex/m/n, using \pmb.
\symboldmincho=\mathgroup10
Package bm Info: No bold for \U/msa/m/n, using \pmb.
Package bm Info: No bold for \U/msb/m/n, using \pmb.
LaTeX Font Info:    Redeclaring math alphabet \mathbf on input line 149.
)
(/usr/local/texlive/2023/texmf-dist/tex/latex/pdfpages/pdfpages.sty
Package: pdfpages 2022/12/19 v0.5x Insert pages of external PDF documents (AM)

(/usr/local/texlive/2023/texmf-dist/tex/latex/tools/calc.sty
Package: calc 2017/05/25 v4.3 Infix arithmetic (KKT,FJ)
\calc@Acount=\count303
\calc@Bcount=\count304
\calc@Adimen=\dimen192
\calc@Bdimen=\dimen193
\calc@Askip=\skip57
\calc@Bskip=\skip58
LaTeX Info: Redefining \setlength on input line 80.
LaTeX Info: Redefining \addtolength on input line 81.
\calc@Ccount=\count305
\calc@Cskip=\skip59
)
(/usr/local/texlive/2023/texmf-dist/tex/latex/eso-pic/eso-pic.sty
Package: eso-pic 2023/05/03 v3.0c eso-pic (RN)
\ESO@tempdima=\dimen194
\ESO@tempdimb=\dimen195

(/usr/local/texlive/2023/texmf-dist/tex/latex/xcolor/xcolor.sty
Package: xcolor 2022/06/12 v2.14 LaTeX color extensions (UK)

(/usr/local/texlive/2023/texmf-dist/tex/latex/graphics-cfg/color.cfg
File: color.cfg 2016/01/02 v1.6 sample color configuration
)
Package xcolor Info: Driver file: luatex.def on input line 227.

(/usr/local/texlive/2023/texmf-dist/tex/latex/graphics/mathcolor.ltx)
Package xcolor Info: Model `cmy' substituted by `cmy0' on input line 1353.
Package xcolor Info: Model `hsb' substituted by `rgb' on input line 1357.
Package xcolor Info: Model `RGB' extended on input line 1369.
Package xcolor Info: Model `HTML' substituted by `rgb' on input line 1371.
Package xcolor Info: Model `Hsb' substituted by `hsb' on input line 1372.
Package xcolor Info: Model `tHsb' substituted by `hsb' on input line 1373.
Package xcolor Info: Model `HSB' substituted by `hsb' on input line 1374.
Package xcolor Info: Model `Gray' substituted by `gray' on input line 1375.
Package xcolor Info: Model `wave' substituted by `hsb' on input line 1376.

(/usr/local/texlive/2023/texmf-dist/tex/latex/graphics/dvipsnam.def
File: dvipsnam.def 2016/06/17 v3.0m Driver-dependent file (DPC,SPQR)
)))
\AM@pagewidth=\dimen196
\AM@pageheight=\dimen197
\AM@fboxrule=\dimen198

(/usr/local/texlive/2023/texmf-dist/tex/latex/pdfpages/ppluatex.def
File: ppluatex.def 2022/12/19 v0.5x Pdfpages driver for LuaTeX (AM)
)
\pdfpages@includegraphics@status=\count306
\AM@pagebox=\box76
\AM@global@opts=\toks34
\AM@pagecnt=\count307
\AM@toc@title=\toks35
\AM@lof@heading=\toks36
\c@AM@survey=\count308
\AM@templatesizebox=\box77
)
(/usr/local/texlive/2023/texmf-dist/tex/latex/wrapfig/wrapfig.sty
\wrapoverhang=\dimen199
\WF@size=\dimen256
\c@WF@wrappedlines=\count309
\WF@box=\box78
\WF@everypar=\toks37
Package: wrapfig 2003/01/31  v 3.6
)
(/usr/local/texlive/2023/texmf-dist/tex/latex/multirow/multirow.sty
Package: multirow 2021/03/15 v2.8 Span multiple rows of a table
\multirow@colwidth=\skip60
\multirow@cntb=\count310
\multirow@dima=\skip61
\bigstrutjot=\dimen257
)
(/usr/local/texlive/2023/texmf-dist/tex/latex/pgf/frontendlayer/tikz.sty
(/usr/local/texlive/2023/texmf-dist/tex/latex/pgf/basiclayer/pgf.sty
(/usr/local/texlive/2023/texmf-dist/tex/latex/pgf/utilities/pgfrcs.sty
(/usr/local/texlive/2023/texmf-dist/tex/generic/pgf/utilities/pgfutil-common.te
x
\pgfutil@everybye=\toks38
\pgfutil@tempdima=\dimen258
\pgfutil@tempdimb=\dimen259
)
(/usr/local/texlive/2023/texmf-dist/tex/generic/pgf/utilities/pgfutil-latex.def
\pgfutil@abb=\box79
) (/usr/local/texlive/2023/texmf-dist/tex/generic/pgf/utilities/pgfrcs.code.tex
(/usr/local/texlive/2023/texmf-dist/tex/generic/pgf/pgf.revision.tex)
Package: pgfrcs 2023-01-15 v3.1.10 (3.1.10)
))
Package: pgf 2023-01-15 v3.1.10 (3.1.10)

(/usr/local/texlive/2023/texmf-dist/tex/latex/pgf/basiclayer/pgfcore.sty
(/usr/local/texlive/2023/texmf-dist/tex/latex/pgf/systemlayer/pgfsys.sty
(/usr/local/texlive/2023/texmf-dist/tex/generic/pgf/systemlayer/pgfsys.code.tex
Package: pgfsys 2023-01-15 v3.1.10 (3.1.10)
(/usr/local/texlive/2023/texmf-dist/tex/generic/pgf/utilities/pgfkeys.code.tex
\pgfkeys@pathtoks=\toks39
\pgfkeys@temptoks=\toks40

(/usr/local/texlive/2023/texmf-dist/tex/generic/pgf/utilities/pgfkeyslibraryfil
tered.code.tex
\pgfkeys@tmptoks=\toks41
))
\pgf@x=\dimen260
\pgf@y=\dimen261
\pgf@xa=\dimen262
\pgf@ya=\dimen263
\pgf@xb=\dimen264
\pgf@yb=\dimen265
\pgf@xc=\dimen266
\pgf@yc=\dimen267
\pgf@xd=\dimen268
\pgf@yd=\dimen269
\w@pgf@writea=\write4
\r@pgf@reada=\read3
\c@pgf@counta=\count311
\c@pgf@countb=\count312
\c@pgf@countc=\count313
\c@pgf@countd=\count314
\t@pgf@toka=\toks42
\t@pgf@tokb=\toks43
\t@pgf@tokc=\toks44
\pgf@sys@id@count=\count315

(/usr/local/texlive/2023/texmf-dist/tex/generic/pgf/systemlayer/pgf.cfg
File: pgf.cfg 2023-01-15 v3.1.10 (3.1.10)
)
Driver file for pgf: pgfsys-luatex.def

(/usr/local/texlive/2023/texmf-dist/tex/generic/pgf/systemlayer/pgfsys-luatex.d
ef
File: pgfsys-luatex.def 2023-01-15 v3.1.10 (3.1.10)

(/usr/local/texlive/2023/texmf-dist/tex/generic/pgf/systemlayer/pgfsys-common-p
df.def
File: pgfsys-common-pdf.def 2023-01-15 v3.1.10 (3.1.10)
)))
(/usr/local/texlive/2023/texmf-dist/tex/generic/pgf/systemlayer/pgfsyssoftpath.
code.tex
File: pgfsyssoftpath.code.tex 2023-01-15 v3.1.10 (3.1.10)
\pgfsyssoftpath@smallbuffer@items=\count316
\pgfsyssoftpath@bigbuffer@items=\count317
)
(/usr/local/texlive/2023/texmf-dist/tex/generic/pgf/systemlayer/pgfsysprotocol.
code.tex
File: pgfsysprotocol.code.tex 2023-01-15 v3.1.10 (3.1.10)
))
(/usr/local/texlive/2023/texmf-dist/tex/generic/pgf/basiclayer/pgfcore.code.tex
Package: pgfcore 2023-01-15 v3.1.10 (3.1.10)
(/usr/local/texlive/2023/texmf-dist/tex/generic/pgf/math/pgfmath.code.tex
(/usr/local/texlive/2023/texmf-dist/tex/generic/pgf/math/pgfmathutil.code.tex)
(/usr/local/texlive/2023/texmf-dist/tex/generic/pgf/math/pgfmathparser.code.tex
\pgfmath@dimen=\dimen270
\pgfmath@count=\count318
\pgfmath@box=\box80
\pgfmath@toks=\toks45
\pgfmath@stack@operand=\toks46
\pgfmath@stack@operation=\toks47
)
(/usr/local/texlive/2023/texmf-dist/tex/generic/pgf/math/pgfmathfunctions.code.
tex)
(/usr/local/texlive/2023/texmf-dist/tex/generic/pgf/math/pgfmathfunctions.basic
.code.tex)
(/usr/local/texlive/2023/texmf-dist/tex/generic/pgf/math/pgfmathfunctions.trigo
nometric.code.tex)
(/usr/local/texlive/2023/texmf-dist/tex/generic/pgf/math/pgfmathfunctions.rando
m.code.tex)
(/usr/local/texlive/2023/texmf-dist/tex/generic/pgf/math/pgfmathfunctions.compa
rison.code.tex)
(/usr/local/texlive/2023/texmf-dist/tex/generic/pgf/math/pgfmathfunctions.base.
code.tex)
(/usr/local/texlive/2023/texmf-dist/tex/generic/pgf/math/pgfmathfunctions.round
.code.tex)
(/usr/local/texlive/2023/texmf-dist/tex/generic/pgf/math/pgfmathfunctions.misc.
code.tex)
(/usr/local/texlive/2023/texmf-dist/tex/generic/pgf/math/pgfmathfunctions.integ
erarithmetics.code.tex)
(/usr/local/texlive/2023/texmf-dist/tex/generic/pgf/math/pgfmathcalc.code.tex)
(/usr/local/texlive/2023/texmf-dist/tex/generic/pgf/math/pgfmathfloat.code.tex
\c@pgfmathroundto@lastzeros=\count319
)) (/usr/local/texlive/2023/texmf-dist/tex/generic/pgf/math/pgfint.code.tex)
(/usr/local/texlive/2023/texmf-dist/tex/generic/pgf/basiclayer/pgfcorepoints.co
de.tex
File: pgfcorepoints.code.tex 2023-01-15 v3.1.10 (3.1.10)
\pgf@picminx=\dimen271
\pgf@picmaxx=\dimen272
\pgf@picminy=\dimen273
\pgf@picmaxy=\dimen274
\pgf@pathminx=\dimen275
\pgf@pathmaxx=\dimen276
\pgf@pathminy=\dimen277
\pgf@pathmaxy=\dimen278
\pgf@xx=\dimen279
\pgf@xy=\dimen280
\pgf@yx=\dimen281
\pgf@yy=\dimen282
\pgf@zx=\dimen283
\pgf@zy=\dimen284
)
(/usr/local/texlive/2023/texmf-dist/tex/generic/pgf/basiclayer/pgfcorepathconst
ruct.code.tex
File: pgfcorepathconstruct.code.tex 2023-01-15 v3.1.10 (3.1.10)
\pgf@path@lastx=\dimen285
\pgf@path@lasty=\dimen286
)
(/usr/local/texlive/2023/texmf-dist/tex/generic/pgf/basiclayer/pgfcorepathusage
.code.tex
File: pgfcorepathusage.code.tex 2023-01-15 v3.1.10 (3.1.10)
\pgf@shorten@end@additional=\dimen287
\pgf@shorten@start@additional=\dimen288
)
(/usr/local/texlive/2023/texmf-dist/tex/generic/pgf/basiclayer/pgfcorescopes.co
de.tex
File: pgfcorescopes.code.tex 2023-01-15 v3.1.10 (3.1.10)
\pgfpic=\box81
\pgf@hbox=\box82
\pgf@layerbox@main=\box83
\pgf@picture@serial@count=\count320
)
(/usr/local/texlive/2023/texmf-dist/tex/generic/pgf/basiclayer/pgfcoregraphicst
ate.code.tex
File: pgfcoregraphicstate.code.tex 2023-01-15 v3.1.10 (3.1.10)
\pgflinewidth=\dimen289
)
(/usr/local/texlive/2023/texmf-dist/tex/generic/pgf/basiclayer/pgfcoretransform
ations.code.tex
File: pgfcoretransformations.code.tex 2023-01-15 v3.1.10 (3.1.10)
\pgf@pt@x=\dimen290
\pgf@pt@y=\dimen291
\pgf@pt@temp=\dimen292
)
(/usr/local/texlive/2023/texmf-dist/tex/generic/pgf/basiclayer/pgfcorequick.cod
e.tex
File: pgfcorequick.code.tex 2023-01-15 v3.1.10 (3.1.10)
)
(/usr/local/texlive/2023/texmf-dist/tex/generic/pgf/basiclayer/pgfcoreobjects.c
ode.tex
File: pgfcoreobjects.code.tex 2023-01-15 v3.1.10 (3.1.10)
)
(/usr/local/texlive/2023/texmf-dist/tex/generic/pgf/basiclayer/pgfcorepathproce
ssing.code.tex
File: pgfcorepathprocessing.code.tex 2023-01-15 v3.1.10 (3.1.10)
)
(/usr/local/texlive/2023/texmf-dist/tex/generic/pgf/basiclayer/pgfcorearrows.co
de.tex
File: pgfcorearrows.code.tex 2023-01-15 v3.1.10 (3.1.10)
\pgfarrowsep=\dimen293
)
(/usr/local/texlive/2023/texmf-dist/tex/generic/pgf/basiclayer/pgfcoreshade.cod
e.tex
File: pgfcoreshade.code.tex 2023-01-15 v3.1.10 (3.1.10)
\pgf@max=\dimen294
\pgf@sys@shading@range@num=\count321
\pgf@shadingcount=\count322
)
(/usr/local/texlive/2023/texmf-dist/tex/generic/pgf/basiclayer/pgfcoreimage.cod
e.tex
File: pgfcoreimage.code.tex 2023-01-15 v3.1.10 (3.1.10)
)
(/usr/local/texlive/2023/texmf-dist/tex/generic/pgf/basiclayer/pgfcoreexternal.
code.tex
File: pgfcoreexternal.code.tex 2023-01-15 v3.1.10 (3.1.10)
\pgfexternal@startupbox=\box84
)
(/usr/local/texlive/2023/texmf-dist/tex/generic/pgf/basiclayer/pgfcorelayers.co
de.tex
File: pgfcorelayers.code.tex 2023-01-15 v3.1.10 (3.1.10)
)
(/usr/local/texlive/2023/texmf-dist/tex/generic/pgf/basiclayer/pgfcoretranspare
ncy.code.tex
File: pgfcoretransparency.code.tex 2023-01-15 v3.1.10 (3.1.10)
)
(/usr/local/texlive/2023/texmf-dist/tex/generic/pgf/basiclayer/pgfcorepatterns.
code.tex
File: pgfcorepatterns.code.tex 2023-01-15 v3.1.10 (3.1.10)
)
(/usr/local/texlive/2023/texmf-dist/tex/generic/pgf/basiclayer/pgfcorerdf.code.
tex
File: pgfcorerdf.code.tex 2023-01-15 v3.1.10 (3.1.10)
)))
(/usr/local/texlive/2023/texmf-dist/tex/generic/pgf/modules/pgfmoduleshapes.cod
e.tex
File: pgfmoduleshapes.code.tex 2023-01-15 v3.1.10 (3.1.10)
\pgfnodeparttextbox=\box85
)
(/usr/local/texlive/2023/texmf-dist/tex/generic/pgf/modules/pgfmoduleplot.code.
tex
File: pgfmoduleplot.code.tex 2023-01-15 v3.1.10 (3.1.10)
)
(/usr/local/texlive/2023/texmf-dist/tex/latex/pgf/compatibility/pgfcomp-version
-0-65.sty
Package: pgfcomp-version-0-65 2023-01-15 v3.1.10 (3.1.10)
\pgf@nodesepstart=\dimen295
\pgf@nodesepend=\dimen296
)
(/usr/local/texlive/2023/texmf-dist/tex/latex/pgf/compatibility/pgfcomp-version
-1-18.sty
Package: pgfcomp-version-1-18 2023-01-15 v3.1.10 (3.1.10)
))
(/usr/local/texlive/2023/texmf-dist/tex/latex/pgf/utilities/pgffor.sty
(/usr/local/texlive/2023/texmf-dist/tex/latex/pgf/utilities/pgfkeys.sty
(/usr/local/texlive/2023/texmf-dist/tex/generic/pgf/utilities/pgfkeys.code.tex))
 (/usr/local/texlive/2023/texmf-dist/tex/latex/pgf/math/pgfmath.sty
(/usr/local/texlive/2023/texmf-dist/tex/generic/pgf/math/pgfmath.code.tex))
(/usr/local/texlive/2023/texmf-dist/tex/generic/pgf/utilities/pgffor.code.tex
Package: pgffor 2023-01-15 v3.1.10 (3.1.10)
\pgffor@iter=\dimen297
\pgffor@skip=\dimen298
\pgffor@stack=\toks48
\pgffor@toks=\toks49
))
(/usr/local/texlive/2023/texmf-dist/tex/generic/pgf/frontendlayer/tikz/tikz.cod
e.tex
Package: tikz 2023-01-15 v3.1.10 (3.1.10)

(/usr/local/texlive/2023/texmf-dist/tex/generic/pgf/libraries/pgflibraryplothan
dlers.code.tex
File: pgflibraryplothandlers.code.tex 2023-01-15 v3.1.10 (3.1.10)
\pgf@plot@mark@count=\count323
\pgfplotmarksize=\dimen299
)
\tikz@lastx=\dimen300
\tikz@lasty=\dimen301
\tikz@lastxsaved=\dimen302
\tikz@lastysaved=\dimen303
\tikz@lastmovetox=\dimen304
\tikz@lastmovetoy=\dimen305
\tikzleveldistance=\dimen306
\tikzsiblingdistance=\dimen307
\tikz@figbox=\box86
\tikz@figbox@bg=\box87
\tikz@tempbox=\box88
\tikz@tempbox@bg=\box89
\tikztreelevel=\count324
\tikznumberofchildren=\count325
\tikznumberofcurrentchild=\count326
\tikz@fig@count=\count327

(/usr/local/texlive/2023/texmf-dist/tex/generic/pgf/modules/pgfmodulematrix.cod
e.tex
File: pgfmodulematrix.code.tex 2023-01-15 v3.1.10 (3.1.10)
\pgfmatrixcurrentrow=\count328
\pgfmatrixcurrentcolumn=\count329
\pgf@matrix@numberofcolumns=\count330
)
\tikz@expandcount=\count331

(/usr/local/texlive/2023/texmf-dist/tex/generic/pgf/frontendlayer/tikz/librarie
s/tikzlibrarytopaths.code.tex
File: tikzlibrarytopaths.code.tex 2023-01-15 v3.1.10 (3.1.10)
)))
(/usr/local/texlive/2023/texmf-dist/tex/generic/pgf/frontendlayer/tikz/librarie
s/tikzlibrarypositioning.code.tex
File: tikzlibrarypositioning.code.tex 2023-01-15 v3.1.10 (3.1.10)
)
(/usr/local/texlive/2023/texmf-dist/tex/generic/pgf/libraries/pgflibraryarrows.
meta.code.tex
File: pgflibraryarrows.meta.code.tex 2023-01-15 v3.1.10 (3.1.10)
\pgfarrowinset=\dimen308
\pgfarrowlength=\dimen309
\pgfarrowwidth=\dimen310
\pgfarrowlinewidth=\dimen311
)
(/usr/local/texlive/2023/texmf-dist/tex/generic/pgf/frontendlayer/tikz/librarie
s/tikzlibraryintersections.code.tex
(/usr/local/texlive/2023/texmf-dist/tex/generic/pgf/libraries/pgflibraryinterse
ctions.code.tex
(/usr/local/texlive/2023/texmf-dist/tex/generic/pgf/libraries/pgflibraryfpu.cod
e.tex)
\pgf@intersect@solutions=\count332
))
(/usr/local/texlive/2023/texmf-dist/tex/generic/pgf/frontendlayer/tikz/librarie
s/tikzlibrarycalc.code.tex
File: tikzlibrarycalc.code.tex 2023-01-15 v3.1.10 (3.1.10)
)
(/usr/local/texlive/2023/texmf-dist/tex/generic/pgf/frontendlayer/tikz/librarie
s/tikzlibraryshapes.code.tex
File: tikzlibraryshapes.code.tex 2023-01-15 v3.1.10 (3.1.10)

(/usr/local/texlive/2023/texmf-dist/tex/generic/pgf/frontendlayer/tikz/librarie
s/tikzlibraryshapes.geometric.code.tex
File: tikzlibraryshapes.geometric.code.tex 2023-01-15 v3.1.10 (3.1.10)

(/usr/local/texlive/2023/texmf-dist/tex/generic/pgf/libraries/shapes/pgflibrary
shapes.geometric.code.tex
File: pgflibraryshapes.geometric.code.tex 2023-01-15 v3.1.10 (3.1.10)
))
(/usr/local/texlive/2023/texmf-dist/tex/generic/pgf/frontendlayer/tikz/librarie
s/tikzlibraryshapes.misc.code.tex
File: tikzlibraryshapes.misc.code.tex 2023-01-15 v3.1.10 (3.1.10)

(/usr/local/texlive/2023/texmf-dist/tex/generic/pgf/libraries/shapes/pgflibrary
shapes.misc.code.tex
File: pgflibraryshapes.misc.code.tex 2023-01-15 v3.1.10 (3.1.10)
))
(/usr/local/texlive/2023/texmf-dist/tex/generic/pgf/frontendlayer/tikz/librarie
s/tikzlibraryshapes.symbols.code.tex
File: tikzlibraryshapes.symbols.code.tex 2023-01-15 v3.1.10 (3.1.10)

(/usr/local/texlive/2023/texmf-dist/tex/generic/pgf/libraries/shapes/pgflibrary
shapes.symbols.code.tex
File: pgflibraryshapes.symbols.code.tex 2023-01-15 v3.1.10 (3.1.10)
))
(/usr/local/texlive/2023/texmf-dist/tex/generic/pgf/frontendlayer/tikz/librarie
s/tikzlibraryshapes.arrows.code.tex
File: tikzlibraryshapes.arrows.code.tex 2023-01-15 v3.1.10 (3.1.10)

(/usr/local/texlive/2023/texmf-dist/tex/generic/pgf/libraries/shapes/pgflibrary
shapes.arrows.code.tex
File: pgflibraryshapes.arrows.code.tex 2023-01-15 v3.1.10 (3.1.10)
))
(/usr/local/texlive/2023/texmf-dist/tex/generic/pgf/frontendlayer/tikz/librarie
s/tikzlibraryshapes.callouts.code.tex
(/usr/local/texlive/2023/texmf-dist/tex/generic/pgf/libraries/shapes/pgflibrary
shapes.callouts.code.tex))
(/usr/local/texlive/2023/texmf-dist/tex/generic/pgf/frontendlayer/tikz/librarie
s/tikzlibraryshapes.multipart.code.tex
File: tikzlibraryshapes.multipart.code.tex 2023-01-15 v3.1.10 (3.1.10)

(/usr/local/texlive/2023/texmf-dist/tex/generic/pgf/libraries/shapes/pgflibrary
shapes.multipart.code.tex
File: pgflibraryshapes.multipart.code.tex 2023-01-15 v3.1.10 (3.1.10)
\pgfnodepartlowerbox=\box90
\pgfnodeparttwobox=\box91
\pgfnodepartthreebox=\box92
\pgfnodepartfourbox=\box93
\pgfnodeparttwentybox=\box94
\pgfnodepartnineteenbox=\box95
\pgfnodeparteighteenbox=\box96
\pgfnodepartseventeenbox=\box97
\pgfnodepartsixteenbox=\box98
\pgfnodepartfifteenbox=\box99
\pgfnodepartfourteenbox=\box100
\pgfnodepartthirteenbox=\box101
\pgfnodeparttwelvebox=\box102
\pgfnodepartelevenbox=\box103
\pgfnodeparttenbox=\box104
\pgfnodepartninebox=\box105
\pgfnodeparteightbox=\box106
\pgfnodepartsevenbox=\box107
\pgfnodepartsixbox=\box108
\pgfnodepartfivebox=\box109
)))
(/usr/local/texlive/2023/texmf-dist/tex/generic/pgf/frontendlayer/tikz/librarie
s/tikzlibraryarrows.code.tex
File: tikzlibraryarrows.code.tex 2023-01-15 v3.1.10 (3.1.10)

(/usr/local/texlive/2023/texmf-dist/tex/generic/pgf/libraries/pgflibraryarrows.
code.tex
File: pgflibraryarrows.code.tex 2023-01-15 v3.1.10 (3.1.10)
\arrowsize=\dimen312
))
(/usr/local/texlive/2023/texmf-dist/tex/latex/tikz-3dplot/tikz-3dplot.sty
(/usr/local/texlive/2023/texmf-dist/tex/generic/pgf/frontendlayer/tikz/librarie
s/tikzlibrary3d.code.tex
File: tikzlibrary3d.code.tex 2023-01-15 v3.1.10 (3.1.10)
))
(/usr/local/texlive/2023/texmf-dist/tex/luatex/luatexja/lltjext.sty
Package: lltjext 2022-08-24 v1.2k-ltj-14 Macros for vertical writing
\ltj@ext@dir=\count333
\@floatbox=\box110
\floatwidth=\dimen313
\floatheight=\dimen314
\floatruletick=\dimen315
\captionfloatsep=\dimen316
\captionwidth=\dimen317
\@captionbox=\box111
LaTeX Info: Redefining \parbox on input line 362.
\@picwd=\dimen318
\rensujiskip=\skip62
)
(/usr/local/texlive/2023/texmf-dist/tex/latex/tools/longtable.sty
Package: longtable 2021-09-01 v4.17 Multi-page Table package (DPC)
\LTleft=\skip63
\LTright=\skip64
\LTpre=\skip65
\LTpost=\skip66
\LTchunksize=\count334
\LTcapwidth=\dimen319
\LT@head=\box112
\LT@firsthead=\box113
\LT@foot=\box114
\LT@lastfoot=\box115
\LT@gbox=\box116
\LT@cols=\count335
\LT@rows=\count336
\c@LT@tables=\count337
\c@LT@chunks=\count338
\LT@p@ftn=\toks50
)
(/usr/local/texlive/2023/texmf-dist/tex/luatex/luatexja/addons/luatexja-fontspe
c.sty
Package: luatexja-fontspec 2020-09-14 fontspec support of LuaTeX-ja

(/usr/local/texlive/2023/texmf-dist/tex/latex/l3packages/l3keys2e/l3keys2e.sty
Package: l3keys2e 2023-02-02 LaTeX2e option processing using LaTeX3 keys
) (/usr/local/texlive/2023/texmf-dist/tex/latex/fontspec/fontspec.sty
(/usr/local/texlive/2023/texmf-dist/tex/latex/l3packages/xparse/xparse.sty
Package: xparse 2023-02-02 L3 Experimental document command parser
)
Package: fontspec 2022/01/15 v2.8a Font selection for XeLaTeX and LuaLaTeX
Lua module: fontspec 2022/01/15 2.8a Font selection for XeLaTeX and LuaLaTeX
(/usr/local/texlive/2023/texmf-dist/tex/latex/fontspec/fontspec-luatex.sty
Package: fontspec-luatex 2022/01/15 v2.8a Font selection for XeLaTeX and LuaLaT
eX
\l__fontspec_script_int=\count339
\l__fontspec_language_int=\count340
\l__fontspec_strnum_int=\count341
\l__fontspec_tmp_int=\count342
\l__fontspec_tmpa_int=\count343
\l__fontspec_tmpb_int=\count344
\l__fontspec_tmpc_int=\count345
\l__fontspec_em_int=\count346
\l__fontspec_emdef_int=\count347
\l__fontspec_strong_int=\count348
\l__fontspec_strongdef_int=\count349
\l__fontspec_tmpa_dim=\dimen320
\l__fontspec_tmpb_dim=\dimen321
\l__fontspec_tmpc_dim=\dimen322

(/usr/local/texlive/2023/texmf-dist/tex/latex/base/fontenc.sty
Package: fontenc 2021/04/29 v2.0v Standard LaTeX package
)
(/usr/local/texlive/2023/texmf-dist/tex/latex/fontspec/fontspec.cfg)(load cache:
 extra_lmroman10-bold.luc)
LaTeX Font Info:    Font shape `JT3/mc/b/n' in size <10> not available
(Font)              Font shape `JT3/gt/m/n' tried instead on input line 3901.
LaTeX Font Info:    Font shape `JT3/gt/m/n' will be
(Font)              scaled to size 9.24713pt on input line 3901.
LaTeX Font Info:    Font shape `JY3/mc/b/n' in size <10> not available
(Font)              Font shape `JY3/gt/m/n' tried instead on input line 3901.
LaTeX Font Info:    Font shape `JY3/gt/m/n' will be
(Font)              scaled to size 9.24713pt on input line 3901.
(load cache: extra_haranoajigothic-medium.luc)))
(/usr/local/texlive/2023/texmf-dist/tex/luatex/luatexja/patches/lltjp-fontspec.
sty)
(/usr/local/texlive/2023/texmf-dist/tex/luatex/luatexja/addons/luatexja-fontspe
c-27c.sty
Package: luatexja-fontspec-27c 2020-04-04 fontspec support of LuaTeX-ja
\g__ltj_fontspec_altnumber_int=\count350
))
(/usr/local/texlive/2023/texmf-dist/tex/latex/nicematrix/nicematrix.sty
Package: nicematrix 2023/04/19 v6.18 Enhanced arrays with the help of PGF/TikZ

(/usr/local/texlive/2023/texmf-dist/tex/latex/tools/array.sty
Package: array 2022/09/04 v2.5g Tabular extension package (FMi)
\col@sep=\dimen323
\ar@mcellbox=\box117
\extrarowheight=\dimen324
\NC@list=\toks51
\extratabsurround=\skip67
\backup@length=\skip68
\ar@cellbox=\box118
)
\g__nicematrix_env_int=\count351
\g__nicematrix_NiceMatrixBlock_int=\count352
\l__nicematrix_note_in_caption_int=\count353
\l__nicematrix_columns_width_dim=\dimen325
\l__nicematrix_col_width_dim=\dimen326
\g__nicematrix_row_total_int=\count354
\g__nicematrix_col_total_int=\count355
\g__nicematrix_last_row_node_int=\count356
\l__nicematrix_key_nb_rows_int=\count357
\g__nicematrix_blocks_wd_dim=\dimen327
\g__nicematrix_blocks_ht_dim=\dimen328
\g__nicematrix_blocks_dp_dim=\dimen329
\l__nicematrix_block_ysep_dim=\dimen330
\l__nicematrix_width_dim=\dimen331
\l__nicematrix_tabular_width_dim=\dimen332
\l__nicematrix_rule_width_dim=\dimen333
\l__nicematrix_old_iRow_int=\count358
\l__nicematrix_old_jCol_int=\count359
\g__nicematrix_total_X_weight_int=\count360
\l__nicematrix_X_columns_dim=\dimen334
\l__nicematrix_x_initial_dim=\dimen335
\l__nicematrix_y_initial_dim=\dimen336
\l__nicematrix_x_final_dim=\dimen337
\l__nicematrix_y_final_dim=\dimen338
\l__nicematrix_tmpc_dim=\dimen339
\l__nicematrix_tmpd_dim=\dimen340
\g__nicematrix_width_last_col_dim=\dimen341
\g__nicematrix_width_first_col_dim=\dimen342
\l__nicematrix_row_min_int=\count361
\l__nicematrix_row_max_int=\count362
\l__nicematrix_col_min_int=\count363
\l__nicematrix_col_max_int=\count364
\g__nicematrix_static_num_of_col_int=\count365
\l__nicematrix_rounded_corners_dim=\dimen343
\l__nicematrix_tab_rounded_corners_dim=\dimen344
\l__nicematrix_line_width_dim=\dimen345
\g__nicematrix_block_box_int=\count366
\l__nicematrix_submatrix_extra_height_dim=\dimen346
\l__nicematrix_submatrix_left_xshift_dim=\dimen347
\l__nicematrix_submatrix_right_xshift_dim=\dimen348
\l__nicematrix_first_row_int=\count367
\l__nicematrix_first_col_int=\count368
\l__nicematrix_last_row_int=\count369
\l__nicematrix_last_col_int=\count370
\c@tabularnote=\count371
\c@nicematrix_draft=\count372
\l__nicematrix_cell_space_top_limit_dim=\dimen349
\l__nicematrix_cell_space_bottom_limit_dim=\dimen350
\l__nicematrix_xdots_inter_dim=\dimen351
\l__nicematrix_xdots_shorten_start_dim=\dimen352
\l__nicematrix_xdots_shorten_end_dim=\dimen353
\l__nicematrix_xdots_radius_dim=\dimen354
\l__nicematrix_notes_above_space_dim=\dimen355
\l__nicematrix_left_margin_dim=\dimen356
\l__nicematrix_right_margin_dim=\dimen357
\l__nicematrix_extra_left_margin_dim=\dimen358
\l__nicematrix_extra_right_margin_dim=\dimen359
\c__nicematrix_max_l_dim=\dimen360
\l__nicematrix_position_int=\count373
\l__nicematrix_start_int=\count374
\l__nicematrix_multiplicity_int=\count375
\l__nicematrix_brace_yshift_dim=\dimen361
)
(/usr/local/texlive/2023/texmf-dist/tex/latex/booktabs/booktabs.sty
Package: booktabs 2020/01/12 v1.61803398 Publication quality tables
\heavyrulewidth=\dimen362
\lightrulewidth=\dimen363
\cmidrulewidth=\dimen364
\belowrulesep=\dimen365
\belowbottomsep=\dimen366
\aboverulesep=\dimen367
\abovetopsep=\dimen368
\cmidrulesep=\dimen369
\cmidrulekern=\dimen370
\defaultaddspace=\dimen371
\@cmidla=\count376
\@cmidlb=\count377
\@aboverulesep=\dimen372
\@belowrulesep=\dimen373
\@thisruleclass=\count378
\@lastruleclass=\count379
\@thisrulewidth=\dimen374
)
luaotfload | cache : Lookup cache loaded from /Users/napier3/Library/texlive/202
3/texmf-var/luatex-cache/generic/names/luaotfload-lookup-cache.luc.(load cache: 
extra_biz-udmincho-medium.luc)

Package fontspec Info: Font family 'BIZUDMinchoMedium(0)' created for font
(fontspec)             'BIZ UDMincho Medium' with options
(fontspec)             [YokoFeatures={JFM=ujis},TateFeatures={JFM=ujisv},Scale=
0.924715,Kerning=Off,Script=CJK,BoldFont={},ItalicFont={},SmallCapsFont={},Yoko
Features={JFM=ujis}].
(fontspec)              
(fontspec)              This font family consists of the following NFSS
(fontspec)             series/shapes:
(fontspec)              

(load cache: extra_biz-udpmincho-medium.luc)(load cache: extra_biz-udpgothic-bol
d.luc)

Package fontspec Info: Font family 'BIZUDPMinchoMedium(0)' created for font
(fontspec)             'BIZ UDPMincho Medium' with options
(fontspec)             [YokoFeatures={JFM=ujis},TateFeatures={JFM=ujisv},Scale=
0.924715,Kerning=Off,Script=CJK,Ligatures={Common,TeX},ItalicFont={BIZ
(fontspec)             UDPMincho
(fontspec)             Medium},ItalicFeatures={FakeSlant=0.27},SlantedFont={BIZ

(fontspec)             UDPMincho
(fontspec)             Medium},SlantedFeatures={FakeSlant=0.18},BoldFont={BIZ
(fontspec)             UDPGothic Bold},BoldSlantedFont={BIZ UDPGothic
(fontspec)             Bold},BoldSlantedFeatures={FakeSlant=0.18},BoldItalicFon
t={BIZ
(fontspec)             UDPGothic
(fontspec)             Bold},BoldItalicFeatures={FakeSlant=0.27},YokoFeatures={
JFM=prop}].
(fontspec)              
(fontspec)              This font family consists of the following NFSS
(fontspec)             series/shapes:
(fontspec)              

LaTeX Font Info:    Redeclaring symbol font `mincho' on input line 42.
LaTeX Font Info:    Overwriting symbol font `mincho' in version `normal'
(Font)                  JY3/mc/m/n --> JY3/BIZUDPMinchoMedium(0)/m/n on input l
ine 42.
LaTeX Font Info:    Overwriting symbol font `mincho' in version `bold'
(Font)                  JY3/gt/m/n --> JY3/BIZUDPMinchoMedium(0)/m/n on input l
ine 42.
LaTeX Font Info:    Overwriting symbol font `mincho' in version `bold'
(Font)                  JY3/BIZUDPMinchoMedium(0)/m/n --> JY3/BIZUDPMinchoMediu
m(0)/b/n on input line 42.
LaTeX Font Info:    Font shape `JT3/BIZUDPMinchoMedium(0)/m/n' will be
(Font)              scaled to size 9.24713pt on input line 42.
LaTeX Font Info:    Font shape `JY3/BIZUDPMinchoMedium(0)/m/n' will be
(Font)              scaled to size 9.24713pt on input line 42.

(/usr/local/texlive/2023/texmf-dist/tex/luatex/luatexja/jfm-prop.lua)
(/usr/local/texlive/2023/texmf-dist/tex/latex/colortbl/colortbl.sty
Package: colortbl 2022/06/20 v1.0f Color table columns (DPC)
\everycr=\toks52
\minrowclearance=\skip69
\rownum=\count380
)
(/usr/local/texlive/2023/texmf-dist/tex/latex/listingsutf8/listingsutf8.sty
Package: listingsutf8 2019-12-10 v1.5 Allow UTF-8 in listings input (HO)

(/usr/local/texlive/2023/texmf-dist/tex/latex/listings/listings.sty
\lst@mode=\count381
\lst@gtempboxa=\box119
\lst@token=\toks53
\lst@length=\count382
\lst@currlwidth=\dimen375
\lst@column=\count383
\lst@pos=\count384
\lst@lostspace=\dimen376
\lst@width=\dimen377
\lst@newlines=\count385
\lst@lineno=\count386
\lst@maxwidth=\dimen378

(/usr/local/texlive/2023/texmf-dist/tex/latex/listings/lstmisc.sty
File: lstmisc.sty 2023/02/27 1.9 (Carsten Heinz)
\c@lstnumber=\count387
\lst@skipnumbers=\count388
\lst@framebox=\box120
)
(/usr/local/texlive/2023/texmf-dist/tex/latex/listings/listings.cfg
File: listings.cfg 2023/02/27 1.9 listings configuration
))
Package: listings 2023/02/27 1.9 (Carsten Heinz)

(/usr/local/texlive/2023/texmf-dist/tex/luatex/luatexja/patches/lltjp-listings.
sty
(/usr/local/texlive/2023/texmf-dist/tex/luatex/luatexbase/luatexbase-cctb.sty
Package: luatexbase-cctb 2015/10/04 v1.3 luatexbase interface to LuaTeX (legacy
 subpackage) 
)
\ltj@lst@japanese@min=\count389
\CatcodeTableLTJlistings=\catcodetable15
\ltj@lst@frame@lslimit=\dimen379

(/usr/local/texlive/2023/texmf-dist/tex/latex/listings/lstmisc.sty
File: lstmisc.sty 2023/02/27 1.9 (Carsten Heinz)
\lst@WFtoken=\toks54
\lst@WF=\write5
))
(/usr/local/texlive/2023/texmf-dist/tex/generic/stringenc/stringenc.sty
Package: stringenc 2019/11/29 v1.12 Convert strings between diff. encodings (HO
)

(/usr/local/texlive/2023/texmf-dist/tex/generic/pdfescape/pdfescape.sty
Package: pdfescape 2019/12/09 v1.15 Implements pdfTeX's escape features (HO)
)))
(/usr/local/texlive/2023/texmf-dist/tex/latex/hyperref/hyperref.sty
Package: hyperref 2023-04-22 v7.00x Hypertext links for LaTeX

(/usr/local/texlive/2023/texmf-dist/tex/latex/kvsetkeys/kvsetkeys.sty
Package: kvsetkeys 2022-10-05 v1.19 Key value parser (HO)
)
(/usr/local/texlive/2023/texmf-dist/tex/generic/kvdefinekeys/kvdefinekeys.sty
Package: kvdefinekeys 2019-12-19 v1.6 Define keys (HO)
)
(/usr/local/texlive/2023/texmf-dist/tex/latex/hycolor/hycolor.sty
Package: hycolor 2020-01-27 v1.10 Color options for hyperref/bookmark (HO)
)
(/usr/local/texlive/2023/texmf-dist/tex/latex/letltxmacro/letltxmacro.sty
Package: letltxmacro 2019/12/03 v1.6 Let assignment for LaTeX macros (HO)
)
(/usr/local/texlive/2023/texmf-dist/tex/latex/auxhook/auxhook.sty
Package: auxhook 2019-12-17 v1.6 Hooks for auxiliary files (HO)
)
(/usr/local/texlive/2023/texmf-dist/tex/latex/hyperref/nameref.sty
Package: nameref 2022-05-17 v2.50 Cross-referencing by name of section

(/usr/local/texlive/2023/texmf-dist/tex/latex/refcount/refcount.sty
Package: refcount 2019/12/15 v3.6 Data extraction from label references (HO)
)
(/usr/local/texlive/2023/texmf-dist/tex/generic/gettitlestring/gettitlestring.s
ty
Package: gettitlestring 2019/12/15 v1.6 Cleanup title references (HO)
 (/usr/local/texlive/2023/texmf-dist/tex/latex/kvoptions/kvoptions.sty
Package: kvoptions 2022-06-15 v3.15 Key value format for package options (HO)
))
\c@section@level=\count390
)
\@linkdim=\dimen380
\Hy@linkcounter=\count391
\Hy@pagecounter=\count392

(/usr/local/texlive/2023/texmf-dist/tex/latex/hyperref/pd1enc.def
File: pd1enc.def 2023-04-22 v7.00x Hyperref: PDFDocEncoding definition (HO)
)
(/usr/local/texlive/2023/texmf-dist/tex/generic/intcalc/intcalc.sty
Package: intcalc 2019/12/15 v1.3 Expandable calculations with integers (HO)
)
\Hy@SavedSpaceFactor=\count393

(/usr/local/texlive/2023/texmf-dist/tex/latex/hyperref/puenc.def
File: puenc.def 2023-04-22 v7.00x Hyperref: PDF Unicode definition (HO)
)
Package hyperref Info: Hyper figures OFF on input line 4182.
Package hyperref Info: Link nesting OFF on input line 4187.
Package hyperref Info: Hyper index ON on input line 4190.
Package hyperref Info: Plain pages OFF on input line 4197.
Package hyperref Info: Backreferencing OFF on input line 4202.
Package hyperref Info: Implicit mode ON; LaTeX internals redefined.
Package hyperref Info: Bookmarks ON on input line 4449.
\c@Hy@tempcnt=\count394
LaTeX Info: Redefining \url on input line 4787.
\XeTeXLinkMargin=\dimen381

(/usr/local/texlive/2023/texmf-dist/tex/generic/bitset/bitset.sty
Package: bitset 2019/12/09 v1.3 Handle bit-vector datatype (HO)

(/usr/local/texlive/2023/texmf-dist/tex/generic/bigintcalc/bigintcalc.sty
Package: bigintcalc 2019/12/15 v1.5 Expandable calculations on big integers (HO
)
))
\Fld@menulength=\count395
\Field@Width=\dimen382
\Fld@charsize=\dimen383
Package hyperref Info: Hyper figures OFF on input line 6066.
Package hyperref Info: Link nesting OFF on input line 6071.
Package hyperref Info: Hyper index ON on input line 6074.
Package hyperref Info: backreferencing OFF on input line 6081.
Package hyperref Info: Link coloring OFF on input line 6086.
Package hyperref Info: Link coloring with OCG OFF on input line 6091.
Package hyperref Info: PDF/A mode OFF on input line 6096.
\Hy@abspage=\count396
\c@Item=\count397
\c@Hfootnote=\count398
)
Package hyperref Info: Driver (autodetected): hluatex.

(/usr/local/texlive/2023/texmf-dist/tex/latex/hyperref/hluatex.def
File: hluatex.def 2023-04-22 v7.00x Hyperref driver for luaTeX

(/usr/local/texlive/2023/texmf-dist/tex/latex/base/atveryend-ltx.sty
Package: atveryend-ltx 2020/08/19 v1.0a Emulation of the original atveryend pac
kage
with kernel methods
)
\Fld@listcount=\count399
\c@bookmark@seq@number=\count400

(/usr/local/texlive/2023/texmf-dist/tex/latex/rerunfilecheck/rerunfilecheck.sty
Package: rerunfilecheck 2022-07-10 v1.10 Rerun checks for auxiliary files (HO)

(/usr/local/texlive/2023/texmf-dist/tex/generic/uniquecounter/uniquecounter.sty
Package: uniquecounter 2019/12/15 v1.4 Provide unlimited unique counter (HO)
)
Package uniquecounter Info: New unique counter `rerunfilecheck' on input line 2
85.
)
\Hy@SectionHShift=\skip70
)
Package hyperref Info: Option `setpagesize' set `false' on input line 77.
Package hyperref Info: Option `bookmarksnumbered' set `true' on input line 77.
Package hyperref Info: Option `bookmarksopen' set `true' on input line 77.
Package hyperref Info: Option `colorlinks' set `true' on input line 77.
 (/usr/local/texlive/2023/texmf-dist/tex/latex/tcolorbox/tcolorbox.sty
Package: tcolorbox 2023/03/17 version 6.0.3 text color boxes

(/usr/local/texlive/2023/texmf-dist/tex/latex/tools/verbatim.sty
Package: verbatim 2022-07-02 v1.5u LaTeX2e package for verbatim enhancements
\every@verbatim=\toks55
\verbatim@line=\toks56
\verbatim@in@stream=\read4
)
(/usr/local/texlive/2023/texmf-dist/tex/latex/environ/environ.sty
Package: environ 2014/05/04 v0.3 A new way to define environments

(/usr/local/texlive/2023/texmf-dist/tex/latex/trimspaces/trimspaces.sty
Package: trimspaces 2009/09/17 v1.1 Trim spaces around a token list
))
\tcb@titlebox=\box121
\tcb@upperbox=\box122
\tcb@lowerbox=\box123
\tcb@phantombox=\box124
\c@tcbbreakpart=\count401
\c@tcblayer=\count402
\c@tcolorbox@number=\count403
\tcb@temp=\box125
\tcb@temp=\box126
\tcb@temp=\box127
\tcb@temp=\box128
)
(/usr/local/texlive/2023/texmf-dist/tex/latex/tcolorbox/tcbbreakable.code.tex
Library (tcolorbox): 'tcbbreakable.code.tex' version '6.0.3'
(/usr/local/texlive/2023/texmf-dist/tex/latex/pdfcol/pdfcol.sty
Package: pdfcol 2022-09-21 v1.7 Handle new color stacks for pdfTeX (HO)
)
Package pdfcol Info: New color stack `tcb@breakable' = 1 on input line 23.
\tcb@testbox=\box129
\tcb@totalupperbox=\box130
\tcb@totallowerbox=\box131
)
(/usr/local/texlive/2023/texmf-dist/tex/latex/tcolorbox/tcbskins.code.tex
Library (tcolorbox): 'tcbskins.code.tex' version '6.0.3'
(/usr/local/texlive/2023/texmf-dist/tex/latex/tikzfill/tikzfill.image.sty
Package: tikzfill.image 2022/07/20 v1.0.0 Image filling library for TikZ

(/usr/local/texlive/2023/texmf-dist/tex/latex/tikzfill/tikzfill-common.sty
Package: tikzfill-common 2022/07/20 v1.0.0 Auxiliary code for tikzfill
)
(/usr/local/texlive/2023/texmf-dist/tex/latex/tikzfill/tikzlibraryfill.image.co
de.tex
File: tikzlibraryfill.image.code.tex 2022/07/20 v1.0.0 Image filling library
\l__tikzfill_img_box=\box132
))
(/usr/local/texlive/2023/texmf-dist/tex/latex/tcolorbox/tcbskinsjigsaw.code.tex
Library (tcolorbox): 'tcbskinsjigsaw.code.tex' version '6.0.3'
)) (/usr/local/texlive/2023/texmf-dist/tex/latex/tcolorbox/tcbtheorems.code.tex
Library (tcolorbox): 'tcbtheorems.code.tex' version '6.0.3'
)
\c@tcb@cnt@Rscreen=\count404
\c@tcb@cnt@SCrstan=\count405
\c@tcb@cnt@SCcmd=\count406
\c@tcb@cnt@MCMCout=\count407
\c@tcb@cnt@reidai=\count408
\c@tcb@cnt@hinto=\count409
 (/usr/local/texlive/2023/texmf-dist/tex/latex/capt-of/capt-of.sty
Package: capt-of 2009/12/29 v0.2 standard captions outside of floats
)
\c@tcb@cnt@FAQ=\count410

(/usr/local/texlive/2023/texmf-dist/tex/latex/base/makeidx.sty
Package: makeidx 2021/10/04 v1.0m Standard LaTeX package
)
\@indexfile=\write6

\openout6 = tmpK.idx

Writing index file tmpK.idx
(/usr/local/texlive/2023/texmf-dist/tex/latex/fancyhdr/fancyhdr.sty
Package: fancyhdr 2022/11/09 v4.1 Extensive control of page headers and footers

\f@nch@headwidth=\skip71
\f@nch@O@elh=\skip72
\f@nch@O@erh=\skip73
\f@nch@O@olh=\skip74
\f@nch@O@orh=\skip75
\f@nch@O@elf=\skip76
\f@nch@O@erf=\skip77
\f@nch@O@olf=\skip78
\f@nch@O@orf=\skip79
))
(/usr/local/texlive/2023/texmf-dist/tex/latex/docmute/docmute.sty
Package: docmute 2012/03/22 v1.4 Input stand-alone documents
)
(/usr/local/texlive/2023/texmf-dist/tex/luatex/luatexja/patches/lltjp-array.sty
Package: lltjp-array 2019-07-18 Patch to array for LuaTeX-ja
) (./tmpK.aux (./x01_introduction.aux) (./x02_scaling.aux)
(./x03_testTheory.aux) (./x04_IRT.aux) (./x05_GRM.aux) (./x06_matrix.aux)
(./x07_matrixModel.aux) (./x08_Eigen.aux) (./x09_matrix_onR.aux) (./x10_FA.aux) (./x11_IRTonR.aux) (./x12_SEM.aux) (./x13_SEMonR.aux) (./x14_DualScaling.aux)
(./x15_MDS.aux) (./x16_Programming.aux) (./x17_Bayesian.aux) (./prepareStan.aux
) (./x18_MCMC.aux) (./x19_modeling1.aux) (./x20_modeling2.aux)
(./x21_modeling3.aux) (./x22_modeling4.aux) (./x23_modeling5.aux)
(./x24_linearModel.aux) (./x25_HLM.aux) (./x26_mixed.aux) (./x27_IRTonBayes.aux
) (./x28_ChangePoint.aux) (./x29_SSpace.aux) (./x30_comparison.aux))
\openout1 = tmpK.aux

LaTeX Font Info:    Checking defaults for OML/cmm/m/it on input line 15.
LaTeX Font Info:    ... okay on input line 15.
LaTeX Font Info:    Checking defaults for OMS/cmsy/m/n on input line 15.
LaTeX Font Info:    ... okay on input line 15.
LaTeX Font Info:    Checking defaults for OT1/cmr/m/n on input line 15.
LaTeX Font Info:    ... okay on input line 15.
LaTeX Font Info:    Checking defaults for T1/cmr/m/n on input line 15.
LaTeX Font Info:    ... okay on input line 15.
LaTeX Font Info:    Checking defaults for TS1/cmr/m/n on input line 15.
LaTeX Font Info:    Trying loading font information for TS1+cmr on input line 1
5.

(/usr/local/texlive/2023/texmf-dist/tex/latex/base/ts1cmr.fd
File: ts1cmr.fd 2022/07/10 v2.5l Standard LaTeX font definitions
)
LaTeX Font Info:    ... okay on input line 15.
LaTeX Font Info:    Checking defaults for TU/lmr/m/n on input line 15.
LaTeX Font Info:    ... okay on input line 15.
LaTeX Font Info:    Checking defaults for OMX/cmex/m/n on input line 15.
LaTeX Font Info:    ... okay on input line 15.
LaTeX Font Info:    Checking defaults for U/cmr/m/n on input line 15.
LaTeX Font Info:    ... okay on input line 15.
LaTeX Font Info:    Checking defaults for JY3/mc/m/n on input line 15.
LaTeX Font Info:    ... okay on input line 15.
LaTeX Font Info:    Checking defaults for JT3/mc/m/n on input line 15.
LaTeX Font Info:    ... okay on input line 15.
LaTeX Font Info:    Checking defaults for PD1/pdf/m/n on input line 15.
LaTeX Font Info:    ... okay on input line 15.
LaTeX Font Info:    Checking defaults for PU/pdf/m/n on input line 15.
LaTeX Font Info:    ... okay on input line 15.

*geometry* driver: auto-detecting
*geometry* detected driver: luatex
*geometry* verbose mode - [ preamble ] result:
* driver: luatex
* paper: <default>
* layout: <same size as paper>
* layoutoffset:(h,v)=(0.0pt,0.0pt)
* modes: includehead includefoot twoside heightrounded 
* h-part:(L,W,R)=(91.04881pt, 449.55356pt, 56.9055pt)
* v-part:(T,H,B)=(71.13188pt, 702.78308pt, 71.13188pt)
* \paperwidth=597.50787pt
* \paperheight=845.04684pt
* \textwidth=449.55356pt
* \textheight=652.76108pt
* \oddsidemargin=18.77882pt
* \evensidemargin=-15.36449pt
* \topmargin=-1.1381pt
* \headheight=20.0pt
* \headsep=14.31049pt
* \topskip=12.76108pt
* \footskip=16.0pt
* \marginparwidth=120.2127pt
* \marginparsep=18.49426pt
* \columnsep=18.49426pt
* \skip\footins=16.0pt plus 5.0pt minus 2.0pt
* \hoffset=0.0pt
* \voffset=0.0pt
* \mag=1000
* \@twocolumnfalse
* \@twosidetrue
* \@mparswitchtrue
* \@reversemarginfalse
* (1in=72.27pt=25.4mm, 1cm=28.453pt)

(/usr/local/texlive/2023/texmf-dist/tex/context/base/mkii/supp-pdf.mkii
[Loading MPS to PDF converter (version 2006.09.02).]
\scratchcounter=\count411
\scratchdimen=\dimen384
\scratchbox=\box133
\nofMPsegments=\count412
\nofMParguments=\count413
\everyMPshowfont=\toks57
\MPscratchCnt=\count414
\MPscratchDim=\dimen385
\MPnumerator=\count415
\makeMPintoPDFobject=\count416
\everyMPtoPDFconversion=\toks58
) (/usr/local/texlive/2023/texmf-dist/tex/latex/epstopdf-pkg/epstopdf-base.sty
Package: epstopdf-base 2020-01-24 v2.11 Base part for package epstopdf
Package epstopdf-base Info: Redefining graphics rule for `.eps' on input line 4
85.

(/usr/local/texlive/2023/texmf-dist/tex/latex/latexconfig/epstopdf-sys.cfg
File: epstopdf-sys.cfg 2010/07/13 v1.3 Configuration of (r)epstopdf for TeX Liv
e
))
(/usr/local/texlive/2023/texmf-dist/tex/latex/pdflscape/pdflscape.sty
Package: pdflscape 2022-10-27 v0.13 Display of landscape pages in PDF

(/usr/local/texlive/2023/texmf-dist/tex/latex/pdflscape/pdflscape-nometadata.st
y
Package: pdflscape-nometadata 2022-10-28 v0.13 Display of landscape pages in PD
F (HO)
Package pdflscape Info: Auto-detected driver: pdftex on input line 81.
))

Package fontspec Info: Adjusting the maths setup (use [no-math] to avoid
(fontspec)             this).

\symlegacymaths=\mathgroup11
LaTeX Font Info:    Overwriting symbol font `legacymaths' in version `bold'
(Font)                  OT1/cmr/m/n --> OT1/cmr/bx/n on input line 15.
LaTeX Font Info:    Redeclaring math accent \acute on input line 15.
LaTeX Font Info:    Redeclaring math accent \grave on input line 15.
LaTeX Font Info:    Redeclaring math accent \ddot on input line 15.
LaTeX Font Info:    Redeclaring math accent \tilde on input line 15.
LaTeX Font Info:    Redeclaring math accent \bar on input line 15.
LaTeX Font Info:    Redeclaring math accent \breve on input line 15.
LaTeX Font Info:    Redeclaring math accent \check on input line 15.
LaTeX Font Info:    Redeclaring math accent \hat on input line 15.
LaTeX Font Info:    Redeclaring math accent \dot on input line 15.
LaTeX Font Info:    Redeclaring math accent \mathring on input line 15.
LaTeX Font Info:    Redeclaring math symbol \Gamma on input line 15.
LaTeX Font Info:    Redeclaring math symbol \Delta on input line 15.
LaTeX Font Info:    Redeclaring math symbol \Theta on input line 15.
LaTeX Font Info:    Redeclaring math symbol \Lambda on input line 15.
LaTeX Font Info:    Redeclaring math symbol \Xi on input line 15.
LaTeX Font Info:    Redeclaring math symbol \Pi on input line 15.
LaTeX Font Info:    Redeclaring math symbol \Sigma on input line 15.
LaTeX Font Info:    Redeclaring math symbol \Upsilon on input line 15.
LaTeX Font Info:    Redeclaring math symbol \Phi on input line 15.
LaTeX Font Info:    Redeclaring math symbol \Psi on input line 15.
LaTeX Font Info:    Redeclaring math symbol \Omega on input line 15.
LaTeX Font Info:    Redeclaring math symbol \mathdollar on input line 15.
LaTeX Font Info:    Redeclaring symbol font `operators' on input line 15.
LaTeX Font Info:    Encoding `OT1' has changed to `TU' for symbol font
(Font)              `operators' in the math version `normal' on input line 15.
LaTeX Font Info:    Overwriting symbol font `operators' in version `normal'
(Font)                  OT1/cmr/m/n --> TU/lmr/m/n on input line 15.
LaTeX Font Info:    Encoding `OT1' has changed to `TU' for symbol font
(Font)              `operators' in the math version `bold' on input line 15.
LaTeX Font Info:    Overwriting symbol font `operators' in version `bold'
(Font)                  OT1/cmr/bx/n --> TU/lmr/m/n on input line 15.
LaTeX Font Info:    Overwriting symbol font `operators' in version `normal'
(Font)                  TU/lmr/m/n --> TU/lmr/m/n on input line 15.
LaTeX Font Info:    Overwriting math alphabet `\mathit' in version `normal'
(Font)                  OT1/cmr/m/it --> TU/lmr/m/it on input line 15.
LaTeX Font Info:    Overwriting math alphabet `\mathbf' in version `normal'
(Font)                  OT1/cmr/bx/n --> TU/lmr/b/n on input line 15.
LaTeX Font Info:    Overwriting math alphabet `\mathsf' in version `normal'
(Font)                  OT1/cmss/m/n --> TU/lmss/m/n on input line 15.
LaTeX Font Info:    Overwriting math alphabet `\mathtt' in version `normal'
(Font)                  OT1/cmtt/m/n --> TU/lmtt/m/n on input line 15.
LaTeX Font Info:    Overwriting symbol font `operators' in version `bold'
(Font)                  TU/lmr/m/n --> TU/lmr/b/n on input line 15.
LaTeX Font Info:    Overwriting math alphabet `\mathit' in version `bold'
(Font)                  OT1/cmr/bx/it --> TU/lmr/b/it on input line 15.
LaTeX Font Info:    Overwriting math alphabet `\mathsf' in version `bold'
(Font)                  OT1/cmss/bx/n --> TU/lmss/b/n on input line 15.
LaTeX Font Info:    Overwriting math alphabet `\mathtt' in version `bold'
(Font)                  OT1/cmtt/m/n --> TU/lmtt/b/n on input line 15.
\c@lstlisting=\count417
 (/usr/local/texlive/2023/texmf-dist/tex/latex/base/inputenc.sty
Package: inputenc 2021/02/14 v1.3d Input encoding file
\inpenc@prehook=\toks59
\inpenc@posthook=\toks60
)
Package hyperref Info: Link coloring ON on input line 15.

(./tmpK.out) (./tmpK.out)
\@outlinefile=\write7

\openout7 = tmpK.out
\docmute@nestinglevel=\count418
(load cache: extra_lmroman17-regular.luc)
LaTeX Font Info:    Font shape `JT3/BIZUDPMinchoMedium(0)/m/n' will be
(Font)              scaled to size 15.97903pt on input line 24.
LaTeX Font Info:    Font shape `JY3/BIZUDPMinchoMedium(0)/m/n' will be
(Font)              scaled to size 15.97903pt on input line 24.
(load cache: extra_lmroman12-regular.luc)
LaTeX Font Info:    Font shape `JT3/BIZUDPMinchoMedium(0)/m/n' will be
(Font)              scaled to size 11.09656pt on input line 24.
LaTeX Font Info:    Font shape `JY3/BIZUDPMinchoMedium(0)/m/n' will be
(Font)              scaled to size 11.09656pt on input line 24.
(load cache: extra_lmroman6-regular.luc)
LaTeX Font Info:    Font shape `JY3/BIZUDPMinchoMedium(0)/m/n' will be
(Font)              scaled to size 7.3977pt on input line 24.
LaTeX Font Info:    Font shape `JY3/BIZUDPMinchoMedium(0)/m/n' will be
(Font)              scaled to size 5.54828pt on input line 24.
LaTeX Font Info:    Trying loading font information for U+msa on input line 24.


(/usr/local/texlive/2023/texmf-dist/tex/latex/amsfonts/umsa.fd
File: umsa.fd 2013/01/14 v3.01 AMS symbols A
)
LaTeX Font Info:    Trying loading font information for U+msb on input line 24.


(/usr/local/texlive/2023/texmf-dist/tex/latex/amsfonts/umsb.fd
File: umsb.fd 2013/01/14 v3.01 AMS symbols B
)
LaTeX Font Info:    Font shape `JY3/gt/m/n' will be
(Font)              scaled to size 11.09656pt on input line 24.
LaTeX Font Info:    Font shape `JY3/gt/m/n' will be
(Font)              scaled to size 7.3977pt on input line 24.
LaTeX Font Info:    Font shape `JY3/gt/m/n' will be
(Font)              scaled to size 5.54828pt on input line 24.
 [1


{/usr/local/texlive/2023/texmf-var/fonts/map/pdftex/updmap/pdftex.map}] (./pref
ace2.tex
LaTeX Font Info:    Font shape `JT3/BIZUDPMinchoMedium(0)/m/n' will be
(Font)              scaled to size 13.31586pt on input line 1.
LaTeX Font Info:    Font shape `JY3/BIZUDPMinchoMedium(0)/m/n' will be
(Font)              scaled to size 13.31586pt on input line 1.
LaTeX Font Info:    Font shape `JT3/gt/m/n' will be
(Font)              scaled to size 13.31586pt on input line 1.
LaTeX Font Info:    Font shape `JY3/gt/m/n' will be
(Font)              scaled to size 13.31586pt on input line 1.
(load cache: extra_lmsans12-regular.luc)
LaTeX Font Info:    Font shape `JT3/BIZUDPMinchoMedium(0)/b/n' will be
(Font)              scaled to size 9.24713pt on input line 8.
LaTeX Font Info:    Font shape `JY3/BIZUDPMinchoMedium(0)/b/n' will be
(Font)              scaled to size 9.24713pt on input line 8.
LaTeX Font Info:    Font shape `JT3/gt/m/n' will be
(Font)              scaled to size 11.09656pt on input line 14.
LaTeX Font Info:    Font shape `JT3/gt/m/n' will be
(Font)              scaled to size 9.24713pt on input line 21.
(load cache: extra_lmsans10-regular.luc)(load cache: extra_lmromanslant10-regula
r.luc)
LaTeX Font Info:    Font shape `JT3/BIZUDPMinchoMedium(0)/m/sl' will be
(Font)              scaled to size 9.24713pt on input line 25.
LaTeX Font Info:    Font shape `JY3/BIZUDPMinchoMedium(0)/m/sl' will be
(Font)              scaled to size 9.24713pt on input line 25.

[2](load cache: extra_lmmono10-regular.luc)(load cache: extra_lmroman7-regular.l
uc)(load cache: extra_lmroman5-regular.luc)
LaTeX Font Info:    Font shape `JY3/BIZUDPMinchoMedium(0)/m/n' will be
(Font)              scaled to size 6.47299pt on input line 29.
LaTeX Font Info:    Font shape `JY3/BIZUDPMinchoMedium(0)/m/n' will be
(Font)              scaled to size 4.62357pt on input line 29.
LaTeX Font Info:    Font shape `JY3/gt/m/n' will be
(Font)              scaled to size 6.47299pt on input line 29.
LaTeX Font Info:    Font shape `JY3/gt/m/n' will be
(Font)              scaled to size 4.62357pt on input line 29.
) [3] [4

]
LaTeX Font Info:    Font shape `JT3/BIZUDPMinchoMedium(0)/m/n' will be
(Font)              scaled to size 23.00687pt on input line 29.
LaTeX Font Info:    Font shape `JY3/BIZUDPMinchoMedium(0)/m/n' will be
(Font)              scaled to size 23.00687pt on input line 29.
LaTeX Font Info:    Font shape `JT3/gt/m/n' will be
(Font)              scaled to size 23.00687pt on input line 29.
LaTeX Font Info:    Font shape `JY3/gt/m/n' will be
(Font)              scaled to size 23.00687pt on input line 29.
(load cache: extra_lmsans17-regular.luc) (./tmpK.toc [5] [6] [7] [8] [9] [10])
\tf@toc=\write8

\openout8 = tmpK.toc
 [11] [12

]
LaTeX Font Info:    Font shape `JT3/BIZUDPMinchoMedium(0)/m/n' will be
(Font)              scaled to size 19.17854pt on input line 34.
LaTeX Font Info:    Font shape `JY3/BIZUDPMinchoMedium(0)/m/n' will be
(Font)              scaled to size 19.17854pt on input line 34.
LaTeX Font Info:    Font shape `JT3/gt/m/n' will be
(Font)              scaled to size 19.17854pt on input line 34.
LaTeX Font Info:    Font shape `JY3/gt/m/n' will be
(Font)              scaled to size 19.17854pt on input line 34.
LaTeX Font Info:    Font shape `JT3/BIZUDPMinchoMedium(0)/m/n' will be
(Font)              scaled to size 4.62357pt on input line 34.
(load cache: extra_lmsans8-regular.luc)
LaTeX Font Info:    Font shape `JT3/gt/m/n' will be
(Font)              scaled to size 4.62357pt on input line 34.
 [13] [14]
\openout2 = x01_introduction.aux

(./x01_introduction.tex
第1章
LaTeX Font Info:    Font shape `JT3/BIZUDPMinchoMedium(0)/m/n' will be
(Font)              scaled to size 6.47299pt on input line 15.
LaTeX Font Info:    Font shape `JT3/BIZUDPMinchoMedium(0)/m/n' will be
(Font)              scaled to size 7.3977pt on input line 15.
LaTeX Font Info:    Font shape `JT3/BIZUDPMinchoMedium(0)/m/n' will be
(Font)              scaled to size 5.54828pt on input line 15.
[15


](load cache: extra_lmroman8-bold.luc)
LaTeX Font Info:    Font shape `JT3/BIZUDPMinchoMedium(0)/b/n' will be
(Font)              scaled to size 7.3977pt on input line 44.
LaTeX Font Info:    Font shape `JY3/BIZUDPMinchoMedium(0)/b/n' will be
(Font)              scaled to size 7.3977pt on input line 44.
 [16] [17] [18] [19] [20] [21] [22]) [23]
\openout2 = x02_scaling.aux
 (./x02_scaling.tex [24




]
第2章
[25] [26] [27]
<../images/02_Scaling/Rplot02_01.png, id=1393, 7227.0pt x 4818.0pt>
File: ../images/02_Scaling/Rplot02_01.png Graphic file (type png)
<use ../images/02_Scaling/Rplot02_01.png>
Package luatex.def Info: ../images/02_Scaling/Rplot02_01.png  used on input lin
e 72.
(luatex.def)             Requested size: 359.64421pt x 239.73784pt.
(load cache: extra_lmroman9-regular.luc)
LaTeX Font Info:    Font shape `JT3/BIZUDPMinchoMedium(0)/m/n' will be
(Font)              scaled to size 8.32242pt on input line 73.
LaTeX Font Info:    Font shape `JY3/BIZUDPMinchoMedium(0)/m/n' will be
(Font)              scaled to size 8.32242pt on input line 73.
 [28]
LaTeX Font Info:    Font shape `JT3/BIZUDPMinchoMedium(0)/m/n' will be
(Font)              scaled to size 9.24713pt on input line 88.
LaTeX Font Info:    Font shape `JT3/BIZUDPMinchoMedium(0)/m/n' will be
(Font)              scaled to size 8.32242pt on input line 88.
LaTeX Font Info:    Font shape `JY3/BIZUDPMinchoMedium(0)/m/n' will be
(Font)              scaled to size 8.32242pt on input line 88.
 [29<../images/02_Scaling/Rplot02_01.png>] [30] [31])
[32]
\openout2 = x03_testTheory.aux
 (./x03_testTheory.tex
第3章
[33




] [34] [35] [36] [37]
LaTeX Font Info:    Trying loading font information for OMS+lmr on input line 1
76.

(/usr/local/texlive/2023/texmf-dist/tex/latex/lm/omslmr.fd
File: omslmr.fd 2015/05/01 v1.6.1 Font defs for Latin Modern
)
LaTeX Font Info:    Trying loading font information for OMS+lmsy on input line 
176.

(/usr/local/texlive/2023/texmf-dist/tex/latex/lm/omslmsy.fd
File: omslmsy.fd 2015/05/01 v1.6.1 Font defs for Latin Modern
)
LaTeX Font Info:    Font shape `OMS/lmr/m/n' in size <10> not available
(Font)              Font shape `OMS/lmsy/m/n' tried instead on input line 176.
 [38] [39])
[40]
\openout2 = x04_IRT.aux
 (./x04_IRT.tex
第4章
[41




]
<../images/04_irt/Rplot04_01.png, id=1562, 7227.0pt x 4818.0pt>
File: ../images/04_irt/Rplot04_01.png Graphic file (type png)
<use ../images/04_irt/Rplot04_01.png>
Package luatex.def Info: ../images/04_irt/Rplot04_01.png  used on input line 29
.
(luatex.def)             Requested size: 359.64421pt x 239.73784pt.
 [42<../images/04_irt/Rplot04_01.png>]
<../images/04_irt/Rplot04_02.png, id=1576, 7227.0pt x 4818.0pt>
File: ../images/04_irt/Rplot04_02.png Graphic file (type png)
<use ../images/04_irt/Rplot04_02.png>
Package luatex.def Info: ../images/04_irt/Rplot04_02.png  used on input line 41
.
(luatex.def)             Requested size: 359.64421pt x 239.73784pt.
(load cache: extra_lmmono8-regular.luc)
LaTeX Font Info:    Font shape `JT3/gt/m/n' will be
(Font)              scaled to size 7.3977pt on input line 49.
 [43<../images/04_irt/Rplot04_02.png>]
<../images/04_irt/Rplot04_03.png, id=1597, 7227.0pt x 3613.5pt>
File: ../images/04_irt/Rplot04_03.png Graphic file (type png)
<use ../images/04_irt/Rplot04_03.png>
Package luatex.def Info: ../images/04_irt/Rplot04_03.png  used on input line 68
.
(luatex.def)             Requested size: 359.64421pt x 179.80338pt.
LaTeX Font Info:    Font shape `JY3/gt/m/n' will be
(Font)              scaled to size 8.32242pt on input line 69.
 [44<../images/04_irt/Rplot04_03.png>]
<../images/04_irt/Rplot04_04.png, id=1614, 7227.0pt x 3613.5pt>
File: ../images/04_irt/Rplot04_04.png Graphic file (type png)
<use ../images/04_irt/Rplot04_04.png>
Package luatex.def Info: ../images/04_irt/Rplot04_04.png  used on input line 81
.
(luatex.def)             Requested size: 359.64421pt x 179.80338pt.
 [45<../images/04_irt/Rplot04_04.png>]
<../images/04_irt/Rplot04_05.png, id=1637, 7227.0pt x 3613.5pt>
File: ../images/04_irt/Rplot04_05.png Graphic file (type png)
<use ../images/04_irt/Rplot04_05.png>
Package luatex.def Info: ../images/04_irt/Rplot04_05.png  used on input line 10
2.
(luatex.def)             Requested size: 359.64421pt x 179.80338pt.

[46<../images/04_irt/Rplot04_05.png>]
<../images/04_irt/Rplot04_06.png, id=1650, 7227.0pt x 3613.5pt>
File: ../images/04_irt/Rplot04_06.png Graphic file (type png)
<use ../images/04_irt/Rplot04_06.png>
Package luatex.def Info: ../images/04_irt/Rplot04_06.png  used on input line 13
5.
(luatex.def)             Requested size: 359.64421pt x 179.80338pt.
LaTeX Font Info:    Font shape `JT3/gt/m/n' will be
(Font)              scaled to size 8.32242pt on input line 136.
<../images/04_irt/Rplot04_07.png, id=1653, 7227.0pt x 3613.5pt>
File: ../images/04_irt/Rplot04_07.png Graphic file (type png)
<use ../images/04_irt/Rplot04_07.png>
Package luatex.def Info: ../images/04_irt/Rplot04_07.png  used on input line 14
4.
(luatex.def)             Requested size: 359.64421pt x 179.80338pt.
<../images/04_irt/Rplot04_08.png, id=1657, 7227.0pt x 3613.5pt>
File: ../images/04_irt/Rplot04_08.png Graphic file (type png)
<use ../images/04_irt/Rplot04_08.png>
Package luatex.def Info: ../images/04_irt/Rplot04_08.png  used on input line 15
5.
(luatex.def)             Requested size: 359.64421pt x 179.80338pt.
 [47<../images/04_irt/Rplot04_06.png><../images/04_irt/Rplot04_07.png>]) [48<../
images/04_irt/Rplot04_08.png>]
\openout2 = x05_GRM.aux

(./x05_GRM.tex
第5章
[49




] [50]
<../images/05_GRM/Rplot05_01.png, id=1712, 7227.0pt x 3613.5pt>
File: ../images/05_GRM/Rplot05_01.png Graphic file (type png)
<use ../images/05_GRM/Rplot05_01.png>
Package luatex.def Info: ../images/05_GRM/Rplot05_01.png  used on input line 48
.
(luatex.def)             Requested size: 359.64421pt x 179.80338pt.
<../images/05_GRM/Rplot05_02.png, id=1716, 7227.0pt x 3613.5pt>
File: ../images/05_GRM/Rplot05_02.png Graphic file (type png)
<use ../images/05_GRM/Rplot05_02.png>
Package luatex.def Info: ../images/05_GRM/Rplot05_02.png  used on input line 61
.
(luatex.def)             Requested size: 359.64421pt x 179.80338pt.
 [51<../images/05_GRM/Rplot05_01.png>] [52<../images/05_GRM/Rplot05_02.png>] [5
3]
<../images/05_GRM/Rplot05_03.png, id=1768, 7227.0pt x 3613.5pt>
File: ../images/05_GRM/Rplot05_03.png Graphic file (type png)
<use ../images/05_GRM/Rplot05_03.png>
Package luatex.def Info: ../images/05_GRM/Rplot05_03.png  used on input line 10
7.
(luatex.def)             Requested size: 359.64421pt x 179.80338pt.
 [54<../images/05_GRM/Rplot05_03.png>]
<../images/05_GRM/Rplot05_04.png, id=1781, 7227.0pt x 3613.5pt>
File: ../images/05_GRM/Rplot05_04.png Graphic file (type png)
<use ../images/05_GRM/Rplot05_04.png>
Package luatex.def Info: ../images/05_GRM/Rplot05_04.png  used on input line 12
5.
(luatex.def)             Requested size: 359.64421pt x 179.80338pt.
 [55<../images/05_GRM/Rplot05_04.png>]
<../images/05_GRM/Slide05_01.png, id=1795, 1118.1775pt x 857.2025pt>
File: ../images/05_GRM/Slide05_01.png Graphic file (type png)
<use ../images/05_GRM/Slide05_01.png>
Package luatex.def Info: ../images/05_GRM/Slide05_01.png  used on input line 14
9.
(luatex.def)             Requested size: 359.64421pt x 275.70995pt.
 [56<../images/05_GRM/Slide05_01.png>] [57]) [58]
\openout2 = x06_matrix.aux
 (./x06_matrix.tex
第6章
[59




] [60] [61] [62]
<../images/06_matrix/Slide06_01.png, id=1864, 867.24pt x 759.83875pt>
File: ../images/06_matrix/Slide06_01.png Graphic file (type png)
<use ../images/06_matrix/Slide06_01.png>
Package luatex.def Info: ../images/06_matrix/Slide06_01.png  used on input line
 410.
(luatex.def)             Requested size: 359.64421pt x 315.1069pt.
 [63] [64<../images/06_matrix/Slide06_01.png>] [65] [66]
[67]) [68]
\openout2 = x07_matrixModel.aux
 (./x07_matrixModel.tex
第7章
(load cache: extra_lmromandemi10-regular.luc)
LaTeX Font Info:    Font shape `JY3/BIZUDPMinchoMedium(0)/b/n' will be
(Font)              scaled to size 6.47299pt on input line 28.
LaTeX Font Info:    Font shape `JY3/BIZUDPMinchoMedium(0)/b/n' will be
(Font)              scaled to size 4.62357pt on input line 28.
[69




]
LaTeX Font Info:    Font shape `JY3/BIZUDPMinchoMedium(0)/b/n' will be
(Font)              scaled to size 5.54828pt on input line 58.
 [70] [71] [72] [73] [74]
Overfull \hbox (15.47394pt too wide) detected at line 374
[][][][]
 []

[75]) [76]
\openout2 = x08_Eigen.aux
 (./x08_Eigen.tex
第8章
[77




] [78] [79] [80] [81] [82]) [83]
\openout2 = x09_matrix_onR.aux
 (./x09_matrix_onR.tex [84




]
第9章
(/usr/local/texlive/2023/texmf-dist/tex/latex/listings/lstlang1.sty
File: lstlang1.sty 2023/02/27 1.9 listings language file
)
(/usr/local/texlive/2023/texmf-dist/tex/latex/listings/lstlang1.sty
File: lstlang1.sty 2023/02/27 1.9 listings language file
)
(/usr/local/texlive/2023/texmf-dist/tex/latex/listings/lstmisc.sty
File: lstmisc.sty 2023/02/27 1.9 (Carsten Heinz)
) [85]
Package hyperref Info: bookmark level for unknown lstlisting defaults to 0 on i
nput line 21.
Removing  `ltj.process_input_buffer' from `process_input_buffer'.
Inserting `ltj.listings_unicode' in `process_input_buffer'.
Inserting `ltj.process_input_buffer' in `process_input_buffer'.
Removing  `ltj.listings_unicode' from `process_input_buffer'.
Overfull \hbox (20.25992pt too wide) in paragraph at lines 30--31
[]\TU/lmtt/m/n/10 1:9 \JY3/BIZUDPMinchoMedium(0)/m/n/10 を オ ブ ジ ェ 
ク ト \TU/lmr/m/n/10 A \JY3/BIZUDPMinchoMedium(0)/m/n/10 に 代 入 し て 
い ま す 。 こ こ で コ ロ ン\TU/lmtt/m/n/10 : \JY3/BIZUDPMinchoMediu
m(0)/m/n/10 は 連 続 し た 数 字 を 表 し て お り ， \TU/lmtt/m/
n/10 c(1,2,3,4,5,6,7,8,9)
 []

(load cache: extra_lmsans10-bold.luc)
LaTeX Font Info:    Font shape `JT3/gt/b/n' in size <10> not available
(Font)              Font shape `JT3/gt/m/n' tried instead on input line 39.
LaTeX Font Info:    Font shape `JT3/gt/m/n' will be
(Font)              scaled to size 9.24713pt on input line 39.
LaTeX Font Info:    Font shape `JY3/gt/b/n' in size <10> not available
(Font)              Font shape `JY3/gt/m/n' tried instead on input line 39.
LaTeX Font Info:    Font shape `JY3/gt/m/n' will be
(Font)              scaled to size 9.24713pt on input line 39.
[86]
Removing  `ltj.process_input_buffer' from `process_input_buffer'.
Inserting `ltj.listings_unicode' in `process_input_buffer'.
Inserting `ltj.process_input_buffer' in `process_input_buffer'.
Removing  `ltj.listings_unicode' from `process_input_buffer'. [87]
Removing  `ltj.process_input_buffer' from `process_input_buffer'.
Inserting `ltj.listings_unicode' in `process_input_buffer'.
Inserting `ltj.process_input_buffer' in `process_input_buffer'.
Removing  `ltj.listings_unicode' from `process_input_buffer'.
Removing  `ltj.process_input_buffer' from `process_input_buffer'.
Inserting `ltj.listings_unicode' in `process_input_buffer'.
Inserting `ltj.process_input_buffer' in `process_input_buffer'. [88]
Removing  `ltj.listings_unicode' from `process_input_buffer'.
Removing  `ltj.process_input_buffer' from `process_input_buffer'.
Inserting `ltj.listings_unicode' in `process_input_buffer'.
Inserting `ltj.process_input_buffer' in `process_input_buffer'.
Removing  `ltj.listings_unicode' from `process_input_buffer'. [89]
Removing  `ltj.process_input_buffer' from `process_input_buffer'.
Inserting `ltj.listings_unicode' in `process_input_buffer'.
Inserting `ltj.process_input_buffer' in `process_input_buffer'.
Removing  `ltj.listings_unicode' from `process_input_buffer'. [90]
Removing  `ltj.process_input_buffer' from `process_input_buffer'.
Inserting `ltj.listings_unicode' in `process_input_buffer'.
Inserting `ltj.process_input_buffer' in `process_input_buffer'.
Removing  `ltj.listings_unicode' from `process_input_buffer'.
Removing  `ltj.process_input_buffer' from `process_input_buffer'.
Inserting `ltj.listings_unicode' in `process_input_buffer'.
Inserting `ltj.process_input_buffer' in `process_input_buffer'. [91]
Removing  `ltj.listings_unicode' from `process_input_buffer'.
Removing  `ltj.process_input_buffer' from `process_input_buffer'.
Inserting `ltj.listings_unicode' in `process_input_buffer'.
Inserting `ltj.process_input_buffer' in `process_input_buffer'.
Removing  `ltj.listings_unicode' from `process_input_buffer'. [92] [93]) [94]
\openout2 = x10_FA.aux
 (./x10_FA.tex
第10章
[95




] [96] [97]
Removing  `ltj.process_input_buffer' from `process_input_buffer'.
Inserting `ltj.listings_unicode' in `process_input_buffer'.
Inserting `ltj.process_input_buffer' in `process_input_buffer'.
Removing  `ltj.listings_unicode' from `process_input_buffer'. [98]
Removing  `ltj.process_input_buffer' from `process_input_buffer'.
Inserting `ltj.listings_unicode' in `process_input_buffer'.
Inserting `ltj.process_input_buffer' in `process_input_buffer'.
Removing  `ltj.listings_unicode' from `process_input_buffer'. [99]
<../images/10_FA/Rplot10_01.png, id=2298, 803.0pt x 803.0pt>
File: ../images/10_FA/Rplot10_01.png Graphic file (type png)
<use ../images/10_FA/Rplot10_01.png>
Package luatex.def Info: ../images/10_FA/Rplot10_01.png  used on input line 128
.
(luatex.def)             Requested size: 292.20706pt x 292.21649pt.
 [100<../images/10_FA/Rplot10_01.png>]
Removing  `ltj.process_input_buffer' from `process_input_buffer'.
Inserting `ltj.listings_unicode' in `process_input_buffer'.
Inserting `ltj.process_input_buffer' in `process_input_buffer'.
Removing  `ltj.listings_unicode' from `process_input_buffer'. [101] [102]
[103]
Overfull \hbox (22.7811pt too wide) in paragraph at lines 315--316
\TU/lmr/m/n/10 (\TU/lmtt/m/n/10 Proportion Var\TU/lmr/m/n/10 )\JY3/BIZUDPMincho
Medium(0)/m/n/10 ， 累 積 分 散 説 明 率 \TU/lmr/m/n/10 (\TU/lmtt/m/n/1
0 Cumulative Var\TU/lmr/m/n/10 )\JY3/BIZUDPMinchoMedium(0)/m/n/10 ， 全 体 
を \TU/lmr/m/n/10 1 \JY3/BIZUDPMinchoMedium(0)/m/n/10 と し た 時 の 説 
明 比 率 \TU/lmr/m/n/10 (\TU/lmtt/m/n/10 Proportion Explained\TU/lmr/m/n/10 
)\JY3/BIZUDPMinchoMedium(0)/m/n/10 ，
 []

[104]
Removing  `ltj.process_input_buffer' from `process_input_buffer'.
Inserting `ltj.listings_unicode' in `process_input_buffer'.
Inserting `ltj.process_input_buffer' in `process_input_buffer'.
Removing  `ltj.listings_unicode' from `process_input_buffer'. [105]
Removing  `ltj.process_input_buffer' from `process_input_buffer'.
Inserting `ltj.listings_unicode' in `process_input_buffer'.
Inserting `ltj.process_input_buffer' in `process_input_buffer'.
Removing  `ltj.listings_unicode' from `process_input_buffer'. [106]) [107]
\openout2 = x11_IRTonR.aux
 (./x
11_IRTonR.tex [108




]
第11章
Removing  `ltj.process_input_buffer' from `process_input_buffer'.
Inserting `ltj.listings_unicode' in `process_input_buffer'.
Inserting `ltj.process_input_buffer' in `process_input_buffer'. [109]
Removing  `ltj.listings_unicode' from `process_input_buffer'. [110] [111]
Removing  `ltj.process_input_buffer' from `process_input_buffer'.
Inserting `ltj.listings_unicode' in `process_input_buffer'.
Inserting `ltj.process_input_buffer' in `process_input_buffer'. [112]
Removing  `ltj.listings_unicode' from `process_input_buffer'.
<../images/11_IRTonR/Rplot11_01.png, id=2451, 1204.5pt x 602.25pt>
File: ../images/11_IRTonR/Rplot11_01.png Graphic file (type png)
<use ../images/11_IRTonR/Rplot11_01.png>
Package luatex.def Info: ../images/11_IRTonR/Rplot11_01.png  used on input line
 194.
(luatex.def)             Requested size: 359.64421pt x 179.82176pt.
 [113]
Removing  `ltj.process_input_buffer' from `process_input_buffer'.
Inserting `ltj.listings_unicode' in `process_input_buffer'.
Inserting `ltj.process_input_buffer' in `process_input_buffer'.
Removing  `ltj.listings_unicode' from `process_input_buffer'. [114<../images/11_
IRTonR/Rplot11_01.png>]
<../images/11_IRTonR/Rplot11_02.png, id=2486, 1204.5pt x 602.25pt>
File: ../images/11_IRTonR/Rplot11_02.png Graphic file (type png)
<use ../images/11_IRTonR/Rplot11_02.png>
Package luatex.def Info: ../images/11_IRTonR/Rplot11_02.png  used on input line
 254.
(luatex.def)             Requested size: 359.64421pt x 179.82176pt.

[115<../images/11_IRTonR/Rplot11_02.png>]
Removing  `ltj.process_input_buffer' from `process_input_buffer'.
Inserting `ltj.listings_unicode' in `process_input_buffer'.
Inserting `ltj.process_input_buffer' in `process_input_buffer'.
Removing  `ltj.listings_unicode' from `process_input_buffer'.
<../images/11_IRTonR/Rplot11_03.png, id=2497, 1204.5pt x 602.25pt>
File: ../images/11_IRTonR/Rplot11_03.png Graphic file (type png)
<use ../images/11_IRTonR/Rplot11_03.png>
Package luatex.def Info: ../images/11_IRTonR/Rplot11_03.png  used on input line
 301.
(luatex.def)             Requested size: 359.64421pt x 179.82176pt.
 [116]
Removing  `ltj.process_input_buffer' from `process_input_buffer'.
Inserting `ltj.listings_unicode' in `process_input_buffer'.
Inserting `ltj.process_input_buffer' in `process_input_buffer'. [117<../images/1
1_IRTonR/Rplot11_03.png>]
Removing  `ltj.listings_unicode' from `process_input_buffer'. [118]
<../images/11_IRTonR/Rplot11_04.png, id=2541, 1204.5pt x 602.25pt>
File: ../images/11_IRTonR/Rplot11_04.png Graphic file (type png)
<use ../images/11_IRTonR/Rplot11_04.png>
Package luatex.def Info: ../images/11_IRTonR/Rplot11_04.png  used on input line
 371.
(luatex.def)             Requested size: 359.64421pt x 179.82176pt.
Removing  `ltj.process_input_buffer' from `process_input_buffer'.
Inserting `ltj.listings_unicode' in `process_input_buffer'.
Inserting `ltj.process_input_buffer' in `process_input_buffer'.
Removing  `ltj.listings_unicode' from `process_input_buffer'. [119<../images/11_
IRTonR/Rplot11_04.png>]
Removing  `ltj.process_input_buffer' from `process_input_buffer'.
Inserting `ltj.listings_unicode' in `process_input_buffer'.
Inserting `ltj.process_input_buffer' in `process_input_buffer'.
Removing  `ltj.listings_unicode' from `process_input_buffer'.) [120]
\openout2 = x12_SEM.aux

(./x12_SEM.tex
第12章
<../images/12_SEM/Slide12_01.png, id=2570, 673.51625pt x 395.4775pt>
File: ../images/12_SEM/Slide12_01.png Graphic file (type png)
<use ../images/12_SEM/Slide12_01.png>
Package luatex.def Info: ../images/12_SEM/Slide12_01.png  used on input line 23
.
(luatex.def)             Requested size: 224.77678pt x 131.98642pt.
[121




]
<../images/12_SEM/Slide12_02.png, id=2584, 856.19875pt x 520.94624pt>
File: ../images/12_SEM/Slide12_02.png Graphic file (type png)
<use ../images/12_SEM/Slide12_02.png>
Package luatex.def Info: ../images/12_SEM/Slide12_02.png  used on input line 35
.
(luatex.def)             Requested size: 224.77678pt x 136.76236pt.
<../images/12_SEM/Slide12_03.png, id=2586, 701.62125pt x 322.20375pt>
File: ../images/12_SEM/Slide12_03.png Graphic file (type png)
<use ../images/12_SEM/Slide12_03.png>
Package luatex.def Info: ../images/12_SEM/Slide12_03.png  used on input line 44
.
(luatex.def)             Requested size: 224.77678pt x 103.22038pt.
 [122<../images/12_SEM/Slide12_01.png><../images/12_SEM/Slide12_02.png><../image
s/12_SEM/Slide12_03.png>]
<../images/12_SEM/Slide12_04.png, id=2599, 574.145pt x 292.09125pt>
File: ../images/12_SEM/Slide12_04.png Graphic file (type png)
<use ../images/12_SEM/Slide12_04.png>
Package luatex.def Info: ../images/12_SEM/Slide12_04.png  used on input line 61
.
(luatex.def)             Requested size: 224.77678pt x 114.3519pt.
 [123<../images/12_SEM/Slide12_04.png>]
<../images/12_SEM/Slide12_05.png, id=2613, 1017.8025pt x 530.98375pt>
File: ../images/12_SEM/Slide12_05.png Graphic file (type png)
<use ../images/12_SEM/Slide12_05.png>
Package luatex.def Info: ../images/12_SEM/Slide12_05.png  used on input line 87
.
(luatex.def)             Requested size: 359.64421pt x 187.62146pt.
 [124<../images/12_SEM/Slide12_05.png>] [125] [126] [127] [128] [129]) [130]
\openout2 = x13_SEMonR.aux

(./x13_SEMonR.tex
第13章

Overfull \hbox (21.07643pt too wide) in paragraph at lines 23--36
 [][] 
 []

[131




]
Removing  `ltj.process_input_buffer' from `process_input_buffer'.
Inserting `ltj.listings_unicode' in `process_input_buffer'.
Inserting `ltj.process_input_buffer' in `process_input_buffer'.
Removing  `ltj.listings_unicode' from `process_input_buffer'. [132] [133]
Removing  `ltj.process_input_buffer' from `process_input_buffer'.
Inserting `ltj.listings_unicode' in `process_input_buffer'.
Inserting `ltj.process_input_buffer' in `process_input_buffer'.
Removing  `ltj.listings_unicode' from `process_input_buffer'.
<../images/13_SEMonR/Rplot13_01.png, id=2718, 1003.75pt x 200.75pt>
File: ../images/13_SEMonR/Rplot13_01.png Graphic file (type png)
<use ../images/13_SEMonR/Rplot13_01.png>
Package luatex.def Info: ../images/13_SEMonR/Rplot13_01.png  used on input line
 148.
(luatex.def)             Requested size: 359.64421pt x 71.92992pt.
Removing  `ltj.process_input_buffer' from `process_input_buffer'.
Inserting `ltj.listings_unicode' in `process_input_buffer'.
Inserting `ltj.process_input_buffer' in `process_input_buffer'.
Removing  `ltj.listings_unicode' from `process_input_buffer'.
<../images/13_SEMonR/SEMonR_fig02.pdf, id=2724, 270.78163pt x 133.04706pt>
File: ../images/13_SEMonR/SEMonR_fig02.pdf Graphic file (type pdf)
<use ../images/13_SEMonR/SEMonR_fig02.pdf>
Package luatex.def Info: ../images/13_SEMonR/SEMonR_fig02.pdf  used on input li
ne 171.
(luatex.def)             Requested size: 270.78096pt x 133.04672pt.
 [134<../images/13_SEMonR/Rplot13_01.png>]
Removing  `ltj.process_input_buffer' from `process_input_buffer'.
Inserting `ltj.listings_unicode' in `process_input_buffer'.
Inserting `ltj.process_input_buffer' in `process_input_buffer'. [135<../images/1
3_SEMonR/SEMonR_fig02.pdf>]
Removing  `ltj.listings_unicode' from `process_input_buffer'.
<../images/13_SEMonR/SEMonR_fig03.pdf, id=2777, 270.78163pt x 147.05942pt>
File: ../images/13_SEMonR/SEMonR_fig03.pdf Graphic file (type pdf)
<use ../images/13_SEMonR/SEMonR_fig03.pdf>
Package luatex.def Info: ../images/13_SEMonR/SEMonR_fig03.pdf  used on input li
ne 214.
(luatex.def)             Requested size: 270.78096pt x 147.05905pt.
 [136<../images/13_SEMonR/SEMonR_fig03.pdf>] [137]
[138]) [139]
\openout2 = x14_DualScaling.aux
 (./x14_DualScaling.tex [140




]
第14章
[141] [142] [143]
Removing  `ltj.process_input_buffer' from `process_input_buffer'.
Inserting `ltj.listings_unicode' in `process_input_buffer'.
Inserting `ltj.process_input_buffer' in `process_input_buffer'.
Removing  `ltj.listings_unicode' from `process_input_buffer'. [144] [145]
<../images/14_DualScaling/Rplot14_01.png, id=2897, 4818.0pt x 4818.0pt>
File: ../images/14_DualScaling/Rplot14_01.png Graphic file (type png)
<use ../images/14_DualScaling/Rplot14_01.png>
Package luatex.def Info: ../images/14_DualScaling/Rplot14_01.png  used on input
 line 202.
(luatex.def)             Requested size: 359.64421pt x 359.64352pt.
 [146<../images/14_DualScaling/Rplot14_01.png>])
[147]
\openout2 = x15_MDS.aux
 (./x15_MDS.tex [148




]
第15章
[149]
Removing  `ltj.process_input_buffer' from `process_input_buffer'.
Inserting `ltj.listings_unicode' in `process_input_buffer'.
Inserting `ltj.process_input_buffer' in `process_input_buffer'.
Removing  `ltj.listings_unicode' from `process_input_buffer'.
<../images/15_MDS/Rplot15_01.png, id=2935, 1156.32pt x 1156.32pt>
File: ../images/15_MDS/Rplot15_01.png Graphic file (type png)
<use ../images/15_MDS/Rplot15_01.png>
Package luatex.def Info: ../images/15_MDS/Rplot15_01.png  used on input line 73
.
(luatex.def)             Requested size: 359.64421pt x 359.63765pt.
 [150] [151<../images/15_MDS/Rplot15_01.png>] [152] [153]
Removing  `ltj.process_input_buffer' from `process_input_buffer'.
Inserting `ltj.listings_unicode' in `process_input_buffer'.
Inserting `ltj.process_input_buffer' in `process_input_buffer'.
Removing  `ltj.listings_unicode' from `process_input_buffer'. [154]
<../images/15_MDS/Rplot15_02.png, id=3018, 578.16pt x 433.62pt>
File: ../images/15_MDS/Rplot15_02.png Graphic file (type png)
<use ../images/15_MDS/Rplot15_02.png>
Package luatex.def Info: ../images/15_MDS/Rplot15_02.png  used on input line 24
2.
(luatex.def)             Requested size: 359.64421pt x 269.72823pt.
<../images/15_MDS/Rplot15_03.png, id=3023, 578.16pt x 578.16pt>
File: ../images/15_MDS/Rplot15_03.png Graphic file (type png)
<use ../images/15_MDS/Rplot15_03.png>
Package luatex.def Info: ../images/15_MDS/Rplot15_03.png  used on input line 26
8.
(luatex.def)             Requested size: 359.64421pt x 359.63763pt.
 [155]
[156<../images/15_MDS/Rplot15_02.png>]
<../images/15_MDS/Rplot15_04.png, id=3047, 578.16pt x 578.16pt>
File: ../images/15_MDS/Rplot15_04.png Graphic file (type png)
<use ../images/15_MDS/Rplot15_04.png>
Package luatex.def Info: ../images/15_MDS/Rplot15_04.png  used on input line 30
6.
(luatex.def)             Requested size: 359.64421pt x 359.63763pt.
 [157<../images/15_MDS/Rplot15_03.png>]
<../images/15_MDS/Rplot15_05.png, id=3060, 578.16pt x 578.16pt>
File: ../images/15_MDS/Rplot15_05.png Graphic file (type png)
<use ../images/15_MDS/Rplot15_05.png>
Package luatex.def Info: ../images/15_MDS/Rplot15_05.png  used on input line 32
0.
(luatex.def)             Requested size: 359.64421pt x 359.63763pt.

[158] [159<../images/15_MDS/Rplot15_04.png>]) [160<../images/15_MDS/Rplot15_05.p
ng>] [161



] [162]
\openout2 = x16_Programming.aux
 (./x16_Programming.tex
第16章
[163


]
Removing  `ltj.process_input_buffer' from `process_input_buffer'.
Inserting `ltj.listings_unicode' in `process_input_buffer'.
Inserting `ltj.process_input_buffer' in `process_input_buffer'.
Removing  `ltj.listings_unicode' from `process_input_buffer'.
Removing  `ltj.process_input_buffer' from `process_input_buffer'.
Inserting `ltj.listings_unicode' in `process_input_buffer'.
Inserting `ltj.process_input_buffer' in `process_input_buffer'.
Removing  `ltj.listings_unicode' from `process_input_buffer'. [164] [165] [166]
Removing  `ltj.process_input_buffer' from `process_input_buffer'.
Inserting `ltj.listings_unicode' in `process_input_buffer'.
Inserting `ltj.process_input_buffer' in `process_input_buffer'.
Removing  `ltj.listings_unicode' from `process_input_buffer'.
Removing  `ltj.process_input_buffer' from `process_input_buffer'.
Inserting `ltj.listings_unicode' in `process_input_buffer'.
Inserting `ltj.process_input_buffer' in `process_input_buffer'. [167]
Removing  `ltj.listings_unicode' from `process_input_buffer'.
Removing  `ltj.process_input_buffer' from `process_input_buffer'.
Inserting `ltj.listings_unicode' in `process_input_buffer'.
Inserting `ltj.process_input_buffer' in `process_input_buffer'.
Removing  `ltj.listings_unicode' from `process_input_buffer'. [168]
Removing  `ltj.process_input_buffer' from `process_input_buffer'.
Inserting `ltj.listings_unicode' in `process_input_buffer'.
Inserting `ltj.process_input_buffer' in `process_input_buffer'.
Removing  `ltj.listings_unicode' from `process_input_buffer'.
Removing  `ltj.process_input_buffer' from `process_input_buffer'.
Inserting `ltj.listings_unicode' in `process_input_buffer'.
Inserting `ltj.process_input_buffer' in `process_input_buffer'.
Removing  `ltj.listings_unicode' from `process_input_buffer'. [169]
Removing  `ltj.process_input_buffer' from `process_input_buffer'.
Inserting `ltj.listings_unicode' in `process_input_buffer'.
Inserting `ltj.process_input_buffer' in `process_input_buffer'.
Removing  `ltj.listings_unicode' from `process_input_buffer'. [170]
Removing  `ltj.process_input_buffer' from `process_input_buffer'.
Inserting `ltj.listings_unicode' in `process_input_buffer'.
Inserting `ltj.process_input_buffer' in `process_input_buffer'.
Removing  `ltj.listings_unicode' from `process_input_buffer'. [171]) [172]
\openout2 = x17_Bayesian.aux

(./x17_Bayesian.tex
第17章
[173




] [174] [175] [176] [177]
Removing  `ltj.process_input_buffer' from `process_input_buffer'.
Inserting `ltj.listings_unicode' in `process_input_buffer'.
Inserting `ltj.process_input_buffer' in `process_input_buffer'.
Removing  `ltj.listings_unicode' from `process_input_buffer'. [178]
Removing  `ltj.process_input_buffer' from `process_input_buffer'.
Inserting `ltj.listings_unicode' in `process_input_buffer'.
Inserting `ltj.process_input_buffer' in `process_input_buffer'.
Removing  `ltj.listings_unicode' from `process_input_buffer'.
Removing  `ltj.process_input_buffer' from `process_input_buffer'.
Inserting `ltj.listings_unicode' in `process_input_buffer'.
Inserting `ltj.process_input_buffer' in `process_input_buffer'.
Removing  `ltj.listings_unicode' from `process_input_buffer'. [179]
Removing  `ltj.process_input_buffer' from `process_input_buffer'.
Inserting `ltj.listings_unicode' in `process_input_buffer'.
Inserting `ltj.process_input_buffer' in `process_input_buffer'.
Removing  `ltj.listings_unicode' from `process_input_buffer'.
Removing  `ltj.process_input_buffer' from `process_input_buffer'.
Inserting `ltj.listings_unicode' in `process_input_buffer'.
Inserting `ltj.process_input_buffer' in `process_input_buffer'.
Removing  `ltj.listings_unicode' from `process_input_buffer'. [180]
Removing  `ltj.process_input_buffer' from `process_input_buffer'.
Inserting `ltj.listings_unicode' in `process_input_buffer'.
Inserting `ltj.process_input_buffer' in `process_input_buffer'.
Removing  `ltj.listings_unicode' from `process_input_buffer'. [181]
Removing  `ltj.process_input_buffer' from `process_input_buffer'.
Inserting `ltj.listings_unicode' in `process_input_buffer'.
Inserting `ltj.process_input_buffer' in `process_input_buffer'.
Removing  `ltj.listings_unicode' from `process_input_buffer'.) [182]
\openout2 = prepareStan.aux
 (./prepare
Stan.tex
第18章
[183




] [184] [185]
<../images/prepare/fileStyle.png, id=3472, 481.8pt x 75.28125pt>
File: ../images/prepare/fileStyle.png Graphic file (type png)
<use ../images/prepare/fileStyle.png>
Package luatex.def Info: ../images/prepare/fileStyle.png  used on input line 48
.
(luatex.def)             Requested size: 359.64421pt x 56.19543pt.
 [186<../images/prepare/fileStyle.png>]
<../images/prepare/R_stan.png, id=3488, 893.3375pt x 750.805pt>
File: ../images/prepare/R_stan.png Graphic file (type png)
<use ../images/prepare/R_stan.png>
Package luatex.def Info: ../images/prepare/R_stan.png  used on input line 64.
(luatex.def)             Requested size: 359.64421pt x 302.26425pt.
 [187<../images/prepare/R_stan.png>] [188] [189] [190]
Removing  `ltj.process_input_buffer' from `process_input_buffer'.
Inserting `ltj.listings_unicode' in `process_input_buffer'.
Inserting `ltj.process_input_buffer' in `process_input_buffer'.
Removing  `ltj.listings_unicode' from `process_input_buffer'. [191]
Removing  `ltj.process_input_buffer' from `process_input_buffer'.
Inserting `ltj.listings_unicode' in `process_input_buffer'.
Inserting `ltj.process_input_buffer' in `process_input_buffer'.
Removing  `ltj.listings_unicode' from `process_input_buffer'. [192]
Removing  `ltj.process_input_buffer' from `process_input_buffer'.
Inserting `ltj.listings_unicode' in `process_input_buffer'.
Inserting `ltj.process_input_buffer' in `process_input_buffer'.
Removing  `ltj.listings_unicode' from `process_input_buffer'.
Removing  `ltj.process_input_buffer' from `process_input_buffer'.
Inserting `ltj.listings_unicode' in `process_input_buffer'.
Inserting `ltj.process_input_buffer' in `process_input_buffer'.
Removing  `ltj.listings_unicode' from `process_input_buffer'. [193] [194]
Removing  `ltj.process_input_buffer' from `process_input_buffer'.
Inserting `ltj.listings_unicode' in `process_input_buffer'.
Inserting `ltj.process_input_buffer' in `process_input_buffer'.
Removing  `ltj.listings_unicode' from `process_input_buffer'.
Removing  `ltj.process_input_buffer' from `process_input_buffer'.
Inserting `ltj.listings_unicode' in `process_input_buffer'.
Inserting `ltj.process_input_buffer' in `process_input_buffer'.
Removing  `ltj.listings_unicode' from `process_input_buffer'. [195]
Removing  `ltj.process_input_buffer' from `process_input_buffer'.
Inserting `ltj.listings_unicode' in `process_input_buffer'.
Inserting `ltj.process_input_buffer' in `process_input_buffer'.
Removing  `ltj.listings_unicode' from `process_input_buffer'. [196]
Removing  `ltj.process_input_buffer' from `process_input_buffer'.
Inserting `ltj.listings_unicode' in `process_input_buffer'.
Inserting `ltj.process_input_buffer' in `process_input_buffer'.
Removing  `ltj.listings_unicode' from `process_input_buffer'. [197
Missing character: There is no ℹ (U+2139) in font file:HaranoAjiGothic-Medium.
otf:-kern;jfm=ujis!
]
Removing  `ltj.process_input_buffer' from `process_input_buffer'.
Inserting `ltj.listings_unicode' in `process_input_buffer'.
Inserting `ltj.process_input_buffer' in `process_input_buffer'.
Removing  `ltj.listings_unicode' from `process_input_buffer'.) [198] [199]
\openout2 = x18_MCMC.aux
 (./x
18_MCMC.tex [200




]
第19章
[201]
<../images/18_MCMC/slide18_01.png, id=3710, 612.2875pt x 375.4025pt>
File: ../images/18_MCMC/slide18_01.png Graphic file (type png)
<use ../images/18_MCMC/slide18_01.png>
Package luatex.def Info: ../images/18_MCMC/slide18_01.png  used on input line 2
8.
(luatex.def)             Requested size: 337.16516pt x 206.71832pt.
 [202<../images/18_MCMC/slide18_01.png>]
<../images/18_MCMC/slide18_02.png, id=3726, 877.2775pt x 511.9125pt>
File: ../images/18_MCMC/slide18_02.png Graphic file (type png)
<use ../images/18_MCMC/slide18_02.png>
Package luatex.def Info: ../images/18_MCMC/slide18_02.png  used on input line 4
3.
(luatex.def)             Requested size: 359.64421pt x 209.86205pt.
 [203<../images/18_MCMC/slide18_02.png>] [204]
Removing  `ltj.process_input_buffer' from `process_input_buffer'.
Inserting `ltj.listings_unicode' in `process_input_buffer'.
Inserting `ltj.process_input_buffer' in `process_input_buffer'.
Removing  `ltj.listings_unicode' from `process_input_buffer'. [205]
Removing  `ltj.process_input_buffer' from `process_input_buffer'.
Inserting `ltj.listings_unicode' in `process_input_buffer'.
Inserting `ltj.process_input_buffer' in `process_input_buffer'.
Removing  `ltj.listings_unicode' from `process_input_buffer'.
Removing  `ltj.process_input_buffer' from `process_input_buffer'.
Inserting `ltj.listings_unicode' in `process_input_buffer'.
Inserting `ltj.process_input_buffer' in `process_input_buffer'.
Removing  `ltj.listings_unicode' from `process_input_buffer'. [206]
Removing  `ltj.process_input_buffer' from `process_input_buffer'.
Inserting `ltj.listings_unicode' in `process_input_buffer'.
Inserting `ltj.process_input_buffer' in `process_input_buffer'.
Removing  `ltj.listings_unicode' from `process_input_buffer'. [207] [208]
Removing  `ltj.process_input_buffer' from `process_input_buffer'.
Inserting `ltj.listings_unicode' in `process_input_buffer'.
Inserting `ltj.process_input_buffer' in `process_input_buffer'.
Removing  `ltj.listings_unicode' from `process_input_buffer'.
<../images/18_MCMC/Rplot18_01.png, id=3838, 4818.0pt x 2409.0pt>
File: ../images/18_MCMC/Rplot18_01.png Graphic file (type png)
<use ../images/18_MCMC/Rplot18_01.png>
Package luatex.def Info: ../images/18_MCMC/Rplot18_01.png  used on input line 2
56.
(luatex.def)             Requested size: 337.16516pt x 168.57372pt.
<../images/18_MCMC/Rplot18_02.png, id=3840, 4818.0pt x 2409.0pt>
File: ../images/18_MCMC/Rplot18_02.png Graphic file (type png)
<use ../images/18_MCMC/Rplot18_02.png>
Package luatex.def Info: ../images/18_MCMC/Rplot18_02.png  used on input line 2
65.
(luatex.def)             Requested size: 337.16516pt x 168.57372pt.
 [209]
Removing  `ltj.process_input_buffer' from `process_input_buffer'.
Inserting `ltj.listings_unicode' in `process_input_buffer'.
Inserting `ltj.process_input_buffer' in `process_input_buffer'.
Removing  `ltj.listings_unicode' from `process_input_buffer'.
Removing  `ltj.process_input_buffer' from `process_input_buffer'.
Inserting `ltj.listings_unicode' in `process_input_buffer'.
Inserting `ltj.process_input_buffer' in `process_input_buffer'. [210<../images/1
8_MCMC/Rplot18_01.png><../images/18_MCMC/Rplot18_02.png>]
Removing  `ltj.listings_unicode' from `process_input_buffer'.
Removing  `ltj.process_input_buffer' from `process_input_buffer'.
Inserting `ltj.listings_unicode' in `process_input_buffer'.
Inserting `ltj.process_input_buffer' in `process_input_buffer'.
Removing  `ltj.listings_unicode' from `process_input_buffer'. [211]) [212]
\openout2 = x19_modeling1.aux
 (./x
19_modeling1.tex
第20章
[213




]
<../images/19_modeling1/slide19_01.png, id=3921, 1282.7925pt x 745.78625pt>
File: ../images/19_modeling1/slide19_01.png Graphic file (type png)
<use ../images/19_modeling1/slide19_01.png>
Package luatex.def Info: ../images/19_modeling1/slide19_01.png  used on input l
ine 46.
(luatex.def)             Requested size: 337.16516pt x 196.01648pt.
Removing  `ltj.process_input_buffer' from `process_input_buffer'.
Inserting `ltj.listings_unicode' in `process_input_buffer'.
Inserting `ltj.process_input_buffer' in `process_input_buffer'. [214]
Removing  `ltj.listings_unicode' from `process_input_buffer'.
Removing  `ltj.process_input_buffer' from `process_input_buffer'.
Inserting `ltj.listings_unicode' in `process_input_buffer'.
Inserting `ltj.process_input_buffer' in `process_input_buffer'. [215<../images/1
9_modeling1/slide19_01.png>]
Removing  `ltj.listings_unicode' from `process_input_buffer'.
Removing  `ltj.process_input_buffer' from `process_input_buffer'.
Inserting `ltj.listings_unicode' in `process_input_buffer'.
Inserting `ltj.process_input_buffer' in `process_input_buffer'.
Removing  `ltj.listings_unicode' from `process_input_buffer'. [216] [217]
Removing  `ltj.process_input_buffer' from `process_input_buffer'.
Inserting `ltj.listings_unicode' in `process_input_buffer'.
Inserting `ltj.process_input_buffer' in `process_input_buffer'.
Removing  `ltj.listings_unicode' from `process_input_buffer'. [218]
Removing  `ltj.process_input_buffer' from `process_input_buffer'.
Inserting `ltj.listings_unicode' in `process_input_buffer'.
Inserting `ltj.process_input_buffer' in `process_input_buffer'.
Removing  `ltj.listings_unicode' from `process_input_buffer'.
<../images/19_modeling1/Rplot19_01.png, id=4024, 722.7pt x 289.08pt>
File: ../images/19_modeling1/Rplot19_01.png Graphic file (type png)
<use ../images/19_modeling1/Rplot19_01.png>
Package luatex.def Info: ../images/19_modeling1/Rplot19_01.png  used on input l
ine 211.
(luatex.def)             Requested size: 359.64421pt x 143.85593pt.

[219<../images/19_modeling1/Rplot19_01.png>]
Removing  `ltj.process_input_buffer' from `process_input_buffer'.
Inserting `ltj.listings_unicode' in `process_input_buffer'.
Inserting `ltj.process_input_buffer' in `process_input_buffer'.
Removing  `ltj.listings_unicode' from `process_input_buffer'. [220]
Removing  `ltj.process_input_buffer' from `process_input_buffer'.
Inserting `ltj.listings_unicode' in `process_input_buffer'.
Inserting `ltj.process_input_buffer' in `process_input_buffer'. [221]
Removing  `ltj.listings_unicode' from `process_input_buffer'. [222]
Overfull \hbox (31.38641pt too wide) in paragraph at lines 325--330
 [] 
 []

[223]) [224]
\openout2 = x20_modeling2.aux
 (./x20_modeling2.tex
第21章
[225




]
Removing  `ltj.process_input_buffer' from `process_input_buffer'.
Inserting `ltj.listings_unicode' in `process_input_buffer'.
Inserting `ltj.process_input_buffer' in `process_input_buffer'. [226]
Removing  `ltj.listings_unicode' from `process_input_buffer'.
<../images/20_modeling2/Rplot20_01.png, id=4139, 4818.0pt x 2409.0pt>
File: ../images/20_modeling2/Rplot20_01.png Graphic file (type png)
<use ../images/20_modeling2/Rplot20_01.png>
Package luatex.def Info: ../images/20_modeling2/Rplot20_01.png  used on input l
ine 82.
(luatex.def)             Requested size: 359.64421pt x 179.82176pt.
 [227<../images/20_modeling2/Rplot20_01.png>]
<../images/20_modeling2/Rplot20_02.png, id=4167, 4818.0pt x 2409.0pt>
File: ../images/20_modeling2/Rplot20_02.png Graphic file (type png)
<use ../images/20_modeling2/Rplot20_02.png>
Package luatex.def Info: ../images/20_modeling2/Rplot20_02.png  used on input l
ine 93.
(luatex.def)             Requested size: 359.64421pt x 179.82176pt.
 [228<../images/20_modeling2/Rplot20_02.png>]
Removing  `ltj.process_input_buffer' from `process_input_buffer'.
Inserting `ltj.listings_unicode' in `process_input_buffer'.
Inserting `ltj.process_input_buffer' in `process_input_buffer'. [229]
Removing  `ltj.listings_unicode' from `process_input_buffer'.
Removing  `ltj.process_input_buffer' from `process_input_buffer'.
Inserting `ltj.listings_unicode' in `process_input_buffer'.
Inserting `ltj.process_input_buffer' in `process_input_buffer'.
Removing  `ltj.listings_unicode' from `process_input_buffer'. [230] [231]
Removing  `ltj.process_input_buffer' from `process_input_buffer'.
Inserting `ltj.listings_unicode' in `process_input_buffer'.
Inserting `ltj.process_input_buffer' in `process_input_buffer'.
Removing  `ltj.listings_unicode' from `process_input_buffer'. [232]
Removing  `ltj.process_input_buffer' from `process_input_buffer'.
Inserting `ltj.listings_unicode' in `process_input_buffer'.
Inserting `ltj.process_input_buffer' in `process_input_buffer'.
Removing  `ltj.listings_unicode' from `process_input_buffer'.
Removing  `ltj.process_input_buffer' from `process_input_buffer'.
Inserting `ltj.listings_unicode' in `process_input_buffer'.
Inserting `ltj.process_input_buffer' in `process_input_buffer'.
Removing  `ltj.listings_unicode' from `process_input_buffer'. [233]
Removing  `ltj.process_input_buffer' from `process_input_buffer'.
Inserting `ltj.listings_unicode' in `process_input_buffer'.
Inserting `ltj.process_input_buffer' in `process_input_buffer'.
Removing  `ltj.listings_unicode' from `process_input_buffer'. [234]
Overfull \hbox (31.38641pt too wide) in paragraph at lines 356--361
 [] 
 []

[235]) [236]
\openout2 = x21_modeling3.aux
 (./x21_modeling3.tex
第22章
<../images/21_modeling3/Slide21_01.png, id=4329, 1191.45125pt x 750.805pt>
File: ../images/21_modeling3/Slide21_01.png Graphic file (type png)
<use ../images/21_modeling3/Slide21_01.png>
Package luatex.def Info: ../images/21_modeling3/Slide21_01.png  used on input l
ine 18.
(luatex.def)             Requested size: 359.64421pt x 226.62946pt.
Removing  `ltj.process_input_buffer' from `process_input_buffer'.
Inserting `ltj.listings_unicode' in `process_input_buffer'.
Inserting `ltj.process_input_buffer' in `process_input_buffer'. [237




]
Removing  `ltj.listings_unicode' from `process_input_buffer'. [238<../images/21_
modeling3/Slide21_01.png>]
Removing  `ltj.process_input_buffer' from `process_input_buffer'.
Inserting `ltj.listings_unicode' in `process_input_buffer'.
Inserting `ltj.process_input_buffer' in `process_input_buffer'. [239]
Removing  `ltj.listings_unicode' from `process_input_buffer'.
Removing  `ltj.process_input_buffer' from `process_input_buffer'.
Inserting `ltj.listings_unicode' in `process_input_buffer'.
Inserting `ltj.process_input_buffer' in `process_input_buffer'. [240]
Removing  `ltj.listings_unicode' from `process_input_buffer'.
<../images/21_modeling3/Slide21_02.png, id=4448, 1259.70625pt x 536.0025pt>
File: ../images/21_modeling3/Slide21_02.png Graphic file (type png)
<use ../images/21_modeling3/Slide21_02.png>
Package luatex.def Info: ../images/21_modeling3/Slide21_02.png  used on input l
ine 159.
(luatex.def)             Requested size: 359.64421pt x 153.02402pt.
 [241]
Removing  `ltj.process_input_buffer' from `process_input_buffer'.
Inserting `ltj.listings_unicode' in `process_input_buffer'.
Inserting `ltj.process_input_buffer' in `process_input_buffer'.
Removing  `ltj.listings_unicode' from `process_input_buffer'. [242<../images/21_
modeling3/Slide21_02.png>]
Removing  `ltj.process_input_buffer' from `process_input_buffer'.
Inserting `ltj.listings_unicode' in `process_input_buffer'.
Inserting `ltj.process_input_buffer' in `process_input_buffer'. [243]
Removing  `ltj.listings_unicode' from `process_input_buffer'. [244]
Removing  `ltj.process_input_buffer' from `process_input_buffer'.
Inserting `ltj.listings_unicode' in `process_input_buffer'.
Inserting `ltj.process_input_buffer' in `process_input_buffer'.
Removing  `ltj.listings_unicode' from `process_input_buffer'. [245]
<../images/21_modeling3/Slide21_03.png, id=4571, 1262.7175pt x 600.2425pt>
File: ../images/21_modeling3/Slide21_03.png Graphic file (type png)
<use ../images/21_modeling3/Slide21_03.png>
Package luatex.def Info: ../images/21_modeling3/Slide21_03.png  used on input l
ine 323.
(luatex.def)             Requested size: 359.64421pt x 170.96098pt.
Removing  `ltj.process_input_buffer' from `process_input_buffer'.
Inserting `ltj.listings_unicode' in `process_input_buffer'.
Inserting `ltj.process_input_buffer' in `process_input_buffer'. [246<../images/2
1_modeling3/Slide21_03.png>]
Removing  `ltj.listings_unicode' from `process_input_buffer'.
Removing  `ltj.process_input_buffer' from `process_input_buffer'.
Inserting `ltj.listings_unicode' in `process_input_buffer'.
Inserting `ltj.process_input_buffer' in `process_input_buffer'. [247]
Removing  `ltj.listings_unicode' from `process_input_buffer'. [248]) [249]
\openout2 = x22_modeling4.aux
 (./x
22_modeling4.tex [250




]
第23章
[251]
<../images/22_modeling4/Slide22_01.png, id=4652, 1103.12125pt x 813.0375pt>
File: ../images/22_modeling4/Slide22_01.png Graphic file (type png)
<use ../images/22_modeling4/Slide22_01.png>
Package luatex.def Info: ../images/22_modeling4/Slide22_01.png  used on input l
ine 52.
(luatex.def)             Requested size: 359.64421pt x 265.06525pt.
 [252]
<../images/22_modeling4/Slide22_03.png, id=4670, 899.36pt x 632.3625pt>
File: ../images/22_modeling4/Slide22_03.png Graphic file (type png)
<use ../images/22_modeling4/Slide22_03.png>
Package luatex.def Info: ../images/22_modeling4/Slide22_03.png  used on input l
ine 91.
(luatex.def)             Requested size: 449.55356pt x 316.09363pt.
<../images/22_modeling4/Slide22_04.png, id=4671, 925.4575pt x 801.99625pt>
File: ../images/22_modeling4/Slide22_04.png Graphic file (type png)
<use ../images/22_modeling4/Slide22_04.png>
Package luatex.def Info: ../images/22_modeling4/Slide22_04.png  used on input l
ine 97.
(luatex.def)             Requested size: 449.55356pt x 389.57957pt.
<../images/22_modeling4/Slide22_05.png, id=4672, 1067.99pt x 647.41875pt>
File: ../images/22_modeling4/Slide22_05.png Graphic file (type png)
<use ../images/22_modeling4/Slide22_05.png>
Package luatex.def Info: ../images/22_modeling4/Slide22_05.png  used on input l
ine 103.
(luatex.def)             Requested size: 449.55356pt x 272.51662pt.
 [253<../images/22_modeling4/Slide22_01.png>]
Removing  `ltj.process_input_buffer' from `process_input_buffer'.
Inserting `ltj.listings_unicode' in `process_input_buffer'.
Inserting `ltj.process_input_buffer' in `process_input_buffer'. [254<../images/2
2_modeling4/Slide22_03.png>]
Removing  `ltj.listings_unicode' from `process_input_buffer'. [255<../images/22_
modeling4/Slide22_04.png>]
Removing  `ltj.process_input_buffer' from `process_input_buffer'.
Inserting `ltj.listings_unicode' in `process_input_buffer'.
Inserting `ltj.process_input_buffer' in `process_input_buffer'. [256<../images/2
2_modeling4/Slide22_05.png>]
Removing  `ltj.listings_unicode' from `process_input_buffer'.
Removing  `ltj.process_input_buffer' from `process_input_buffer'.
Inserting `ltj.listings_unicode' in `process_input_buffer'.
Inserting `ltj.process_input_buffer' in `process_input_buffer'. [257]
Removing  `ltj.listings_unicode' from `process_input_buffer'. [258]
Removing  `ltj.process_input_buffer' from `process_input_buffer'.
Inserting `ltj.listings_unicode' in `process_input_buffer'.
Inserting `ltj.process_input_buffer' in `process_input_buffer'.
Removing  `ltj.listings_unicode' from `process_input_buffer'. [259]
Removing  `ltj.process_input_buffer' from `process_input_buffer'.
Inserting `ltj.listings_unicode' in `process_input_buffer'.
Inserting `ltj.process_input_buffer' in `process_input_buffer'.
Removing  `ltj.listings_unicode' from `process_input_buffer'. [260] [261]
<../images/22_modeling4/Slide22_02.png, id=4851, 978.65625pt x 752.8125pt>
File: ../images/22_modeling4/Slide22_02.png Graphic file (type png)
<use ../images/22_modeling4/Slide22_02.png>
Package luatex.def Info: ../images/22_modeling4/Slide22_02.png  used on input l
ine 371.
(luatex.def)             Requested size: 359.64421pt x 276.65239pt.
 [262<../images/22_modeling4/Slide22_02.png>]
Removing  `ltj.process_input_buffer' from `process_input_buffer'.
Inserting `ltj.listings_unicode' in `process_input_buffer'.
Inserting `ltj.process_input_buffer' in `process_input_buffer'.
Removing  `ltj.listings_unicode' from `process_input_buffer'.) [263]
\openout2 = x23_modeling5.aux
 (./x23_mod
eling5.tex [264




]
第24章
[265]

Package hyperref Warning: Token not allowed in a PDF string (Unicode):
(hyperref)                removing `math shift' on input line 32.


Package hyperref Warning: Token not allowed in a PDF string (Unicode):
(hyperref)                removing `\chi' on input line 32.


Package hyperref Warning: Token not allowed in a PDF string (Unicode):
(hyperref)                removing `superscript' on input line 32.


Package hyperref Warning: Token not allowed in a PDF string (Unicode):
(hyperref)                removing `math shift' on input line 32.

[266]

LaTeX Warning: Command \O invalid in math mode on input line 56.

Missing character: There is no Ø (U+00D8) in font cmmi10!
[267]
Removing  `ltj.process_input_buffer' from `process_input_buffer'.
Inserting `ltj.listings_unicode' in `process_input_buffer'.
Inserting `ltj.process_input_buffer' in `process_input_buffer'.
Removing  `ltj.listings_unicode' from `process_input_buffer'.
Removing  `ltj.process_input_buffer' from `process_input_buffer'.
Inserting `ltj.listings_unicode' in `process_input_buffer'.
Inserting `ltj.process_input_buffer' in `process_input_buffer'. [268]
Removing  `ltj.listings_unicode' from `process_input_buffer'.
<../images/23_modeling5/Rplot23_01.png, id=4959, 4818.0pt x 2409.0pt>
File: ../images/23_modeling5/Rplot23_01.png Graphic file (type png)
<use ../images/23_modeling5/Rplot23_01.png>
Package luatex.def Info: ../images/23_modeling5/Rplot23_01.png  used on input l
ine 123.
(luatex.def)             Requested size: 359.64421pt x 179.82176pt.
Removing  `ltj.process_input_buffer' from `process_input_buffer'.
Inserting `ltj.listings_unicode' in `process_input_buffer'.
Inserting `ltj.process_input_buffer' in `process_input_buffer'.
Removing  `ltj.listings_unicode' from `process_input_buffer'. [269<../images/23_
modeling5/Rplot23_01.png>]

Package hyperref Warning: Token not allowed in a PDF string (Unicode):
(hyperref)                removing `math shift' on input line 167.


Package hyperref Warning: Token not allowed in a PDF string (Unicode):
(hyperref)                removing `\kappa' on input line 167.


Package hyperref Warning: Token not allowed in a PDF string (Unicode):
(hyperref)                removing `math shift' on input line 167.

[270]
<../images/23_modeling5/Slide23_01.png, id=4996, 563.10374pt x 400.49625pt>
File: ../images/23_modeling5/Slide23_01.png Graphic file (type png)
<use ../images/23_modeling5/Slide23_01.png>
Package luatex.def Info: ../images/23_modeling5/Slide23_01.png  used on input l
ine 203.
(luatex.def)             Requested size: 359.64421pt x 255.79117pt.
Removing  `ltj.process_input_buffer' from `process_input_buffer'.
Inserting `ltj.listings_unicode' in `process_input_buffer'.
Inserting `ltj.process_input_buffer' in `process_input_buffer'. [271] [272<../im
ages/23_modeling5/Slide23_01.png>]
Removing  `ltj.listings_unicode' from `process_input_buffer'.) [273]
\openout2 = x24_linearModel.aux

(./x24_linearModel.tex [274




]
第25章
[275]
<../images/24_linearModel/Rplot24_06.png, id=5076, 578.16pt x 289.08pt>
File: ../images/24_linearModel/Rplot24_06.png Graphic file (type png)
<use ../images/24_linearModel/Rplot24_06.png>
Package luatex.def Info: ../images/24_linearModel/Rplot24_06.png  used on input
 line 93.
(luatex.def)             Requested size: 359.64421pt x 179.81882pt.
<../images/24_linearModel/Slide24_01.png, id=5079, 632.3625pt x 480.79625pt>
File: ../images/24_linearModel/Slide24_01.png Graphic file (type png)
<use ../images/24_linearModel/Slide24_01.png>
Package luatex.def Info: ../images/24_linearModel/Slide24_01.png  used on input
 line 104.
(luatex.def)             Requested size: 359.64421pt x 273.44778pt.
Removing  `ltj.process_input_buffer' from `process_input_buffer'.
Inserting `ltj.listings_unicode' in `process_input_buffer'.
Inserting `ltj.process_input_buffer' in `process_input_buffer'. [276] [277<../im
ages/24_linearModel/Rplot24_06.png><../images/24_linearModel/Slide24_01.png>]
Removing  `ltj.listings_unicode' from `process_input_buffer'.
<../images/24_linearModel/Rplot24_01.png, id=5116, 4818.0pt x 2409.0pt>
File: ../images/24_linearModel/Rplot24_01.png Graphic file (type png)
<use ../images/24_linearModel/Rplot24_01.png>
Package luatex.def Info: ../images/24_linearModel/Rplot24_01.png  used on input
 line 157.
(luatex.def)             Requested size: 359.64421pt x 179.82176pt.
Removing  `ltj.process_input_buffer' from `process_input_buffer'.
Inserting `ltj.listings_unicode' in `process_input_buffer'.
Inserting `ltj.process_input_buffer' in `process_input_buffer'. [278]
Removing  `ltj.listings_unicode' from `process_input_buffer'. [279<../images/24_
linearModel/Rplot24_01.png>]
<../images/24_linearModel/Rplot24_02.png, id=5185, 4818.0pt x 2409.0pt>
File: ../images/24_linearModel/Rplot24_02.png Graphic file (type png)
<use ../images/24_linearModel/Rplot24_02.png>
Package luatex.def Info: ../images/24_linearModel/Rplot24_02.png  used on input
 line 235.
(luatex.def)             Requested size: 359.64421pt x 179.82176pt.
<../images/24_linearModel/Rplot24_03.png, id=5189, 4818.0pt x 2409.0pt>
File: ../images/24_linearModel/Rplot24_03.png Graphic file (type png)
<use ../images/24_linearModel/Rplot24_03.png>
Package luatex.def Info: ../images/24_linearModel/Rplot24_03.png  used on input
 line 249.
(luatex.def)             Requested size: 359.64421pt x 179.82176pt.

[280] [281<../images/24_linearModel/Rplot24_02.png><../images/24_linearModel/Rpl
ot24_03.png>]
<../images/24_linearModel/Rplot24_04.png, id=5213, 4818.0pt x 2409.0pt>
File: ../images/24_linearModel/Rplot24_04.png Graphic file (type png)
<use ../images/24_linearModel/Rplot24_04.png>
Package luatex.def Info: ../images/24_linearModel/Rplot24_04.png  used on input
 line 270.
(luatex.def)             Requested size: 359.64421pt x 179.82176pt.
<../images/24_linearModel/slide24_02.png, id=5215, 425.59pt x 523.9575pt>
File: ../images/24_linearModel/slide24_02.png Graphic file (type png)
<use ../images/24_linearModel/slide24_02.png>
Package luatex.def Info: ../images/24_linearModel/slide24_02.png  used on input
 line 283.
(luatex.def)             Requested size: 337.16516pt x 415.11313pt.
 [282<../images/24_linearModel/Rplot24_04.png>]
Removing  `ltj.process_input_buffer' from `process_input_buffer'.
Inserting `ltj.listings_unicode' in `process_input_buffer'.
Inserting `ltj.process_input_buffer' in `process_input_buffer'. [283<../images/2
4_linearModel/slide24_02.png>]
Removing  `ltj.listings_unicode' from `process_input_buffer'.
Removing  `ltj.process_input_buffer' from `process_input_buffer'.
Inserting `ltj.listings_unicode' in `process_input_buffer'.
Inserting `ltj.process_input_buffer' in `process_input_buffer'.
Removing  `ltj.listings_unicode' from `process_input_buffer'. [284]
<../images/24_linearModel/Rplot24_05.png, id=5291, 4818.0pt x 2409.0pt>
File: ../images/24_linearModel/Rplot24_05.png Graphic file (type png)
<use ../images/24_linearModel/Rplot24_05.png>
Package luatex.def Info: ../images/24_linearModel/Rplot24_05.png  used on input
 line 365.
(luatex.def)             Requested size: 359.64421pt x 179.82176pt.
(load cache: extra_lmroman10-italic.luc)
LaTeX Font Info:    Font shape `JT3/BIZUDPMinchoMedium(0)/m/it' will be
(Font)              scaled to size 9.24713pt on input line 375.
LaTeX Font Info:    Font shape `JY3/BIZUDPMinchoMedium(0)/m/it' will be
(Font)              scaled to size 9.24713pt on input line 375.
 [285<../images/24_linearModel/Rplot24_05.png>]
<../images/24_linearModel/slide24_03.png, id=5309, 740.7675pt x 560.0925pt>
File: ../images/24_linearModel/slide24_03.png Graphic file (type png)
<use ../images/24_linearModel/slide24_03.png>
Package luatex.def Info: ../images/24_linearModel/slide24_03.png  used on input
 line 382.
(luatex.def)             Requested size: 359.64421pt x 271.92656pt.
 [286<../images/24_linearModel/slide24_03.png>] [287] [288]) [289] [290]
\openout2 = x25_HLM.aux

(./x25_HLM.tex
第26章
[291




]
<../images/25_HLM/Rplot25_01.png, id=5362, 867.24pt x 578.16pt>
File: ../images/25_HLM/Rplot25_01.png Graphic file (type png)
<use ../images/25_HLM/Rplot25_01.png>
Package luatex.def Info: ../images/25_HLM/Rplot25_01.png  used on input line 50
.
(luatex.def)             Requested size: 359.64421pt x 239.76431pt.
<../images/25_HLM/Slide25_01.png, id=5363, 541.02126pt x 565.11125pt>
File: ../images/25_HLM/Slide25_01.png Graphic file (type png)
<use ../images/25_HLM/Slide25_01.png>
Package luatex.def Info: ../images/25_HLM/Slide25_01.png  used on input line 59
.
(luatex.def)             Requested size: 359.64421pt x 375.66492pt.
 [292]
Removing  `ltj.process_input_buffer' from `process_input_buffer'.
Inserting `ltj.listings_unicode' in `process_input_buffer'.
Inserting `ltj.process_input_buffer' in `process_input_buffer'.
Removing  `ltj.listings_unicode' from `process_input_buffer'. [293<../images/25_
HLM/Rplot25_01.png>]
Removing  `ltj.process_input_buffer' from `process_input_buffer'.
Inserting `ltj.listings_unicode' in `process_input_buffer'.
Inserting `ltj.process_input_buffer' in `process_input_buffer'. [294<../images/2
5_HLM/Slide25_01.png>]
Removing  `ltj.listings_unicode' from `process_input_buffer'. [295]
<../images/25_HLM/Slide25_03.png, id=5467, 825.0825pt x 538.01pt>
File: ../images/25_HLM/Slide25_03.png Graphic file (type png)
<use ../images/25_HLM/Slide25_03.png>
Package luatex.def Info: ../images/25_HLM/Slide25_03.png  used on input line 19
0.
(luatex.def)             Requested size: 359.64421pt x 234.51682pt.
<../images/25_HLM/Rplot25_02.png, id=5469, 578.16pt x 289.08pt>
File: ../images/25_HLM/Rplot25_02.png Graphic file (type png)
<use ../images/25_HLM/Rplot25_02.png>
Package luatex.def Info: ../images/25_HLM/Rplot25_02.png  used on input line 19
9.
(luatex.def)             Requested size: 359.64421pt x 179.81882pt.
 [296] [297<../images/25_HLM/Slide25_03.png><../images/25_HLM/Rplot25_02.png>]
<../images/25_HLM/Rplot25_03.png, id=5485, 578.16pt x 289.08pt>
File: ../images/25_HLM/Rplot25_03.png Graphic file (type png)
<use ../images/25_HLM/Rplot25_03.png>
Package luatex.def Info: ../images/25_HLM/Rplot25_03.png  used on input line 22
4.
(luatex.def)             Requested size: 359.64421pt x 179.81882pt.
 [298] [299<../images/25_HLM/Rplot25_03.png>]
<../images/25_HLM/Rplot25_04.png, id=5504, 578.16pt x 289.08pt>
File: ../images/25_HLM/Rplot25_04.png Graphic file (type png)
<use ../images/25_HLM/Rplot25_04.png>
Package luatex.def Info: ../images/25_HLM/Rplot25_04.png  used on input line 25
9.
(luatex.def)             Requested size: 359.64421pt x 179.81882pt.
<../images/25_HLM/slide25_04.png, id=5509, 719.68875pt x 636.3775pt>
File: ../images/25_HLM/slide25_04.png Graphic file (type png)
<use ../images/25_HLM/slide25_04.png>
Package luatex.def Info: ../images/25_HLM/slide25_04.png  used on input line 27
4.
(luatex.def)             Requested size: 359.64421pt x 318.02289pt.
 [300<../images/25_HLM/Rplot25_04.png>] [301<../images/25_HLM/slide25_04.png>]
Removing  `ltj.process_input_buffer' from `process_input_buffer'.
Inserting `ltj.listings_unicode' in `process_input_buffer'.
Inserting `ltj.process_input_buffer' in `process_input_buffer'.
Removing  `ltj.listings_unicode' from `process_input_buffer'. [302]
<../images/25_HLM/Rplot25_05.png, id=5586, 867.24pt x 867.24pt>
File: ../images/25_HLM/Rplot25_05.png Graphic file (type png)
<use ../images/25_HLM/Rplot25_05.png>
Package luatex.def Info: ../images/25_HLM/Rplot25_05.png  used on input line 36
9.
(luatex.def)             Requested size: 359.64421pt x 359.64647pt.
 [303])
[304<../images/25_HLM/Rplot25_05.png>]
\openout2 = x26_mixed.aux
 (./x26_mixed.tex
第27章
<../images/26_mixed/Rplot26_01.png, id=5605, 1156.32pt x 650.43pt>
File: ../images/26_mixed/Rplot26_01.png Graphic file (type png)
<use ../images/26_mixed/Rplot26_01.png>
Package luatex.def Info: ../images/26_mixed/Rplot26_01.png  used on input line 
16.
(luatex.def)             Requested size: 359.64421pt x 202.29617pt.
[305




<../images/26_mixed/Rplot26_01.png>]
<../images/26_mixed/Rplot26_02.png, id=5617, 1156.32pt x 650.43pt>
File: ../images/26_mixed/Rplot26_02.png Graphic file (type png)
<use ../images/26_mixed/Rplot26_02.png>
Package luatex.def Info: ../images/26_mixed/Rplot26_02.png  used on input line 
41.
(luatex.def)             Requested size: 359.64421pt x 202.29617pt.
 [306] [307<../images/26_mixed/Rplot26_02.png>]
<../images/26_mixed/slide26_01.png, id=5636, 583.17876pt x 566.115pt>
File: ../images/26_mixed/slide26_01.png Graphic file (type png)
<use ../images/26_mixed/slide26_01.png>
Package luatex.def Info: ../images/26_mixed/slide26_01.png  used on input line 
58.
(luatex.def)             Requested size: 359.64421pt x 349.13046pt.
<../images/26_mixed/slide26_02.png, id=5640, 736.7525pt x 548.0475pt>
File: ../images/26_mixed/slide26_02.png Graphic file (type png)
<use ../images/26_mixed/slide26_02.png>
Package luatex.def Info: ../images/26_mixed/slide26_02.png  used on input line 
71.
(luatex.def)             Requested size: 359.64421pt x 267.52539pt.
 [308<../images/26_mixed/slide26_01.png>]
Removing  `ltj.process_input_buffer' from `process_input_buffer'.
Inserting `ltj.listings_unicode' in `process_input_buffer'.
Inserting `ltj.process_input_buffer' in `process_input_buffer'. [309<../images/2
6_mixed/slide26_02.png>]
Removing  `ltj.listings_unicode' from `process_input_buffer'.
Removing  `ltj.process_input_buffer' from `process_input_buffer'.
Inserting `ltj.listings_unicode' in `process_input_buffer'.
Inserting `ltj.process_input_buffer' in `process_input_buffer'.
Removing  `ltj.listings_unicode' from `process_input_buffer'.
Overfull \hbox (56.00798pt too wide) in paragraph at lines 111--113
\TU/lmtt/m/n/10 target += normal_lpdf( Y[i] | mu, sigma) \JY3/BIZUDPMinchoMediu
m(0)/m/n/10 で す か ら ， \TU/lmtt/m/n/10 target = target + normal_lpdf( 
Y[i] | mu, sigma)
 []

[310] [311]
Removing  `ltj.process_input_buffer' from `process_input_buffer'.
Inserting `ltj.listings_unicode' in `process_input_buffer'.
Inserting `ltj.process_input_buffer' in `process_input_buffer'.
Removing  `ltj.listings_unicode' from `process_input_buffer'. [312]
Removing  `ltj.process_input_buffer' from `process_input_buffer'.
Inserting `ltj.listings_unicode' in `process_input_buffer'.
Inserting `ltj.process_input_buffer' in `process_input_buffer'. [313]
Removing  `ltj.listings_unicode' from `process_input_buffer'.
<../images/26_mixed/Rplot26_06.png, id=5752, 1156.32pt x 650.43pt>
File: ../images/26_mixed/Rplot26_06.png Graphic file (type png)
<use ../images/26_mixed/Rplot26_06.png>
Package luatex.def Info: ../images/26_mixed/Rplot26_06.png  used on input line 
239.
(luatex.def)             Requested size: 359.64421pt x 202.29617pt.
<../images/26_mixed/Rplot26_03.png, id=5754, 1156.32pt x 650.43pt>
File: ../images/26_mixed/Rplot26_03.png Graphic file (type png)
<use ../images/26_mixed/Rplot26_03.png>
Package luatex.def Info: ../images/26_mixed/Rplot26_03.png  used on input line 
252.
(luatex.def)             Requested size: 359.64421pt x 202.29617pt.
 [314] [315<../images/26_mixed/Rplot26_06.png><../images/26_mixed/Rplot26_03.png
>]
<../images/26_mixed/Rplot26_04.png, id=5778, 1156.32pt x 650.43pt>
File: ../images/26_mixed/Rplot26_04.png Graphic file (type png)
<use ../images/26_mixed/Rplot26_04.png>
Package luatex.def Info: ../images/26_mixed/Rplot26_04.png  used on input line 
266.
(luatex.def)             Requested size: 359.64421pt x 202.29617pt.
<../images/26_mixed/slide26_03.png, id=5780, 742.775pt x 570.13pt>
File: ../images/26_mixed/slide26_03.png Graphic file (type png)
<use ../images/26_mixed/slide26_03.png>
Package luatex.def Info: ../images/26_mixed/slide26_03.png  used on input line 
274.
(luatex.def)             Requested size: 359.64421pt x 276.05165pt.
 [316<../images/26_mixed/Rplot26_04.png>]
Removing  `ltj.process_input_buffer' from `process_input_buffer'.
Inserting `ltj.listings_unicode' in `process_input_buffer'.
Inserting `ltj.process_input_buffer' in `process_input_buffer'. [317<../images/2
6_mixed/slide26_03.png>]
Removing  `ltj.listings_unicode' from `process_input_buffer'.
Removing  `ltj.process_input_buffer' from `process_input_buffer'.
Inserting `ltj.listings_unicode' in `process_input_buffer'.
Inserting `ltj.process_input_buffer' in `process_input_buffer'.
Removing  `ltj.listings_unicode' from `process_input_buffer'.
<../images/26_mixed/Rplot26_05.png, id=5817, 1156.32pt x 650.43pt>
File: ../images/26_mixed/Rplot26_05.png Graphic file (type png)
<use ../images/26_mixed/Rplot26_05.png>
Package luatex.def Info: ../images/26_mixed/Rplot26_05.png  used on input line 
350.
(luatex.def)             Requested size: 359.64421pt x 202.29617pt.
 [318]
Removing  `ltj.process_input_buffer' from `process_input_buffer'.
Inserting `ltj.listings_unicode' in `process_input_buffer'.
Inserting `ltj.process_input_buffer' in `process_input_buffer'. [319<../images/2
6_mixed/Rplot26_05.png>]
Removing  `ltj.listings_unicode' from `process_input_buffer'.
<../images/26_mixed/slide26_04.png, id=5877, 1007.765pt x 653.44125pt>
File: ../images/26_mixed/slide26_04.png Graphic file (type png)
<use ../images/26_mixed/slide26_04.png>
Package luatex.def Info: ../images/26_mixed/slide26_04.png  used on input line 
396.
(luatex.def)             Requested size: 359.64421pt x 233.19467pt.

[320<../images/26_mixed/slide26_04.png>]) [321]
\openout2 = x27_IRTonBayes.aux
 (./x27_IRTonBayes.tex [322




]
第28章
[323]
<../images/27_IRTonBayes/Rplot27_01.png, id=5924, 1156.32pt x 1156.32pt>
File: ../images/27_IRTonBayes/Rplot27_01.png Graphic file (type png)
<use ../images/27_IRTonBayes/Rplot27_01.png>
Package luatex.def Info: ../images/27_IRTonBayes/Rplot27_01.png  used on input 
line 41.
(luatex.def)             Requested size: 359.64421pt x 359.63765pt.
 [324<../images/27_IRTonBayes/Rplot27_01.png>]
<../images/27_IRTonBayes/Slide27_01.png, id=5936, 751.80875pt x 637.38126pt>
File: ../images/27_IRTonBayes/Slide27_01.png Graphic file (type png)
<use ../images/27_IRTonBayes/Slide27_01.png>
Package luatex.def Info: ../images/27_IRTonBayes/Slide27_01.png  used on input 
line 55.
(luatex.def)             Requested size: 359.64421pt x 304.9086pt.
Removing  `ltj.process_input_buffer' from `process_input_buffer'.
Inserting `ltj.listings_unicode' in `process_input_buffer'.
Inserting `ltj.process_input_buffer' in `process_input_buffer'. [325<../images/2
7_IRTonBayes/Slide27_01.png>]
Removing  `ltj.listings_unicode' from `process_input_buffer'.
Removing  `ltj.process_input_buffer' from `process_input_buffer'.
Inserting `ltj.listings_unicode' in `process_input_buffer'.
Inserting `ltj.process_input_buffer' in `process_input_buffer'.
Removing  `ltj.listings_unicode' from `process_input_buffer'.
Removing  `ltj.process_input_buffer' from `process_input_buffer'.
Inserting `ltj.listings_unicode' in `process_input_buffer'.
Inserting `ltj.process_input_buffer' in `process_input_buffer'. [326]
Removing  `ltj.listings_unicode' from `process_input_buffer'.
Removing  `ltj.process_input_buffer' from `process_input_buffer'.
Inserting `ltj.listings_unicode' in `process_input_buffer'.
Inserting `ltj.process_input_buffer' in `process_input_buffer'.
Removing  `ltj.listings_unicode' from `process_input_buffer'.
<../images/27_IRTonBayes/Rplot27_02.png, id=6008, 1156.32pt x 1156.32pt>
File: ../images/27_IRTonBayes/Rplot27_02.png Graphic file (type png)
<use ../images/27_IRTonBayes/Rplot27_02.png>
Package luatex.def Info: ../images/27_IRTonBayes/Rplot27_02.png  used on input 
line 177.
(luatex.def)             Requested size: 359.64421pt x 359.63765pt.
 [327]
Removing  `ltj.process_input_buffer' from `process_input_buffer'.
Inserting `ltj.listings_unicode' in `process_input_buffer'.
Inserting `ltj.process_input_buffer' in `process_input_buffer'. [328] [329<../im
ages/27_IRTonBayes/Rplot27_02.png>]
Removing  `ltj.listings_unicode' from `process_input_buffer'.
Removing  `ltj.process_input_buffer' from `process_input_buffer'.
Inserting `ltj.listings_unicode' in `process_input_buffer'.
Inserting `ltj.process_input_buffer' in `process_input_buffer'.
Removing  `ltj.listings_unicode' from `process_input_buffer'. [330]
Removing  `ltj.process_input_buffer' from `process_input_buffer'.
Inserting `ltj.listings_unicode' in `process_input_buffer'.
Inserting `ltj.process_input_buffer' in `process_input_buffer'. [331]
Removing  `ltj.listings_unicode' from `process_input_buffer'.) [332]
\openout2 = x28_ChangePoint.aux
 (./x28_Cha
ngePoint.tex
第29章
<../images/28_ChangePoint/Rplot28_01.png, id=6146, 1156.32pt x 650.43pt>
File: ../images/28_ChangePoint/Rplot28_01.png Graphic file (type png)
<use ../images/28_ChangePoint/Rplot28_01.png>
Package luatex.def Info: ../images/28_ChangePoint/Rplot28_01.png  used on input
 line 15.
(luatex.def)             Requested size: 359.64421pt x 202.29617pt.
<../images/28_ChangePoint/Rplot28_02.png, id=6148, 1156.32pt x 650.43pt>
File: ../images/28_ChangePoint/Rplot28_02.png Graphic file (type png)
<use ../images/28_ChangePoint/Rplot28_02.png>
Package luatex.def Info: ../images/28_ChangePoint/Rplot28_02.png  used on input
 line 26.
(luatex.def)             Requested size: 359.64421pt x 202.29617pt.
[333




<../images/28_ChangePoint/Rplot28_01.png>]
Removing  `ltj.process_input_buffer' from `process_input_buffer'.
Inserting `ltj.listings_unicode' in `process_input_buffer'.
Inserting `ltj.process_input_buffer' in `process_input_buffer'. [334<../images/2
8_ChangePoint/Rplot28_02.png>]
Removing  `ltj.listings_unicode' from `process_input_buffer'.
Removing  `ltj.process_input_buffer' from `process_input_buffer'.
Inserting `ltj.listings_unicode' in `process_input_buffer'.
Inserting `ltj.process_input_buffer' in `process_input_buffer'.
Removing  `ltj.listings_unicode' from `process_input_buffer'.
<../images/28_ChangePoint/Rplot28_03.png, id=6174, 1156.32pt x 650.43pt>
File: ../images/28_ChangePoint/Rplot28_03.png Graphic file (type png)
<use ../images/28_ChangePoint/Rplot28_03.png>
Package luatex.def Info: ../images/28_ChangePoint/Rplot28_03.png  used on input
 line 85.
(luatex.def)             Requested size: 359.64421pt x 202.29617pt.
<../images/28_ChangePoint/Rplot28_04.png, id=6177, 1156.32pt x 650.43pt>
File: ../images/28_ChangePoint/Rplot28_04.png Graphic file (type png)
<use ../images/28_ChangePoint/Rplot28_04.png>
Package luatex.def Info: ../images/28_ChangePoint/Rplot28_04.png  used on input
 line 99.
(luatex.def)             Requested size: 359.64421pt x 202.29617pt.
 [335] [336<../images/28_ChangePoint/Rplot28_03.png><../images/28_ChangePoint/Rp
lot28_04.png>]
<../images/28_ChangePoint/slide28_01.png, id=6222, 816.04875pt x 491.8375pt>
File: ../images/28_ChangePoint/slide28_01.png Graphic file (type png)
<use ../images/28_ChangePoint/slide28_01.png>
Package luatex.def Info: ../images/28_ChangePoint/slide28_01.png  used on input
 line 119.
(luatex.def)             Requested size: 359.64421pt x 216.76189pt.
Removing  `ltj.process_input_buffer' from `process_input_buffer'.
Inserting `ltj.listings_unicode' in `process_input_buffer'.
Inserting `ltj.process_input_buffer' in `process_input_buffer'. [337<../images/2
8_ChangePoint/slide28_01.png>]
Removing  `ltj.listings_unicode' from `process_input_buffer'.
<../images/28_ChangePoint/Rplot28_05.png, id=6244, 1156.32pt x 650.43pt>
File: ../images/28_ChangePoint/Rplot28_05.png Graphic file (type png)
<use ../images/28_ChangePoint/Rplot28_05.png>
Package luatex.def Info: ../images/28_ChangePoint/Rplot28_05.png  used on input
 line 181.
(luatex.def)             Requested size: 359.64421pt x 202.29617pt.
<../images/28_ChangePoint/Rplot28_06.png, id=6246, 1156.32pt x 650.43pt>
File: ../images/28_ChangePoint/Rplot28_06.png Graphic file (type png)
<use ../images/28_ChangePoint/Rplot28_06.png>
Package luatex.def Info: ../images/28_ChangePoint/Rplot28_06.png  used on input
 line 192.
(luatex.def)             Requested size: 359.64421pt x 202.29617pt.

[338]
<../images/28_ChangePoint/slide28_02.png, id=6273, 728.7225pt x 516.93124pt>
File: ../images/28_ChangePoint/slide28_02.png Graphic file (type png)
<use ../images/28_ChangePoint/slide28_02.png>
Package luatex.def Info: ../images/28_ChangePoint/slide28_02.png  used on input
 line 204.
(luatex.def)             Requested size: 359.64421pt x 255.1127pt.
 [339<../images/28_ChangePoint/Rplot28_05.png><../images/28_ChangePoint/Rplot28_
06.png>]
Removing  `ltj.process_input_buffer' from `process_input_buffer'.
Inserting `ltj.listings_unicode' in `process_input_buffer'.
Inserting `ltj.process_input_buffer' in `process_input_buffer'. [340<../images/2
8_ChangePoint/slide28_02.png>]
Removing  `ltj.listings_unicode' from `process_input_buffer'.
<../images/28_ChangePoint/Rplot28_07.png, id=6305, 1156.32pt x 650.43pt>
File: ../images/28_ChangePoint/Rplot28_07.png Graphic file (type png)
<use ../images/28_ChangePoint/Rplot28_07.png>
Package luatex.def Info: ../images/28_ChangePoint/Rplot28_07.png  used on input
 line 262.
(luatex.def)             Requested size: 359.64421pt x 202.29617pt.
Removing  `ltj.process_input_buffer' from `process_input_buffer'.
Inserting `ltj.listings_unicode' in `process_input_buffer'.
Inserting `ltj.process_input_buffer' in `process_input_buffer'. [341]
Removing  `ltj.listings_unicode' from `process_input_buffer'.
<../images/28_ChangePoint/Rplot28_08.png, id=6339, 1156.32pt x 650.43pt>
File: ../images/28_ChangePoint/Rplot28_08.png Graphic file (type png)
<use ../images/28_ChangePoint/Rplot28_08.png>
Package luatex.def Info: ../images/28_ChangePoint/Rplot28_08.png  used on input
 line 292.
(luatex.def)             Requested size: 359.64421pt x 202.29617pt.
 [342<../images/28_ChangePoint/Rplot28_07.png>]) [343<../images/28_ChangePoint/R
plot28_08.png>]
\openout2 = x29_SSpace.aux
 (./x29_SSpace.tex [344




]
第30章
[345]
<../images/29_SSpace/slide29_01.png, id=6373, 688.5725pt x 402.50375pt>
File: ../images/29_SSpace/slide29_01.png Graphic file (type png)
<use ../images/29_SSpace/slide29_01.png>
Package luatex.def Info: ../images/29_SSpace/slide29_01.png  used on input line
 34.
(luatex.def)             Requested size: 359.64421pt x 210.23055pt.
<../images/29_SSpace/slide29_02.png, id=6375, 944.52875pt x 699.61375pt>
File: ../images/29_SSpace/slide29_02.png Graphic file (type png)
<use ../images/29_SSpace/slide29_02.png>
Package luatex.def Info: ../images/29_SSpace/slide29_02.png  used on input line
 45.
(luatex.def)             Requested size: 359.64421pt x 266.38974pt.
Removing  `ltj.process_input_buffer' from `process_input_buffer'.
Inserting `ltj.listings_unicode' in `process_input_buffer'.
Inserting `ltj.process_input_buffer' in `process_input_buffer'. [346]
Removing  `ltj.listings_unicode' from `process_input_buffer'. [347<../images/29_
SSpace/slide29_01.png>]
<../images/29_SSpace/Rplot29_01.png, id=6421, 1156.32pt x 650.43pt>
File: ../images/29_SSpace/Rplot29_01.png Graphic file (type png)
<use ../images/29_SSpace/Rplot29_01.png>
Package luatex.def Info: ../images/29_SSpace/Rplot29_01.png  used on input line
 92.
(luatex.def)             Requested size: 359.64421pt x 202.29617pt.
Removing  `ltj.process_input_buffer' from `process_input_buffer'.
Inserting `ltj.listings_unicode' in `process_input_buffer'.
Inserting `ltj.process_input_buffer' in `process_input_buffer'. [348<../images/2
9_SSpace/slide29_02.png>] [349<../images/29_SSpace/Rplot29_01.png>]
Removing  `ltj.listings_unicode' from `process_input_buffer'.
<../images/29_SSpace/Rplot29_02.png, id=6472, 1156.32pt x 650.43pt>
File: ../images/29_SSpace/Rplot29_02.png Graphic file (type png)
<use ../images/29_SSpace/Rplot29_02.png>
Package luatex.def Info: ../images/29_SSpace/Rplot29_02.png  used on input line
 157.
(luatex.def)             Requested size: 359.64421pt x 202.29617pt.
 [350<../images/29_SSpace/Rplot29_02.png>]
Removing  `ltj.process_input_buffer' from `process_input_buffer'.
Inserting `ltj.listings_unicode' in `process_input_buffer'.
Inserting `ltj.process_input_buffer' in `process_input_buffer'.
Removing  `ltj.listings_unicode' from `process_input_buffer'.
<../images/29_SSpace/slide29_03.png, id=6494, 646.415pt x 402.50375pt>
File: ../images/29_SSpace/slide29_03.png Graphic file (type png)
<use ../images/29_SSpace/slide29_03.png>
Package luatex.def Info: ../images/29_SSpace/slide29_03.png  used on input line
 202.
(luatex.def)             Requested size: 359.64421pt x 223.93883pt.
 [351]
Removing  `ltj.process_input_buffer' from `process_input_buffer'.
Inserting `ltj.listings_unicode' in `process_input_buffer'.
Inserting `ltj.process_input_buffer' in `process_input_buffer'.
Removing  `ltj.listings_unicode' from `process_input_buffer'. [352<../images/29_
SSpace/slide29_03.png>]
Removing  `ltj.process_input_buffer' from `process_input_buffer'.
Inserting `ltj.listings_unicode' in `process_input_buffer'.
Inserting `ltj.process_input_buffer' in `process_input_buffer'. [353]
Removing  `ltj.listings_unicode' from `process_input_buffer'.
Removing  `ltj.process_input_buffer' from `process_input_buffer'.
Inserting `ltj.listings_unicode' in `process_input_buffer'.
Inserting `ltj.process_input_buffer' in `process_input_buffer'.
Removing  `ltj.listings_unicode' from `process_input_buffer'.
Removing  `ltj.process_input_buffer' from `process_input_buffer'.
Inserting `ltj.listings_unicode' in `process_input_buffer'.
Inserting `ltj.process_input_buffer' in `process_input_buffer'.
[354] [355]
Removing  `ltj.listings_unicode' from `process_input_buffer'.
<../images/29_SSpace/Rplot29_03.png, id=6639, 1156.32pt x 650.43pt>
File: ../images/29_SSpace/Rplot29_03.png Graphic file (type png)
<use ../images/29_SSpace/Rplot29_03.png>
Package luatex.def Info: ../images/29_SSpace/Rplot29_03.png  used on input line
 383.
(luatex.def)             Requested size: 359.64421pt x 202.29617pt.
<../images/29_SSpace/Rplot29_04.png, id=6642, 1156.32pt x 650.43pt>
File: ../images/29_SSpace/Rplot29_04.png Graphic file (type png)
<use ../images/29_SSpace/Rplot29_04.png>
Package luatex.def Info: ../images/29_SSpace/Rplot29_04.png  used on input line
 395.
(luatex.def)             Requested size: 359.64421pt x 202.29617pt.
 [356]
Removing  `ltj.process_input_buffer' from `process_input_buffer'.
Inserting `ltj.listings_unicode' in `process_input_buffer'.
Inserting `ltj.process_input_buffer' in `process_input_buffer'. [357<../images/2
9_SSpace/Rplot29_03.png><../images/29_SSpace/Rplot29_04.png>]
Removing  `ltj.listings_unicode' from `process_input_buffer'.
Removing  `ltj.process_input_buffer' from `process_input_buffer'.
Inserting `ltj.listings_unicode' in `process_input_buffer'.
Inserting `ltj.process_input_buffer' in `process_input_buffer'. [358]
Removing  `ltj.listings_unicode' from `process_input_buffer'.
<../images/29_SSpace/Rplot29_05.png, id=6696, 1156.32pt x 650.43pt>
File: ../images/29_SSpace/Rplot29_05.png Graphic file (type png)
<use ../images/29_SSpace/Rplot29_05.png>
Package luatex.def Info: ../images/29_SSpace/Rplot29_05.png  used on input line
 466.
(luatex.def)             Requested size: 359.64421pt x 202.29617pt.
Removing  `ltj.process_input_buffer' from `process_input_buffer'.
Inserting `ltj.listings_unicode' in `process_input_buffer'.
Inserting `ltj.process_input_buffer' in `process_input_buffer'. [359<../images/2
9_SSpace/Rplot29_05.png>]
Removing  `ltj.listings_unicode' from `process_input_buffer'.) [360]
\openout2 = x30_comparison.aux

(./x30_comparison.tex
第31章
[361




] [362] [363] [364] [365] [366] [367]) [368] (../../common_contents/FAQ.tex
付録A
<../../common_contents/figures/RstudioFileEditor.png, id=6814, 569.12625pt x 50
8.90125pt>
File: ../../common_contents/figures/RstudioFileEditor.png Graphic file (type pn
g)
<use ../../common_contents/figures/RstudioFileEditor.png>
Package luatex.def Info: ../../common_contents/figures/RstudioFileEditor.png  u
sed on input line 22.
(luatex.def)             Requested size: 359.64421pt x 321.60342pt.
[369



]
<../../common_contents/figures/RmdFile.png, id=6827, 892.33376pt x 721.69624pt>

File: ../../common_contents/figures/RmdFile.png Graphic file (type png)
<use ../../common_contents/figures/RmdFile.png>
Package luatex.def Info: ../../common_contents/figures/RmdFile.png  used on inp
ut line 35.
(luatex.def)             Requested size: 359.64421pt x 290.87582pt.
 [370<../../common_contents/figures/RstudioFileEditor.png>]
<../../common_contents/figures/InsertChunk.png, id=6842, 1068.99374pt x 365.365
pt>
File: ../../common_contents/figures/InsertChunk.png Graphic file (type png)
<use ../../common_contents/figures/InsertChunk.png>
Package luatex.def Info: ../../common_contents/figures/InsertChunk.png  used on
 input line 47.
(luatex.def)             Requested size: 359.64421pt x 122.9179pt.
 [371<../../common_contents/figures/RmdFile.png><../../common_contents/figures/I
nsertChunk.png>]
<../../common_contents/figures/RmdKnit.png, id=6855, 1128.215pt x 311.1625pt>
File: ../../common_contents/figures/RmdKnit.png Graphic file (type png)
<use ../../common_contents/figures/RmdKnit.png>
Package luatex.def Info: ../../common_contents/figures/RmdKnit.png  used on inp
ut line 57.
(luatex.def)             Requested size: 359.64421pt x 99.18944pt.
Removing  `ltj.process_input_buffer' from `process_input_buffer'.
Inserting `ltj.listings_unicode' in `process_input_buffer'.
Inserting `ltj.process_input_buffer' in `process_input_buffer'.
Removing  `ltj.listings_unicode' from `process_input_buffer'. [372<../../common_
contents/figures/RmdKnit.png>] [373]
<../../common_contents/figures/FAQ01.png, id=6878, 1674.255pt x 1255.69125pt>
File: ../../common_contents/figures/FAQ01.png Graphic file (type png)
<use ../../common_contents/figures/FAQ01.png>
Package luatex.def Info: ../../common_contents/figures/FAQ01.png  used on input
 line 107.
(luatex.def)             Requested size: 359.64421pt x 269.71927pt.
 [374<../../common_contents/figures/FAQ01.png>] [375](load cache: extra_lmroman7
-italic.luc)
LaTeX Font Info:    Font shape `JT3/BIZUDPMinchoMedium(0)/m/it' will be
(Font)              scaled to size 6.47299pt on input line 183.
LaTeX Font Info:    Font shape `JY3/BIZUDPMinchoMedium(0)/m/it' will be
(Font)              scaled to size 6.47299pt on input line 183.
LaTeX Font Info:    Font shape `JT3/BIZUDPMinchoMedium(0)/m/it' will be
(Font)              scaled to size 5.54828pt on input line 183.
LaTeX Font Info:    Font shape `JY3/BIZUDPMinchoMedium(0)/m/it' will be
(Font)              scaled to size 5.54828pt on input line 183.
 [376] [377] [378])
(../../Scaling/tex/H01_ProofOfLikert.tex [379] [380

]
付録B
[381]) (../../common_contents/Computer.tex [382] [383] [384

]
付録C
[385] [386]
<../../common_contents/figures/computer_01.png, id=6986, 1177.39874pt x 559.088
75pt>
File: ../../common_contents/figures/computer_01.png Graphic file (type png)
<use ../../common_contents/figures/computer_01.png>
Package luatex.def Info: ../../common_contents/figures/computer_01.png  used on
 input line 39.
(luatex.def)             Requested size: 359.64421pt x 170.77348pt.
 [387] [388<../../common_contents/figures/computer_01.png>] [389]
[390] [391]
<../../common_contents/figures/computer_06.png, id=7048, 837.1275pt x 476.78125
pt>
File: ../../common_contents/figures/computer_06.png Graphic file (type png)
<use ../../common_contents/figures/computer_06.png>
Package luatex.def Info: ../../common_contents/figures/computer_06.png  used on
 input line 92.
(luatex.def)             Requested size: 359.64421pt x 204.83006pt.
 [392<../../common_contents/figures/computer_06.png>]
Removing  `ltj.process_input_buffer' from `process_input_buffer'.
Inserting `ltj.listings_unicode' in `process_input_buffer'.
Inserting `ltj.process_input_buffer' in `process_input_buffer'.
Removing  `ltj.listings_unicode' from `process_input_buffer'.
Removing  `ltj.process_input_buffer' from `process_input_buffer'.
Inserting `ltj.listings_unicode' in `process_input_buffer'.
Inserting `ltj.process_input_buffer' in `process_input_buffer'.
Removing  `ltj.listings_unicode' from `process_input_buffer'. [393]
Removing  `ltj.process_input_buffer' from `process_input_buffer'.
Inserting `ltj.listings_unicode' in `process_input_buffer'.
Inserting `ltj.process_input_buffer' in `process_input_buffer'.
Removing  `ltj.listings_unicode' from `process_input_buffer'. [394]
[395]) (../../common_contents/Greeks.tex [396]
付録D
) (../../common_contents/keyboards.tex [397

] [398

]
付録E
(load cache: extra_lmmono12-regular.luc)
Overfull \hbox (12.85297pt too wide) in paragraph at lines 34--65
 [][] 
 []

<../../common_contents/figures/JapaneseKeyChange.png, id=7117, 282.05376pt x 26
4.99pt>
File: ../../common_contents/figures/JapaneseKeyChange.png Graphic file (type pn
g)
<use ../../common_contents/figures/JapaneseKeyChange.png>
Package luatex.def Info: ../../common_contents/figures/JapaneseKeyChange.png  u
sed on input line 73.
(luatex.def)             Requested size: 113.81102pt x 106.9241pt.
<../../common_contents/figures/JPkeyAssign.png, id=7118, 925.4575pt x 517.935pt
>
File: ../../common_contents/figures/JPkeyAssign.png Graphic file (type png)
<use ../../common_contents/figures/JPkeyAssign.png>
Package luatex.def Info: ../../common_contents/figures/JPkeyAssign.png  used on
 input line 79.
(luatex.def)             Requested size: 359.64421pt x 201.27464pt.
<../../common_contents/figures/usKeyAssign.png, id=7119, 837.1275pt x 545.03625
pt>
File: ../../common_contents/figures/usKeyAssign.png Graphic file (type png)
<use ../../common_contents/figures/usKeyAssign.png>
Package luatex.def Info: ../../common_contents/figures/usKeyAssign.png  used on
 input line 85.
(luatex.def)             Requested size: 359.64421pt x 234.1531pt.
) [399] [400<../../common_contents/figures/JapaneseKeyChange.png>] [401<../../co
mmon_contents/figures/JPkeyAssign.png><../../common_contents/figures/usKeyAssign
.png>] [402

]
付録F
(../../syllabus2/a01_introduction.tex [403]) (../../syllabus2/a02_scaling.tex
[404]) (../../syllabus2/a03_testTheory.tex [405] [406])
(../../syllabus2/a04_IRT.tex [407]) (../../syllabus2/a05_GRM.tex [408])
(../../syllabus2/a06_matrix.tex [409]) (../../syllabus2/a07_matrixModel.tex
[410] [411]) (../../syllabus2/a08_Eigen.tex [412])
(../../syllabus2/a09_matrix_onR.tex [413]) (../../syllabus2/a10_FA.tex [414]
[415]) (../../syllabus2/a11_IRTonR.tex [416]) (../../syllabus2/a12_SEM.tex
[417] [418]) (../../syllabus2/a13_SEMonR.tex [419])
(../../syllabus2/a14_DualuScaling.tex [420] [421]) (../../syllabus2/a15_MDS.tex
[422] [423]) (../../syllabus2/a16_Programming.tex [424])
(../../syllabus2/a17_Bayesian.tex [425]) (../../syllabus2/a18_MCMC.tex [426]
[427]) (../../syllabus2/a19_modeling1.tex [428])
(../../syllabus2/a20_modeling2.tex [429]) (../../syllabus2/a21_modeling3.tex
[430] [431]) (../../syllabus2/a22_modeling4.tex [432])
(../../syllabus2/a23_modeling5.tex [433]) (../../syllabus2/a24_linearModel.tex
[434]) (../../syllabus2/a25_HLM.tex [435]) (../../syllabus2/a26_mixed.tex
[436]) (../../syllabus2/a27_IRTonBayes.tex [437])
(../../syllabus2/a28_ChangePoint.tex [438]) (../../syllabus2/a29_SSpace.tex
[439] [440]) (../../syllabus2/a30_comparison.tex [441]) [442] (./atogaki2.tex
[443

]) (./tmpK.bbl [444] [445

] [446] [447]) (./tmpK.ind [448]
LaTeX Font Info:    Font shape `JT3/gt/b/n' in size <8> not available
(Font)              Font shape `JT3/gt/m/n' tried instead on input line 2.
LaTeX Font Info:    Font shape `JT3/gt/m/n' will be
(Font)              scaled to size 7.3977pt on input line 2.
LaTeX Font Info:    Font shape `JY3/gt/b/n' in size <8> not available
(Font)              Font shape `JY3/gt/m/n' tried instead on input line 2.
LaTeX Font Info:    Font shape `JY3/gt/m/n' will be
(Font)              scaled to size 7.3977pt on input line 2.
(load cache: extra_lmroman12-bold.luc)
LaTeX Font Info:    Font shape `JT3/gt/b/n' in size <12> not available
(Font)              Font shape `JT3/gt/m/n' tried instead on input line 2.
LaTeX Font Info:    Font shape `JT3/gt/m/n' will be
(Font)              scaled to size 11.09656pt on input line 2.
LaTeX Font Info:    Font shape `JY3/gt/b/n' in size <12> not available
(Font)              Font shape `JY3/gt/m/n' tried instead on input line 2.
LaTeX Font Info:    Font shape `JY3/gt/m/n' will be
(Font)              scaled to size 11.09656pt on input line 2.
 [449


] [450]
[451] [452

]) (./masthead2.tex (../../Book_versions2.md)
(../../Syllabus_versions2.md)
LaTeX Font Info:    Font shape `OMS/lmr/m/n' in size <12> not available
(Font)              Font shape `OMS/lmsy/m/n' tried instead on input line 20.
) [453


] (./tmpK.aux (./x01_introduction.aux)
(./x02_scaling.aux) (./x03_testTheory.aux) (./x04_IRT.aux) (./x05_GRM.aux)
(./x06_matrix.aux) (./x07_matrixModel.aux) (./x08_Eigen.aux)
(./x09_matrix_onR.aux) (./x10_FA.aux) (./x11_IRTonR.aux) (./x12_SEM.aux)
(./x13_SEMonR.aux) (./x14_DualScaling.aux) (./x15_MDS.aux)
(./x16_Programming.aux) (./x17_Bayesian.aux) (./prepareStan.aux)
(./x18_MCMC.aux) (./x19_modeling1.aux) (./x20_modeling2.aux)
(./x21_modeling3.aux) (./x22_modeling4.aux) (./x23_modeling5.aux)
(./x24_linearModel.aux) (./x25_HLM.aux) (./x26_mixed.aux) (./x27_IRTonBayes.aux
) (./x28_ChangePoint.aux) (./x29_SSpace.aux) (./x30_comparison.aux))

Package rerunfilecheck Warning: File `tmpK.out' has changed.
(rerunfilecheck)                Rerun to get outlines right
(rerunfilecheck)                or use package `bookmark'.

Package rerunfilecheck Info: Checksums for `tmpK.out':
(rerunfilecheck)             Before: 04621AD02C8BF1EFF1389630D4435BCE;36114
(rerunfilecheck)             After:  4C69097CF1F83AB9BA56A76A8EB7028F;36184.
)

Here is how much of LuaTeX's memory you used:
 51717 strings out of 478313
 746621,1977958 words of node,token memory allocated
 109905 words of node memory still in use:
   11 hlist, 2 vlist, 5 rule, 353 glue, 4 kern, 1 sub_mlist, 1 glyph, 48870 attr
ibute, 68 glue_spec, 4439 attribute_list, 2 write, 14 user_defined, 26 pdf_actio
n nodes
   avail lists: 1:32,2:117142,3:2951,4:11972,5:3260,6:518,7:10072,8:122,9:11439,
10:53,11:262
 64671 multiletter control sequences out of 65536+600000
 167 fonts using 119438783 bytes
 118i,18n,113p,4286b,1222s stack positions out of 10000i,1000n,20000p,200000b,200000s
</usr/local/texlive/2023/texmf-dist/fonts/opentype/public/lm/lmroman12-bold.otf>
</usr/local/texlive/2023/texmf-dist/fonts/opentype/public/lm/lmmono12-regular.ot
f></usr/local/texlive/2023/texmf-dist/fonts/opentype/public/lm/lmroman7-italic.o
tf></usr/local/texlive/2023/texmf-dist/fonts/opentype/public/lm/lmroman12-regula
r.otf></usr/local/texlive/2023/texmf-dist/fonts/opentype/public/lm/lmroman10-ita
lic.otf></usr/local/texlive/2023/texmf-dist/fonts/opentype/public/lm/lmsans10-bo
ld.otf></usr/local/texlive/2023/texmf-dist/fonts/opentype/public/lm/lmmono9-regu
lar.otf></usr/local/texlive/2023/texmf-dist/fonts/opentype/public/lm/lmmono8-reg
ular.otf>{/usr/local/texlive/2023/texmf-dist/fonts/enc/dvips/lm/lm-mathsy.enc}</
usr/local/texlive/2023/texmf-dist/fonts/opentype/public/lm/lmroman9-regular.otf>
</usr/local/texlive/2023/texmf-dist/fonts/opentype/public/lm/lmroman8-regular.ot
f></usr/local/texlive/2023/texmf-dist/fonts/opentype/public/lm/lmroman8-bold.otf
></usr/local/texlive/2023/texmf-dist/fonts/opentype/public/lm/lmromanslant10-reg
ular.otf></usr/local/texlive/2023/texmf-dist/fonts/opentype/public/lm/lmroman6-r
egular.otf></usr/local/texlive/2023/texmf-dist/fonts/opentype/public/lm/lmroman1
0-bold.otf></usr/local/texlive/2023/texmf-dist/fonts/opentype/public/lm/lmroman7
-regular.otf></usr/local/texlive/2023/texmf-dist/fonts/opentype/public/lm/lmsans
8-regular.otf></usr/local/texlive/2023/texmf-dist/fonts/opentype/public/lm/lmsan
s17-regular.otf></usr/local/texlive/2023/texmf-dist/fonts/opentype/public/lm/lms
ans12-regular.otf></usr/local/texlive/2023/texmf-dist/fonts/opentype/public/lm/l
mmono10-regular.otf></usr/local/texlive/2023/texmf-dist/fonts/opentype/public/lm
/lmsans10-regular.otf></usr/local/texlive/2023/texmf-dist/fonts/opentype/public/
lm/lmroman10-regular.otf></Library/Fonts/BIZ-UDGothicB.ttc></usr/local/texlive/2
023/texmf-dist/fonts/opentype/public/haranoaji/HaranoAjiGothic-Medium.otf></Libr
ary/Fonts/BIZ-UDMinchoM.ttc></usr/local/texlive/2023/texmf-dist/fonts/type1/publ
ic/amsfonts/cm/cmbsy10.pfb></usr/local/texlive/2023/texmf-dist/fonts/type1/publi
c/amsfonts/cmextra/cmbsy5.pfb></usr/local/texlive/2023/texmf-dist/fonts/type1/pu
blic/amsfonts/cmextra/cmbsy6.pfb></usr/local/texlive/2023/texmf-dist/fonts/type1
/public/amsfonts/cmextra/cmbsy7.pfb></usr/local/texlive/2023/texmf-dist/fonts/ty
pe1/public/amsfonts/cm/cmbx10.pfb></usr/local/texlive/2023/texmf-dist/fonts/type
1/public/amsfonts/cm/cmbx7.pfb></usr/local/texlive/2023/texmf-dist/fonts/type1/p
ublic/amsfonts/cm/cmbx8.pfb></usr/local/texlive/2023/texmf-dist/fonts/type1/publ
ic/amsfonts/cm/cmex10.pfb></usr/local/texlive/2023/texmf-dist/fonts/type1/public
/amsfonts/cmextra/cmex8.pfb></usr/local/texlive/2023/texmf-dist/fonts/type1/publ
ic/amsfonts/cm/cmmi10.pfb></usr/local/texlive/2023/texmf-dist/fonts/type1/public
/amsfonts/cm/cmmi12.pfb></usr/local/texlive/2023/texmf-dist/fonts/type1/public/a
msfonts/cm/cmmi5.pfb></usr/local/texlive/2023/texmf-dist/fonts/type1/public/amsf
onts/cm/cmmi6.pfb></usr/local/texlive/2023/texmf-dist/fonts/type1/public/amsfont
s/cm/cmmi7.pfb></usr/local/texlive/2023/texmf-dist/fonts/type1/public/amsfonts/c
m/cmmi8.pfb></usr/local/texlive/2023/texmf-dist/fonts/type1/public/amsfonts/cm/c
mmi9.pfb></usr/local/texlive/2023/texmf-dist/fonts/type1/public/amsfonts/cm/cmmi
b10.pfb></usr/local/texlive/2023/texmf-dist/fonts/type1/public/amsfonts/cmextra/
cmmib7.pfb></usr/local/texlive/2023/texmf-dist/fonts/type1/public/amsfonts/cmext
ra/cmmib8.pfb></usr/local/texlive/2023/texmf-dist/fonts/type1/public/amsfonts/cm
/cmr10.pfb></usr/local/texlive/2023/texmf-dist/fonts/type1/public/amsfonts/cm/cm
r5.pfb></usr/local/texlive/2023/texmf-dist/fonts/type1/public/amsfonts/cm/cmr6.p
fb></usr/local/texlive/2023/texmf-dist/fonts/type1/public/amsfonts/cm/cmr7.pfb><
/usr/local/texlive/2023/texmf-dist/fonts/type1/public/amsfonts/cm/cmr8.pfb></usr
/local/texlive/2023/texmf-dist/fonts/type1/public/amsfonts/cm/cmr9.pfb></usr/loc
al/texlive/2023/texmf-dist/fonts/type1/public/amsfonts/cm/cmsy10.pfb></usr/local
/texlive/2023/texmf-dist/fonts/type1/public/amsfonts/cm/cmsy5.pfb></usr/local/te
xlive/2023/texmf-dist/fonts/type1/public/amsfonts/cm/cmsy6.pfb></usr/local/texli
ve/2023/texmf-dist/fonts/type1/public/amsfonts/cm/cmsy7.pfb></usr/local/texlive/
2023/texmf-dist/fonts/type1/public/amsfonts/cm/cmsy8.pfb></usr/local/texlive/202
3/texmf-dist/fonts/type1/public/amsfonts/cm/cmsy9.pfb></usr/local/texlive/2023/t
exmf-dist/fonts/type1/public/amsfonts/cm/cmtt9.pfb></usr/local/texlive/2023/texm
f-dist/fonts/type1/public/lm/lmsy10.pfb>
Output written on tmpK.pdf (453 pages, 48935458 bytes).

PDF statistics: 8913 PDF objects out of 10688 (max. 8388607)
 8054 compressed objects within 81 object streams
 3799 named destinations out of 4296 (max. 131072)
 2010 words of extra memory for PDF output out of 10000 (max. 100000000)

