This is LuaHBTeX, Version 1.22.0 (TeX Live 2025)  (format=lualatex 2025.11.26)  3 DEC 2025 18:43
 restricted system commands enabled.
**Dkiso1_book_kdp.tex
(./Dkiso1_book_kdp.tex
LaTeX2e <2025-11-01>
L3 programming layer <2025-11-14>
Lua module: luaotfload 2024-12-03 v3.29 Lua based OpenType font support
Lua module: lualibs 2023-07-13 v2.76 ConTeXt Lua standard libraries.
Lua module: lualibs-extended 2023-07-13 v2.76 ConTeXt Lua libraries -- extended 
collection.
luaotfload | conf : Root cache directory is "/Users/newton/Library/texlive/2025/
texmf-var/luatex-cache/generic/names".
luaotfload | init : Loading fontloader "fontloader-2023-12-28.lua" from kpse-res
olved path "/usr/local/texlive/2025/texmf-dist/tex/luatex/luaotfload/fontloader-
2023-12-28.lua".
Lua-only attribute luaotfload@noligature = 1
luaotfload | init : Context OpenType loader version 3.134
Inserting `luaotfload.node_processor' in `pre_linebreak_filter'.
Inserting `luaotfload.node_processor' in `hpack_filter'.
Inserting `luaotfload.glyph_stream' in `glyph_stream_provider'.
Inserting `luaotfload.define_font' in `define_font'.
Lua-only attribute luaotfload_color_attribute = 2
luaotfload | conf : Root cache directory is "/Users/newton/Library/texlive/2025/
texmf-var/luatex-cache/generic/names".
Inserting `luaotfload.harf.strip_prefix' in `find_opentype_file'.
Inserting `luaotfload.harf.strip_prefix' in `find_truetype_file'.
Removing  `luaotfload.glyph_stream' from `glyph_stream_provider'.
Inserting `luaotfload.harf.glyphstream' in `glyph_stream_provider'.
Inserting `luaotfload.harf.finalize_vlist' in `post_linebreak_filter'.
Inserting `luaotfload.harf.finalize_hlist' in `hpack_filter'.
Inserting `luaotfload.cleanup_files' in `wrapup_run'.
Inserting `luaotfload.harf.finalize_unicode' in `finish_pdffile'.
Inserting `luaotfload.glyphinfo' in `glyph_info'.
Lua-only attribute luaotfload.letterspace_done = 3
Inserting `luaotfload.aux.set_sscale_dimens' in `luaotfload.patch_font'.
Inserting `luaotfload.aux.set_font_index' in `luaotfload.patch_font'.
Inserting `luaotfload.aux.patch_cambria_domh' in `luaotfload.patch_font'.
Inserting `luaotfload.aux.fixup_fontdata' in `luaotfload.patch_font_unsafe'.
Inserting `luaotfload.aux.set_capheight' in `luaotfload.patch_font'.
Inserting `luaotfload.aux.set_xheight' in `luaotfload.patch_font'.
Inserting `luaotfload.rewrite_fontname' in `luaotfload.patch_font'.
Inserting `tracingstacklevels' in `input_level_string'. (/usr/local/texlive/202
5/texmf-dist/tex/luatex/luatexja/ltjsbook.cls
Document Class: ltjsbook 2025-05-26 ltjsclasses 
(/usr/local/texlive/2025/texmf-dist/tex/luatex/luatexja/luatexja.sty
Package: luatexja 2025-11-02 Japanese Typesetting with Lua(La)TeX

(/usr/local/texlive/2025/texmf-dist/tex/luatex/luatexja/luatexja-core.sty
Package: luatexja-core 2023-10-07 Core of LuaTeX-ja

(/usr/local/texlive/2025/texmf-dist/tex/generic/infwarerr/infwarerr.sty
Package: infwarerr 2019/12/03 v1.5 Providing info/warning/error messages (HO)
)
(/usr/local/texlive/2025/texmf-dist/tex/luatex/luatexbase/luatexbase.sty
Package: luatexbase 2015/10/04 v1.3 luatexbase interface to LuaTeX 

(/usr/local/texlive/2025/texmf-dist/tex/luatex/ctablestack/ctablestack.sty
Package: ctablestack 2015/10/01 v1.0 Catcode table stable support
\@catcodetablestackcnt=\count273
)
\CatcodeTableOther=\catcodetable14
\CatcodeTableExpl=\catcodetable15
)
(/usr/local/texlive/2025/texmf-dist/tex/generic/ltxcmds/ltxcmds.sty
Package: ltxcmds 2023-12-04 v1.26 LaTeX kernel commands for general use (HO)
)
(/usr/local/texlive/2025/texmf-dist/tex/generic/pdftexcmds/pdftexcmds.sty
Package: pdftexcmds 2020-06-27 v0.33 Utility functions of pdfTeX for LuaTeX (HO
)

(/usr/local/texlive/2025/texmf-dist/tex/generic/iftex/iftex.sty
Package: iftex 2024/12/12 v1.0g TeX engine tests
)
Package pdftexcmds Info: \pdf@primitive is available.
Package pdftexcmds Info: \pdf@ifprimitive is available.
Package pdftexcmds Info: \pdfdraftmode found.
\pdftexcmds@toks=\toks17
)
(/usr/local/texlive/2025/texmf-dist/tex/latex/xkeyval/xkeyval.sty
Package: xkeyval 2025/11/04 v2.10 package option processing (HA)

(/usr/local/texlive/2025/texmf-dist/tex/generic/xkeyval/xkeyval.tex
(/usr/local/texlive/2025/texmf-dist/tex/generic/xkeyval/xkvutils.tex
\XKV@toks=\toks18
\XKV@tempa@toks=\toks19
\XKV@tempb@toks=\toks20

(/usr/local/texlive/2025/texmf-dist/tex/generic/xkeyval/keyval.tex))
\XKV@depth=\count274
File: xkeyval.tex 2014/12/03 v2.7a key=value parser (HA)
))
(/usr/local/texlive/2025/texmf-dist/tex/latex/etoolbox/etoolbox.sty
Package: etoolbox 2025/10/02 v2.5m e-TeX tools for LaTeX (JAW)
\etb@tempcnta=\count275
)
(/usr/local/texlive/2025/texmf-dist/tex/latex/everyhook/everyhook.sty
(/usr/local/texlive/2025/texmf-dist/tex/latex/svn-prov/svn-prov.sty
Package: svn-prov 2010/04/24 v3.1862 Package Date/Version from SVN Keywords
)
Package: everyhook 2014/11/26 v1.2 (SVN Rev: 12)\ Hooks for low level TeX every
X primitives.
\everypar=\toks21
\frozen@everymath=\toks22
\frozen@everydisplay=\toks23
\everyhbox=\toks24
\everyvbox=\toks25
\everycr=\toks26
)
\ltjlineendcomment=\count276
\ltj@dimen@zw=\dimen147
\ltj@dimen@zh=\dimen148
\ltj@dimen@jQ=\dimen149
\ltj@icflag=\attribute4
\ltj@curjfnt=\attribute5
\ltj@curtfnt=\attribute6
\ltj@charclass=\attribute7
\ltj@charcode=\attribute8
\ltj@autospc=\attribute9
\ltj@autoxspc=\attribute10
\ltj@yablshift=\attribute11
\ltj@ykblshift=\attribute12
\ltj@tablshift=\attribute13
\ltj@tkblshift=\attribute14
\jfam=\attribute15
\ltj@vert@ori=\attribute16
\ltj@dir=\attribute17
\ltj@@japanese=\language2
\ltj@tempcnta=\count277
\ltj@tempdima=\dimen150
\ltj@@stack=\count278
\ltj@@group@level=\count279
\ltj@kcat0=\attribute18
\ltj@kcat1=\attribute19
\ltj@kcat2=\attribute20
\ltj@kcat3=\attribute21
\ltj@kcat4=\attribute22
\ltj@kcat5=\attribute23
\ltj@kcat6=\attribute24
Custom whatsit inhibitglue = 1
Custom whatsit stack_marker = 2
Custom whatsit begin_par = 3
Custom whatsit direction = 4
Custom whatsit box_boundary = 5
Custom whatsit ja_al_boundary = 6
Module luatexbase Info: Uninstalling kernel luatexbase code on input line 184
(load cache: ltj-cid-auto-adobe-japan1.luc)
Lua module: luatexja.charrange 2022-08-19 Handling the range of Japanese charact
ers
Lua module: luatexja.stack 2022-08-20 LuaTeX-ja stack system
Inserting `ltj.create_dir_whatsit' in `hpack_filter'.
Inserting `ltj.create_dir_whatsit' in `post_linebreak_filter'.
Inserting `ltj.direction' in `vpack_filter'.
Inserting `ltj.direction' in `pre_output_filter'.
Inserting `ltj.lineskip' in `post_linebreak_filter'.
Inserting `ltj.lineskip' in `append_to_vlist_filter'.
Lua module: luatexja.jfont 2025-05-04 Loader for Japanese fonts
Removing  `luaotfload.define_font' from `define_font'.
Inserting `luatexja.font_callback' in `define_font'.
Removing  `luaotfload.aux.set_sscale_dimens' from `luaotfload.patch_font'.
Removing  `luaotfload.aux.set_font_index' from `luaotfload.patch_font'.
Removing  `luaotfload.aux.patch_cambria_domh' from `luaotfload.patch_font'.
Removing  `luaotfload.aux.set_capheight' from `luaotfload.patch_font'.
Removing  `luaotfload.aux.set_xheight' from `luaotfload.patch_font'.
Removing  `luaotfload.rewrite_fontname' from `luaotfload.patch_font'.
Inserting `ltj.prepare_extra_data' in `luaotfload.patch_font'.
Inserting `luaotfload.aux.set_sscale_dimens' in `luaotfload.patch_font'.
Inserting `luaotfload.aux.set_font_index' in `luaotfload.patch_font'.
Inserting `luaotfload.aux.patch_cambria_domh' in `luaotfload.patch_font'.
Inserting `luaotfload.aux.set_capheight' in `luaotfload.patch_font'.
Inserting `luaotfload.aux.set_xheight' in `luaotfload.patch_font'.
Inserting `luaotfload.rewrite_fontname' in `luaotfload.patch_font'.
Inserting `ltj.prepare_extra_data' in `luatexja.define_font'.
Inserting `ltj.get_vert_form' in `luatexja.define_jfont'.
Removing  `ltj.prepare_extra_data' from `luaotfload.patch_font'.
Removing  `luaotfload.aux.set_sscale_dimens' from `luaotfload.patch_font'.
Removing  `luaotfload.aux.set_font_index' from `luaotfload.patch_font'.
Removing  `luaotfload.aux.patch_cambria_domh' from `luaotfload.patch_font'.
Removing  `luaotfload.aux.set_capheight' from `luaotfload.patch_font'.
Removing  `luaotfload.aux.set_xheight' from `luaotfload.patch_font'.
Removing  `luaotfload.rewrite_fontname' from `luaotfload.patch_font'.
Inserting `ltj.supply_tounicode' in `luaotfload.patch_font'.
Inserting `ltj.prepare_extra_data' in `luaotfload.patch_font'.
Inserting `luaotfload.aux.set_sscale_dimens' in `luaotfload.patch_font'.
Inserting `luaotfload.aux.set_font_index' in `luaotfload.patch_font'.
Inserting `luaotfload.aux.patch_cambria_domh' in `luaotfload.patch_font'.
Inserting `luaotfload.aux.set_capheight' in `luaotfload.patch_font'.
Inserting `luaotfload.aux.set_xheight' in `luaotfload.patch_font'.
Inserting `luaotfload.rewrite_fontname' in `luaotfload.patch_font'.
Inserting `ltj.process_input_buffer' in `process_input_buffer'.
Inserting `ltj.hyphenate' in `hyphenate'.
Removing  `luaotfload.node_processor' from `hpack_filter'.
Removing  `luaotfload.harf.finalize_hlist' from `hpack_filter'.
Removing  `ltj.create_dir_whatsit' from `hpack_filter'.
Inserting `ltj.set_stack_level' in `hpack_filter'.
Inserting `luaotfload.node_processor' in `hpack_filter'.
Inserting `luaotfload.harf.finalize_hlist' in `hpack_filter'.
Inserting `ltj.create_dir_whatsit' in `hpack_filter'.
Removing  `luaotfload.node_processor' from `pre_linebreak_filter'.
Inserting `ltj.set_stack_level' in `pre_linebreak_filter'.
Inserting `luaotfload.node_processor' in `pre_linebreak_filter'.
Lua module: luatexja.jfmglue 2025-05-27 Insertion process of JFM glues, [x]kanji
skip and others
Inserting `luatexja.beginpar.np_info' in `luatexja.jfmglue.whatsit_getinfo'.
Inserting `luatexja.beginpar.np_info_after' in `luatexja.jfmglue.whatsit_after'.
Inserting `ltj.mlist_to_hlist_pre' in `pre_mlist_to_hlist_filter'.
Inserting `ltj.main' in `pre_linebreak_filter'.
Removing  `luaotfload.harf.finalize_hlist' from `hpack_filter'.
Removing  `ltj.create_dir_whatsit' from `hpack_filter'.
Inserting `ltj.main' in `hpack_filter'.
Inserting `luaotfload.harf.finalize_hlist' in `hpack_filter'.
Inserting `ltj.create_dir_whatsit' in `hpack_filter'.
Removing  `ltj.set_stack_level' from `pre_linebreak_filter'.
Removing  `luaotfload.node_processor' from `pre_linebreak_filter'.
Removing  `ltj.main' from `pre_linebreak_filter'.
Inserting `ltj.adjust_icflag' in `pre_linebreak_filter'.
Inserting `ltj.set_stack_level' in `pre_linebreak_filter'.
Inserting `luaotfload.node_processor' in `pre_linebreak_filter'.
Inserting `ltj.main' in `pre_linebreak_filter'.
Removing  `ltj.set_stack_level' from `hpack_filter'.
Removing  `luaotfload.node_processor' from `hpack_filter'.
Removing  `ltj.main' from `hpack_filter'.
Removing  `luaotfload.harf.finalize_hlist' from `hpack_filter'.
Removing  `ltj.create_dir_whatsit' from `hpack_filter'.
Inserting `ltj.adjust_icflag' in `hpack_filter'.
Inserting `ltj.set_stack_level' in `hpack_filter'.
Inserting `luaotfload.node_processor' in `hpack_filter'.
Inserting `ltj.main' in `hpack_filter'.
Inserting `luaotfload.harf.finalize_hlist' in `hpack_filter'.
Inserting `ltj.create_dir_whatsit' in `hpack_filter'.
(/usr/local/texlive/2025/texmf-dist/tex/luatex/luatexja/ltj-base.sty
Package: ltj-base 2021-03-16
\ltj@tempcntb=\count280
\ltj@tempcntc=\count281
\ltj@afbox=\box53
)
\ltj@@italic@inner=\luafunction31
\ltj@@start@time@measure@inner=\luafunction32
\ltj@@stop@time@measure@inner=\luafunction33
\ltj@@jfont@inner=\luafunction34
\ltj@zw@inner=\luafunction35
\ltj@zh@inner=\luafunction36
\ltj@reset@globaldefs@inner=\luafunction37
\ltj@restore@globaldefs@inner=\luafunction38
\ltj@@disihb@inner=\luafunction39
\ltj@@ihb@inner=\luafunction40
\ltj@@fakeparbegin@inner=\luafunction41
\ltj@@fakeboxbdd@inner=\luafunction42
\ltj@@ins@xk@inner=\luafunction43
\ltj@@ins@k@inner=\luafunction44
\ltjsetkanjiskip@inner=\luafunction45
\ltjsetxkanjiskip@inner=\luafunction46
\ltj@@getparam@one@inner=\luafunction47
\ltj@alljachar@inner=\luafunction48
\ltj@@lua@populate@insertwhatsit@inner=\luafunction49
\ltj@@vadjust@begin@inner=\luafunction50
\ltj@@vadjust@dirhook@inner=\luafunction51
\ltj@@vadjust@check@dir@inner=\luafunction52
\ltj@@box@dirhook@inner=\luafunction53
\ltj@@reset@badness@inner=\luafunction54
\ltj@@lua@raisebox@inner=\luafunction55
\ltj@@vsplit@inner=\luafunction56
\ltj@@lua@unboxcheckdir@inner=\luafunction57
\ltj@@lua@uncopycheckdir@inner=\luafunction58
\ltj@@lua@uncopy@restore@whatsit@inner=\luafunction59
(load cache: ltj-kinsoku_default.luc)
(/usr/local/texlive/2025/texmf-dist/tex/luatex/luatexja/ltj-latex.sty
Package: ltj-latex 2025-06-08 LaTeX support of LuaTeX-ja
Inserting `ltj.direction' in `pre_shipout_filter'.
(/usr/local/texlive/2025/texmf-dist/tex/luatex/luatexja/patches/lltjfont.sty
Package: lltjfont 2025-10-26 Patch to NFSS2 for LuaTeX-ja
\ltj@@latex@plv=\count282

(/usr/local/texlive/2025/texmf-dist/tex/latex/base/tuenc.def
File: tuenc.def 2025/07/18 v2.1d Standard LaTeX file
\@remove@tlig@@@=\luafunction60
LaTeX Font Info:    Redeclaring font encoding TU on input line 105.
LaTeX Encoding Info:    Redeclaring text command \textquotesingle (encoding TU)
 on input line 148.
LaTeX Encoding Info:    Redeclaring text command \textasciigrave (encoding TU) 
on input line 149.
LaTeX Encoding Info:    Redeclaring text command \textquotedbl (encoding TU) on
 input line 150.
LaTeX Encoding Info:    Redeclaring text command \textdollar (encoding TU) on i
nput line 151.
LaTeX Encoding Info:    Redeclaring text command \textless (encoding TU) on inp
ut line 152.
LaTeX Encoding Info:    Redeclaring text command \textgreater (encoding TU) on 
input line 153.
LaTeX Encoding Info:    Redeclaring text command \textbackslash (encoding TU) o
n input line 154.
LaTeX Encoding Info:    Redeclaring text command \textasciicircum (encoding TU)
 on input line 155.
LaTeX Encoding Info:    Redeclaring text command \textunderscore (encoding TU) 
on input line 156.
LaTeX Encoding Info:    Redeclaring text command \textbraceleft (encoding TU) o
n input line 157.
LaTeX Encoding Info:    Redeclaring text command \textbar (encoding TU) on inpu
t line 158.
LaTeX Encoding Info:    Redeclaring text command \textbraceright (encoding TU) 
on input line 159.
LaTeX Encoding Info:    Redeclaring text command \textasciitilde (encoding TU) 
on input line 160.
LaTeX Encoding Info:    Redeclaring text command \textexclamdown (encoding TU) 
on input line 161.
LaTeX Encoding Info:    Redeclaring text command \textcent (encoding TU) on inp
ut line 162.
LaTeX Encoding Info:    Redeclaring text command \textsterling (encoding TU) on
 input line 163.
LaTeX Encoding Info:    Redeclaring text command \textcurrency (encoding TU) on
 input line 164.
LaTeX Encoding Info:    Redeclaring text command \textyen (encoding TU) on inpu
t line 165.
LaTeX Encoding Info:    Redeclaring text command \textbrokenbar (encoding TU) o
n input line 166.
LaTeX Encoding Info:    Redeclaring text command \textsection (encoding TU) on 
input line 167.
LaTeX Encoding Info:    Redeclaring text command \textasciidieresis (encoding T
U) on input line 168.
LaTeX Encoding Info:    Redeclaring text command \textcopyright (encoding TU) o
n input line 169.
LaTeX Encoding Info:    Redeclaring text command \textordfeminine (encoding TU)
 on input line 170.
LaTeX Encoding Info:    Redeclaring text command \guillemetleft (encoding TU) o
n input line 171.
LaTeX Encoding Info:    Redeclaring text command \guillemotleft (encoding TU) o
n input line 172.
LaTeX Encoding Info:    Redeclaring text command \textlnot (encoding TU) on inp
ut line 173.
LaTeX Encoding Info:    Redeclaring text command \textregistered (encoding TU) 
on input line 174.
LaTeX Encoding Info:    Redeclaring text command \textasciimacron (encoding TU)
 on input line 175.
LaTeX Encoding Info:    Redeclaring text command \textdegree (encoding TU) on i
nput line 176.
LaTeX Encoding Info:    Redeclaring text command \textpm (encoding TU) on input
 line 177.
LaTeX Encoding Info:    Redeclaring text command \texttwosuperior (encoding TU)
 on input line 178.
LaTeX Encoding Info:    Redeclaring text command \textthreesuperior (encoding T
U) on input line 179.
LaTeX Encoding Info:    Redeclaring text command \textasciiacute (encoding TU) 
on input line 180.
LaTeX Encoding Info:    Redeclaring text command \textmu (encoding TU) on input
 line 181.
LaTeX Encoding Info:    Redeclaring text command \textparagraph (encoding TU) o
n input line 182.
LaTeX Encoding Info:    Redeclaring text command \textperiodcentered (encoding 
TU) on input line 183.
LaTeX Encoding Info:    Redeclaring text command \textonesuperior (encoding TU)
 on input line 184.
LaTeX Encoding Info:    Redeclaring text command \textordmasculine (encoding TU
) on input line 185.
LaTeX Encoding Info:    Redeclaring text command \guillemetright (encoding TU) 
on input line 186.
LaTeX Encoding Info:    Redeclaring text command \guillemotright (encoding TU) 
on input line 187.
LaTeX Encoding Info:    Redeclaring text command \textonequarter (encoding TU) 
on input line 188.
LaTeX Encoding Info:    Redeclaring text command \textonehalf (encoding TU) on 
input line 189.
LaTeX Encoding Info:    Redeclaring text command \textthreequarters (encoding T
U) on input line 190.
LaTeX Encoding Info:    Redeclaring text command \textquestiondown (encoding TU
) on input line 191.
LaTeX Encoding Info:    Redeclaring text command \AE (encoding TU) on input lin
e 192.
LaTeX Encoding Info:    Redeclaring text command \DH (encoding TU) on input lin
e 193.
LaTeX Encoding Info:    Redeclaring text command \texttimes (encoding TU) on in
put line 194.
LaTeX Encoding Info:    Redeclaring text command \O (encoding TU) on input line
 195.
LaTeX Encoding Info:    Redeclaring text command \TH (encoding TU) on input lin
e 196.
LaTeX Encoding Info:    Redeclaring text command \ss (encoding TU) on input lin
e 197.
LaTeX Encoding Info:    Redeclaring text command \ae (encoding TU) on input lin
e 198.
LaTeX Encoding Info:    Redeclaring text command \dh (encoding TU) on input lin
e 199.
LaTeX Encoding Info:    Redeclaring text command \textdiv (encoding TU) on inpu
t line 200.
LaTeX Encoding Info:    Redeclaring text command \o (encoding TU) on input line
 201.
LaTeX Encoding Info:    Redeclaring text command \th (encoding TU) on input lin
e 202.
LaTeX Encoding Info:    Redeclaring text command \DJ (encoding TU) on input lin
e 203.
LaTeX Encoding Info:    Redeclaring text command \dj (encoding TU) on input lin
e 204.
LaTeX Encoding Info:    Redeclaring text command \i (encoding TU) on input line
 205.
LaTeX Encoding Info:    Redeclaring text command \IJ (encoding TU) on input lin
e 206.
LaTeX Encoding Info:    Redeclaring text command \ij (encoding TU) on input lin
e 207.
LaTeX Encoding Info:    Redeclaring text command \L (encoding TU) on input line
 208.
LaTeX Encoding Info:    Redeclaring text command \l (encoding TU) on input line
 209.
LaTeX Encoding Info:    Redeclaring text command \NG (encoding TU) on input lin
e 210.
LaTeX Encoding Info:    Redeclaring text command \ng (encoding TU) on input lin
e 211.
LaTeX Encoding Info:    Redeclaring text command \OE (encoding TU) on input lin
e 212.
LaTeX Encoding Info:    Redeclaring text command \oe (encoding TU) on input lin
e 213.
LaTeX Encoding Info:    Redeclaring text command \textflorin (encoding TU) on i
nput line 214.
LaTeX Encoding Info:    Redeclaring text command \j (encoding TU) on input line
 215.
LaTeX Encoding Info:    Redeclaring text command \textasciicaron (encoding TU) 
on input line 216.
LaTeX Encoding Info:    Redeclaring text command \textasciibreve (encoding TU) 
on input line 217.
LaTeX Encoding Info:    Redeclaring text command \textacutedbl (encoding TU) on
 input line 218.
LaTeX Encoding Info:    Redeclaring text command \textgravedbl (encoding TU) on
 input line 219.
LaTeX Encoding Info:    Redeclaring text command \texttildelow (encoding TU) on
 input line 220.
LaTeX Encoding Info:    Redeclaring text command \textbaht (encoding TU) on inp
ut line 221.
LaTeX Encoding Info:    Redeclaring text command \SS (encoding TU) on input lin
e 222.
LaTeX Encoding Info:    Redeclaring text command \textcompwordmark (encoding TU
) on input line 223.
LaTeX Encoding Info:    Redeclaring text command \textendash (encoding TU) on i
nput line 224.
LaTeX Encoding Info:    Redeclaring text command \textemdash (encoding TU) on i
nput line 225.
LaTeX Encoding Info:    Redeclaring text command \textnonbreakinghyphen (encodi
ng TU) on input line 226.
LaTeX Encoding Info:    Redeclaring text command \textfiguredash (encoding TU) 
on input line 228.
LaTeX Encoding Info:    Redeclaring text command \texthorizontalbar (encoding T
U) on input line 230.
LaTeX Encoding Info:    Redeclaring text command \textbardbl (encoding TU) on i
nput line 232.
LaTeX Encoding Info:    Redeclaring text command \textquoteleft (encoding TU) o
n input line 233.
LaTeX Encoding Info:    Redeclaring text command \textquoteright (encoding TU) 
on input line 234.
LaTeX Encoding Info:    Redeclaring text command \quotesinglbase (encoding TU) 
on input line 235.
LaTeX Encoding Info:    Redeclaring text command \textquotedblleft (encoding TU
) on input line 236.
LaTeX Encoding Info:    Redeclaring text command \textquotedblright (encoding T
U) on input line 237.
LaTeX Encoding Info:    Redeclaring text command \quotedblbase (encoding TU) on
 input line 238.
LaTeX Encoding Info:    Redeclaring text command \textdagger (encoding TU) on i
nput line 239.
LaTeX Encoding Info:    Redeclaring text command \textdaggerdbl (encoding TU) o
n input line 240.
LaTeX Encoding Info:    Redeclaring text command \textbullet (encoding TU) on i
nput line 241.
LaTeX Encoding Info:    Redeclaring text command \textellipsis (encoding TU) on
 input line 242.
LaTeX Encoding Info:    Redeclaring text command \textperthousand (encoding TU)
 on input line 243.
LaTeX Encoding Info:    Redeclaring text command \textpertenthousand (encoding 
TU) on input line 244.
LaTeX Encoding Info:    Redeclaring text command \guilsinglleft (encoding TU) o
n input line 245.
LaTeX Encoding Info:    Redeclaring text command \guilsinglright (encoding TU) 
on input line 246.
LaTeX Encoding Info:    Redeclaring text command \textreferencemark (encoding T
U) on input line 247.
LaTeX Encoding Info:    Redeclaring text command \textinterrobang (encoding TU)
 on input line 248.
LaTeX Encoding Info:    Redeclaring text command \textfractionsolidus (encoding
 TU) on input line 249.
LaTeX Encoding Info:    Redeclaring text command \textlquill (encoding TU) on i
nput line 250.
LaTeX Encoding Info:    Redeclaring text command \textrquill (encoding TU) on i
nput line 251.
LaTeX Encoding Info:    Redeclaring text command \textdiscount (encoding TU) on
 input line 252.
LaTeX Encoding Info:    Redeclaring text command \textcolonmonetary (encoding T
U) on input line 253.
LaTeX Encoding Info:    Redeclaring text command \textlira (encoding TU) on inp
ut line 254.
LaTeX Encoding Info:    Redeclaring text command \textnaira (encoding TU) on in
put line 255.
LaTeX Encoding Info:    Redeclaring text command \textwon (encoding TU) on inpu
t line 256.
LaTeX Encoding Info:    Redeclaring text command \textdong (encoding TU) on inp
ut line 257.
LaTeX Encoding Info:    Redeclaring text command \texteuro (encoding TU) on inp
ut line 258.
LaTeX Encoding Info:    Redeclaring text command \textpeso (encoding TU) on inp
ut line 259.
LaTeX Encoding Info:    Redeclaring text command \textcelsius (encoding TU) on 
input line 260.
LaTeX Encoding Info:    Redeclaring text command \textnumero (encoding TU) on i
nput line 261.
LaTeX Encoding Info:    Redeclaring text command \textcircledP (encoding TU) on
 input line 262.
LaTeX Encoding Info:    Redeclaring text command \textrecipe (encoding TU) on i
nput line 263.
LaTeX Encoding Info:    Redeclaring text command \textservicemark (encoding TU)
 on input line 264.
LaTeX Encoding Info:    Redeclaring text command \texttrademark (encoding TU) o
n input line 265.
LaTeX Encoding Info:    Redeclaring text command \textohm (encoding TU) on inpu
t line 266.
LaTeX Encoding Info:    Redeclaring text command \textmho (encoding TU) on inpu
t line 267.
LaTeX Encoding Info:    Redeclaring text command \textestimated (encoding TU) o
n input line 268.
LaTeX Encoding Info:    Redeclaring text command \textleftarrow (encoding TU) o
n input line 269.
LaTeX Encoding Info:    Redeclaring text command \textuparrow (encoding TU) on 
input line 270.
LaTeX Encoding Info:    Redeclaring text command \textrightarrow (encoding TU) 
on input line 271.
LaTeX Encoding Info:    Redeclaring text command \textdownarrow (encoding TU) o
n input line 272.
LaTeX Encoding Info:    Redeclaring text command \textminus (encoding TU) on in
put line 273.
LaTeX Encoding Info:    Redeclaring text command \Hwithstroke (encoding TU) on 
input line 275.
LaTeX Encoding Info:    Redeclaring text command \hwithstroke (encoding TU) on 
input line 276.
LaTeX Encoding Info:    Redeclaring text command \textasteriskcentered (encodin
g TU) on input line 277.
LaTeX Encoding Info:    Redeclaring text command \textsurd (encoding TU) on inp
ut line 288.
LaTeX Encoding Info:    Redeclaring text command \textlangle (encoding TU) on i
nput line 289.
LaTeX Encoding Info:    Redeclaring text command \textrangle (encoding TU) on i
nput line 290.
LaTeX Encoding Info:    Redeclaring text command \textblank (encoding TU) on in
put line 291.
LaTeX Encoding Info:    Redeclaring text command \textvisiblespace (encoding TU
) on input line 292.
LaTeX Encoding Info:    Redeclaring text command \textopenbullet (encoding TU) 
on input line 293.
LaTeX Encoding Info:    Redeclaring text command \textbigcircle (encoding TU) o
n input line 294.
LaTeX Encoding Info:    Redeclaring text command \textmusicalnote (encoding TU)
 on input line 295.
LaTeX Encoding Info:    Redeclaring text command \textmarried (encoding TU) on 
input line 296.
LaTeX Encoding Info:    Redeclaring text command \textdivorced (encoding TU) on
 input line 297.
LaTeX Encoding Info:    Redeclaring text command \textinterrobangdown (encoding
 TU) on input line 298.
LaTeX Encoding Info:    Redeclaring text command \` (encoding TU) on input line
 299.
LaTeX Encoding Info:    Redeclaring text command \' (encoding TU) on input line
 300.
LaTeX Encoding Info:    Redeclaring text command \^ (encoding TU) on input line
 301.
LaTeX Encoding Info:    Redeclaring text command \~ (encoding TU) on input line
 302.
LaTeX Encoding Info:    Redeclaring text command \= (encoding TU) on input line
 303.
LaTeX Encoding Info:    Redeclaring text command \u (encoding TU) on input line
 304.
LaTeX Encoding Info:    Redeclaring text command \. (encoding TU) on input line
 305.
LaTeX Encoding Info:    Redeclaring text command \" (encoding TU) on input line
 306.
LaTeX Encoding Info:    Redeclaring text command \r (encoding TU) on input line
 307.
LaTeX Encoding Info:    Redeclaring text command \H (encoding TU) on input line
 308.
LaTeX Encoding Info:    Redeclaring text command \v (encoding TU) on input line
 309.
LaTeX Encoding Info:    Redeclaring text command \b (encoding TU) on input line
 310.
LaTeX Encoding Info:    Redeclaring text command \d (encoding TU) on input line
 311.
LaTeX Encoding Info:    Redeclaring text command \c (encoding TU) on input line
 312.
LaTeX Encoding Info:    Redeclaring text command \k (encoding TU) on input line
 313.
LaTeX Encoding Info:    Redeclaring text command \textcommabelow (encoding TU) 
on input line 314.
)
\Cht=\dimen151
\cht=\dimen152
\Cdp=\dimen153
\cdp=\dimen154
\Cwd=\dimen155
\cwd=\dimen156
\Cvs=\dimen157
\cvs=\dimen158
\Chs=\dimen159
\chs=\dimen160
\cHT=\dimen161
\dstrutbox=\box54
\tstrutbox=\box55
\zstrutbox=\box56
LaTeX Info: Redefining \strut on input line 71.
\ltj@@add@fenc@@inner=\luafunction61
\ltj@@add@kyenc@@inner=\luafunction62
\ltj@@add@ktenc@@inner=\luafunction63
\ltj@@is@kyenc@@inner=\luafunction64
\ltj@@is@ktenc@@inner=\luafunction65
\ltj@@is@kenc@@inner=\luafunction66
\ltj@@is@ffam@@inner=\luafunction67
\ltj@@add@ffam@@inner=\luafunction68
\ltj@@add@kfam@@inner=\luafunction69
\ltj@@adjust@baseline@inner=\luafunction70
LaTeX Info: Redefining \fontencoding on input line 573.
LaTeX Info: Redefining \fontfamily on input line 619.
LaTeX Info: Redefining \fontseries on input line 813.
LaTeX Info: Redefining \fontseriesforce on input line 814.
LaTeX Info: Redefining \fontshape on input line 822.
LaTeX Info: Redefining \fontshapeforce on input line 833.
\ltj@@jfont@@jfmonly@@inner=\luafunction71
\ltj@@does@alt@set@@inner=\luafunction72
\ltj@@cipath@clear@inner=\luafunction73
)
(/usr/local/texlive/2025/texmf-dist/tex/luatex/luatexja/patches/lltjdefs.sty
Package: lltjdefs 2024-05-16 Default font settings of LuaTeX-ja
luaotfload | db : Font names database loaded from /Users/newton/Library/texlive/
2025/texmf-var/luatex-cache/generic/names/luaotfload-names.luc.gz(load cache: ex
tra_lmroman10-regular.luc)
LaTeX Font Info:    Font shape `JT3/mc/m/n' will be
(Font)              scaled to size 9.24713pt on input line 69.

(/usr/local/texlive/2025/texmf-dist/tex/luatex/luatexja/jfm-ujisv.lua)
LaTeX Font Info:    Font shape `JY3/mc/m/n' will be
(Font)              scaled to size 9.24713pt on input line 69.
(load cache: extra_haranoajimincho-regular.luc)
(/usr/local/texlive/2025/texmf-dist/tex/luatex/luatexja/jfm-ujis.lua)
\symmincho=\mathgroup4
LaTeX Font Info:    Overwriting symbol font `mincho' in version `bold'
(Font)                  JY3/mc/m/n --> JY3/gt/m/n on input line 78.
)
(/usr/local/texlive/2025/texmf-dist/tex/luatex/luatexja/patches/lltjcore.sty
Package: lltjcore 2025-06-12 Patch to LaTeX2e Kernel for LuaTeX-ja (for LaTeX2e
 >=2025-06-01)

(/usr/local/texlive/2025/texmf-dist/tex/latex/l3kernel/expl3.sty
Package: expl3 2025-11-14 L3 programming layer (loader) 

(/usr/local/texlive/2025/texmf-dist/tex/latex/l3backend/l3backend-luatex.def
File: l3backend-luatex.def 2025-10-09 L3 backend support: PDF output (LuaTeX)
\l__color_backend_stack_int=\count283
Inserting `l3color' in `luaotfload.parse_color'.))
\@tombowwidth=\dimen162
\@TL=\box57
\@Tl=\box58
\@TC=\box59
\@TR=\box60
\@Tr=\box61
\@BL=\box62
\@Bl=\box63
\@BC=\box64
\@BR=\box65
\@Br=\box66
\@CL=\box67
\@CR=\box68
(load cache: extra_lmmono9-regular.luc)
\@bannertoken=\toks27
\@@paperheight=\dimen163
\@@paperwidth=\dimen164
\@@topmargin=\dimen165
LaTeX Info: Redefining \underline on input line 300.
)
(/usr/local/texlive/2025/texmf-dist/tex/luatex/luatexja/patches/lltjp-atbegshi.
sty
Package: lltjp-atbegshi 2024-05-14 Patching \shipout hooks for LuaTeX-ja
\l__platex_shipout_dummy_box=\box69
)
(/usr/local/texlive/2025/texmf-dist/tex/luatex/luatexja/patches/lltjp-geometry.
sty
Package: lltjp-geometry 2024-05-16 Patch to geometry for LuaTeX-ja with vertica
l writing mode
 (/usr/local/texlive/2025/texmf-dist/tex/generic/iftex/ifluatex.sty
Package: ifluatex 2019/10/25 v1.5 ifluatex legacy package. Use iftex instead.
)))
\ltj@temp@cctb=\catcodetable16
)
(/usr/local/texlive/2025/texmf-dist/tex/luatex/luatexja/luatexja-compat.sty
Package: luatexja-compat 2025-09-21 Compatibility with pTeX
(load cache: ltj-jisx0208.luc)
\hour=\count284
\minute=\count285
))
\jsc@mpt=\dimen166
\jsc@mmm=\dimen167
\jsc@smallskipamount=\skip49
LaTeX Font Info:    Font shape `JY3/mc/m/n' will be
(Font)              scaled to size 9.24713pt on input line 425.
\fullwidth=\dimen168
(load cache: extra_lmroman8-regular.luc)
LaTeX Font Info:    Font shape `JT3/mc/m/n' will be
(Font)              scaled to size 7.3977pt on input line 574.
LaTeX Font Info:    Font shape `JY3/mc/m/n' will be
(Font)              scaled to size 7.3977pt on input line 574.
\c@part=\count286
\c@chapter=\count287
\c@section=\count288
\c@subsection=\count289
\c@subsubsection=\count290
\c@paragraph=\count291
\c@subparagraph=\count292
\c@figure=\count293
\c@table=\count294
\abovecaptionskip=\skip50
\belowcaptionskip=\skip51
LaTeX Info: Redefining \mc on input line 1285.
LaTeX Info: Redefining \gt on input line 1286.
\jsc@tocl@width=\dimen169
\@lnumwidth=\dimen170
\bibindent=\dimen171

(/usr/local/texlive/2025/texmf-dist/tex/platex/jsclasses/jslogo.sty
Package: jslogo 2019/07/25 okumura, texjporg
LaTeX Info: Redefining \TeX on input line 82.
LaTeX Info: Redefining \LaTeX on input line 135.
LaTeX Info: Redefining \LaTeXe on input line 188.
)
\heisei=\count295
)
(../../header_X1A.tex
(/usr/local/texlive/2025/texmf-dist/tex/generic/luatex85/luatex85.sty
Package: luatex85 2016/06/15 v1.4 pdftex aliases for luatex
))
(/usr/local/texlive/2025/texmf-dist/tex/latex/pdfx/pdfx.sty
Package: pdfx 2024/06/24 v1.6.5f PDF/X and PDF/A support (CVR/HTH/RRM/PS)
\pdfx@minorversion=\count296
\pdfx@majorversion=\count297
\pdfmajorversion=\count298

(/usr/local/texlive/2025/texmf-dist/tex/generic/iftex/ifpdf.sty
Package: ifpdf 2019/10/25 v3.4 ifpdf legacy package. Use iftex instead.
)
(/usr/local/texlive/2025/texmf-dist/tex/generic/iftex/ifxetex.sty
Package: ifxetex 2019/10/25 v0.7 ifxetex legacy package. Use iftex instead.
)
(/usr/local/texlive/2025/texmf-dist/tex/latex/everyshi/everyshi.sty
Package: everyshi 2020/11/18 v4.00 EveryShipout Package
)
(/usr/local/texlive/2025/texmf-dist/tex/latex/pdfx/l8u-penc.def
File: l8u-penc.def 2017/06/23 v0.8 Custom LaTeX file, for UTF8 encoded letters 
and symbols
LaTeX Encoding Info:    Redeclaring text command \textdoubletilde (encoding L8U
) on input line 210.
LaTeX Encoding Info:    Redeclaring text command \texttipaG (encoding L8U) on i
nput line 256.
LaTeX Encoding Info:    Redeclaring text command \texttipam (encoding L8U) on i
nput line 257.
LaTeX Encoding Info:    Redeclaring text command \texttipaM (encoding L8U) on i
nput line 258.
LaTeX Encoding Info:    Redeclaring text command \b (encoding L8U) on input lin
e 278.
LaTeX Encoding Info:    Text composite with undeclared \b in encoding L8U on in
put line 278.
LaTeX Encoding Info:    Redeclaring text command \textacutemacron (encoding L8U
) on input line 323.
LaTeX Encoding Info:    Redeclaring text command \textgravemacron (encoding L8U
) on input line 334.
LaTeX Encoding Info:    Redeclaring text command \textacutemacron (encoding L8U
) on input line 336.
LaTeX Encoding Info:    Redeclaring text command \textellipsis (encoding L8U) o
n input line 2514.
LaTeX Encoding Info:    Redeclaring text command \textfractionsolidus (encoding
 L8U) on input line 2529.
LaTeX Encoding Info:    Redeclaring text command \texthinferior (encoding L8U) 
on input line 2618.
LaTeX Encoding Info:    Redeclaring text command \texthslash (encoding L8U) on 
input line 2678.
LaTeX Encoding Info:    Redeclaring text command \texttrademark (encoding L8U) 
on input line 2687.
LaTeX Encoding Info:    Redeclaring text command \textupstep (encoding L8U) on 
input line 3739.
LaTeX Encoding Info:    Redeclaring text command \textdownstep (encoding L8U) o
n input line 3740.
LaTeX Encoding Info:    Redeclaring text command \textcopyleft (encoding L8U) o
n input line 3810.
)
\pdfxsafeforxmp@toks=\toks28

(/usr/local/texlive/2025/texmf-dist/tex/latex/xcolor/xcolor.sty
Package: xcolor 2024/09/29 v3.02 LaTeX color extensions (UK)

(/usr/local/texlive/2025/texmf-dist/tex/latex/graphics-cfg/color.cfg
File: color.cfg 2016/01/02 v1.6 sample color configuration
)

Package xcolor Warning: Package option `hyperref' is obsolete and ignored on in
put line 265.

Package xcolor Info: Driver file: luatex.def on input line 274.
(/usr/local/texlive/2025/texmf-dist/tex/latex/graphics-def/luatex.def
File: luatex.def 2025/09/29 v1.2f Graphics/color driver for luatex
)
(/usr/local/texlive/2025/texmf-dist/tex/latex/graphics/mathcolor.ltx)
Package xcolor Info: Model `cmy' substituted by `cmy0' on input line 1349.
Package xcolor Info: Model `hsb' substituted by `rgb' on input line 1353.
Package xcolor Info: Model `RGB' extended on input line 1365.
Package xcolor Info: Model `HTML' substituted by `rgb' on input line 1367.
Package xcolor Info: Model `Hsb' substituted by `hsb' on input line 1368.
Package xcolor Info: Model `tHsb' substituted by `hsb' on input line 1369.
Package xcolor Info: Model `HSB' substituted by `hsb' on input line 1370.
Package xcolor Info: Model `Gray' substituted by `gray' on input line 1371.
Package xcolor Info: Model `wave' substituted by `hsb' on input line 1372.
)
(/usr/local/texlive/2025/texmf-dist/tex/latex/graphics/dvipsnam.def
File: dvipsnam.def 2016/06/17 v3.0m Driver-dependent file (DPC,SPQR)
)
\pdfx@tmptoks=\toks29

(/usr/local/texlive/2025/texmf-dist/tex/latex/hyperref/hyperref.sty
Package: hyperref 2025-07-12 v7.01o Hypertext links for LaTeX

(/usr/local/texlive/2025/texmf-dist/tex/latex/kvsetkeys/kvsetkeys.sty
Package: kvsetkeys 2022-10-05 v1.19 Key value parser (HO)
)
(/usr/local/texlive/2025/texmf-dist/tex/generic/kvdefinekeys/kvdefinekeys.sty
Package: kvdefinekeys 2019-12-19 v1.6 Define keys (HO)
)
(/usr/local/texlive/2025/texmf-dist/tex/generic/pdfescape/pdfescape.sty
Package: pdfescape 2019/12/09 v1.15 Implements pdfTeX's escape features (HO)
)
(/usr/local/texlive/2025/texmf-dist/tex/latex/hycolor/hycolor.sty
Package: hycolor 2020-01-27 v1.10 Color options for hyperref/bookmark (HO)
)
(/usr/local/texlive/2025/texmf-dist/tex/latex/hyperref/nameref.sty
Package: nameref 2025-06-21 v2.57 Cross-referencing by name of section

(/usr/local/texlive/2025/texmf-dist/tex/latex/refcount/refcount.sty
Package: refcount 2019/12/15 v3.6 Data extraction from label references (HO)
)
(/usr/local/texlive/2025/texmf-dist/tex/generic/gettitlestring/gettitlestring.s
ty
Package: gettitlestring 2019/12/15 v1.6 Cleanup title references (HO)
 (/usr/local/texlive/2025/texmf-dist/tex/latex/kvoptions/kvoptions.sty
Package: kvoptions 2022-06-15 v3.15 Key value format for package options (HO)
))
\c@section@level=\count299
)
(/usr/local/texlive/2025/texmf-dist/tex/generic/stringenc/stringenc.sty
Package: stringenc 2019/11/29 v1.12 Convert strings between diff. encodings (HO
)
)
\@linkdim=\dimen172
\Hy@linkcounter=\count300
\Hy@pagecounter=\count301

(/usr/local/texlive/2025/texmf-dist/tex/latex/hyperref/pd1enc.def
File: pd1enc.def 2025-07-12 v7.01o Hyperref: PDFDocEncoding definition (HO)
)
(/usr/local/texlive/2025/texmf-dist/tex/generic/intcalc/intcalc.sty
Package: intcalc 2019/12/15 v1.3 Expandable calculations with integers (HO)
)
\Hy@SavedSpaceFactor=\count302

(/usr/local/texlive/2025/texmf-dist/tex/latex/hyperref/puenc.def
File: puenc.def 2025-07-12 v7.01o Hyperref: PDF Unicode definition (HO)
)
Package hyperref Info: Option `draft' set `true' on input line 4066.
Package hyperref Info: Option `bookmarks' set `false' on input line 4066.
Package hyperref Info: Hyper figures OFF on input line 4195.
Package hyperref Info: Link nesting OFF on input line 4200.
Package hyperref Info: Hyper index ON on input line 4203.
Package hyperref Info: Plain pages OFF on input line 4210.
Package hyperref Info: Backreferencing OFF on input line 4215.
Package hyperref Info: Implicit mode ON; LaTeX internals redefined.
Package hyperref Info: Bookmarks OFF on input line 4468.
\c@Hy@tempcnt=\count303

(/usr/local/texlive/2025/texmf-dist/tex/latex/url/url.sty
\Urlmuskip=\muskip17
Package: url 2013/09/16  ver 3.4  Verb mode for urls, etc.
)
LaTeX Info: Redefining \url on input line 4801.
\XeTeXLinkMargin=\dimen173

(/usr/local/texlive/2025/texmf-dist/tex/generic/bitset/bitset.sty
Package: bitset 2019/12/09 v1.3 Handle bit-vector datatype (HO)

(/usr/local/texlive/2025/texmf-dist/tex/generic/bigintcalc/bigintcalc.sty
Package: bigintcalc 2019/12/15 v1.5 Expandable calculations on big integers (HO
)
))
\Fld@menulength=\count304
\Field@Width=\dimen174
\Fld@charsize=\dimen175
Package hyperref Info: Hyper figures OFF on input line 6078.
Package hyperref Info: Link nesting OFF on input line 6083.
Package hyperref Info: Hyper index ON on input line 6086.
Package hyperref Info: backreferencing OFF on input line 6093.
Package hyperref Info: Link coloring OFF on input line 6098.
Package hyperref Info: Link coloring with OCG OFF on input line 6103.
Package hyperref Info: PDF/A mode OFF on input line 6108.
\Hy@abspage=\count305
\c@Item=\count306
\c@Hfootnote=\count307
)
Package hyperref Info: Driver: hluatex.

(/usr/local/texlive/2025/texmf-dist/tex/latex/hyperref/hluatex.def
File: hluatex.def 2025-07-12 v7.01o Hyperref driver for luaTeX
Package hyperref Info: 񑙳.񑙴:=1.3 on input line 238.
\Fld@listcount=\count308
\c@bookmark@seq@number=\count309

(/usr/local/texlive/2025/texmf-dist/tex/latex/rerunfilecheck/rerunfilecheck.sty
Package: rerunfilecheck 2025-06-21 v1.11 Rerun checks for auxiliary files (HO)

(/usr/local/texlive/2025/texmf-dist/tex/generic/uniquecounter/uniquecounter.sty
Package: uniquecounter 2019/12/15 v1.4 Provide unlimited unique counter (HO)
)
Package uniquecounter Info: New unique counter `rerunfilecheck' on input line 2
84.
)
\Hy@SectionHShift=\skip52
)
Package hyperref Info: Option `psdextra' set `true' on input line 1535.
 (/usr/local/texlive/2025/texmf-dist/tex/latex/hyperref/psdextra.def
File: psdextra.def 2025-07-12 v7.01o Hyperref: Additions to PDF string support
)
(/usr/local/texlive/2025/texmf-dist/tex/generic/colorprofiles/colorprofiles.sty
Package: colorprofiles 2018/11/01 v1.0.1 color profiles for PDF/X and PDF/A sup
port

(/usr/local/texlive/2025/texmf-dist/tex/generic/colorprofiles/colorprofiles.tex
)) (/usr/local/texlive/2025/texmf-dist/tex/latex/pdfx/AdobeColorProfiles.tex)
** pdfx: No file Dkiso1_book_kdp.xmpdata . Metadata will be incomplete!
<<FOGRA39L_coated.icc>>
(/usr/local/texlive/2025/texmf-dist/tex/generic/pdftex/glyphtounicode.tex)
(/usr/local/texlive/2025/texmf-dist/tex/latex/pdfx/glyphtounicode-cmr.tex)
(/usr/local/texlive/2025/texmf-dist/tex/latex/pdfx/glyphtounicode-ntx.tex)
(/usr/local/texlive/2025/texmf-dist/tex/latex/base/ifthen.sty
Package: ifthen 2024/03/16 v1.1e Standard LaTeX ifthen package (DPC)
)
(/usr/local/texlive/2025/texmf-dist/tex/latex/xmpincl/xmpincl.sty
Package: xmpincl 2021/09/22 v2.4 Include XMP data in pdflatex
)
Using XMP template file: pdfx.xmp
\xmpinclWrite=\write3
\xmpinclRead=\read2

\openout3 = pdfx.xmpi
<<pdfx.xmpi>>

Package pdfx Warning: Setting all color commands to cmyk,
consistent with the Color Model for PDF/X  on input line 3126.

) (../../myStyle.sty
(/usr/local/texlive/2025/texmf-dist/tex/latex/biblatex/biblatex.sty
Package: biblatex 2025/07/10 v3.21 programmable bibliographies (PK/MW)

(/usr/local/texlive/2025/texmf-dist/tex/latex/logreq/logreq.sty
Package: logreq 2010/08/04 v1.0 xml request logger
\lrq@indent=\count310

(/usr/local/texlive/2025/texmf-dist/tex/latex/logreq/logreq.def
File: logreq.def 2010/08/04 v1.0 logreq spec v1.0
))
\c@tabx@nest=\count311
\c@listtotal=\count312
\c@listcount=\count313
\c@liststart=\count314
\c@liststop=\count315
\c@citecount=\count316
\c@citetotal=\count317
\c@multicitecount=\count318
\c@multicitetotal=\count319
\c@instcount=\count320
\c@maxnames=\count321
\c@minnames=\count322
\c@maxitems=\count323
\c@minitems=\count324
\c@citecounter=\count325
\c@maxcitecounter=\count326
\c@savedcitecounter=\count327
\c@uniquelist=\count328
\c@uniquename=\count329
\c@refsection=\count330
\c@refsegment=\count331
\c@maxextratitle=\count332
\c@maxextratitleyear=\count333
\c@maxextraname=\count334
\c@maxextradate=\count335
\c@maxextraalpha=\count336
\c@abbrvpenalty=\count337
\c@highnamepenalty=\count338
\c@lownamepenalty=\count339
\c@maxparens=\count340
\c@parenlevel=\count341
\blx@tempcnta=\count342
\blx@tempcntb=\count343
\blx@tempcntc=\count344
\c@blx@maxsection=\count345
\blx@maxsegment@0=\count346
\blx@notetype=\count347
\blx@parenlevel@text=\count348
\blx@parenlevel@foot=\count349
\blx@sectionciteorder@0=\count350
\blx@sectionciteorderinternal@0=\count351
\blx@entrysetcounter=\count352
\blx@biblioinstance=\count353
\labelnumberwidth=\skip53
\labelalphawidth=\skip54
\biblabelsep=\skip55
\bibitemsep=\skip56
\bibnamesep=\skip57
\bibinitsep=\skip58
\bibparsep=\skip59
\bibhang=\skip60
\blx@bcfin=\read3
\blx@bcfout=\write4
\blx@langwohyphens=\language3
\c@mincomprange=\count354
\c@maxcomprange=\count355
\c@mincompwidth=\count356
Package biblatex Info: Trying to load biblatex default data model...
Package biblatex Info: ... file 'blx-dm.def' found.

(/usr/local/texlive/2025/texmf-dist/tex/latex/biblatex/blx-dm.def
File: blx-dm.def 2025/07/10 v3.21 biblatex datamodel (PK/MW)
)
Package biblatex Info: Trying to load biblatex style data model...
Package biblatex Info: ... file 'jpa.dbx' found.
 (./jpa.dbx
File: jpa.dbx 2022/06/22 v9.16 APA biblatex style data model
)
Package biblatex Info: Trying to load biblatex custom data model...
Package biblatex Info: ... file 'biblatex-dm.cfg' not found.
\c@afterword=\count357
\c@savedafterword=\count358
\c@annotator=\count359
\c@savedannotator=\count360
\c@author=\count361
\c@savedauthor=\count362
\c@bookauthor=\count363
\c@savedbookauthor=\count364
\c@commentator=\count365
\c@savedcommentator=\count366
\c@editor=\count367
\c@savededitor=\count368
\c@editora=\count369
\c@savededitora=\count370
\c@editorb=\count371
\c@savededitorb=\count372
\c@editorc=\count373
\c@savededitorc=\count374
\c@foreword=\count375
\c@savedforeword=\count376
\c@holder=\count377
\c@savedholder=\count378
\c@introduction=\count379
\c@savedintroduction=\count380
\c@namea=\count381
\c@savednamea=\count382
\c@nameb=\count383
\c@savednameb=\count384
\c@namec=\count385
\c@savednamec=\count386
\c@translator=\count387
\c@savedtranslator=\count388
\c@shortauthor=\count389
\c@savedshortauthor=\count390
\c@shorteditor=\count391
\c@savedshorteditor=\count392
\c@origauthor=\count393
\c@savedorigauthor=\count394
\c@translatora=\count395
\c@savedtranslatora=\count396
\c@labelname=\count397
\c@savedlabelname=\count398
\c@institution=\count399
\c@savedinstitution=\count400
\c@lista=\count401
\c@savedlista=\count402
\c@listb=\count403
\c@savedlistb=\count404
\c@listc=\count405
\c@savedlistc=\count406
\c@listd=\count407
\c@savedlistd=\count408
\c@liste=\count409
\c@savedliste=\count410
\c@listf=\count411
\c@savedlistf=\count412
\c@location=\count413
\c@savedlocation=\count414
\c@organization=\count415
\c@savedorganization=\count416
\c@origlocation=\count417
\c@savedoriglocation=\count418
\c@origpublisher=\count419
\c@savedorigpublisher=\count420
\c@publisher=\count421
\c@savedpublisher=\count422
\c@language=\count423
\c@savedlanguage=\count424
\c@origlanguage=\count425
\c@savedoriglanguage=\count426
\c@pageref=\count427
\c@savedpageref=\count428
\shorthandwidth=\skip61
\shortjournalwidth=\skip62
\shortserieswidth=\skip63
\shorttitlewidth=\skip64
\shortauthorwidth=\skip65
\shorteditorwidth=\skip66
\origauthorwidth=\skip67
\translatorawidth=\skip68
\locallabelnumberwidth=\skip69
\locallabelalphawidth=\skip70
\localshorthandwidth=\skip71
\localshortjournalwidth=\skip72
\localshortserieswidth=\skip73
\localshorttitlewidth=\skip74
\localshortauthorwidth=\skip75
\localshorteditorwidth=\skip76
\localorigauthorwidth=\skip77
\localtranslatorawidth=\skip78
Package biblatex Info: Trying to load enhanced support for Unicode engines...
Package biblatex Info: ... file 'blx-unicode.def' found.

(/usr/local/texlive/2025/texmf-dist/tex/latex/biblatex/blx-unicode.def)
Package biblatex Info: Trying to load compatibility code...
Package biblatex Info: ... file 'blx-compat.def' found.

(/usr/local/texlive/2025/texmf-dist/tex/latex/biblatex/blx-compat.def
File: blx-compat.def 2025/07/10 v3.21 biblatex compatibility (PK/MW)
)
Package biblatex Info: Trying to load generic definitions...
Package biblatex Info: ... file 'biblatex.def' found.

(/usr/local/texlive/2025/texmf-dist/tex/latex/biblatex/biblatex.def
File: biblatex.def 2025/07/10 v3.21 biblatex compatibility (PK/MW)
\c@textcitecount=\count429
\c@textcitetotal=\count430
\c@textcitemaxnames=\count431
\c@biburlbigbreakpenalty=\count432
\c@biburlbreakpenalty=\count433
\c@biburlnumpenalty=\count434
\c@biburlucpenalty=\count435
\c@biburllcpenalty=\count436
\biburlbigskip=\muskip18
\biburlnumskip=\muskip19
\biburlucskip=\muskip20
\biburllcskip=\muskip21
\c@smartand=\count437
)
Package biblatex Info: Trying to load bibliography style 'jpa'...
Package biblatex Info: ... file 'jpa.bbx' found.
 (./jpa.bbx
File: jpa.bbx 2022/11/24 v0.1 日本心理学会 2022年版文献スタイル
Package biblatex Info: Trying to load bibliography style 'authoryear'...
Package biblatex Info: ... file 'authoryear.bbx' found.
(/usr/local/texlive/2025/texmf-dist/tex/latex/biblatex/bbx/authoryear.bbx
File: authoryear.bbx 2025/07/10 v3.21 biblatex bibliography style (PK/MW)
Package biblatex Info: Trying to load bibliography style 'standard'...
Package biblatex Info: ... file 'standard.bbx' found.

(/usr/local/texlive/2025/texmf-dist/tex/latex/biblatex/bbx/standard.bbx
File: standard.bbx 2025/07/10 v3.21 biblatex bibliography style (PK/MW)
\c@bbx:relatedcount=\count438
\c@bbx:relatedtotal=\count439
))
\maxprtnames=\count440
)
Package biblatex Info: Trying to load citation style 'jpa'...
Package biblatex Info: ... file 'jpa.cbx' found.

(./jpa.cbx
File: jpa.cbx 2022/11/30 v1.0 JPA biblatex citation style
Package biblatex Info: Trying to load citation style 'authoryear-comp'...
Package biblatex Info: ... file 'authoryear-comp.cbx' found.

(/usr/local/texlive/2025/texmf-dist/tex/latex/biblatex/cbx/authoryear-comp.cbx
File: authoryear-comp.cbx 2025/07/10 v3.21 biblatex citation style (PK/MW)
Package biblatex Info: Redefining '\cite'.
Package biblatex Info: Redefining '\parencite'.
Package biblatex Info: Redefining '\footcite'.
Package biblatex Info: Redefining '\footcitetext'.
Package biblatex Info: Redefining '\smartcite'.
Package biblatex Info: Redefining '\textcite'.
Package biblatex Info: Redefining '\textcites'.
Package biblatex Info: Redefining '\cites'.
Package biblatex Info: Redefining '\parencites'.
Package biblatex Info: Redefining '\footcites'.
Package biblatex Info: Redefining '\footcitetexts'.
Package biblatex Info: Redefining '\smartcites'.
)
Package biblatex Info: Delimiter 'nameyeardelim' in context '' already defined,
 overwriting.
)
Package biblatex Info: Trying to load configuration file...
Package biblatex Info: ... file 'biblatex.cfg' found.
 (/usr/local/texlive/2025/texmf-dist/tex/latex/biblatex/biblatex.cfg
File: biblatex.cfg 
)
Package biblatex Info: LuaTeX detected.
(biblatex)             Assuming input encoding 'utf8'.
Package biblatex Info: Document encoding is UTF8 ....
Package biblatex Info: ... and expl3
(biblatex)             2025-11-14 L3 programming layer (loader) 
(biblatex)             is new enough (at least 2020/04/06),
(biblatex)             setting 'casechanger=expl3'.

(/usr/local/texlive/2025/texmf-dist/tex/latex/biblatex/blx-case-expl3.sty
(/usr/local/texlive/2025/texmf-dist/tex/latex/l3packages/xparse/xparse.sty
Package: xparse 2025-10-09 L3 Experimental document command parser
)
Package: blx-case-expl3 2025/07/10 v3.21 expl3 case changing code for biblatex
))
(/usr/local/texlive/2025/texmf-dist/tex/latex/bxpapersize/bxpapersize.sty
Package: bxpapersize 2022/04/28 v0.6

(/usr/local/texlive/2025/texmf-dist/tex/generic/iftex/ifvtex.sty
Package: ifvtex 2019/10/25 v1.7 ifvtex legacy package. Use iftex instead.
)
(/usr/local/texlive/2025/texmf-dist/tex/generic/ifptex/ifptex.sty
Package: ifptex 2023/04/08 v2.2c pTeX checker
)
\bxpr@dima=\dimen176
Package bxpapersize Info: Detected the new LaTeX kernel (2020-10-01).

(/usr/local/texlive/2025/texmf-dist/tex/latex/base/atbegshi-ltx.sty
Package: atbegshi-ltx 2021/01/10 v1.0c Emulation of the original atbegshi
package with kernel methods
))
(/usr/local/texlive/2025/texmf-dist/tex/latex/geometry/geometry.sty
Package: geometry 2020/01/02 v5.9 Page Geometry
\Gm@cnth=\count441
\Gm@cntv=\count442
\c@Gm@tempcnt=\count443
\Gm@bindingoffset=\dimen177
\Gm@wd@mp=\dimen178
\Gm@odd@mp=\dimen179
\Gm@even@mp=\dimen180
\Gm@layoutwidth=\dimen181
\Gm@layoutheight=\dimen182
\Gm@layouthoffset=\dimen183
\Gm@layoutvoffset=\dimen184
\Gm@dimlist=\toks30
)
(/usr/local/texlive/2025/texmf-dist/tex/latex/amsmath/amsmath.sty
Package: amsmath 2025/07/09 v2.17z AMS math features
\@mathmargin=\skip79

For additional information on amsmath, use the `?' option.
(/usr/local/texlive/2025/texmf-dist/tex/latex/amsmath/amstext.sty
Package: amstext 2024/11/17 v2.01 AMS text

(/usr/local/texlive/2025/texmf-dist/tex/latex/amsmath/amsgen.sty
File: amsgen.sty 1999/11/30 v2.0 generic functions
\@emptytoks=\toks31
\ex@=\dimen185
))
(/usr/local/texlive/2025/texmf-dist/tex/latex/amsmath/amsbsy.sty
Package: amsbsy 1999/11/29 v1.2d Bold Symbols
\pmbraise@=\dimen186
)
(/usr/local/texlive/2025/texmf-dist/tex/latex/amsmath/amsopn.sty
Package: amsopn 2022/04/08 v2.04 operator names
)
\inf@bad=\count444
LaTeX Info: Redefining \frac on input line 235.
\uproot@=\count445
\leftroot@=\count446
LaTeX Info: Redefining \overline on input line 398.
LaTeX Info: Redefining \colon on input line 409.
\classnum@=\count447
\DOTSCASE@=\count448
LaTeX Info: Redefining \ldots on input line 495.
LaTeX Info: Redefining \dots on input line 498.
LaTeX Info: Redefining \cdots on input line 619.
\Mathstrutbox@=\box70
\strutbox@=\box71
LaTeX Info: Redefining \big on input line 721.
LaTeX Info: Redefining \Big on input line 722.
LaTeX Info: Redefining \bigg on input line 723.
LaTeX Info: Redefining \Bigg on input line 724.
\big@size=\dimen187
LaTeX Font Info:    Redeclaring font encoding OML on input line 742.
LaTeX Font Info:    Redeclaring font encoding OMS on input line 743.
\macc@depth=\count449
LaTeX Info: Redefining \bmod on input line 904.
LaTeX Info: Redefining \pmod on input line 909.
LaTeX Info: Redefining \smash on input line 939.
LaTeX Info: Redefining \relbar on input line 969.
LaTeX Info: Redefining \Relbar on input line 970.
\c@MaxMatrixCols=\count450
\dotsspace@=\muskip22
\c@parentequation=\count451
\dspbrk@lvl=\count452
\tag@help=\toks32
\row@=\count453
\column@=\count454
\maxfields@=\count455
\andhelp@=\toks33
\eqnshift@=\dimen188
\alignsep@=\dimen189
\tagshift@=\dimen190
\tagwidth@=\dimen191
\totwidth@=\dimen192
\lineht@=\dimen193
\@envbody=\toks34
\multlinegap=\skip80
\multlinetaggap=\skip81
\mathdisplay@stack=\toks35
LaTeX Info: Redefining \[ on input line 2950.
LaTeX Info: Redefining \] on input line 2951.
)
(/usr/local/texlive/2025/texmf-dist/tex/latex/amsfonts/amssymb.sty
Package: amssymb 2013/01/14 v3.01 AMS font symbols

(/usr/local/texlive/2025/texmf-dist/tex/latex/amsfonts/amsfonts.sty
Package: amsfonts 2013/01/14 v3.01 Basic AMSFonts support
\symAMSa=\mathgroup5
\symAMSb=\mathgroup6
LaTeX Font Info:    Redeclaring math symbol \hbar on input line 98.
LaTeX Font Info:    Overwriting math alphabet `\mathfrak' in version `bold'
(Font)                  U/euf/m/n --> U/euf/b/n on input line 106.
))
(/usr/local/texlive/2025/texmf-dist/tex/latex/graphics/graphicx.sty
Package: graphicx 2024/12/31 v1.2e Enhanced LaTeX Graphics (DPC,SPQR)

(/usr/local/texlive/2025/texmf-dist/tex/latex/graphics/graphics.sty
Package: graphics 2024/08/06 v1.4g Standard LaTeX Graphics (DPC,SPQR)

(/usr/local/texlive/2025/texmf-dist/tex/latex/graphics/trig.sty
Package: trig 2023/12/02 v1.11 sin cos tan (DPC)
)
(/usr/local/texlive/2025/texmf-dist/tex/latex/graphics-cfg/graphics.cfg
File: graphics.cfg 2016/06/04 v1.11 sample graphics configuration
)
Package graphics Info: Driver file: luatex.def on input line 106.
)
\Gin@req@height=\dimen194
\Gin@req@width=\dimen195
)
(/usr/local/texlive/2025/texmf-dist/tex/latex/lineno/lineno.sty
Package: lineno 2025/05/13 line numbers on paragraphs v5.5
\linenopenalty=\count456
\output=\toks36
\linenoprevgraf=\count457
\linenumbersep=\dimen196
\linenumberwidth=\dimen197
\c@linenumber=\count458
\c@pagewiselinenumber=\count459
\c@LN@truepage=\count460
\c@internallinenumber=\count461
\c@internallinenumbers=\count462
\quotelinenumbersep=\dimen198
\bframerule=\dimen199
\bframesep=\dimen256
\bframebox=\box72
\@LN@amsmath@ams@eqpen=\count463
)
(/usr/local/texlive/2025/texmf-dist/tex/latex/graphics/lscape.sty
Package: lscape 2020/05/28 v3.02 Landscape Pages (DPC)
)
(/usr/local/texlive/2025/texmf-dist/tex/luatex/luatexja/addons/luatexja-ruby.st
y
Package: luatexja-ruby 2024-09-09 v0.7
\ltj@rubyattr=\attribute25
Lua module: luatexja.ruby 2024-09-06 Ruby annotation
Custom whatsit ruby_pre = 7
Custom whatsit ruby_post = 8
Inserting `ltj.ruby.pre' in `pre_linebreak_filter'.
Inserting `ltj.ruby.post_break' in `pre_append_to_vlist_filter'.
Inserting `ltj.ruby' in `hpack_filter'.
Removing  `luatexja.beginpar.np_info' from `luatexja.jfmglue.whatsit_getinfo'.
Inserting `luatexja.ruby.np_info' in `luatexja.jfmglue.whatsit_getinfo'.
Inserting `luatexja.beginpar.np_info' in `luatexja.jfmglue.whatsit_getinfo'.
Removing  `luatexja.beginpar.np_info_after' from `luatexja.jfmglue.whatsit_after
'.
Inserting `luatexja.ruby.np_info_after' in `luatexja.jfmglue.whatsit_after'.
Inserting `luatexja.beginpar.np_info_after' in `luatexja.jfmglue.whatsit_after'.
Inserting `luatexja.ruby.np_info_last_minute' in `luatexja.jfmglue.whatsit_last_
minute'.) (/usr/local/texlive/2025/texmf-dist/tex/latex/epsdice/epsdice.sty
Package: epsdice 2007/02/15 by Thomas Heim (v. 2.1)

(/usr/local/texlive/2025/texmf-dist/tex/latex/epsdice/epsdice.cfg)
\c@eps@face=\count464
)
(/usr/local/texlive/2025/texmf-dist/tex/latex/fancyvrb/fancyvrb.sty
Package: fancyvrb 2025/07/28 4.6 verbatim text (tvz,hv)
\FV@CodeLineNo=\count465
\FV@InFile=\read4
\FV@TabBox=\box73
\c@FancyVerbLine=\count466
\FV@StepNumber=\count467
\FV@OutFile=\write5
)
(/usr/local/texlive/2025/texmf-dist/tex/generic/ulem/ulem.sty
\UL@box=\box74
\UL@hyphenbox=\box75
\UL@skip=\skip82
\UL@hook=\toks37
\UL@height=\dimen257
\UL@pe=\count468
\UL@pixel=\dimen258
\ULC@box=\box76
Package: ulem 2019/11/18
\ULdepth=\dimen259
)
(/usr/local/texlive/2025/texmf-dist/tex/latex/colortbl/colortbl.sty
Package: colortbl 2024/10/29 v1.0k Color table columns (DPC)

(/usr/local/texlive/2025/texmf-dist/tex/latex/tools/array.sty
Package: array 2025/09/25 v2.6n Tabular extension package (FMi)
\col@sep=\dimen260
\ar@mcellbox=\box77
\extrarowheight=\dimen261
\NC@list=\toks38
\extratabsurround=\skip83
\backup@length=\skip84
\ar@cellbox=\box78
)
\everycr=\toks39
\minrowclearance=\skip85
\rownum=\count469
)
(/usr/local/texlive/2025/texmf-dist/tex/latex/tools/bm.sty
Package: bm 2025/10/21 v1.2g Bold Symbol Support (DPC/FMi)
\symboldoperators=\mathgroup7
\symboldletters=\mathgroup8
\symboldsymbols=\mathgroup9
Package bm Info: No bold for \OMX/cmex/m/n, using \pmb.
\symboldmincho=\mathgroup10
Package bm Info: No bold for \U/msa/m/n, using \pmb.
Package bm Info: No bold for \U/msb/m/n, using \pmb.
LaTeX Font Info:    Redeclaring math alphabet \mathbf on input line 149.
)
(/usr/local/texlive/2025/texmf-dist/tex/latex/pdfpages/pdfpages.sty
Package: pdfpages 2025/07/23 v0.6g Insert pages of external PDF documents (AM)

(/usr/local/texlive/2025/texmf-dist/tex/latex/tools/calc.sty
Package: calc 2025/03/01 v4.3b Infix arithmetic (KKT,FJ)
\calc@Acount=\count470
\calc@Bcount=\count471
\calc@Adimen=\dimen262
\calc@Bdimen=\dimen263
\calc@Askip=\skip86
\calc@Bskip=\skip87
LaTeX Info: Redefining \setlength on input line 86.
LaTeX Info: Redefining \addtolength on input line 87.
\calc@Ccount=\count472
\calc@Cskip=\skip88
)
(/usr/local/texlive/2025/texmf-dist/tex/latex/eso-pic/eso-pic.sty
Package: eso-pic 2023/05/03 v3.0c eso-pic (RN)
\ESO@tempdima=\dimen264
\ESO@tempdimb=\dimen265
)
\AM@pagewidth=\dimen266
\AM@pageheight=\dimen267
\AM@fboxrule=\dimen268

(/usr/local/texlive/2025/texmf-dist/tex/latex/pdfpages/ppluatex.def
File: ppluatex.def 2025/07/23 v0.6g Pdfpages driver for LuaTeX (AM)
)
\pdfpages@includegraphics@status=\count473
\AM@pagebox=\box79
\AM@global@opts=\toks40
\AM@pagecnt=\count474
\AM@toc@title=\toks41
\AM@lof@heading=\toks42
\c@AM@survey=\count475
\AM@templatesizebox=\box80
)
(/usr/local/texlive/2025/texmf-dist/tex/latex/wrapfig/wrapfig.sty
\wrapoverhang=\dimen269
\WF@size=\dimen270
\c@WF@wrappedlines=\count476
\WF@box=\box81
\WF@everypar=\toks43
Package: wrapfig 2003/01/31  v 3.6
)
(/usr/local/texlive/2025/texmf-dist/tex/latex/multirow/multirow.sty
Package: multirow 2024/11/12 v2.9 Span multiple rows of a table
\multirow@colwidth=\skip89
\multirow@cntb=\count477
\multirow@dima=\skip90
\bigstrutjot=\dimen271
)
(/usr/local/texlive/2025/texmf-dist/tex/latex/pgf/frontendlayer/tikz.sty
(/usr/local/texlive/2025/texmf-dist/tex/latex/pgf/basiclayer/pgf.sty
(/usr/local/texlive/2025/texmf-dist/tex/latex/pgf/utilities/pgfrcs.sty
(/usr/local/texlive/2025/texmf-dist/tex/generic/pgf/utilities/pgfutil-common.te
x
\pgfutil@everybye=\toks44
\pgfutil@tempdima=\dimen272
\pgfutil@tempdimb=\dimen273
)
(/usr/local/texlive/2025/texmf-dist/tex/generic/pgf/utilities/pgfutil-latex.def
\pgfutil@abb=\box82
) (/usr/local/texlive/2025/texmf-dist/tex/generic/pgf/utilities/pgfrcs.code.tex
(/usr/local/texlive/2025/texmf-dist/tex/generic/pgf/pgf.revision.tex)
Package: pgfrcs 2025-08-29 v3.1.11a (3.1.11a)
))
Package: pgf 2025-08-29 v3.1.11a (3.1.11a)

(/usr/local/texlive/2025/texmf-dist/tex/latex/pgf/basiclayer/pgfcore.sty
(/usr/local/texlive/2025/texmf-dist/tex/latex/pgf/systemlayer/pgfsys.sty
(/usr/local/texlive/2025/texmf-dist/tex/generic/pgf/systemlayer/pgfsys.code.tex
Package: pgfsys 2025-08-29 v3.1.11a (3.1.11a)
(/usr/local/texlive/2025/texmf-dist/tex/generic/pgf/utilities/pgfkeys.code.tex
\pgfkeys@pathtoks=\toks45
\pgfkeys@temptoks=\toks46

(/usr/local/texlive/2025/texmf-dist/tex/generic/pgf/utilities/pgfkeyslibraryfil
tered.code.tex
\pgfkeys@tmptoks=\toks47
))
\pgf@x=\dimen274
\pgf@y=\dimen275
\pgf@xa=\dimen276
\pgf@ya=\dimen277
\pgf@xb=\dimen278
\pgf@yb=\dimen279
\pgf@xc=\dimen280
\pgf@yc=\dimen281
\pgf@xd=\dimen282
\pgf@yd=\dimen283
\w@pgf@writea=\write6
\r@pgf@reada=\read5
\c@pgf@counta=\count478
\c@pgf@countb=\count479
\c@pgf@countc=\count480
\c@pgf@countd=\count481
\t@pgf@toka=\toks48
\t@pgf@tokb=\toks49
\t@pgf@tokc=\toks50
\pgf@sys@id@count=\count482

(/usr/local/texlive/2025/texmf-dist/tex/generic/pgf/systemlayer/pgf.cfg
File: pgf.cfg 2025-08-29 v3.1.11a (3.1.11a)
)
Driver file for pgf: pgfsys-luatex.def

(/usr/local/texlive/2025/texmf-dist/tex/generic/pgf/systemlayer/pgfsys-luatex.d
ef
File: pgfsys-luatex.def 2025-08-29 v3.1.11a (3.1.11a)

(/usr/local/texlive/2025/texmf-dist/tex/generic/pgf/systemlayer/pgfsys-common-p
df.def
File: pgfsys-common-pdf.def 2025-08-29 v3.1.11a (3.1.11a)
)))
(/usr/local/texlive/2025/texmf-dist/tex/generic/pgf/systemlayer/pgfsyssoftpath.
code.tex
File: pgfsyssoftpath.code.tex 2025-08-29 v3.1.11a (3.1.11a)
\pgfsyssoftpath@smallbuffer@items=\count483
\pgfsyssoftpath@bigbuffer@items=\count484
)
(/usr/local/texlive/2025/texmf-dist/tex/generic/pgf/systemlayer/pgfsysprotocol.
code.tex
File: pgfsysprotocol.code.tex 2025-08-29 v3.1.11a (3.1.11a)
))
(/usr/local/texlive/2025/texmf-dist/tex/generic/pgf/basiclayer/pgfcore.code.tex
Package: pgfcore 2025-08-29 v3.1.11a (3.1.11a)
(/usr/local/texlive/2025/texmf-dist/tex/generic/pgf/math/pgfmath.code.tex
(/usr/local/texlive/2025/texmf-dist/tex/generic/pgf/math/pgfmathutil.code.tex)
(/usr/local/texlive/2025/texmf-dist/tex/generic/pgf/math/pgfmathparser.code.tex
\pgfmath@dimen=\dimen284
\pgfmath@count=\count485
\pgfmath@box=\box83
\pgfmath@toks=\toks51
\pgfmath@stack@operand=\toks52
\pgfmath@stack@operation=\toks53
)
(/usr/local/texlive/2025/texmf-dist/tex/generic/pgf/math/pgfmathfunctions.code.
tex)
(/usr/local/texlive/2025/texmf-dist/tex/generic/pgf/math/pgfmathfunctions.basic
.code.tex)
(/usr/local/texlive/2025/texmf-dist/tex/generic/pgf/math/pgfmathfunctions.trigo
nometric.code.tex)
(/usr/local/texlive/2025/texmf-dist/tex/generic/pgf/math/pgfmathfunctions.rando
m.code.tex)
(/usr/local/texlive/2025/texmf-dist/tex/generic/pgf/math/pgfmathfunctions.compa
rison.code.tex)
(/usr/local/texlive/2025/texmf-dist/tex/generic/pgf/math/pgfmathfunctions.base.
code.tex)
(/usr/local/texlive/2025/texmf-dist/tex/generic/pgf/math/pgfmathfunctions.round
.code.tex)
(/usr/local/texlive/2025/texmf-dist/tex/generic/pgf/math/pgfmathfunctions.misc.
code.tex)
(/usr/local/texlive/2025/texmf-dist/tex/generic/pgf/math/pgfmathfunctions.integ
erarithmetics.code.tex)
(/usr/local/texlive/2025/texmf-dist/tex/generic/pgf/math/pgfmathcalc.code.tex)
(/usr/local/texlive/2025/texmf-dist/tex/generic/pgf/math/pgfmathfloat.code.tex
\c@pgfmathroundto@lastzeros=\count486
)) (/usr/local/texlive/2025/texmf-dist/tex/generic/pgf/math/pgfint.code.tex)
(/usr/local/texlive/2025/texmf-dist/tex/generic/pgf/basiclayer/pgfcorepoints.co
de.tex
File: pgfcorepoints.code.tex 2025-08-29 v3.1.11a (3.1.11a)
\pgf@picminx=\dimen285
\pgf@picmaxx=\dimen286
\pgf@picminy=\dimen287
\pgf@picmaxy=\dimen288
\pgf@pathminx=\dimen289
\pgf@pathmaxx=\dimen290
\pgf@pathminy=\dimen291
\pgf@pathmaxy=\dimen292
\pgf@xx=\dimen293
\pgf@xy=\dimen294
\pgf@yx=\dimen295
\pgf@yy=\dimen296
\pgf@zx=\dimen297
\pgf@zy=\dimen298
)
(/usr/local/texlive/2025/texmf-dist/tex/generic/pgf/basiclayer/pgfcorepathconst
ruct.code.tex
File: pgfcorepathconstruct.code.tex 2025-08-29 v3.1.11a (3.1.11a)
\pgf@path@lastx=\dimen299
\pgf@path@lasty=\dimen300
)
(/usr/local/texlive/2025/texmf-dist/tex/generic/pgf/basiclayer/pgfcorepathusage
.code.tex
File: pgfcorepathusage.code.tex 2025-08-29 v3.1.11a (3.1.11a)
\pgf@shorten@end@additional=\dimen301
\pgf@shorten@start@additional=\dimen302
)
(/usr/local/texlive/2025/texmf-dist/tex/generic/pgf/basiclayer/pgfcorescopes.co
de.tex
File: pgfcorescopes.code.tex 2025-08-29 v3.1.11a (3.1.11a)
\pgfpic=\box84
\pgf@hbox=\box85
\pgf@layerbox@main=\box86
\pgf@picture@serial@count=\count487
)
(/usr/local/texlive/2025/texmf-dist/tex/generic/pgf/basiclayer/pgfcoregraphicst
ate.code.tex
File: pgfcoregraphicstate.code.tex 2025-08-29 v3.1.11a (3.1.11a)
\pgflinewidth=\dimen303
)
(/usr/local/texlive/2025/texmf-dist/tex/generic/pgf/basiclayer/pgfcoretransform
ations.code.tex
File: pgfcoretransformations.code.tex 2025-08-29 v3.1.11a (3.1.11a)
\pgf@pt@x=\dimen304
\pgf@pt@y=\dimen305
\pgf@pt@temp=\dimen306
)
(/usr/local/texlive/2025/texmf-dist/tex/generic/pgf/basiclayer/pgfcorequick.cod
e.tex
File: pgfcorequick.code.tex 2025-08-29 v3.1.11a (3.1.11a)
)
(/usr/local/texlive/2025/texmf-dist/tex/generic/pgf/basiclayer/pgfcoreobjects.c
ode.tex
File: pgfcoreobjects.code.tex 2025-08-29 v3.1.11a (3.1.11a)
)
(/usr/local/texlive/2025/texmf-dist/tex/generic/pgf/basiclayer/pgfcorepathproce
ssing.code.tex
File: pgfcorepathprocessing.code.tex 2025-08-29 v3.1.11a (3.1.11a)
)
(/usr/local/texlive/2025/texmf-dist/tex/generic/pgf/basiclayer/pgfcorearrows.co
de.tex
File: pgfcorearrows.code.tex 2025-08-29 v3.1.11a (3.1.11a)
\pgfarrowsep=\dimen307
)
(/usr/local/texlive/2025/texmf-dist/tex/generic/pgf/basiclayer/pgfcoreshade.cod
e.tex
File: pgfcoreshade.code.tex 2025-08-29 v3.1.11a (3.1.11a)
\pgf@max=\dimen308
\pgf@sys@shading@range@num=\count488
\pgf@shadingcount=\count489
)
(/usr/local/texlive/2025/texmf-dist/tex/generic/pgf/basiclayer/pgfcoreimage.cod
e.tex
File: pgfcoreimage.code.tex 2025-08-29 v3.1.11a (3.1.11a)
)
(/usr/local/texlive/2025/texmf-dist/tex/generic/pgf/basiclayer/pgfcoreexternal.
code.tex
File: pgfcoreexternal.code.tex 2025-08-29 v3.1.11a (3.1.11a)
\pgfexternal@startupbox=\box87
)
(/usr/local/texlive/2025/texmf-dist/tex/generic/pgf/basiclayer/pgfcorelayers.co
de.tex
File: pgfcorelayers.code.tex 2025-08-29 v3.1.11a (3.1.11a)
)
(/usr/local/texlive/2025/texmf-dist/tex/generic/pgf/basiclayer/pgfcoretranspare
ncy.code.tex
File: pgfcoretransparency.code.tex 2025-08-29 v3.1.11a (3.1.11a)
)
(/usr/local/texlive/2025/texmf-dist/tex/generic/pgf/basiclayer/pgfcorepatterns.
code.tex
File: pgfcorepatterns.code.tex 2025-08-29 v3.1.11a (3.1.11a)
)
(/usr/local/texlive/2025/texmf-dist/tex/generic/pgf/basiclayer/pgfcorerdf.code.
tex
File: pgfcorerdf.code.tex 2025-08-29 v3.1.11a (3.1.11a)
)))
(/usr/local/texlive/2025/texmf-dist/tex/generic/pgf/modules/pgfmoduleshapes.cod
e.tex
File: pgfmoduleshapes.code.tex 2025-08-29 v3.1.11a (3.1.11a)
\pgfnodeparttextbox=\box88
)
(/usr/local/texlive/2025/texmf-dist/tex/generic/pgf/modules/pgfmoduleplot.code.
tex
File: pgfmoduleplot.code.tex 2025-08-29 v3.1.11a (3.1.11a)
)
(/usr/local/texlive/2025/texmf-dist/tex/latex/pgf/compatibility/pgfcomp-version
-0-65.sty
Package: pgfcomp-version-0-65 2025-08-29 v3.1.11a (3.1.11a)
\pgf@nodesepstart=\dimen309
\pgf@nodesepend=\dimen310
)
(/usr/local/texlive/2025/texmf-dist/tex/latex/pgf/compatibility/pgfcomp-version
-1-18.sty
Package: pgfcomp-version-1-18 2025-08-29 v3.1.11a (3.1.11a)
))
(/usr/local/texlive/2025/texmf-dist/tex/latex/pgf/utilities/pgffor.sty
(/usr/local/texlive/2025/texmf-dist/tex/latex/pgf/utilities/pgfkeys.sty
(/usr/local/texlive/2025/texmf-dist/tex/generic/pgf/utilities/pgfkeys.code.tex))
 (/usr/local/texlive/2025/texmf-dist/tex/latex/pgf/math/pgfmath.sty
(/usr/local/texlive/2025/texmf-dist/tex/generic/pgf/math/pgfmath.code.tex))
(/usr/local/texlive/2025/texmf-dist/tex/generic/pgf/utilities/pgffor.code.tex
Package: pgffor 2025-08-29 v3.1.11a (3.1.11a)
\pgffor@iter=\dimen311
\pgffor@skip=\dimen312
\pgffor@stack=\toks54
\pgffor@toks=\toks55
))
(/usr/local/texlive/2025/texmf-dist/tex/generic/pgf/frontendlayer/tikz/tikz.cod
e.tex
Package: tikz 2025-08-29 v3.1.11a (3.1.11a)

(/usr/local/texlive/2025/texmf-dist/tex/generic/pgf/libraries/pgflibraryplothan
dlers.code.tex
File: pgflibraryplothandlers.code.tex 2025-08-29 v3.1.11a (3.1.11a)
\pgf@plot@mark@count=\count490
\pgfplotmarksize=\dimen313
)
\tikz@lastx=\dimen314
\tikz@lasty=\dimen315
\tikz@lastxsaved=\dimen316
\tikz@lastysaved=\dimen317
\tikz@lastmovetox=\dimen318
\tikz@lastmovetoy=\dimen319
\tikzleveldistance=\dimen320
\tikzsiblingdistance=\dimen321
\tikz@figbox=\box89
\tikz@figbox@bg=\box90
\tikz@tempbox=\box91
\tikz@tempbox@bg=\box92
\tikztreelevel=\count491
\tikznumberofchildren=\count492
\tikznumberofcurrentchild=\count493
\tikz@fig@count=\count494

(/usr/local/texlive/2025/texmf-dist/tex/generic/pgf/modules/pgfmodulematrix.cod
e.tex
File: pgfmodulematrix.code.tex 2025-08-29 v3.1.11a (3.1.11a)
\pgfmatrixcurrentrow=\count495
\pgfmatrixcurrentcolumn=\count496
\pgf@matrix@numberofcolumns=\count497
)
\tikz@expandcount=\count498

(/usr/local/texlive/2025/texmf-dist/tex/generic/pgf/frontendlayer/tikz/librarie
s/tikzlibrarytopaths.code.tex
File: tikzlibrarytopaths.code.tex 2025-08-29 v3.1.11a (3.1.11a)
)))
(/usr/local/texlive/2025/texmf-dist/tex/generic/pgf/frontendlayer/tikz/librarie
s/tikzlibrarypositioning.code.tex
File: tikzlibrarypositioning.code.tex 2025-08-29 v3.1.11a (3.1.11a)
)
(/usr/local/texlive/2025/texmf-dist/tex/generic/pgf/libraries/pgflibraryarrows.
meta.code.tex
File: pgflibraryarrows.meta.code.tex 2025-08-29 v3.1.11a (3.1.11a)
\pgfarrowinset=\dimen322
\pgfarrowlength=\dimen323
\pgfarrowwidth=\dimen324
\pgfarrowlinewidth=\dimen325
)
(/usr/local/texlive/2025/texmf-dist/tex/generic/pgf/frontendlayer/tikz/librarie
s/tikzlibraryintersections.code.tex
(/usr/local/texlive/2025/texmf-dist/tex/generic/pgf/libraries/pgflibraryinterse
ctions.code.tex
(/usr/local/texlive/2025/texmf-dist/tex/generic/pgf/libraries/pgflibraryfpu.cod
e.tex)
\pgf@intersect@solutions=\count499
))
(/usr/local/texlive/2025/texmf-dist/tex/generic/pgf/frontendlayer/tikz/librarie
s/tikzlibrarycalc.code.tex
File: tikzlibrarycalc.code.tex 2025-08-29 v3.1.11a (3.1.11a)
)
(/usr/local/texlive/2025/texmf-dist/tex/generic/pgf/frontendlayer/tikz/librarie
s/tikzlibraryshapes.code.tex
File: tikzlibraryshapes.code.tex 2025-08-29 v3.1.11a (3.1.11a)

(/usr/local/texlive/2025/texmf-dist/tex/generic/pgf/frontendlayer/tikz/librarie
s/tikzlibraryshapes.geometric.code.tex
File: tikzlibraryshapes.geometric.code.tex 2025-08-29 v3.1.11a (3.1.11a)

(/usr/local/texlive/2025/texmf-dist/tex/generic/pgf/libraries/shapes/pgflibrary
shapes.geometric.code.tex
File: pgflibraryshapes.geometric.code.tex 2025-08-29 v3.1.11a (3.1.11a)
))
(/usr/local/texlive/2025/texmf-dist/tex/generic/pgf/frontendlayer/tikz/librarie
s/tikzlibraryshapes.misc.code.tex
File: tikzlibraryshapes.misc.code.tex 2025-08-29 v3.1.11a (3.1.11a)

(/usr/local/texlive/2025/texmf-dist/tex/generic/pgf/libraries/shapes/pgflibrary
shapes.misc.code.tex
File: pgflibraryshapes.misc.code.tex 2025-08-29 v3.1.11a (3.1.11a)
))
(/usr/local/texlive/2025/texmf-dist/tex/generic/pgf/frontendlayer/tikz/librarie
s/tikzlibraryshapes.symbols.code.tex
File: tikzlibraryshapes.symbols.code.tex 2025-08-29 v3.1.11a (3.1.11a)

(/usr/local/texlive/2025/texmf-dist/tex/generic/pgf/libraries/shapes/pgflibrary
shapes.symbols.code.tex
File: pgflibraryshapes.symbols.code.tex 2025-08-29 v3.1.11a (3.1.11a)
))
(/usr/local/texlive/2025/texmf-dist/tex/generic/pgf/frontendlayer/tikz/librarie
s/tikzlibraryshapes.arrows.code.tex
File: tikzlibraryshapes.arrows.code.tex 2025-08-29 v3.1.11a (3.1.11a)

(/usr/local/texlive/2025/texmf-dist/tex/generic/pgf/libraries/shapes/pgflibrary
shapes.arrows.code.tex
File: pgflibraryshapes.arrows.code.tex 2025-08-29 v3.1.11a (3.1.11a)
))
(/usr/local/texlive/2025/texmf-dist/tex/generic/pgf/frontendlayer/tikz/librarie
s/tikzlibraryshapes.callouts.code.tex
(/usr/local/texlive/2025/texmf-dist/tex/generic/pgf/libraries/shapes/pgflibrary
shapes.callouts.code.tex))
(/usr/local/texlive/2025/texmf-dist/tex/generic/pgf/frontendlayer/tikz/librarie
s/tikzlibraryshapes.multipart.code.tex
File: tikzlibraryshapes.multipart.code.tex 2025-08-29 v3.1.11a (3.1.11a)

(/usr/local/texlive/2025/texmf-dist/tex/generic/pgf/libraries/shapes/pgflibrary
shapes.multipart.code.tex
File: pgflibraryshapes.multipart.code.tex 2025-08-29 v3.1.11a (3.1.11a)
\pgfnodepartlowerbox=\box93
\pgfnodeparttwobox=\box94
\pgfnodepartthreebox=\box95
\pgfnodepartfourbox=\box96
\pgfnodeparttwentybox=\box97
\pgfnodepartnineteenbox=\box98
\pgfnodeparteighteenbox=\box99
\pgfnodepartseventeenbox=\box100
\pgfnodepartsixteenbox=\box101
\pgfnodepartfifteenbox=\box102
\pgfnodepartfourteenbox=\box103
\pgfnodepartthirteenbox=\box104
\pgfnodeparttwelvebox=\box105
\pgfnodepartelevenbox=\box106
\pgfnodeparttenbox=\box107
\pgfnodepartninebox=\box108
\pgfnodeparteightbox=\box109
\pgfnodepartsevenbox=\box110
\pgfnodepartsixbox=\box111
\pgfnodepartfivebox=\box112
)))
(/usr/local/texlive/2025/texmf-dist/tex/generic/pgf/frontendlayer/tikz/librarie
s/tikzlibraryarrows.code.tex
File: tikzlibraryarrows.code.tex 2025-08-29 v3.1.11a (3.1.11a)

(/usr/local/texlive/2025/texmf-dist/tex/generic/pgf/libraries/pgflibraryarrows.
code.tex
File: pgflibraryarrows.code.tex 2025-08-29 v3.1.11a (3.1.11a)
\arrowsize=\dimen326
))
(/usr/local/texlive/2025/texmf-dist/tex/latex/tikz-3dplot/tikz-3dplot.sty
(/usr/local/texlive/2025/texmf-dist/tex/generic/pgf/frontendlayer/tikz/librarie
s/tikzlibrary3d.code.tex
File: tikzlibrary3d.code.tex 2025-08-29 v3.1.11a (3.1.11a)
))
(/usr/local/texlive/2025/texmf-dist/tex/luatex/luatexja/lltjext.sty
Package: lltjext 2025-10-26 v1.2k-ltj-17 Macros for vertical writing
\ltj@ext@dir=\count500
\@floatbox=\box113
\floatwidth=\dimen327
\floatheight=\dimen328
\floatruletick=\dimen329
\captionfloatsep=\dimen330
\captionwidth=\dimen331
\@captionbox=\box114
LaTeX Info: Redefining \parbox on input line 362.
\@picwd=\dimen332
\rensujiskip=\skip91
)
(/usr/local/texlive/2025/texmf-dist/tex/latex/tools/longtable.sty
Package: longtable 2025-10-13 v4.24 Multi-page Table package (DPC)
\LTleft=\skip92
\LTright=\skip93
\LTpre=\skip94
\LTpost=\skip95
\LTchunksize=\count501
\LTcapwidth=\dimen333
\LT@head=\box115
\LT@firsthead=\box116
\LT@foot=\box117
\LT@lastfoot=\box118
\LT@gbox=\box119
\LT@cols=\count502
\LT@rows=\count503
\c@LT@tables=\count504
\c@LT@chunks=\count505
\LT@p@ftn=\toks56
)
(/usr/local/texlive/2025/texmf-dist/tex/latex/tablefootnote/tablefootnote.sty
Package: tablefootnote 2014/01/26 v1.1c Table foot notes (HMM)

(/usr/local/texlive/2025/texmf-dist/tex/latex/letltxmacro/letltxmacro.sty
Package: letltxmacro 2019/12/03 v1.6 Let assignment for LaTeX macros (HO)
)
(/usr/local/texlive/2025/texmf-dist/tex/latex/xifthen/xifthen.sty
Package: xifthen 2015/11/05 v1.4.0 Extended ifthen features

(/usr/local/texlive/2025/texmf-dist/tex/latex/ifmtarg/ifmtarg.sty
Package: ifmtarg 2018/04/16 v1.2b check for an empty argument
)))
(/usr/local/texlive/2025/texmf-dist/tex/luatex/luatexja/addons/luatexja-fontspe
c.sty
Package: luatexja-fontspec 2025-09-30 fontspec support of LuaTeX-ja

(/usr/local/texlive/2025/texmf-dist/tex/latex/l3packages/l3keys2e/l3keys2e.sty
Package: l3keys2e 2025-10-09 LaTeX2e option processing using LaTeX3 keys
) (/usr/local/texlive/2025/texmf-dist/tex/latex/fontspec/fontspec.sty
Package: fontspec 2025/09/29 v2.9g Font selection for XeLaTeX and LuaLaTeX
Lua module: fontspec 2025/09/29 v2.9g Font selection for XeLaTeX and LuaLaTeX
(/usr/local/texlive/2025/texmf-dist/tex/latex/fontspec/fontspec-luatex.sty
Package: fontspec-luatex 2025/09/29 v2.9g Font selection for XeLaTeX and LuaLaT
eX
\l__fontspec_script_int=\count506
\l__fontspec_language_int=\count507
\l__fontspec_strnum_int=\count508
\l__fontspec_tmp_int=\count509
\l__fontspec_tmpa_int=\count510
\l__fontspec_tmpb_int=\count511
\l__fontspec_tmpc_int=\count512
\l__fontspec_em_int=\count513
\l__fontspec_emdef_int=\count514
\l__fontspec_strong_int=\count515
\l__fontspec_strongdef_int=\count516
\l__fontspec_tmpa_dim=\dimen334
\l__fontspec_tmpb_dim=\dimen335
\l__fontspec_tmpc_dim=\dimen336

(/usr/local/texlive/2025/texmf-dist/tex/latex/base/fontenc.sty
Package: fontenc 2025/07/18 v2.1d Standard LaTeX package
)
(/usr/local/texlive/2025/texmf-dist/tex/latex/fontspec/fontspec.cfg)(load cache:
 extra_lmroman10-bold.luc)
LaTeX Font Info:    Font shape `JT3/mc/b/n' in size <10> not available
(Font)              Font shape `JT3/gt/m/n' tried instead on input line 3974.
LaTeX Font Info:    Font shape `JT3/gt/m/n' will be
(Font)              scaled to size 9.24713pt on input line 3974.
LaTeX Font Info:    Font shape `JY3/mc/b/n' in size <10> not available
(Font)              Font shape `JY3/gt/m/n' tried instead on input line 3974.
LaTeX Font Info:    Font shape `JY3/gt/m/n' will be
(Font)              scaled to size 9.24713pt on input line 3974.
(load cache: extra_haranoajigothic-medium.luc)))
(/usr/local/texlive/2025/texmf-dist/tex/luatex/luatexja/patches/lltjp-fontspec.
sty)
(/usr/local/texlive/2025/texmf-dist/tex/luatex/luatexja/addons/luatexja-fontspe
c-29e.sty
Package: luatexja-fontspec-29e 2025-11-01 fontspec support of LuaTeX-ja
\g__ltj_fontspec_altnumber_int=\count517
))
luaotfload | cache : Lookup cache loaded from /Users/newton/Library/texlive/2025
/texmf-var/luatex-cache/generic/names/luaotfload-lookup-cache.luc.(load cache: e
xtra_texgyretermes-regular.luc)(load cache: extra_texgyretermes-bolditalic.luc)(
load cache: extra_texgyretermes-bold.luc)(load cache: extra_texgyretermes-italic
.luc)

Package fontspec Info: 
(fontspec)             Font family 'TeXGyreTermes(0)' created for font 'TeX
(fontspec)             Gyre Termes' with options [Ligatures=TeX].
(fontspec)              
(fontspec)              This font family consists of the following NFSS
(fontspec)             series/shapes:
(fontspec)              
(fontspec)             - 'normal' (m/n) with NFSS spec.: <->"name:TeX Gyre
(fontspec)             Termes:mode=node;script=latn;language=dflt;+tlig;"
(fontspec)             - 'small caps'  (m/sc) with NFSS spec.: <->"name:TeX
(fontspec)             Gyre
(fontspec)             Termes:mode=node;script=latn;language=dflt;+tlig;+smcp;"

(fontspec)             - 'bold' (b/n) with NFSS spec.: <->"name:TeX Gyre
(fontspec)             Termes/B:mode=node;script=latn;language=dflt;+tlig;"
(fontspec)             - 'bold small caps'  (b/sc) with NFSS spec.:
(fontspec)             <->"name:TeX Gyre
(fontspec)             Termes/B:mode=node;script=latn;language=dflt;+tlig;+smcp
;"
(fontspec)             - 'italic' (m/it) with NFSS spec.: <->"name:TeX Gyre
(fontspec)             Termes/I:mode=node;script=latn;language=dflt;+tlig;"
(fontspec)             - 'italic small caps'  (m/scit) with NFSS spec.:
(fontspec)             <->"name:TeX Gyre
(fontspec)             Termes/I:mode=node;script=latn;language=dflt;+tlig;+smcp
;"
(fontspec)             - 'bold italic' (b/it) with NFSS spec.: <->"name:TeX
(fontspec)             Gyre
(fontspec)             Termes/BI:mode=node;script=latn;language=dflt;+tlig;"
(fontspec)             - 'bold italic small caps'  (b/scit) with NFSS spec.:
(fontspec)             <->"name:TeX Gyre
(fontspec)             Termes/BI:mode=node;script=latn;language=dflt;+tlig;+smc
p;"


(/usr/local/texlive/2025/texmf-dist/tex/latex/nicematrix/nicematrix.sty
Package: nicematrix 2025/11/23 v7.4b Enhanced arrays with the help of PGF/TikZ
\l__nicematrix_tmpc_dim=\dimen337
\l__nicematrix_tmpd_dim=\dimen338
\l__nicematrix_tmpc_int=\count518
\g__nicematrix_env_int=\count519
\l__nicematrix_the_array_box=\box120
\g__nicematrix_NiceMatrixBlock_int=\count520
\g__nicematrix_notes_caption_int=\count521
\l__nicematrix_columns_width_dim=\dimen339
\l__nicematrix_col_width_dim=\dimen340
\g__nicematrix_row_total_int=\count522
\g__nicematrix_col_total_int=\count523
\g__nicematrix_last_row_node_int=\count524
\l__nicematrix_key_nb_rows_int=\count525
\g__nicematrix_blocks_wd_dim=\dimen341
\g__nicematrix_blocks_ht_dim=\dimen342
\g__nicematrix_blocks_dp_dim=\dimen343
\l__nicematrix_width_dim=\dimen344
\l__nicematrix_tabular_width_dim=\dimen345
\l__nicematrix_rule_width_dim=\dimen346
\l__nicematrix_old_iRow_int=\count526
\l__nicematrix_old_jCol_int=\count527
\l__nicematrix_X_columns_dim=\dimen347
\l__nicematrix_x_initial_dim=\dimen348
\l__nicematrix_y_initial_dim=\dimen349
\l__nicematrix_x_final_dim=\dimen350
\l__nicematrix_y_final_dim=\dimen351
\g__nicematrix_dp_row_zero_dim=\dimen352
\g__nicematrix_ht_row_zero_dim=\dimen353
\g__nicematrix_ht_row_one_dim=\dimen354
\g__nicematrix_dp_ante_last_row_dim=\dimen355
\g__nicematrix_ht_last_row_dim=\dimen356
\g__nicematrix_dp_last_row_dim=\dimen357
\g__nicematrix_width_last_col_dim=\dimen358
\g__nicematrix_width_first_col_dim=\dimen359
\g__nicematrix_ddots_int=\count528
\g__nicematrix_iddots_int=\count529
\g__nicematrix_delta_x_one_dim=\dimen360
\g__nicematrix_delta_y_one_dim=\dimen361
\g__nicematrix_delta_x_two_dim=\dimen362
\g__nicematrix_delta_y_two_dim=\dimen363
\l__nicematrix_row_min_int=\count530
\l__nicematrix_row_max_int=\count531
\l__nicematrix_col_min_int=\count532
\l__nicematrix_col_max_int=\count533
\l__nicematrix_initial_i_int=\count534
\l__nicematrix_initial_j_int=\count535
\l__nicematrix_final_i_int=\count536
\l__nicematrix_final_j_int=\count537
\l__nicematrix_start_int=\count538
\l__nicematrix_end_int=\count539
\l__nicematrix_local_start_int=\count540
\l__nicematrix_local_end_int=\count541
\g__nicematrix_static_num_of_col_int=\count542
\l__nicematrix_rounded_corners_dim=\dimen364
\l__nicematrix_tab_rounded_corners_dim=\dimen365
\l__nicematrix_offset_dim=\dimen366
\l__nicematrix_line_width_dim=\dimen367
\g__nicematrix_block_box_int=\count543
\l__nicematrix_submatrix_extra_height_dim=\dimen368
\l__nicematrix_submatrix_left_xshift_dim=\dimen369
\l__nicematrix_submatrix_right_xshift_dim=\dimen370
\l__nicematrix_first_row_int=\count544
\l__nicematrix_first_col_int=\count545
\l__nicematrix_last_row_int=\count546
\l__nicematrix_last_col_int=\count547
\c@tabularnote=\count548
\g__nicematrix_tabularnote_int=\count549
\c@nicematrix_draft=\count550
\l__nicematrix_cell_space_top_limit_dim=\dimen371
\l__nicematrix_cell_space_bottom_limit_dim=\dimen372
\l__nicematrix_xdots_inter_dim=\dimen373
\l__nicematrix_xdots_shorten_start_dim=\dimen374
\l__nicematrix_xdots_shorten_end_dim=\dimen375
\l__nicematrix_xdots_radius_dim=\dimen376
\l__nicematrix_left_margin_dim=\dimen377
\l__nicematrix_right_margin_dim=\dimen378
\l__nicematrix_extra_left_margin_dim=\dimen379
\l__nicematrix_extra_right_margin_dim=\dimen380
\c__nicematrix_max_l_dim=\dimen381
\l__nicematrix_position_int=\count551
\l__nicematrix_multiplicity_int=\count552
\l__nicematrix_brace_yshift_dim=\dimen382
)
(/usr/local/texlive/2025/texmf-dist/tex/latex/booktabs/booktabs.sty
Package: booktabs 2020/01/12 v1.61803398 Publication quality tables
\heavyrulewidth=\dimen383
\lightrulewidth=\dimen384
\cmidrulewidth=\dimen385
\belowrulesep=\dimen386
\belowbottomsep=\dimen387
\aboverulesep=\dimen388
\abovetopsep=\dimen389
\cmidrulesep=\dimen390
\cmidrulekern=\dimen391
\defaultaddspace=\dimen392
\@cmidla=\count553
\@cmidlb=\count554
\@aboverulesep=\dimen393
\@belowrulesep=\dimen394
\@thisruleclass=\count555
\@lastruleclass=\count556
\@thisrulewidth=\dimen395
)
(/usr/local/texlive/2025/texmf-dist/tex/latex/accents/accents.sty
Package: accents 2006/05/12 v1.4 Math Accent Tools
\cc@skew=\dimen396
\cc@wd=\dimen397
\cc@code=\count557
\cc@group=\count558
\cc@skewchar=\count559
)(load cache: extra_biz-udmincho-medium.luc)

Package fontspec Info: 
(fontspec)             BIZ UDMincho Medium scale = 0.924715.


Package fontspec Info: 
(fontspec)             BIZ UDMincho Medium scale = 0.924715.


Package fontspec Info: 
(fontspec)             BIZ UDMincho Medium scale = 0.924715.


Package fontspec Info: 
(fontspec)             Font family 'BIZUDMinchoMedium(0)' created for font
(fontspec)             'BIZ UDMincho Medium' with options
(fontspec)             [YokoFeatures={JFM=ujis},TateFeatures={JFM=ujisv},Scale=
0.924715,Kerning=Off,Script=CJK,BoldFont={},ItalicFont={},SmallCapsFont={},Yoko
Features={JFM=ujis}].
(fontspec)              
(fontspec)              This font family consists of the following NFSS
(fontspec)             series/shapes:
(fontspec)              

(load cache: extra_biz-udpmincho-medium.luc)

Package fontspec Info: 
(fontspec)             BIZ UDPMincho Medium scale = 0.924715.


Package fontspec Info: 
(fontspec)             BIZ UDPMincho Medium scale = 0.924715.


Package fontspec Info: 
(fontspec)             BIZ UDPMincho Medium scale = 0.924715.

(load cache: extra_biz-udpgothic-bold.luc)

Package fontspec Info: 
(fontspec)             BIZ UDPGothic Bold scale = 0.924715.


Package fontspec Info: 
(fontspec)             BIZ UDPGothic Bold scale = 0.924715.


Package fontspec Info: 
(fontspec)             BIZ UDPMincho Medium scale = 0.924715.


Package fontspec Info: 
(fontspec)             BIZ UDPMincho Medium scale = 0.924715.


Package fontspec Info: 
(fontspec)             BIZ UDPMincho Medium scale = 0.924715.


Package fontspec Info: 
(fontspec)             BIZ UDPMincho Medium scale = 0.924715.


Package fontspec Info: 
(fontspec)             BIZ UDPGothic Bold scale = 0.924715.


Package fontspec Info: 
(fontspec)             BIZ UDPGothic Bold scale = 0.924715.


Package fontspec Info: 
(fontspec)             BIZ UDPGothic Bold scale = 0.924715.


Package fontspec Info: 
(fontspec)             BIZ UDPGothic Bold scale = 0.924715.


Package fontspec Info: 
(fontspec)             Font family 'BIZUDPMinchoMedium(0)' created for font
(fontspec)             'BIZ UDPMincho Medium' with options
(fontspec)             [YokoFeatures={JFM=ujis},TateFeatures={JFM=ujisv},Scale=
0.924715,Kerning=Off,Script=CJK,Ligatures={Common,TeX},ItalicFont={BIZ
(fontspec)             UDPMincho
(fontspec)             Medium},ItalicFeatures={FakeSlant=0.27},SlantedFont={BIZ

(fontspec)             UDPMincho
(fontspec)             Medium},SlantedFeatures={FakeSlant=0.18},BoldFont={BIZ
(fontspec)             UDPGothic Bold},BoldSlantedFont={BIZ UDPGothic
(fontspec)             Bold},BoldSlantedFeatures={FakeSlant=0.18},BoldItalicFon
t={BIZ
(fontspec)             UDPGothic
(fontspec)             Bold},BoldItalicFeatures={FakeSlant=0.27},YokoFeatures={
JFM=prop}].
(fontspec)              
(fontspec)              This font family consists of the following NFSS
(fontspec)             series/shapes:
(fontspec)              

LaTeX Font Info:    Redeclaring symbol font `mincho' on input line 49.
LaTeX Font Info:    Overwriting symbol font `mincho' in version `normal'
(Font)                  JY3/mc/m/n --> JY3/BIZUDPMinchoMedium(0)/m/n on input l
ine 49.
LaTeX Font Info:    Overwriting symbol font `mincho' in version `bold'
(Font)                  JY3/gt/m/n --> JY3/BIZUDPMinchoMedium(0)/m/n on input l
ine 49.
LaTeX Font Info:    Overwriting symbol font `mincho' in version `bold'
(Font)                  JY3/BIZUDPMinchoMedium(0)/m/n --> JY3/BIZUDPMinchoMediu
m(0)/b/n on input line 49.
LaTeX Font Info:    Font shape `JT3/BIZUDPMinchoMedium(0)/m/n' will be
(Font)              scaled to size 9.24713pt on input line 49.
LaTeX Font Info:    Font shape `JY3/BIZUDPMinchoMedium(0)/m/n' will be
(Font)              scaled to size 9.24713pt on input line 49.

(/usr/local/texlive/2025/texmf-dist/tex/luatex/luatexja/jfm-prop.lua)
(/usr/local/texlive/2025/texmf-dist/tex/latex/listingsutf8/listingsutf8.sty
Package: listingsutf8 2019-12-10 v1.5 Allow UTF-8 in listings input (HO)

(/usr/local/texlive/2025/texmf-dist/tex/latex/listings/listings.sty
\lst@mode=\count560
\lst@gtempboxa=\box121
\lst@token=\toks57
\lst@length=\count561
\lst@currlwidth=\dimen398
\lst@column=\count562
\lst@pos=\count563
\lst@lostspace=\dimen399
\lst@width=\dimen400
\lst@newlines=\count564
\lst@lineno=\count565
\lst@maxwidth=\dimen401

(/usr/local/texlive/2025/texmf-dist/tex/latex/listings/lstpatch.sty
File: lstpatch.sty 2025/11/14 1.11b (Carsten Heinz)
)
(/usr/local/texlive/2025/texmf-dist/tex/latex/listings/lstmisc.sty
File: lstmisc.sty 2025/11/14 1.11b (Carsten Heinz)
\c@lstnumber=\count566
\lst@skipnumbers=\count567
\lst@framebox=\box122
)
(/usr/local/texlive/2025/texmf-dist/tex/latex/listings/listings.cfg
File: listings.cfg 2025/11/14 1.11b listings configuration
))
Package: listings 2025/11/14 1.11b (Carsten Heinz)

(/usr/local/texlive/2025/texmf-dist/tex/luatex/luatexja/patches/lltjp-listings.
sty
(/usr/local/texlive/2025/texmf-dist/tex/luatex/luatexbase/luatexbase-cctb.sty
Package: luatexbase-cctb 2015/10/04 v1.3 luatexbase interface to LuaTeX (legacy
 subpackage) 
)
\ltj@lst@japanese@min=\count568
\CatcodeTableLTJlistings=\catcodetable17
\ltj@lst@frame@lslimit@h=\dimen402
\ltj@lst@frame@lslimit@d=\dimen403
\@temptokenb=\toks58

(/usr/local/texlive/2025/texmf-dist/tex/latex/listings/lstmisc.sty
File: lstmisc.sty 2025/11/14 1.11b (Carsten Heinz)
\lst@WFtoken=\toks59
\lst@WF=\write7
))
==> First Aid for listings.sty no longer applied!
    Expected:
        2024/09/23 1.10c (Carsten Heinz)
    but found:
        2025/11/14 1.11b (Carsten Heinz)
    so I'm assuming it got fixed.
)
Package hyperref Info: Option `setpagesize' set `false' on input line 83.
Package hyperref Info: Option `bookmarksnumbered' set `true' on input line 83.
Package hyperref Info: Option `bookmarksopen' set `true' on input line 83.
Package hyperref Info: Option `colorlinks' set `true' on input line 83.
 (/usr/local/texlive/2025/texmf-dist/tex/latex/tcolorbox/tcolorbox.sty
Package: tcolorbox 2025/09/09 version 6.8.0 text color boxes

(/usr/local/texlive/2025/texmf-dist/tex/latex/tools/verbatim.sty
Package: verbatim 2024-01-22 v1.5x LaTeX2e package for verbatim enhancements
\every@verbatim=\toks60
\verbatim@line=\toks61
\verbatim@in@stream=\read6
)
(/usr/local/texlive/2025/texmf-dist/tex/latex/environ/environ.sty
Package: environ 2014/05/04 v0.3 A new way to define environments

(/usr/local/texlive/2025/texmf-dist/tex/latex/trimspaces/trimspaces.sty
Package: trimspaces 2009/09/17 v1.1 Trim spaces around a token list
))
\tcb@titlebox=\box123
\tcb@upperbox=\box124
\tcb@lowerbox=\box125
\tcb@phantombox=\box126
\c@tcbbreakpart=\count569
\c@tcblayer=\count570
\c@tcolorbox@number=\count571
\l__tcobox_tmpa_box=\box127
\l__tcobox_tmpa_dim=\dimen404
\tcb@temp=\box128
\tcb@temp=\box129
\tcb@temp=\box130
\tcb@temp=\box131
)
(/usr/local/texlive/2025/texmf-dist/tex/latex/tcolorbox/tcbbreakable.code.tex
Library (tcolorbox): 'tcbbreakable.code.tex' version '6.8.0'
(/usr/local/texlive/2025/texmf-dist/tex/latex/pdfcol/pdfcol.sty
Package: pdfcol 2022-09-21 v1.7 Handle new color stacks for pdfTeX (HO)
)
Package pdfcol Info: New color stack `tcb@breakable' = 1 on input line 23.
\tcb@testbox=\box132
\tcb@totalupperbox=\box133
\tcb@totallowerbox=\box134
)
(/usr/local/texlive/2025/texmf-dist/tex/latex/tcolorbox/tcbskins.code.tex
Library (tcolorbox): 'tcbskins.code.tex' version '6.8.0'
(/usr/local/texlive/2025/texmf-dist/tex/latex/tikzfill/tikzfill.image.sty
Package: tikzfill.image 2023/08/08 v1.0.1 Image filling library for TikZ

(/usr/local/texlive/2025/texmf-dist/tex/latex/tikzfill/tikzfill-common.sty
Package: tikzfill-common 2023/08/08 v1.0.1 Auxiliary code for tikzfill
)
(/usr/local/texlive/2025/texmf-dist/tex/latex/tikzfill/tikzlibraryfill.image.co
de.tex
File: tikzlibraryfill.image.code.tex 2023/08/08 v1.0.1 Image filling library
\l__tikzfill_img_box=\box135
))
(/usr/local/texlive/2025/texmf-dist/tex/latex/tcolorbox/tcbskinsjigsaw.code.tex
Library (tcolorbox): 'tcbskinsjigsaw.code.tex' version '6.8.0'
)) (/usr/local/texlive/2025/texmf-dist/tex/latex/tcolorbox/tcbtheorems.code.tex
Library (tcolorbox): 'tcbtheorems.code.tex' version '6.8.0'
)
\c@tcb@cnt@Rscreen=\count572
\c@tcb@cnt@SCrstan=\count573
\c@tcb@cnt@SCcmd=\count574
\c@tcb@cnt@MCMCout=\count575
\c@tcb@cnt@reidai=\count576
\c@tcb@cnt@hinto=\count577
 (/usr/local/texlive/2025/texmf-dist/tex/latex/capt-of/capt-of.sty
Package: capt-of 2009/12/29 v0.2 standard captions outside of floats
)
\c@tcb@cnt@FAQ=\count578

(/usr/local/texlive/2025/texmf-dist/tex/latex/base/makeidx.sty
Package: makeidx 2021/10/04 v1.0m Standard LaTeX package
)
\@indexfile=\write8

\openout8 = Dkiso1_book_kdp.idx

Writing index file Dkiso1_book_kdp.idx
(/usr/local/texlive/2025/texmf-dist/tex/latex/fancyhdr/fancyhdr.sty
Package: fancyhdr 2025/02/07 v5.2 Extensive control of page headers and footers

\f@nch@headwidth=\skip96
\f@nch@offset@elh=\skip97
\f@nch@offset@erh=\skip98
\f@nch@offset@olh=\skip99
\f@nch@offset@orh=\skip100
\f@nch@offset@elf=\skip101
\f@nch@offset@erf=\skip102
\f@nch@offset@olf=\skip103
\f@nch@offset@orf=\skip104
\f@nch@height=\skip105
\f@nch@footalignment=\skip106
\f@nch@widthL=\skip107
\f@nch@widthC=\skip108
\f@nch@widthR=\skip109
))
(/usr/local/texlive/2025/texmf-dist/tex/latex/docmute/docmute.sty
Package: docmute 2012/03/22 v1.4 Input stand-alone documents
)
(/usr/local/texlive/2025/texmf-dist/tex/luatex/luatexja/patches/lltjp-array.sty
Package: lltjp-array 2024-07-21 Patch to array for LuaTeX-ja
)
\@quotelevel=\count579
\@quotereset=\count580
 (./Dkiso1_book_kdp.aux (./m01_introduction.aux) (./m02_Numbers.aux)
(./m03_introR.aux) (./m04_usingR.aux) (./m05_descriptives.aux) (./m06_ctt.aux)
(./m07_probability.aux) (./m08_CorrelationCausation.aux) (./m09_Regression.aux) (./m10_MultipleRegression.aux) (./m11_Regression_onR.aux) (./m12_design1.aux)
(./m13_design2.aux) (./m14_design3.aux) (./m15_FirstSemester.aux)
(./m16_inference.aux) (./m17_estimation_and_test.aux) (./m18_NHST.aux)
(./m19_NHST2.aux) (./m20_ttest.aux) (./m21_anova.aux) (./m22_anova_onR.aux)
(./m23_likelihood.aux) (./m24_maximum_likelihood.aux

LaTeX Warning: Label `fig:24_02' multiply defined.

) (./m25_bayesian.aux) (./m26_bayesian2.aux) (./m27_bayesian3.aux)
(./m28_jasp.aux) (./m29_brms.aux) (./m30_SecondSemester.aux))
\openout1 = Dkiso1_book_kdp.aux

LaTeX Font Info:    Checking defaults for OML/cmm/m/it on input line 17.
LaTeX Font Info:    ... okay on input line 17.
LaTeX Font Info:    Checking defaults for OMS/cmsy/m/n on input line 17.
LaTeX Font Info:    ... okay on input line 17.
LaTeX Font Info:    Checking defaults for OT1/cmr/m/n on input line 17.
LaTeX Font Info:    ... okay on input line 17.
LaTeX Font Info:    Checking defaults for T1/cmr/m/n on input line 17.
LaTeX Font Info:    ... okay on input line 17.
LaTeX Font Info:    Checking defaults for TS1/cmr/m/n on input line 17.
LaTeX Font Info:    ... okay on input line 17.
LaTeX Font Info:    Checking defaults for TU/lmr/m/n on input line 17.
LaTeX Font Info:    ... okay on input line 17.
LaTeX Font Info:    Checking defaults for OMX/cmex/m/n on input line 17.
LaTeX Font Info:    ... okay on input line 17.
LaTeX Font Info:    Checking defaults for U/cmr/m/n on input line 17.
LaTeX Font Info:    ... okay on input line 17.
LaTeX Font Info:    Checking defaults for JY3/mc/m/n on input line 17.
LaTeX Font Info:    ... okay on input line 17.
LaTeX Font Info:    Checking defaults for JT3/mc/m/n on input line 17.
LaTeX Font Info:    ... okay on input line 17.
LaTeX Font Info:    Checking defaults for PD1/pdf/m/n on input line 17.
LaTeX Font Info:    ... okay on input line 17.
LaTeX Font Info:    Checking defaults for PU/pdf/m/n on input line 17.
LaTeX Font Info:    ... okay on input line 17.

(/usr/local/texlive/2025/texmf-dist/tex/context/base/mkii/supp-pdf.mkii
[Loading MPS to PDF converter (version 2006.09.02).]
\scratchcounter=\count581
\scratchdimen=\dimen405
\scratchbox=\box136
\nofMPsegments=\count582
\nofMParguments=\count583
\everyMPshowfont=\toks62
\MPscratchCnt=\count584
\MPscratchDim=\dimen406
\MPnumerator=\count585
\makeMPintoPDFobject=\count586
\everyMPtoPDFconversion=\toks63
) (/usr/local/texlive/2025/texmf-dist/tex/latex/epstopdf-pkg/epstopdf-base.sty
Package: epstopdf-base 2020-01-24 v2.11 Base part for package epstopdf
Package epstopdf-base Info: Redefining graphics rule for `.eps' on input line 4
85.

(/usr/local/texlive/2025/texmf-dist/tex/latex/latexconfig/epstopdf-sys.cfg
File: epstopdf-sys.cfg 2010/07/13 v1.3 Configuration of (r)epstopdf for TeX Liv
e
))

Package hyperref Warning: Draft mode on.

Package hyperref Info: Link coloring ON on input line 17.
Package biblatex Info: Trying to load language 'english'...
Package biblatex Info: ... file 'english.lbx' found.
(/usr/local/texlive/2025/texmf-dist/tex/latex/biblatex/lbx/english.lbx
File: english.lbx 2025/07/10 v3.21 biblatex localization (PK/MW)
)
Package biblatex Info: LuaTeX detected.
(biblatex)             Assuming input encoding 'utf8'.
Package biblatex Info: Automatic encoding selection.
(biblatex)             Assuming data encoding 'utf8'.

\openout4 = Dkiso1_book_kdp.bcf
Package biblatex Info: Trying to load bibliographic data...
Package biblatex Info: ... file 'Dkiso1_book_kdp.bbl' found.

(./Dkiso1_book_kdp.bbl)
Package biblatex Info: Reference section=0 on input line 17.
Package biblatex Info: Reference segment=0 on input line 17.

*geometry* driver: auto-detecting
*geometry* detected driver: luatex
*geometry* verbose mode - [ preamble ] result:
* driver: luatex
* paper: <default>
* layout: <same size as paper>
* layoutoffset:(h,v)=(0.0pt,0.0pt)
* modes: includehead includefoot twoside heightrounded 
* h-part:(L,W,R)=(91.04881pt, 449.55356pt, 56.9055pt)
* v-part:(T,H,B)=(71.13188pt, 702.78308pt, 71.13188pt)
* \paperwidth=597.50787pt
* \paperheight=845.04684pt
* \textwidth=449.55356pt
* \textheight=652.76108pt
* \oddsidemargin=18.77882pt
* \evensidemargin=-15.36449pt
* \topmargin=-1.1381pt
* \headheight=20.0pt
* \headsep=14.31049pt
* \topskip=12.76108pt
* \footskip=16.0pt
* \marginparwidth=120.2127pt
* \marginparsep=18.49426pt
* \columnsep=18.49426pt
* \skip\footins=16.0pt plus 5.0pt minus 2.0pt
* \hoffset=0.0pt
* \voffset=0.0pt
* \mag=1000
* \@twocolumnfalse
* \@twosidetrue
* \@mparswitchtrue
* \@reversemarginfalse
* (1in=72.27pt=25.4mm, 1cm=28.453pt)

(/usr/local/texlive/2025/texmf-dist/tex/latex/pdflscape/pdflscape.sty
Package: pdflscape 2025-06-23 v0.14 Display of landscape pages in PDF

(/usr/local/texlive/2025/texmf-dist/tex/latex/pdflscape/pdflscape-nometadata.st
y
Package: pdflscape-nometadata 2025-06-23 v0.14 Display of landscape pages in PD
F (HO)
Package pdflscape Info: Auto-detected driver: pdftex on input line 81.
))

Package tablefootnote Warning: LuaTeX and hyperref package used:
(tablefootnote)                Hyperreferences in rotated content
(tablefootnote)                will be misplaced
(tablefootnote)                regardless of tablefootnote package.
(tablefootnote)                The text to be printed will be OK.


Package fontspec Info: 
(fontspec)             Adjusting the maths setup (use [no-math] to avoid
(fontspec)             this).

\symlegacymaths=\mathgroup11
LaTeX Font Info:    Overwriting symbol font `legacymaths' in version `bold'
(Font)                  OT1/cmr/m/n --> OT1/cmr/bx/n on input line 17.
LaTeX Font Info:    Redeclaring math accent \acute on input line 17.
LaTeX Font Info:    Redeclaring math accent \grave on input line 17.
LaTeX Font Info:    Redeclaring math accent \ddot on input line 17.
LaTeX Font Info:    Redeclaring math accent \tilde on input line 17.
LaTeX Font Info:    Redeclaring math accent \bar on input line 17.
LaTeX Font Info:    Redeclaring math accent \breve on input line 17.
LaTeX Font Info:    Redeclaring math accent \check on input line 17.
LaTeX Font Info:    Redeclaring math accent \hat on input line 17.
LaTeX Font Info:    Redeclaring math accent \dot on input line 17.
LaTeX Font Info:    Redeclaring math accent \mathring on input line 17.
LaTeX Font Info:    Redeclaring math symbol \Gamma on input line 17.
LaTeX Font Info:    Redeclaring math symbol \Delta on input line 17.
LaTeX Font Info:    Redeclaring math symbol \Theta on input line 17.
LaTeX Font Info:    Redeclaring math symbol \Lambda on input line 17.
LaTeX Font Info:    Redeclaring math symbol \Xi on input line 17.
LaTeX Font Info:    Redeclaring math symbol \Pi on input line 17.
LaTeX Font Info:    Redeclaring math symbol \Sigma on input line 17.
LaTeX Font Info:    Redeclaring math symbol \Upsilon on input line 17.
LaTeX Font Info:    Redeclaring math symbol \Phi on input line 17.
LaTeX Font Info:    Redeclaring math symbol \Psi on input line 17.
LaTeX Font Info:    Redeclaring math symbol \Omega on input line 17.
LaTeX Font Info:    Redeclaring math symbol \mathdollar on input line 17.
LaTeX Font Info:    Redeclaring symbol font `operators' on input line 17.
LaTeX Font Info:    Encoding `OT1' has changed to `TU' for symbol font
(Font)              `operators' in the math version `normal' on input line 17.
LaTeX Font Info:    Overwriting symbol font `operators' in version `normal'
(Font)                  OT1/cmr/m/n --> TU/TeXGyreTermes(0)/m/n on input line 1
7.
LaTeX Font Info:    Encoding `OT1' has changed to `TU' for symbol font
(Font)              `operators' in the math version `bold' on input line 17.
LaTeX Font Info:    Overwriting symbol font `operators' in version `bold'
(Font)                  OT1/cmr/bx/n --> TU/TeXGyreTermes(0)/m/n on input line 
17.
LaTeX Font Info:    Overwriting symbol font `operators' in version `normal'
(Font)                  TU/TeXGyreTermes(0)/m/n --> TU/TeXGyreTermes(0)/m/n on 
input line 17.
LaTeX Font Info:    Overwriting math alphabet `\mathit' in version `normal'
(Font)                  OT1/cmr/m/it --> TU/TeXGyreTermes(0)/m/it on input line
 17.
LaTeX Font Info:    Overwriting math alphabet `\mathbf' in version `normal'
(Font)                  OT1/cmr/bx/n --> TU/TeXGyreTermes(0)/b/n on input line 
17.
LaTeX Font Info:    Overwriting math alphabet `\mathsf' in version `normal'
(Font)                  OT1/cmss/m/n --> TU/lmss/m/n on input line 17.
LaTeX Font Info:    Overwriting math alphabet `\mathtt' in version `normal'
(Font)                  OT1/cmtt/m/n --> TU/lmtt/m/n on input line 17.
LaTeX Font Info:    Overwriting symbol font `operators' in version `bold'
(Font)                  TU/TeXGyreTermes(0)/m/n --> TU/TeXGyreTermes(0)/b/n on 
input line 17.
LaTeX Font Info:    Overwriting math alphabet `\mathit' in version `bold'
(Font)                  OT1/cmr/bx/it --> TU/TeXGyreTermes(0)/b/it on input lin
e 17.
LaTeX Font Info:    Overwriting math alphabet `\mathsf' in version `bold'
(Font)                  OT1/cmss/bx/n --> TU/lmss/b/n on input line 17.
LaTeX Font Info:    Overwriting math alphabet `\mathtt' in version `bold'
(Font)                  OT1/cmtt/m/n --> TU/lmtt/b/n on input line 17.
\c__nicematrix_shift_Ldots_last_row_dim=\dimen407
\c__nicematrix_innersep_middle_dim=\dimen408
\c@lstlisting=\count587
(/usr/local/texlive/2025/texmf-dist/tex/latex/base/inputenc.sty
Package: inputenc 2024/02/08 v1.3d Input encoding file
\inpenc@prehook=\toks64
\inpenc@posthook=\toks65
)
\docmute@nestinglevel=\count588
LaTeX Font Info:    Font shape `JT3/BIZUDPMinchoMedium(0)/m/n' will be
(Font)              scaled to size 15.97903pt on input line 25.
LaTeX Font Info:    Font shape `JY3/BIZUDPMinchoMedium(0)/m/n' will be
(Font)              scaled to size 15.97903pt on input line 25.
LaTeX Font Info:    Font shape `JT3/BIZUDPMinchoMedium(0)/m/n' will be
(Font)              scaled to size 11.09656pt on input line 25.
LaTeX Font Info:    Font shape `JY3/BIZUDPMinchoMedium(0)/m/n' will be
(Font)              scaled to size 11.09656pt on input line 25.
LaTeX Font Info:    Font shape `JY3/BIZUDPMinchoMedium(0)/m/n' will be
(Font)              scaled to size 7.3977pt on input line 25.
LaTeX Font Info:    Font shape `JY3/BIZUDPMinchoMedium(0)/m/n' will be
(Font)              scaled to size 5.54828pt on input line 25.
LaTeX Font Info:    Trying loading font information for U+msa on input line 25.


(/usr/local/texlive/2025/texmf-dist/tex/latex/amsfonts/umsa.fd
File: umsa.fd 2013/01/14 v3.01 AMS symbols A
)
LaTeX Font Info:    Trying loading font information for U+msb on input line 25.


(/usr/local/texlive/2025/texmf-dist/tex/latex/amsfonts/umsb.fd
File: umsb.fd 2013/01/14 v3.01 AMS symbols B
)
LaTeX Font Info:    Font shape `JY3/gt/m/n' will be
(Font)              scaled to size 11.09656pt on input line 25.
LaTeX Font Info:    Font shape `JY3/gt/m/n' will be
(Font)              scaled to size 7.3977pt on input line 25.
LaTeX Font Info:    Font shape `JY3/gt/m/n' will be
(Font)              scaled to size 5.54828pt on input line 25.
 [1


{/usr/local/texlive/2025/texmf-var/fonts/map/pdftex/updmap/pdftex.map}] (./pref
ace1.tex
LaTeX Font Info:    Font shape `JT3/BIZUDPMinchoMedium(0)/m/n' will be
(Font)              scaled to size 13.31586pt on input line 1.
LaTeX Font Info:    Font shape `JY3/BIZUDPMinchoMedium(0)/m/n' will be
(Font)              scaled to size 13.31586pt on input line 1.
LaTeX Font Info:    Font shape `JT3/gt/m/n' will be
(Font)              scaled to size 13.31586pt on input line 1.
LaTeX Font Info:    Font shape `JY3/gt/m/n' will be
(Font)              scaled to size 13.31586pt on input line 1.
(load cache: extra_lmsans12-regular.luc)
LaTeX Font Info:    Font shape `JT3/gt/m/n' will be
(Font)              scaled to size 11.09656pt on input line 2.
LaTeX Font Info:    Font shape `JT3/gt/m/n' will be
(Font)              scaled to size 9.24713pt on input line 8.
(load cache: extra_lmsans10-regular.luc)
LaTeX Font Info:    Font shape `JY3/BIZUDPMinchoMedium(0)/m/n' will be
(Font)              scaled to size 6.47299pt on input line 16.
LaTeX Font Info:    Font shape `JY3/BIZUDPMinchoMedium(0)/m/n' will be
(Font)              scaled to size 4.62357pt on input line 16.
LaTeX Font Info:    Font shape `JY3/gt/m/n' will be
(Font)              scaled to size 6.47299pt on input line 16.
LaTeX Font Info:    Font shape `JY3/gt/m/n' will be
(Font)              scaled to size 4.62357pt on input line 16.
LaTeX Font Info:    Font shape `JT3/BIZUDPMinchoMedium(0)/m/n' will be
(Font)              scaled to size 6.47299pt on input line 16.
LaTeX Font Info:    Font shape `JT3/BIZUDPMinchoMedium(0)/m/n' will be
(Font)              scaled to size 7.3977pt on input line 16.
LaTeX Font Info:    Font shape `JT3/BIZUDPMinchoMedium(0)/m/n' will be
(Font)              scaled to size 5.54828pt on input line 16.
LaTeX Font Info:    Font shape `JT3/BIZUDPMinchoMedium(0)/m/n' will be
(Font)              scaled to size 8.32242pt on input line 26.
LaTeX Font Info:    Font shape `JY3/BIZUDPMinchoMedium(0)/m/n' will be
(Font)              scaled to size 8.32242pt on input line 26.
)
LaTeX Font Info:    Font shape `TU/TeXGyreTermes(0)/m/sl' in size <10> not avai
lable
(Font)              Font shape `TU/TeXGyreTermes(0)/m/it' tried instead on inpu
t line 30.
LaTeX Font Info:    Font shape `JT3/BIZUDPMinchoMedium(0)/m/sl' will be
(Font)              scaled to size 9.24713pt on input line 30.
LaTeX Font Info:    Font shape `JY3/BIZUDPMinchoMedium(0)/m/sl' will be
(Font)              scaled to size 9.24713pt on input line 30.

[2] [3] [4

]
LaTeX Font Info:    Font shape `JT3/BIZUDPMinchoMedium(0)/m/n' will be
(Font)              scaled to size 23.00687pt on input line 30.
LaTeX Font Info:    Font shape `JY3/BIZUDPMinchoMedium(0)/m/n' will be
(Font)              scaled to size 23.00687pt on input line 30.
LaTeX Font Info:    Font shape `JT3/gt/m/n' will be
(Font)              scaled to size 23.00687pt on input line 30.
LaTeX Font Info:    Font shape `JY3/gt/m/n' will be
(Font)              scaled to size 23.00687pt on input line 30.
(load cache: extra_lmsans17-regular.luc) (./Dkiso1_book_kdp.toc [5] [6] [7] [8]
 [9] [10])
\tf@toc=\write9

\openout9 = Dkiso1_book_kdp.toc
 [11] [12

]
LaTeX Font Info:    Font shape `JT3/BIZUDPMinchoMedium(0)/m/n' will be
(Font)              scaled to size 19.17854pt on input line 35.
LaTeX Font Info:    Font shape `JY3/BIZUDPMinchoMedium(0)/m/n' will be
(Font)              scaled to size 19.17854pt on input line 35.
LaTeX Font Info:    Font shape `JT3/gt/m/n' will be
(Font)              scaled to size 19.17854pt on input line 35.
LaTeX Font Info:    Font shape `JY3/gt/m/n' will be
(Font)              scaled to size 19.17854pt on input line 35.
LaTeX Font Info:    Font shape `JT3/BIZUDPMinchoMedium(0)/m/n' will be
(Font)              scaled to size 4.62357pt on input line 35.
(load cache: extra_lmsans8-regular.luc)
LaTeX Font Info:    Font shape `JT3/gt/m/n' will be
(Font)              scaled to size 4.62357pt on input line 35.
 [13]
[14]
\openout2 = m01_introduction.aux
 (./m01_introduction.tex
第1章

LaTeX Warning: Citation 'Michimata200903' on page 15 undefined on input line 25
.

LaTeX Font Info:    Font shape `JT3/BIZUDPMinchoMedium(0)/b/n' will be
(Font)              scaled to size 9.24713pt on input line 25.
LaTeX Font Info:    Font shape `JY3/BIZUDPMinchoMedium(0)/b/n' will be
(Font)              scaled to size 9.24713pt on input line 25.
[15


]

LaTeX Warning: Citation 'Shimoyama2001' on page 16 undefined on input line 45.


LaTeX Warning: Citation 'Shimoyama2001' on page 16 undefined on input line 49.

LaTeX Font Info:    Font shape `JT3/BIZUDPMinchoMedium(0)/b/n' will be
(Font)              scaled to size 8.32242pt on input line 49.
LaTeX Font Info:    Font shape `JY3/BIZUDPMinchoMedium(0)/b/n' will be
(Font)              scaled to size 8.32242pt on input line 49.

LaTeX Warning: Citation 'Shimoyama2001' on page 16 undefined on input line 49.

[16]

LaTeX Warning: Citation 'IkeuchiR2014' on page 17 undefined on input line 84.

LaTeX Font Info:    Font shape `JT3/BIZUDPMinchoMedium(0)/b/n' will be
(Font)              scaled to size 7.3977pt on input line 84.
LaTeX Font Info:    Font shape `JY3/BIZUDPMinchoMedium(0)/b/n' will be
(Font)              scaled to size 7.3977pt on input line 84.

LaTeX Warning: Citation 'Hebizo2016' on page 17 undefined on input line 84.

[17]

LaTeX Warning: Citation 'Descartes' on page 18 undefined on input line 89.

[18]
<../images/01_introduction/psychology_base.png, id=73, 550.055pt x 152.57pt>
File: ../images/01_introduction/psychology_base.png Graphic file (type png)
<use ../images/01_introduction/psychology_base.png>
Package luatex.def Info: ../images/01_introduction/psychology_base.png  used on
 input line 115.
(luatex.def)             Requested size: 292.20706pt x 81.05261pt.
 [19<../images/01_introduction/psychology_base.png>]) [20]
\openout2 = m02_Numbers.aux

(./m02_Numbers.tex
第2章
<../images/02_Numbers/slide03_01.png, id=82, 771.88374pt x 273.02pt>
File: ../images/02_Numbers/slide03_01.png Graphic file (type png)
<use ../images/02_Numbers/slide03_01.png>
Package luatex.def Info: ../images/02_Numbers/slide03_01.png  used on input lin
e 16.
(luatex.def)             Requested size: 359.64421pt x 127.2071pt.
[21




<../images/02_Numbers/slide03_01.png>]
<../images/02_Numbers/slide03_02.png, id=87, 725.71124pt x 364.36125pt>
File: ../images/02_Numbers/slide03_02.png Graphic file (type png)
<use ../images/02_Numbers/slide03_02.png>
Package luatex.def Info: ../images/02_Numbers/slide03_02.png  used on input lin
e 25.
(luatex.def)             Requested size: 359.64421pt x 180.57341pt.
<../images/02_Numbers/slide03_03.png, id=88, 732.7375pt x 442.65375pt>
File: ../images/02_Numbers/slide03_03.png Graphic file (type png)
<use ../images/02_Numbers/slide03_03.png>
Package luatex.def Info: ../images/02_Numbers/slide03_03.png  used on input lin
e 36.
(luatex.def)             Requested size: 359.64421pt x 217.26695pt.
 [22<../images/02_Numbers/slide03_02.png>] [23<../images/02_Numbers/slide03_03.p
ng>]
<../images/02_Numbers/constructs.png, id=96, 900.36375pt x 581.17125pt>
File: ../images/02_Numbers/constructs.png Graphic file (type png)
<use ../images/02_Numbers/constructs.png>
Package luatex.def Info: ../images/02_Numbers/constructs.png  used on input lin
e 53.
(luatex.def)             Requested size: 224.77678pt x 145.08849pt.


LaTeX Warning: Citation 'Suenaga1987' on page 24 undefined on input line 54.


LaTeX Warning: Citation 'Suenaga1987' on page 24 undefined on input line 54.

[24<../images/02_Numbers/constructs.png>] [25]
<../images/02_Numbers/slide03_04.png, id=106, 376.40625pt x 454.69875pt>
File: ../images/02_Numbers/slide03_04.png Graphic file (type png)
<use ../images/02_Numbers/slide03_04.png>
Package luatex.def Info: ../images/02_Numbers/slide03_04.png  used on input lin
e 113.
(luatex.def)             Requested size: 224.77678pt x 271.5378pt.
 [26]

LaTeX Warning: Citation 'stevens1946' on page 27 undefined on input line 124.

[27<../images/02_Numbers/slide03_04.png>](load cache: extra_lmmono10-regular.luc
)
<../images/02_Numbers/slide03_05.png, id=114, 845.1575pt x 198.7425pt>
File: ../images/02_Numbers/slide03_05.png Graphic file (type png)
<use ../images/02_Numbers/slide03_05.png>
Package luatex.def Info: ../images/02_Numbers/slide03_05.png  used on input lin
e 144.
(luatex.def)             Requested size: 359.64421pt x 84.5721pt.
 [28]

LaTeX Warning: Citation 'stevens1946' on page 29 undefined on input line 161.


LaTeX Warning: Citation 'stevens1946' on page 29 undefined on input line 161.


LaTeX Warning: Citation 'Yoshino2007' on page 29 undefined on input line 161.

[29<../images/02_Numbers/slide03_05.png>] [30]

LaTeX Warning: Citation 'ggplot2' on page 31 undefined on input line 188.

<../images/02_Numbers/ggplot_sample_01.png, id=125, 867.24pt x 867.24pt>
File: ../images/02_Numbers/ggplot_sample_01.png Graphic file (type png)
<use ../images/02_Numbers/ggplot_sample_01.png>
Package luatex.def Info: ../images/02_Numbers/ggplot_sample_01.png  used on inp
ut line 192.
(luatex.def)             Requested size: 359.64421pt x 359.64647pt.
<../images/02_Numbers/ggplot_sample_02.png, id=126, 867.24pt x 433.62pt>
File: ../images/02_Numbers/ggplot_sample_02.png Graphic file (type png)
<use ../images/02_Numbers/ggplot_sample_02.png>
Package luatex.def Info: ../images/02_Numbers/ggplot_sample_02.png  used on inp
ut line 199.
(luatex.def)             Requested size: 359.64421pt x 179.82323pt.
<../images/02_Numbers/ggplot_sample_03.png, id=127, 867.24pt x 433.62pt>
File: ../images/02_Numbers/ggplot_sample_03.png Graphic file (type png)
<use ../images/02_Numbers/ggplot_sample_03.png>
Package luatex.def Info: ../images/02_Numbers/ggplot_sample_03.png  used on inp
ut line 205.
(luatex.def)             Requested size: 359.64421pt x 179.82323pt.

LaTeX Warning: Citation 'Kieran2018' on page 31 undefined on input line 216.


LaTeX Warning: Citation 'Kinosady2021' on page 31 undefined on input line 216.

(load cache: extra_lmmono8-regular.luc)
LaTeX Font Info:    Font shape `JT3/gt/m/n' will be
(Font)              scaled to size 7.3977pt on input line 216.
[31]
<../images/02_Numbers/ggplot_sample_04.png, id=134, 867.24pt x 433.62pt>
File: ../images/02_Numbers/ggplot_sample_04.png Graphic file (type png)
<use ../images/02_Numbers/ggplot_sample_04.png>
Package luatex.def Info: ../images/02_Numbers/ggplot_sample_04.png  used on inp
ut line 228.
(luatex.def)             Requested size: 359.64421pt x 179.82323pt.
 [32<../images/02_Numbers/ggplot_sample_01.png>]

LaTeX Warning: Citation 'Takagi196807' on page 33 undefined on input line 235.


LaTeX Warning: Citation 'Kieran2018' on page 33 undefined on input line 236.


LaTeX Warning: Citation 'Kieran2018' on page 33 undefined on input line 237.

[33<../images/02_Numbers/ggplot_sample_02.png><../images/02_Numbers/ggplot_sampl
e_03.png>] (/usr/local/texlive/2025/texmf-dist/tex/latex/listings/lstlang1.sty
File: lstlang1.sty 2025/11/14 1.11b listings language file
) (/usr/local/texlive/2025/texmf-dist/tex/latex/listings/lstlang1.sty
File: lstlang1.sty 2025/11/14 1.11b listings language file
)
(/usr/local/texlive/2025/texmf-dist/tex/latex/listings/lstmisc.sty
File: lstmisc.sty 2025/11/14 1.11b (Carsten Heinz)
)
Package hyperref Info: bookmark level for unknown lstlisting defaults to 0 on i
nput line 247.
LaTeX Font Info:    Font shape `JT3/gt/m/n' will be
(Font)              scaled to size 8.32242pt on input line 247.
LaTeX Font Info:    Font shape `JY3/gt/m/n' will be
(Font)              scaled to size 8.32242pt on input line 247.
Removing  `ltj.process_input_buffer' from `process_input_buffer'.
Inserting `ltj.listings_unicode' in `process_input_buffer'.
Inserting `ltj.process_input_buffer' in `process_input_buffer'. [34<../images/02
_Numbers/ggplot_sample_04.png>]
Removing  `ltj.listings_unicode' from `process_input_buffer'. [35]) [36]
\openout2 = m03_introR.aux
 (./m03
_introR.tex
第3章
[37




]
<../images/03_introR/computer_02.png, id=154, 1753.55125pt x 1580.90625pt>
File: ../images/03_introR/computer_02.png Graphic file (type png)
<use ../images/03_introR/computer_02.png>
Package luatex.def Info: ../images/03_introR/computer_02.png  used on input lin
e 30.
(luatex.def)             Requested size: 359.64421pt x 324.23262pt.
<../images/03_introR/computer_03.png, id=155, 1069.9975pt x 874.26625pt>
File: ../images/03_introR/computer_03.png Graphic file (type png)
<use ../images/03_introR/computer_03.png>
Package luatex.def Info: ../images/03_introR/computer_03.png  used on input lin
e 37.
(luatex.def)             Requested size: 359.64421pt x 293.85817pt.
<../images/03_introR/computer_04.png, id=156, 653.44125pt x 373.395pt>
File: ../images/03_introR/computer_04.png Graphic file (type png)
<use ../images/03_introR/computer_04.png>
Package luatex.def Info: ../images/03_introR/computer_04.png  used on input lin
e 45.
(luatex.def)             Requested size: 359.64421pt x 205.51031pt.
<../images/03_introR/computer_05.png, id=157, 845.1575pt x 328.22626pt>
File: ../images/03_introR/computer_05.png Graphic file (type png)
<use ../images/03_introR/computer_05.png>
Package luatex.def Info: ../images/03_introR/computer_05.png  used on input lin
e 52.
(luatex.def)             Requested size: 359.64421pt x 139.6721pt.
 [38<../images/03_introR/computer_02.png>] [39<../images/03_introR/computer_03.p
ng>] [40<../images/03_introR/computer_04.png><../images/03_introR/computer_05.pn
g>]

LaTeX Warning: Citation 'kosugi2019' on page 41 undefined on input line 83.

[41]
<../images/03_introR/Screen1.png, id=171, 1466.47874pt x 1024.82875pt>
File: ../images/03_introR/Screen1.png Graphic file (type png)
<use ../images/03_introR/Screen1.png>
Package luatex.def Info: ../images/03_introR/Screen1.png  used on input line 97
.
(luatex.def)             Requested size: 337.16516pt x 235.61183pt.
<../images/03_introR/Screen2.png, id=172, 1353.055pt x 935.495pt>
File: ../images/03_introR/Screen2.png Graphic file (type png)
<use ../images/03_introR/Screen2.png>
Package luatex.def Info: ../images/03_introR/Screen2.png  used on input line 10
4.
(luatex.def)             Requested size: 337.16516pt x 233.11662pt.
<../images/03_introR/Screen3.png, id=173, 1466.47874pt x 1024.82875pt>
File: ../images/03_introR/Screen3.png Graphic file (type png)
<use ../images/03_introR/Screen3.png>
Package luatex.def Info: ../images/03_introR/Screen3.png  used on input line 11
1.
(luatex.def)             Requested size: 337.16516pt x 235.61183pt.
(load cache: extra_lmsans10-bold.luc)
LaTeX Font Info:    Font shape `JT3/gt/b/n' in size <10> not available
(Font)              Font shape `JT3/gt/m/n' tried instead on input line 119.
LaTeX Font Info:    Font shape `JT3/gt/m/n' will be
(Font)              scaled to size 9.24713pt on input line 119.
LaTeX Font Info:    Font shape `JY3/gt/b/n' in size <10> not available
(Font)              Font shape `JY3/gt/m/n' tried instead on input line 119.
LaTeX Font Info:    Font shape `JY3/gt/m/n' will be
(Font)              scaled to size 9.24713pt on input line 119.
 [42] [43<../images/03_introR/Screen1.png><../images/03_introR/Screen2.png>]
Removing  `ltj.process_input_buffer' from `process_input_buffer'.
Inserting `ltj.listings_unicode' in `process_input_buffer'.
Inserting `ltj.process_input_buffer' in `process_input_buffer'. [44<../images/03
_introR/Screen3.png>]
Removing  `ltj.listings_unicode' from `process_input_buffer'.
<../images/03_introR/Screen4.png, id=184, 771.88374pt x 998.73125pt>
File: ../images/03_introR/Screen4.png Graphic file (type png)
<use ../images/03_introR/Screen4.png>
Package luatex.def Info: ../images/03_introR/Screen4.png  used on input line 16
0.
(luatex.def)             Requested size: 292.20706pt x 378.07407pt.
 [45] [46<../images/03_introR/Screen4.png>]
<../images/03_introR/Screen5.png, id=191, 550.055pt x 398.48875pt>
File: ../images/03_introR/Screen5.png Graphic file (type png)
<use ../images/03_introR/Screen5.png>
Package luatex.def Info: ../images/03_introR/Screen5.png  used on input line 21
3.
(luatex.def)             Requested size: 292.20706pt x 211.69662pt.
<../images/03_introR/Screen6.png, id=192, 1806.75pt x 870.25125pt>
File: ../images/03_introR/Screen6.png Graphic file (type png)
<use ../images/03_introR/Screen6.png>
Package luatex.def Info: ../images/03_introR/Screen6.png  used on input line 22
1.
(luatex.def)             Requested size: 359.64421pt x 173.22386pt.
 [47] [48<../images/03_introR/Screen5.png><../images/03_introR/Screen6.png>]
Removing  `ltj.process_input_buffer' from `process_input_buffer'.
Inserting `ltj.listings_unicode' in `process_input_buffer'.
Inserting `ltj.process_input_buffer' in `process_input_buffer'. [49]
Removing  `ltj.listings_unicode' from `process_input_buffer'.

LaTeX Warning: Citation 'tidyverse' on page 50 undefined on input line 265.

<../images/04_usingR/screen16.png, id=202, 1230.5975pt x 610.28pt>
File: ../images/04_usingR/screen16.png Graphic file (type png)
<use ../images/04_usingR/screen16.png>
Package luatex.def Info: ../images/04_usingR/screen16.png  used on input line 2
69.
(luatex.def)             Requested size: 359.64421pt x 178.35486pt.
Removing  `ltj.process_input_buffer' from `process_input_buffer'.
Inserting `ltj.listings_unicode' in `process_input_buffer'.
Inserting `ltj.process_input_buffer' in `process_input_buffer'.
Removing  `ltj.listings_unicode' from `process_input_buffer'.
Removing  `ltj.process_input_buffer' from `process_input_buffer'.
Inserting `ltj.listings_unicode' in `process_input_buffer'.
Inserting `ltj.process_input_buffer' in `process_input_buffer'. [50]
Removing  `ltj.listings_unicode' from `process_input_buffer'. [51<../images/04_u
singR/screen16.png>]
Removing  `ltj.process_input_buffer' from `process_input_buffer'.
Inserting `ltj.listings_unicode' in `process_input_buffer'.
Inserting `ltj.process_input_buffer' in `process_input_buffer'.
Removing  `ltj.listings_unicode' from `process_input_buffer'.
<../images/03_introR/Screen7.png, id=210, 562.1pt x 580.1675pt>
File: ../images/03_introR/Screen7.png Graphic file (type png)
<use ../images/03_introR/Screen7.png>
Package luatex.def Info: ../images/03_introR/Screen7.png  used on input line 34
4.
(luatex.def)             Requested size: 292.20706pt x 301.6003pt.
Removing  `ltj.process_input_buffer' from `process_input_buffer'.
Inserting `ltj.listings_unicode' in `process_input_buffer'.
Inserting `ltj.process_input_buffer' in `process_input_buffer'.
Removing  `ltj.listings_unicode' from `process_input_buffer'. [52]
Removing  `ltj.process_input_buffer' from `process_input_buffer'.
Inserting `ltj.listings_unicode' in `process_input_buffer'.
Inserting `ltj.process_input_buffer' in `process_input_buffer'. [53<../images/03
_introR/Screen7.png>]
Removing  `ltj.listings_unicode' from `process_input_buffer'.
Removing  `ltj.process_input_buffer' from `process_input_buffer'.
Inserting `ltj.listings_unicode' in `process_input_buffer'.
Inserting `ltj.process_input_buffer' in `process_input_buffer'. [54]
Removing  `ltj.listings_unicode' from `process_input_buffer'. [55]

LaTeX Warning: Citation 'Ikeda2016' on page 56 undefined on input line 457.

[56]) [57]
\openout2 = m04_usingR.aux
 (./m04_usingR.tex [58




]
第4章
<../images/04_usingR/Screen8.png, id=232, 510.90875pt x 449.68pt>
File: ../images/04_usingR/Screen8.png Graphic file (type png)
<use ../images/04_usingR/Screen8.png>
Package luatex.def Info: ../images/04_usingR/Screen8.png  used on input line 20
.
(luatex.def)             Requested size: 292.20706pt x 257.18481pt.
<../images/04_usingR/Screen9.png, id=233, 1232.605pt x 1006.76125pt>
File: ../images/04_usingR/Screen9.png Graphic file (type png)
<use ../images/04_usingR/Screen9.png>
Package luatex.def Info: ../images/04_usingR/Screen9.png  used on input line 27
.
(luatex.def)             Requested size: 292.20706pt x 238.66278pt.
[59]
<../images/04_usingR/Screen10.png, id=237, 1432.35126pt x 1193.45876pt>
File: ../images/04_usingR/Screen10.png Graphic file (type png)
<use ../images/04_usingR/Screen10.png>
Package luatex.def Info: ../images/04_usingR/Screen10.png  used on input line 4
1.
(luatex.def)             Requested size: 359.64421pt x 299.6569pt.
 [60<../images/04_usingR/Screen8.png>] [61<../images/04_usingR/Screen9.png>]
Removing  `ltj.process_input_buffer' from `process_input_buffer'.
Inserting `ltj.listings_unicode' in `process_input_buffer'.
Inserting `ltj.process_input_buffer' in `process_input_buffer'. [62<../images/04
_usingR/Screen10.png>]
Removing  `ltj.listings_unicode' from `process_input_buffer'.
<../images/04_usingR/Screen11.png, id=248, 902.37125pt x 407.5225pt>
File: ../images/04_usingR/Screen11.png Graphic file (type png)
<use ../images/04_usingR/Screen11.png>
Package luatex.def Info: ../images/04_usingR/Screen11.png  used on input line 9
3.
(luatex.def)             Requested size: 337.16516pt x 152.26712pt.
<../images/04_usingR/Screen12.png, id=249, 796.9775pt x 355.3275pt>
File: ../images/04_usingR/Screen12.png Graphic file (type png)
<use ../images/04_usingR/Screen12.png>
Package luatex.def Info: ../images/04_usingR/Screen12.png  used on input line 1
00.
(luatex.def)             Requested size: 337.16516pt x 150.32089pt.


LaTeX Warning: Citation 'Takahashi201805' on page 63 undefined on input line 10
5.


LaTeX Warning: Citation 'Kinosady2021' on page 63 undefined on input line 105.


LaTeX Warning: Citation 'kosugi2019' on page 63 undefined on input line 105.

[63<../images/04_usingR/Screen11.png><../images/04_usingR/Screen12.png>]
Removing  `ltj.process_input_buffer' from `process_input_buffer'.
Inserting `ltj.listings_unicode' in `process_input_buffer'.
Inserting `ltj.process_input_buffer' in `process_input_buffer'.
Removing  `ltj.listings_unicode' from `process_input_buffer'.
[64]

LaTeX Warning: Citation 'Kinosady2021' on page 65 undefined on input line 183.

[65]
Overfull \hbox (18.86032pt too wide) in paragraph at lines 198--198
[]|\JY3/gt/m/n/9 ─|─ \TU/lmtt/m/n/9 Attaching core tidyverse packages |\JY3
/gt/m/n/9 ─|─|─|─|─|─|─|─|─|─|─|─|─|─|─|─|─|
─|─|─ \TU/lmtt/m/n/9 tidyverse 2.0.0 |\JY3/gt/m/n/9 ─
 []

Missing character: There is no ✔ (U+2714) in font file:HaranoAjiGothic-Medium.
otf:-kern;jfm=ujis!
Missing character: There is no ✔ (U+2714) in font file:HaranoAjiGothic-Medium.
otf:-kern;jfm=ujis!
Missing character: There is no ✔ (U+2714) in font file:HaranoAjiGothic-Medium.
otf:-kern;jfm=ujis!
Missing character: There is no ✔ (U+2714) in font file:HaranoAjiGothic-Medium.
otf:-kern;jfm=ujis!
Missing character: There is no ✔ (U+2714) in font file:HaranoAjiGothic-Medium.
otf:-kern;jfm=ujis!
Missing character: There is no ✔ (U+2714) in font file:HaranoAjiGothic-Medium.
otf:-kern;jfm=ujis!
Missing character: There is no ✔ (U+2714) in font file:HaranoAjiGothic-Medium.
otf:-kern;jfm=ujis!
Missing character: There is no ✔ (U+2714) in font file:HaranoAjiGothic-Medium.
otf:-kern;jfm=ujis!
Missing character: There is no ✔ (U+2714) in font file:HaranoAjiGothic-Medium.
otf:-kern;jfm=ujis!
Missing character: There is no ✔ (U+2714) in font file:HaranoAjiGothic-Medium.
otf:-kern;jfm=ujis!
Missing character: There is no ✔ (U+2714) in font file:HaranoAjiGothic-Medium.
otf:-kern;jfm=ujis!
Missing character: There is no ✔ (U+2714) in font file:HaranoAjiGothic-Medium.
otf:-kern;jfm=ujis!
Missing character: There is no ✔ (U+2714) in font file:HaranoAjiGothic-Medium.
otf:-kern;jfm=ujis!
Missing character: There is no ✔ (U+2714) in font file:HaranoAjiGothic-Medium.
otf:-kern;jfm=ujis!
Missing character: There is no ✔ (U+2714) in font file:HaranoAjiGothic-Medium.
otf:-kern;jfm=ujis!
Missing character: There is no ✔ (U+2714) in font file:HaranoAjiGothic-Medium.
otf:-kern;jfm=ujis!
Missing character: There is no ✔ (U+2714) in font file:HaranoAjiGothic-Medium.
otf:-kern;jfm=ujis!
Missing character: There is no ✔ (U+2714) in font file:HaranoAjiGothic-Medium.
otf:-kern;jfm=ujis!

Overfull \hbox (83.61374pt too wide) in paragraph at lines 204--204
[]|\JY3/gt/m/n/9 ─|─ \TU/lmtt/m/n/9 Conflicts |\JY3/gt/m/n/9 ─|─|─|
─|─|─|─|─|─|─|─|─|─|─|─|─|─|─|─|─|─|─|
─|─|─|─|─|─|─|─|─|─|─|─|─|─|─|─ \TU/lmtt/m/n/9 
tidyverse_conflicts() |\JY3/gt/m/n/9 ─
 []

Missing character: There is no ✖ (U+2716) in font file:HaranoAjiGothic-Medium.
otf:-kern;jfm=ujis!
Missing character: There is no ✖ (U+2716) in font file:HaranoAjiGothic-Medium.
otf:-kern;jfm=ujis!
Missing character: There is no ✖ (U+2716) in font file:HaranoAjiGothic-Medium.
otf:-kern;jfm=ujis!
Missing character: There is no ✖ (U+2716) in font file:HaranoAjiGothic-Medium.
otf:-kern;jfm=ujis!
Missing character: There is no ℹ (U+2139) in font file:HaranoAjiGothic-Medium.
otf:-kern;jfm=ujis!
Missing character: There is no ℹ (U+2139) in font file:HaranoAjiGothic-Medium.
otf:-kern;jfm=ujis!

Overfull \hbox (36.59764pt too wide) in paragraph at lines 210--211
[]\JY3/BIZUDPMinchoMedium(0)/m/n/10 こ こ に 示 さ れ て い る の 
は ， \TU/lmtt/m/n/10 dplyr, readr, forcats, stringr, ggplot2, tibble, lubrida
te, tidyr, purrr
 []


LaTeX Warning: Reference `RS:readcev_tidyverse' on page 66 undefined on input l
ine 212.


Overfull \hbox (351.48798pt too wide) in paragraph at lines 219--219
[]|\JY3/gt/m/n/9 ─|─ \TU/lmtt/m/n/9 Column specification |\JY3/gt/m/n/9 
─|─|─|─|─|─|─|─|─|─|─|─|─|─|─|─|─|─|─|
─|─|─|─|─|─|─|─|─|─|─|─|─|─|─|─|─|─|─|
─|─|─|─|─|─|─|─|─|─|─|─|─|─|─|─|─|─|─|
─|─|─|─|─|─|─|─|─|─|─|─|─|─|─|─|─|─|─|
─|─
 []

Missing character: There is no ℹ (U+2139) in font file:HaranoAjiGothic-Medium.
otf:-kern;jfm=ujis!
Missing character: There is no ℹ (U+2139) in font file:HaranoAjiGothic-Medium.
otf:-kern;jfm=ujis!
Missing character: There is no ℹ (U+2139) in font file:HaranoAjiGothic-Medium.
otf:-kern;jfm=ujis!
Missing character: There is no ℹ (U+2139) in font file:HaranoAjiGothic-Medium.
otf:-kern;jfm=ujis!
[66
Missing character: There is no ✔ (U+2714) in font file:HaranoAjiGothic-Medium.
otf:-kern;jfm=ujis!
Missing character: There is no ✔ (U+2714) in font file:HaranoAjiGothic-Medium.
otf:-kern;jfm=ujis!
Missing character: There is no ✔ (U+2714) in font file:HaranoAjiGothic-Medium.
otf:-kern;jfm=ujis!
Missing character: There is no ✔ (U+2714) in font file:HaranoAjiGothic-Medium.
otf:-kern;jfm=ujis!
Missing character: There is no ✔ (U+2714) in font file:HaranoAjiGothic-Medium.
otf:-kern;jfm=ujis!
Missing character: There is no ✔ (U+2714) in font file:HaranoAjiGothic-Medium.
otf:-kern;jfm=ujis!
Missing character: There is no ✔ (U+2714) in font file:HaranoAjiGothic-Medium.
otf:-kern;jfm=ujis!
Missing character: There is no ✔ (U+2714) in font file:HaranoAjiGothic-Medium.
otf:-kern;jfm=ujis!
Missing character: There is no ✔ (U+2714) in font file:HaranoAjiGothic-Medium.
otf:-kern;jfm=ujis!
Missing character: There is no ✖ (U+2716) in font file:HaranoAjiGothic-Medium.
otf:-kern;jfm=ujis!
Missing character: There is no ✖ (U+2716) in font file:HaranoAjiGothic-Medium.
otf:-kern;jfm=ujis!
Missing character: There is no ℹ (U+2139) in font file:HaranoAjiGothic-Medium.
otf:-kern;jfm=ujis!
]
Removing  `ltj.process_input_buffer' from `process_input_buffer'.
Inserting `ltj.listings_unicode' in `process_input_buffer'.
Inserting `ltj.process_input_buffer' in `process_input_buffer'.
Removing  `ltj.listings_unicode' from `process_input_buffer'. [67
Missing character: There is no ℹ (U+2139) in font file:HaranoAjiGothic-Medium.
otf:-kern;jfm=ujis!
Missing character: There is no ℹ (U+2139) in font file:HaranoAjiGothic-Medium.
otf:-kern;jfm=ujis!
]
Removing  `ltj.process_input_buffer' from `process_input_buffer'.
Inserting `ltj.listings_unicode' in `process_input_buffer'.
Inserting `ltj.process_input_buffer' in `process_input_buffer'.
Removing  `ltj.listings_unicode' from `process_input_buffer'.
Removing  `ltj.process_input_buffer' from `process_input_buffer'.
Inserting `ltj.listings_unicode' in `process_input_buffer'.
Inserting `ltj.process_input_buffer' in `process_input_buffer'. [68]
Removing  `ltj.listings_unicode' from `process_input_buffer'.
<../images/04_usingR/Slide11_01.png, id=268, 1133.23375pt x 743.77875pt>
File: ../images/04_usingR/Slide11_01.png Graphic file (type png)
<use ../images/04_usingR/Slide11_01.png>
Package luatex.def Info: ../images/04_usingR/Slide11_01.png  used on input line
 308.
(luatex.def)             Requested size: 359.64421pt x 236.0393pt.
Removing  `ltj.process_input_buffer' from `process_input_buffer'.
Inserting `ltj.listings_unicode' in `process_input_buffer'.
Inserting `ltj.process_input_buffer' in `process_input_buffer'.
Removing  `ltj.listings_unicode' from `process_input_buffer'. [69<../images/04_u
singR/Slide11_01.png>]

LaTeX Warning: Citation 'Kieran2018' on page 70 undefined on input line 332.


LaTeX Warning: Citation 'ggplot2' on page 70 undefined on input line 334.

Removing  `ltj.process_input_buffer' from `process_input_buffer'.
Inserting `ltj.listings_unicode' in `process_input_buffer'.
Inserting `ltj.process_input_buffer' in `process_input_buffer'.
Removing  `ltj.listings_unicode' from `process_input_buffer'. [70]
Removing  `ltj.process_input_buffer' from `process_input_buffer'.
Inserting `ltj.listings_unicode' in `process_input_buffer'.
Inserting `ltj.process_input_buffer' in `process_input_buffer'.
Removing  `ltj.listings_unicode' from `process_input_buffer'.
Removing  `ltj.process_input_buffer' from `process_input_buffer'.
Inserting `ltj.listings_unicode' in `process_input_buffer'.
Inserting `ltj.process_input_buffer' in `process_input_buffer'.
Removing  `ltj.listings_unicode' from `process_input_buffer'.
<../images/04_usingR/Rplot05_01.png, id=275, 867.24pt x 578.16pt>
File: ../images/04_usingR/Rplot05_01.png Graphic file (type png)
<use ../images/04_usingR/Rplot05_01.png>
Package luatex.def Info: ../images/04_usingR/Rplot05_01.png  used on input line
 382.
(luatex.def)             Requested size: 449.55356pt x 299.70097pt.
 [71]
Removing  `ltj.process_input_buffer' from `process_input_buffer'.
Inserting `ltj.listings_unicode' in `process_input_buffer'.
Inserting `ltj.process_input_buffer' in `process_input_buffer'.
Removing  `ltj.listings_unicode' from `process_input_buffer'. [72<../images/04_u
singR/Rplot05_01.png>]
Removing  `ltj.process_input_buffer' from `process_input_buffer'.
Inserting `ltj.listings_unicode' in `process_input_buffer'.
Inserting `ltj.process_input_buffer' in `process_input_buffer'.
Removing  `ltj.listings_unicode' from `process_input_buffer'.
Removing  `ltj.process_input_buffer' from `process_input_buffer'.
Inserting `ltj.listings_unicode' in `process_input_buffer'.
Inserting `ltj.process_input_buffer' in `process_input_buffer'.
Removing  `ltj.listings_unicode' from `process_input_buffer'.
<../images/04_usingR/Rplot05_02.png, id=283, 867.24pt x 578.16pt>
File: ../images/04_usingR/Rplot05_02.png Graphic file (type png)
<use ../images/04_usingR/Rplot05_02.png>
Package luatex.def Info: ../images/04_usingR/Rplot05_02.png  used on input line
 466.
(luatex.def)             Requested size: 449.55356pt x 299.70097pt.
 [73]
<../images/04_usingR/Screen13.png, id=287, 969.6225pt x 569.12625pt>
File: ../images/04_usingR/Screen13.png Graphic file (type png)
<use ../images/04_usingR/Screen13.png>
Package luatex.def Info: ../images/04_usingR/Screen13.png  used on input line 4
83.
(luatex.def)             Requested size: 449.55356pt x 263.86807pt.
 [74<../images/04_usingR/Rplot05_02.png>] [75<../images/04_usingR/Screen13.png>]
<../images/04_usingR/Screen14.png, id=294, 502.87875pt x 478.78876pt>
File: ../images/04_usingR/Screen14.png Graphic file (type png)
<use ../images/04_usingR/Screen14.png>
Package luatex.def Info: ../images/04_usingR/Screen14.png  used on input line 5
05.
(luatex.def)             Requested size: 359.64421pt x 342.41173pt.
 [76<../images/04_usingR/Screen14.png>]

LaTeX Warning: Citation 'soumu' on page 77 undefined on input line 514.

[77]

LaTeX Warning: Citation 'Hadley2014' on page 78 undefined on input line 575.

Removing  `ltj.process_input_buffer' from `process_input_buffer'.
Inserting `ltj.listings_unicode' in `process_input_buffer'.
Inserting `ltj.process_input_buffer' in `process_input_buffer'.
Removing  `ltj.listings_unicode' from `process_input_buffer'. [78] [79]
Removing  `ltj.process_input_buffer' from `process_input_buffer'.
Inserting `ltj.listings_unicode' in `process_input_buffer'.
Inserting `ltj.process_input_buffer' in `process_input_buffer'.
Removing  `ltj.listings_unicode' from `process_input_buffer'.
Removing  `ltj.process_input_buffer' from `process_input_buffer'.
Inserting `ltj.listings_unicode' in `process_input_buffer'.
Inserting `ltj.process_input_buffer' in `process_input_buffer'.
Removing  `ltj.listings_unicode' from `process_input_buffer'.

LaTeX Warning: Citation 'Kinosady2021' on page 80 undefined on input line 660.

) [80]
\openout2 = m05_descriptives.aux
 (./m05_descriptives.tex
第5章
[81




]
<../images/05_descriptives/slide04_01.png, id=314, 1196.47pt x 445.665pt>
File: ../images/05_descriptives/slide04_01.png Graphic file (type png)
<use ../images/05_descriptives/slide04_01.png>
Package luatex.def Info: ../images/05_descriptives/slide04_01.png  used on inpu
t line 37.
(luatex.def)             Requested size: 359.64421pt x 133.95894pt.
 [82<../images/05_descriptives/slide04_01.png>] [83]
<../images/05_descriptives/slide04_02.png, id=323, 911.405pt x 547.04375pt>
File: ../images/05_descriptives/slide04_02.png Graphic file (type png)
<use ../images/05_descriptives/slide04_02.png>
Package luatex.def Info: ../images/05_descriptives/slide04_02.png  used on inpu
t line 86.
(luatex.def)             Requested size: 359.64421pt x 215.86705pt.
<../images/05_descriptives/slide04_03.png, id=324, 1282.7925pt x 536.0025pt>
File: ../images/05_descriptives/slide04_03.png Graphic file (type png)
<use ../images/05_descriptives/slide04_03.png>
Package luatex.def Info: ../images/05_descriptives/slide04_03.png  used on inpu
t line 94.
(luatex.def)             Requested size: 359.64421pt x 150.26778pt.
 [84<../images/05_descriptives/slide04_02.png>]
<../images/05_descriptives/Rplot04_01.png, id=328, 4818.0pt x 2409.0pt>
File: ../images/05_descriptives/Rplot04_01.png Graphic file (type png)
<use ../images/05_descriptives/Rplot04_01.png>
Package luatex.def Info: ../images/05_descriptives/Rplot04_01.png  used on inpu
t line 130.
(luatex.def)             Requested size: 359.64421pt x 179.82176pt.
<../images/05_descriptives/slide04_05.png, id=329, 736.7525pt x 383.4325pt>
File: ../images/05_descriptives/slide04_05.png Graphic file (type png)
<use ../images/05_descriptives/slide04_05.png>
Package luatex.def Info: ../images/05_descriptives/slide04_05.png  used on inpu
t line 141.
(luatex.def)             Requested size: 359.64421pt x 187.16978pt.
 [85<../images/05_descriptives/slide04_03.png>]
[86<../images/05_descriptives/Rplot04_01.png><../images/05_descriptives/slide04_
05.png>] [87]
<../images/05_descriptives/slide04_06.png, id=339, 685.56125pt x 250.9375pt>
File: ../images/05_descriptives/slide04_06.png Graphic file (type png)
<use ../images/05_descriptives/slide04_06.png>
Package luatex.def Info: ../images/05_descriptives/slide04_06.png  used on inpu
t line 201.
(luatex.def)             Requested size: 359.64421pt x 131.64459pt.


LaTeX Warning: Citation 'TDE2022' on page 88 undefined on input line 207.

<../images/05_descriptives/slide04_07.png, id=340, 696.6025pt x 206.7725pt>
File: ../images/05_descriptives/slide04_07.png Graphic file (type png)
<use ../images/05_descriptives/slide04_07.png>
Package luatex.def Info: ../images/05_descriptives/slide04_07.png  used on inpu
t line 212.
(luatex.def)             Requested size: 359.64421pt x 106.75247pt.
[88<../images/05_descriptives/slide04_06.png>] [89<../images/05_descriptives/sli
de04_07.png>]
<../images/05_descriptives/slide04_08.png, id=347, 631.35875pt x 561.09625pt>
File: ../images/05_descriptives/slide04_08.png Graphic file (type png)
<use ../images/05_descriptives/slide04_08.png>
Package luatex.def Info: ../images/05_descriptives/slide04_08.png  used on inpu
t line 244.
(luatex.def)             Requested size: 359.64421pt x 319.62271pt.
 [90<../images/05_descriptives/slide04_08.png>]

LaTeX Warning: Citation 'Hanage2017' on page 91 undefined on input line 267.

[91]
<../images/05_descriptives/m05_01.png, id=355, 578.16pt x 289.08pt>
File: ../images/05_descriptives/m05_01.png Graphic file (type png)
<use ../images/05_descriptives/m05_01.png>
Package luatex.def Info: ../images/05_descriptives/m05_01.png  used on input li
ne 277.
(luatex.def)             Requested size: 359.64421pt x 179.81882pt.
 [92]) [93<../images/05_descriptives/m05_01.png>]
\openout2 = m06_ctt.aux
 (./m06_ctt.tex [94




]
第6章

LaTeX Warning: Citation 'Kant1961' on page 95 undefined on input line 11.


LaTeX Warning: Citation 'Kurosaki2000' on page 95 undefined on input line 11.

[95]

LaTeX Warning: Citation 'Watanabe2019' on page 96 undefined on input line 27.


LaTeX Warning: Citation 'Oshio2020' on page 96 undefined on input line 27.

[96] [97]

LaTeX Warning: Citation 'Jerry2019' on page 98 undefined on input line 50.

[98] [99] [100] [101] [102] [103]

LaTeX Warning: Citation 'kosugi2016b' on page 104 undefined on input line 157.

<../images/06_ctt/slide06_01.png, id=394, 1379.1525pt x 370.38374pt>
File: ../images/06_ctt/slide06_01.png Graphic file (type png)
<use ../images/06_ctt/slide06_01.png>
Package luatex.def Info: ../images/06_ctt/slide06_01.png  used on input line 16
6.
(luatex.def)             Requested size: 359.64421pt x 96.58572pt.

LaTeX Warning: Citation 'kosugi2018' on page 104 undefined on input line 172.

[104<../images/06_ctt/slide06_01.png>]) [105]
\openout2 = m07_probability.aux
 (./m07_probability.tex [106




]
第7章
[107] [108]
<../images/07_probability/slide07_05.png, id=410, 1120.185pt x 380.42125pt>
File: ../images/07_probability/slide07_05.png Graphic file (type png)
<use ../images/07_probability/slide07_05.png>
Package luatex.def Info: ../images/07_probability/slide07_05.png  used on input
 line 63.
(luatex.def)             Requested size: 359.64421pt x 122.1378pt.
<../images/07_probability/Rplot07_01.png, id=411, 7227.0pt x 4818.0pt>
File: ../images/07_probability/Rplot07_01.png Graphic file (type png)
<use ../images/07_probability/Rplot07_01.png>
Package luatex.def Info: ../images/07_probability/Rplot07_01.png  used on input
 line 75.
(luatex.def)             Requested size: 292.20706pt x 194.74565pt.
<../images/07_probability/Rplot07_02.png, id=412, 7227.0pt x 4818.0pt>
File: ../images/07_probability/Rplot07_02.png Graphic file (type png)
<use ../images/07_probability/Rplot07_02.png>
Package luatex.def Info: ../images/07_probability/Rplot07_02.png  used on input
 line 82.
(luatex.def)             Requested size: 292.20706pt x 194.74565pt.
 [109<../images/07_probability/slide07_05.png>] [110<../images/07_probability/Rp
lot07_01.png><../images/07_probability/Rplot07_02.png>] [111]
[112]
LaTeX Font Info:    Font shape `JT3/BIZUDPMinchoMedium(0)/m/it' will be
(Font)              scaled to size 9.24713pt on input line 181.
LaTeX Font Info:    Font shape `JY3/BIZUDPMinchoMedium(0)/m/it' will be
(Font)              scaled to size 9.24713pt on input line 181.
 [113]
<../images/07_probability/Rplot07_04.png, id=429, 7227.0pt x 4818.0pt>
File: ../images/07_probability/Rplot07_04.png Graphic file (type png)
<use ../images/07_probability/Rplot07_04.png>
Package luatex.def Info: ../images/07_probability/Rplot07_04.png  used on input
 line 204.
(luatex.def)             Requested size: 292.20706pt x 194.74565pt.


LaTeX Warning: Citation 'Minaka2018' on page 114 undefined on input line 212.

[114<../images/07_probability/Rplot07_04.png>]
<../images/07_probability/Slide08_01.png, id=436, 628.3475pt x 522.95375pt>
File: ../images/07_probability/Slide08_01.png Graphic file (type png)
<use ../images/07_probability/Slide08_01.png>
Package luatex.def Info: ../images/07_probability/Slide08_01.png  used on input
 line 226.
(luatex.def)             Requested size: 292.20706pt x 243.19492pt.
 [115<../images/07_probability/Slide08_01.png>]
<../images/07_probability/Slide08_02.png, id=440, 610.28pt x 430.60875pt>
File: ../images/07_probability/Slide08_02.png Graphic file (type png)
<use ../images/07_probability/Slide08_02.png>
Package luatex.def Info: ../images/07_probability/Slide08_02.png  used on input
 line 236.
(luatex.def)             Requested size: 292.20706pt x 206.18391pt.
<../images/07_probability/GaltonBoard.png, id=441, 374.39874pt x 592.2125pt>
File: ../images/07_probability/GaltonBoard.png Graphic file (type png)
<use ../images/07_probability/GaltonBoard.png>
Package luatex.def Info: ../images/07_probability/GaltonBoard.png  used on inpu
t line 254.
(luatex.def)             Requested size: 142.10161pt x 224.77678pt.
 [116<../images/07_probability/Slide08_02.png>]
<../images/07_probability/Slide08_03.png, id=445, 675.52374pt x 749.80125pt>
File: ../images/07_probability/Slide08_03.png Graphic file (type png)
<use ../images/07_probability/Slide08_03.png>
Package luatex.def Info: ../images/07_probability/Slide08_03.png  used on input
 line 274.
(luatex.def)             Requested size: 292.20706pt x 324.34178pt.
 [117<../images/07_probability/GaltonBoard.png>]

LaTeX Warning: Citation 'Naganuma2201611' on page 118 undefined on input line 2
82.

<../images/07_probability/Slide08_04b.png, id=449, 1135.24126pt x 704.6325pt>
File: ../images/07_probability/Slide08_04b.png Graphic file (type png)
<use ../images/07_probability/Slide08_04b.png>
Package luatex.def Info: ../images/07_probability/Slide08_04b.png  used on inpu
t line 287.
(luatex.def)             Requested size: 382.12326pt x 237.17422pt.

LaTeX Warning: Citation 'Naganuma2201611' on page 118 undefined on input line 2
88.


LaTeX Warning: Citation 'Naganuma2201611' on page 118 undefined on input line 2
88.

[118<../images/07_probability/Slide08_03.png>]
<../images/07_probability/Rplot08_01.png, id=453, 7227.0pt x 4818.0pt>
File: ../images/07_probability/Rplot08_01.png Graphic file (type png)
<use ../images/07_probability/Rplot08_01.png>
Package luatex.def Info: ../images/07_probability/Rplot08_01.png  used on input
 line 308.
(luatex.def)             Requested size: 292.20706pt x 194.74565pt.
 [119<../images/07_probability/Slide08_04b.png>] [120<../images/07_probability/R
plot08_01.png>]
<../images/07_probability/Slide07_06.png, id=461, 1155.31625pt x 648.4225pt>
File: ../images/07_probability/Slide07_06.png Graphic file (type png)
<use ../images/07_probability/Slide07_06.png>
Package luatex.def Info: ../images/07_probability/Slide07_06.png  used on input
 line 352.
(luatex.def)             Requested size: 292.20706pt x 163.995pt.
Removing  `ltj.process_input_buffer' from `process_input_buffer'.
Inserting `ltj.listings_unicode' in `process_input_buffer'.
Inserting `ltj.process_input_buffer' in `process_input_buffer'.
Removing  `ltj.listings_unicode' from `process_input_buffer'. [121<../images/07_
probability/Slide07_06.png>] [122] [123] [124]

LaTeX Warning: Citation 'Maor_Eli2019-01-10' on page 125 undefined on input lin
e 468.


LaTeX Warning: Citation 'Nishiuchi201712' on page 125 undefined on input line 4
72.


LaTeX Warning: Citation 'Naganuma2201611' on page 125 undefined on input line 4
72.

<../images/07_probability/Slide08_05.png, id=475, 701.62125pt x 524.96124pt>
File: ../images/07_probability/Slide08_05.png Graphic file (type png)
<use ../images/07_probability/Slide08_05.png>
Package luatex.def Info: ../images/07_probability/Slide08_05.png  used on input
 line 478.
(luatex.def)             Requested size: 449.55356pt x 336.36655pt.
[125] [126<../images/07_probability/Slide08_05.png>]
<../images/07_probability/Rplot08_04.png, id=483, 4818.0pt x 3613.5pt>
File: ../images/07_probability/Rplot08_04.png Graphic file (type png)
<use ../images/07_probability/Rplot08_04.png>
Package luatex.def Info: ../images/07_probability/Rplot08_04.png  used on input
 line 500.
(luatex.def)             Requested size: 292.20706pt x 219.11642pt.
 [127<../images/07_probability/Rplot08_04.png>]) [128]
\openout2 = m08_CorrelationCausation.aux
 (./m08_CorrelationCausat
ion.tex
第8章
<../images/05_descriptives/Rplot04_02.png, id=491, 7227.0pt x 7227.0pt>
File: ../images/05_descriptives/Rplot04_02.png Graphic file (type png)
<use ../images/05_descriptives/Rplot04_02.png>
Package luatex.def Info: ../images/05_descriptives/Rplot04_02.png  used on inpu
t line 17.
(luatex.def)             Requested size: 179.81866pt x 179.74825pt.
[129




<../images/05_descriptives/Rplot04_02.png>] [130] [131]
<../images/05_descriptives/Rplot04_03.png, id=502, 7227.0pt x 7227.0pt>
File: ../images/05_descriptives/Rplot04_03.png Graphic file (type png)
<use ../images/05_descriptives/Rplot04_03.png>
Package luatex.def Info: ../images/05_descriptives/Rplot04_03.png  used on inpu
t line 80.
(luatex.def)             Requested size: 292.20706pt x 292.11847pt.
 [132<../images/05_descriptives/Rplot04_03.png>]

LaTeX Warning: Citation 'matejka2017same' on page 133 undefined on input line 9
2.

<../images/08_CorrelationCausation/Rplot08_01.png, id=507, 867.24pt x 289.08pt>

File: ../images/08_CorrelationCausation/Rplot08_01.png Graphic file (type png)
<use ../images/08_CorrelationCausation/Rplot08_01.png>
Package luatex.def Info: ../images/08_CorrelationCausation/Rplot08_01.png  used
 on input line 109.
(luatex.def)             Requested size: 359.64421pt x 119.88214pt.
[133<../images/08_CorrelationCausation/Rplot08_01.png>]
<../images/05_descriptives/Rplot04_04.png, id=511, 7227.0pt x 7227.0pt>
File: ../images/05_descriptives/Rplot04_04.png Graphic file (type png)
<use ../images/05_descriptives/Rplot04_04.png>
Package luatex.def Info: ../images/05_descriptives/Rplot04_04.png  used on inpu
t line 123.
(luatex.def)             Requested size: 292.20706pt x 292.11847pt.
<../images/05_descriptives/Rplot04_05.png, id=512, 7227.0pt x 7227.0pt>
File: ../images/05_descriptives/Rplot04_05.png Graphic file (type png)
<use ../images/05_descriptives/Rplot04_05.png>
Package luatex.def Info: ../images/05_descriptives/Rplot04_05.png  used on inpu
t line 132.
(luatex.def)             Requested size: 292.20706pt x 292.11847pt.
 [134<../images/05_descriptives/Rplot04_04.png>]
<../images/05_descriptives/Rplot04_06.png, id=516, 7227.0pt x 7227.0pt>
File: ../images/05_descriptives/Rplot04_06.png Graphic file (type png)
<use ../images/05_descriptives/Rplot04_06.png>
Package luatex.def Info: ../images/05_descriptives/Rplot04_06.png  used on inpu
t line 145.
(luatex.def)             Requested size: 179.74825pt x 179.81866pt.
 [135<../images/05_descriptives/Rplot04_05.png><../images/05_descriptives/Rplot0
4_06.png>]
<../images/05_descriptives/Rplot04_07.png, id=520, 7227.0pt x 3613.5pt>
File: ../images/05_descriptives/Rplot04_07.png Graphic file (type png)
<use ../images/05_descriptives/Rplot04_07.png>
Package luatex.def Info: ../images/05_descriptives/Rplot04_07.png  used on inpu
t line 156.
(luatex.def)             Requested size: 359.60677pt x 179.81866pt.
 [136<../images/05_descriptives/Rplot04_07.png>] [137] [138]

LaTeX Warning: Citation 'Yasui2019' on page 139 undefined on input line 228.


Overfull \hbox (25.96194pt too wide) in paragraph at lines 228--229
[]\JY3/BIZUDPMinchoMedium(0)/m/n/10 本 来 ， 因 果 効 果 を 考 え 
る た め に は 「 販 促 を し な か っ た 時 」 と 「 販 
促 を し た 時 」 の \TU/TeXGyreTermes(0)/m/n/10 2 \JY3/BIZUDPMinchoMedi
um(0)/m/n/10 つ の 場 合 で ，[]$[]$[]
 []


LaTeX Warning: Citation 'Yasui2019' on page 139 undefined on input line 230.


LaTeX Warning: Citation 'Takahashi20220210' on page 139 undefined on input line
 230.

) [139] [140]
\openout2 = m09_Regression.aux
 (./m09_Regression.tex
第9章
<../images/09_Regression/Rplot09_01.png, id=536, 4818.0pt x 3613.5pt>
File: ../images/09_Regression/Rplot09_01.png Graphic file (type png)
<use ../images/09_Regression/Rplot09_01.png>
Package luatex.def Info: ../images/09_Regression/Rplot09_01.png  used on input 
line 54.
(luatex.def)             Requested size: 292.20706pt x 219.11642pt.
[141




] [142]
<../images/09_Regression/Rplot09_02.png, id=544, 4818.0pt x 3613.5pt>
File: ../images/09_Regression/Rplot09_02.png Graphic file (type png)
<use ../images/09_Regression/Rplot09_02.png>
Package luatex.def Info: ../images/09_Regression/Rplot09_02.png  used on input 
line 83.
(luatex.def)             Requested size: 292.20706pt x 219.11642pt.
 [143<../images/09_Regression/Rplot09_01.png><../images/09_Regression/Rplot09_02
.png>]
<../images/09_Regression/Slide09_01.png, id=548, 1155.31625pt x 656.4525pt>
File: ../images/09_Regression/Slide09_01.png Graphic file (type png)
<use ../images/09_Regression/Slide09_01.png>
Package luatex.def Info: ../images/09_Regression/Slide09_01.png  used on input 
line 109.
(luatex.def)             Requested size: 292.20706pt x 166.0259pt.
 [144]
<../images/09_Regression/Slide09_02.png, id=552, 788.9475pt x 825.0825pt>
File: ../images/09_Regression/Slide09_02.png Graphic file (type png)
<use ../images/09_Regression/Slide09_02.png>
Package luatex.def Info: ../images/09_Regression/Slide09_02.png  used on input 
line 125.
(luatex.def)             Requested size: 292.20706pt x 305.59048pt.
 [145<../images/09_Regression/Slide09_01.png>]

LaTeX Warning: Citation 'kosugi2018' on page 146 undefined on input line 149.


LaTeX Warning: Citation 'Nishiuchi201712' on page 146 undefined on input line 1
49.

[146<../images/09_Regression/Slide09_02.png>] [147] [148]

LaTeX Warning: Citation 'kosugi2018' on page 149 undefined on input line 234.

[149]

LaTeX Warning: Citation 'kosugi2018' on page 150 undefined on input line 253.

) [150] [151]
\openout2 = m10_MultipleRegression.aux
 (./m10_MultipleRegression.tex [152




]
第10章
<../images/10_MultipleRegression/Rplot10_01.png, id=578, 1204.5pt x 803.0pt>
File: ../images/10_MultipleRegression/Rplot10_01.png Graphic file (type png)
<use ../images/10_MultipleRegression/Rplot10_01.png>
Package luatex.def Info: ../images/10_MultipleRegression/Rplot10_01.png  used o
n input line 29.
(luatex.def)             Requested size: 292.20706pt x 194.8069pt.
[153]
<../images/10_MultipleRegression/Rplot10_02.png, id=582, 4818.0pt x 3613.5pt>
File: ../images/10_MultipleRegression/Rplot10_02.png Graphic file (type png)
<use ../images/10_MultipleRegression/Rplot10_02.png>
Package luatex.def Info: ../images/10_MultipleRegression/Rplot10_02.png  used o
n input line 68.
(luatex.def)             Requested size: 292.20706pt x 219.11642pt.
 [154<../images/10_MultipleRegression/Rplot10_01.png><../images/10_MultipleRegre
ssion/Rplot10_02.png>] [155]
<../images/10_MultipleRegression/Rplot10_03.png, id=589, 4818.0pt x 4818.0pt>
File: ../images/10_MultipleRegression/Rplot10_03.png Graphic file (type png)
<use ../images/10_MultipleRegression/Rplot10_03.png>
Package luatex.def Info: ../images/10_MultipleRegression/Rplot10_03.png  used o
n input line 128.
(luatex.def)             Requested size: 337.16516pt x 337.14743pt.
 [156]
<../images/10_MultipleRegression/Slide10_01.png, id=593, 1086.0575pt x 355.3275
pt>
File: ../images/10_MultipleRegression/Slide10_01.png Graphic file (type png)
<use ../images/10_MultipleRegression/Slide10_01.png>
Package luatex.def Info: ../images/10_MultipleRegression/Slide10_01.png  used o
n input line 139.
(luatex.def)             Requested size: 337.16516pt x 110.31303pt.
 [157<../images/10_MultipleRegression/Rplot10_03.png><../images/10_MultipleRegre
ssion/Slide10_01.png>]
<../images/10_MultipleRegression/Slide10_02.png, id=597, 1121.18875pt x 328.226
26pt>
File: ../images/10_MultipleRegression/Slide10_02.png Graphic file (type png)
<use ../images/10_MultipleRegression/Slide10_02.png>
Package luatex.def Info: ../images/10_MultipleRegression/Slide10_02.png  used o
n input line 148.
(luatex.def)             Requested size: 337.16516pt x 98.70403pt.
<../images/10_MultipleRegression/Slide10_03.png, id=598, 1165.35374pt x 421.575
pt>
File: ../images/10_MultipleRegression/Slide10_03.png Graphic file (type png)
<use ../images/10_MultipleRegression/Slide10_03.png>
Package luatex.def Info: ../images/10_MultipleRegression/Slide10_03.png  used o
n input line 159.
(luatex.def)             Requested size: 337.16516pt x 121.97057pt.
 [158<../images/10_MultipleRegression/Slide10_02.png><../images/10_MultipleRegre
ssion/Slide10_03.png>]
<../images/10_MultipleRegression/Slide10_04.png, id=602, 1158.3275pt x 436.6312
6pt>
File: ../images/10_MultipleRegression/Slide10_04.png Graphic file (type png)
<use ../images/10_MultipleRegression/Slide10_04.png>
Package luatex.def Info: ../images/10_MultipleRegression/Slide10_04.png  used o
n input line 172.
(luatex.def)             Requested size: 337.16516pt x 127.09285pt.
<../images/10_MultipleRegression/Slide10_05.png, id=603, 427.5975pt x 414.54875
pt>
File: ../images/10_MultipleRegression/Slide10_05.png Graphic file (type png)
<use ../images/10_MultipleRegression/Slide10_05.png>
Package luatex.def Info: ../images/10_MultipleRegression/Slide10_05.png  used o
n input line 180.
(luatex.def)             Requested size: 337.16516pt x 326.87634pt.
 [159<../images/10_MultipleRegression/Slide10_04.png>] [160<../images/10_Multipl
eRegression/Slide10_05.png>] [161] [162]
<../images/10_MultipleRegression/Rplot10_04.png, id=617, 4818.0pt x 3613.5pt>
File: ../images/10_MultipleRegression/Rplot10_04.png Graphic file (type png)
<use ../images/10_MultipleRegression/Rplot10_04.png>
Package luatex.def Info: ../images/10_MultipleRegression/Rplot10_04.png  used o
n input line 292.
(luatex.def)             Requested size: 292.20706pt x 219.11642pt.
 [163<../images/10_MultipleRegression/Rplot10_04.png>]) [164]
\openout2 = m11_Regression_onR.aux
 (./m11_Regression
_onR.tex
第11章
[165




]
Removing  `ltj.process_input_buffer' from `process_input_buffer'.
Inserting `ltj.listings_unicode' in `process_input_buffer'.
Inserting `ltj.process_input_buffer' in `process_input_buffer'.
Removing  `ltj.listings_unicode' from `process_input_buffer'.
Removing  `ltj.process_input_buffer' from `process_input_buffer'.
Inserting `ltj.listings_unicode' in `process_input_buffer'.
Inserting `ltj.process_input_buffer' in `process_input_buffer'.
Removing  `ltj.listings_unicode' from `process_input_buffer'. [166]
<../images/11_MultipleRegressionOnR/Rplot11_01.png, id=630, 433.62pt x 433.62pt
>
File: ../images/11_MultipleRegressionOnR/Rplot11_01.png Graphic file (type png)

<use ../images/11_MultipleRegressionOnR/Rplot11_01.png>
Package luatex.def Info: ../images/11_MultipleRegressionOnR/Rplot11_01.png  use
d on input line 71.
(luatex.def)             Requested size: 292.20706pt x 292.21771pt.
Removing  `ltj.process_input_buffer' from `process_input_buffer'.
Inserting `ltj.listings_unicode' in `process_input_buffer'.
Inserting `ltj.process_input_buffer' in `process_input_buffer'.
Removing  `ltj.listings_unicode' from `process_input_buffer'. [167<../images/11_
MultipleRegressionOnR/Rplot11_01.png>]
Removing  `ltj.process_input_buffer' from `process_input_buffer'.
Inserting `ltj.listings_unicode' in `process_input_buffer'.
Inserting `ltj.process_input_buffer' in `process_input_buffer'.
Removing  `ltj.listings_unicode' from `process_input_buffer'. [168]
Removing  `ltj.process_input_buffer' from `process_input_buffer'.
Inserting `ltj.listings_unicode' in `process_input_buffer'.
Inserting `ltj.process_input_buffer' in `process_input_buffer'.
Removing  `ltj.listings_unicode' from `process_input_buffer'.
[169]

LaTeX Warning: Citation 'kosugi2018' on page 170 undefined on input line 182.

[170]
Removing  `ltj.process_input_buffer' from `process_input_buffer'.
Inserting `ltj.listings_unicode' in `process_input_buffer'.
Inserting `ltj.process_input_buffer' in `process_input_buffer'.
Removing  `ltj.listings_unicode' from `process_input_buffer'.
<../images/11_MultipleRegressionOnR/Rplot11_02.png, id=643, 578.16pt x 433.62pt
>
File: ../images/11_MultipleRegressionOnR/Rplot11_02.png Graphic file (type png)

<use ../images/11_MultipleRegressionOnR/Rplot11_02.png>
Package luatex.def Info: ../images/11_MultipleRegressionOnR/Rplot11_02.png  use
d on input line 212.
(luatex.def)             Requested size: 359.64421pt x 269.72823pt.
Removing  `ltj.process_input_buffer' from `process_input_buffer'.
Inserting `ltj.listings_unicode' in `process_input_buffer'.
Inserting `ltj.process_input_buffer' in `process_input_buffer'.
Removing  `ltj.listings_unicode' from `process_input_buffer'. [171] [172<../imag
es/11_MultipleRegressionOnR/Rplot11_02.png>]
Removing  `ltj.process_input_buffer' from `process_input_buffer'.
Inserting `ltj.listings_unicode' in `process_input_buffer'.
Inserting `ltj.process_input_buffer' in `process_input_buffer'.
Removing  `ltj.listings_unicode' from `process_input_buffer'. [173]
[174]) [175]
\openout2 = m12_design1.aux
 (./m12_design1.tex [176




]
第12章
[177] [178]
<../images/12_design1/slide12_01.png, id=669, 1167.36125pt x 413.545pt>
File: ../images/12_design1/slide12_01.png Graphic file (type png)
<use ../images/12_design1/slide12_01.png>
Package luatex.def Info: ../images/12_design1/slide12_01.png  used on input lin
e 41.
(luatex.def)             Requested size: 359.64421pt x 127.40253pt.
 [179<../images/12_design1/slide12_01.png>]
<../images/12_design1/slide12_02.png, id=673, 996.72375pt x 369.38pt>
File: ../images/12_design1/slide12_02.png Graphic file (type png)
<use ../images/12_design1/slide12_02.png>
Package luatex.def Info: ../images/12_design1/slide12_02.png  used on input lin
e 70.
(luatex.def)             Requested size: 359.64421pt x 133.28105pt.
<../images/12_design1/slide12_03.png, id=674, 994.71625pt x 353.32pt>
File: ../images/12_design1/slide12_03.png Graphic file (type png)
<use ../images/12_design1/slide12_03.png>
Package luatex.def Info: ../images/12_design1/slide12_03.png  used on input lin
e 81.
(luatex.def)             Requested size: 359.64421pt x 127.745pt.
<../images/12_design1/slide12_04.png, id=675, 1013.7875pt x 417.56pt>
File: ../images/12_design1/slide12_04.png Graphic file (type png)
<use ../images/12_design1/slide12_04.png>
Package luatex.def Info: ../images/12_design1/slide12_04.png  used on input lin
e 91.
(luatex.def)             Requested size: 359.64421pt x 148.1297pt.
 [180<../images/12_design1/slide12_02.png>] [181<../images/12_design1/slide12_03
.png><../images/12_design1/slide12_04.png>] [182] [183]
<../images/12_design1/slide12_05.png, id=689, 730.73pt x 356.33125pt>
File: ../images/12_design1/slide12_05.png Graphic file (type png)
<use ../images/12_design1/slide12_05.png>
Package luatex.def Info: ../images/12_design1/slide12_05.png  used on input lin
e 208.
(luatex.def)             Requested size: 359.64421pt x 175.37592pt.
 [184]
<../images/21_anova/slide21_08.png, id=693, 1199.48125pt x 591.20876pt>
File: ../images/21_anova/slide21_08.png Graphic file (type png)
<use ../images/21_anova/slide21_08.png>
Package luatex.def Info: ../images/21_anova/slide21_08.png  used on input line 
222.
(luatex.def)             Requested size: 359.64421pt x 177.26476pt.
 [185<../images/12_design1/slide12_05.png><../images/21_anova/slide21_08.png>]) [186] [187]
\openout2 = m13_design2.aux
 (./m13_design2.tex [188




]
第13章
<../images/22_anovaOnR/Rplot22_01.png, id=706, 3613.5pt x 2409.0pt>
File: ../images/22_anovaOnR/Rplot22_01.png Graphic file (type png)
<use ../images/22_anovaOnR/Rplot22_01.png>
Package luatex.def Info: ../images/22_anovaOnR/Rplot22_01.png  used on input li
ne 26.
(luatex.def)             Requested size: 359.64421pt x 239.73784pt.
[189<../images/22_anovaOnR/Rplot22_01.png>] [190]
Overfull \vbox (2.58307pt too high) has occurred while \output is active []


[191]
<../images/22_anovaOnR/Rplot22_02.png, id=717, 578.16pt x 289.08pt>
File: ../images/22_anovaOnR/Rplot22_02.png Graphic file (type png)
<use ../images/22_anovaOnR/Rplot22_02.png>
Package luatex.def Info: ../images/22_anovaOnR/Rplot22_02.png  used on input li
ne 117.
(luatex.def)             Requested size: 359.64421pt x 179.81882pt.
 [192<../images/22_anovaOnR/Rplot22_02.png>] [193]
<../images/13_design2/slide13_01.png, id=724, 944.52875pt x 608.2725pt>
File: ../images/13_design2/slide13_01.png Graphic file (type png)
<use ../images/13_design2/slide13_01.png>
Package luatex.def Info: ../images/13_design2/slide13_01.png  used on input lin
e 200.
(luatex.def)             Requested size: 101.14885pt x 65.13742pt.
<../images/13_design2/slide13_02.png, id=725, 966.61125pt x 613.29124pt>
File: ../images/13_design2/slide13_02.png Graphic file (type png)
<use ../images/13_design2/slide13_02.png>
Package luatex.def Info: ../images/13_design2/slide13_02.png  used on input lin
e 207.
(luatex.def)             Requested size: 101.14885pt x 64.1682pt.
 [194<../images/13_design2/slide13_01.png><../images/13_design2/slide13_02.png>]
<../images/22_anovaOnR/Rplot22_05.png, id=729, 578.16pt x 289.08pt>
File: ../images/22_anovaOnR/Rplot22_05.png Graphic file (type png)
<use ../images/22_anovaOnR/Rplot22_05.png>
Package luatex.def Info: ../images/22_anovaOnR/Rplot22_05.png  used on input li
ne 248.
(luatex.def)             Requested size: 359.64421pt x 179.81882pt.
 [195<../images/22_anovaOnR/Rplot22_05.png>]
<../images/22_anovaOnR/Rplot22_04.png, id=733, 578.16pt x 289.08pt>
File: ../images/22_anovaOnR/Rplot22_04.png Graphic file (type png)
<use ../images/22_anovaOnR/Rplot22_04.png>
Package luatex.def Info: ../images/22_anovaOnR/Rplot22_04.png  used on input li
ne 259.
(luatex.def)             Requested size: 359.64421pt x 179.81882pt.

Overfull \hbox (3.63173pt too wide) detected at line 401
[]
 []

[196<../images/22_anovaOnR/Rplot22_04.png>]
Overfull \vbox (78.2202pt too high) has occurred while \output is active []


[197]) [198]
\openout2 = m14_design3.aux
 (./m14_design3.tex
第14章
<../images/22_anovaOnR/Rplot22_03.png, id=743, 3613.5pt x 2409.0pt>
File: ../images/22_anovaOnR/Rplot22_03.png Graphic file (type png)
<use ../images/22_anovaOnR/Rplot22_03.png>
Package luatex.def Info: ../images/22_anovaOnR/Rplot22_03.png  used on input li
ne 38.
(luatex.def)             Requested size: 292.20706pt x 194.78241pt.
[199




]
<../images/14_design3/slide14_01.png, id=747, 1254.6875pt x 789.95125pt>
File: ../images/14_design3/slide14_01.png Graphic file (type png)
<use ../images/14_design3/slide14_01.png>
Package luatex.def Info: ../images/14_design3/slide14_01.png  used on input lin
e 68.
(luatex.def)             Requested size: 359.64421pt x 226.42818pt.
 [200<../images/22_anovaOnR/Rplot22_03.png>] [201<../images/14_design3/slide14_0
1.png>]
<../images/22_anovaOnR/slide22_04.png, id=755, 925.4575pt x 343.2825pt>
File: ../images/22_anovaOnR/slide22_04.png Graphic file (type png)
<use ../images/22_anovaOnR/slide22_04.png>
Package luatex.def Info: ../images/22_anovaOnR/slide22_04.png  used on input li
ne 141.
(luatex.def)             Requested size: 359.64421pt x 133.40295pt.
 [202<../images/22_anovaOnR/slide22_04.png>] [203] [204] [205]
<../images/14_design3/slide14_02.png, id=769, 612.2875pt x 183.68625pt>
File: ../images/14_design3/slide14_02.png Graphic file (type png)
<use ../images/14_design3/slide14_02.png>
Package luatex.def Info: ../images/14_design3/slide14_02.png  used on input lin
e 308.
(luatex.def)             Requested size: 224.77678pt x 67.4331pt.

[206<../images/14_design3/slide14_02.png>]
<../images/14_design3/slide14_03.png, id=773, 764.8575pt x 149.55875pt>
File: ../images/14_design3/slide14_03.png Graphic file (type png)
<use ../images/14_design3/slide14_03.png>
Package luatex.def Info: ../images/14_design3/slide14_03.png  used on input lin
e 330.
(luatex.def)             Requested size: 359.64421pt x 70.32457pt.
 [207<../images/14_design3/slide14_03.png>]) [208]
\openout2 = m15_FirstSemester.aux
 (./m15_FirstSemester.tex
第15章
[209




]) [210] [211



] [212]
\openout2 = m16_inference.aux
 (./m16_inference.tex
第16章
<../images/16_inference/slide16_01.png, id=793, 1027.84pt x 770.88pt>
File: ../images/16_inference/slide16_01.png Graphic file (type png)
<use ../images/16_inference/slide16_01.png>
Package luatex.def Info: ../images/16_inference/slide16_01.png  used on input l
ine 38.
(luatex.def)             Requested size: 359.6396pt x 269.73488pt.
[213


] [214<../images/16_inference/slide16_01.png>]
<../images/16_inference/slide16_02.png, id=800, 1027.84pt x 770.88pt>
File: ../images/16_inference/slide16_02.png Graphic file (type png)
<use ../images/16_inference/slide16_02.png>
Package luatex.def Info: ../images/16_inference/slide16_02.png  used on input l
ine 62.
(luatex.def)             Requested size: 359.6396pt x 269.73488pt.

warning  (file dice.pdf) (pdf inclusion): PDF inclusion: found PDF version '1.4'
, but at most version '1.3' allowed
<dice.pdf, id=801, 258.9675pt x 86.3225pt>
File: dice.pdf Graphic file (type pdf)
<use dice.pdf>
Package luatex.def Info: dice.pdf  used on input line 68.
(luatex.def)             Requested size: 6.29977pt x 6.3pt.
File: dice.pdf Graphic file (type pdf)
<use dice.pdf>
Package luatex.def Info: dice.pdf  used on input line 68.
(luatex.def)             Requested size: 6.29977pt x 6.3pt.
[215<../images/16_inference/slide16_02.png>] [216</usr/local/texlive/2025/texmf-
dist/tex/latex/epsdice/dice.pdf>]

LaTeX Warning: Citation 'Shiina2013' on page 217 undefined on input line 92.

[217]
<../images/16_inference/Rplot16_01.png, id=817, 4818.0pt x 2409.0pt>
File: ../images/16_inference/Rplot16_01.png Graphic file (type png)
<use ../images/16_inference/Rplot16_01.png>
Package luatex.def Info: ../images/16_inference/Rplot16_01.png  used on input l
ine 128.
(luatex.def)             Requested size: 359.57pt x 179.81866pt.
 [218<../images/16_inference/Rplot16_01.png>] [219]
<../images/16_inference/slide16_03.png, id=824, 1141.26375pt x 927.465pt>
File: ../images/16_inference/slide16_03.png Graphic file (type png)
<use ../images/16_inference/slide16_03.png>
Package luatex.def Info: ../images/16_inference/slide16_03.png  used on input l
ine 221.
(luatex.def)             Requested size: 331.9158pt x 269.73488pt.
<../images/16_inference/Rplot16_03.png, id=825, 4818.0pt x 2409.0pt>
File: ../images/16_inference/Rplot16_03.png Graphic file (type png)
<use ../images/16_inference/Rplot16_03.png>
Package luatex.def Info: ../images/16_inference/Rplot16_03.png  used on input l
ine 230.
(luatex.def)             Requested size: 359.57pt x 179.81866pt.
 [220<../images/16_inference/slide16_03.png>] [221<../images/16_inference/Rplot1
6_03.png>]) [222]
\openout2 = m17_estimation_and_test.aux

(./m17_estimation_and_test.tex
第17章
<../images/16_inference/Rplot16_04.png, id=836, 4818.0pt x 2409.0pt>
File: ../images/16_inference/Rplot16_04.png Graphic file (type png)
<use ../images/16_inference/Rplot16_04.png>
Package luatex.def Info: ../images/16_inference/Rplot16_04.png  used on input l
ine 22.
(luatex.def)             Requested size: 359.57pt x 179.81866pt.
[223




]
<../images/16_inference/Rplot16_05.png, id=840, 4818.0pt x 2409.0pt>
File: ../images/16_inference/Rplot16_05.png Graphic file (type png)
<use ../images/16_inference/Rplot16_05.png>
Package luatex.def Info: ../images/16_inference/Rplot16_05.png  used on input l
ine 53.
(luatex.def)             Requested size: 359.57pt x 179.81866pt.
 [224<../images/16_inference/Rplot16_04.png>]
<../images/17_estimation_and_test/slide17_1.png, id=844, 1104.125pt x 836.12375
pt>
File: ../images/17_estimation_and_test/slide17_1.png Graphic file (type png)
<use ../images/17_estimation_and_test/slide17_1.png>
Package luatex.def Info: ../images/17_estimation_and_test/slide17_1.png  used o
n input line 75.
(luatex.def)             Requested size: 356.1913pt x 269.73488pt.
 [225<../images/16_inference/Rplot16_05.png>]
<../images/17_estimation_and_test/slide17_2.png, id=848, 1264.725pt x 445.665pt
>
File: ../images/17_estimation_and_test/slide17_2.png Graphic file (type png)
<use ../images/17_estimation_and_test/slide17_2.png>
Package luatex.def Info: ../images/17_estimation_and_test/slide17_2.png  used o
n input line 89.
(luatex.def)             Requested size: 359.64421pt x 126.73022pt.


Class ltjsbook Warning: deprecated old font command `\tt' used.
(ltjsbook)              You should note, that since 1994 LaTeX2e provides a
(ltjsbook)              new font selection scheme called NFSS2 with several
(ltjsbook)              new, combinable font commands. This ltjsbook
(ltjsbook)              class has defined the old font commands like
(ltjsbook)              `\tt' only for compatibility on input line 95.

[226<../images/17_estimation_and_test/slide17_1.png><../images/17_estimation_and
_test/slide17_2.png>] [227]
<../images/17_estimation_and_test/Rplot17_1.png, id=855, 4818.0pt x 2409.0pt>
File: ../images/17_estimation_and_test/Rplot17_1.png Graphic file (type png)
<use ../images/17_estimation_and_test/Rplot17_1.png>
Package luatex.def Info: ../images/17_estimation_and_test/Rplot17_1.png  used o
n input line 138.
(luatex.def)             Requested size: 359.64421pt x 179.82176pt.
 [228]
<../images/17_estimation_and_test/slide17_3.png, id=859, 1192.455pt x 436.63126
pt>
File: ../images/17_estimation_and_test/slide17_3.png Graphic file (type png)
<use ../images/17_estimation_and_test/slide17_3.png>
Package luatex.def Info: ../images/17_estimation_and_test/slide17_3.png  used o
n input line 165.
(luatex.def)             Requested size: 359.64421pt x 131.68327pt.
 [229<../images/17_estimation_and_test/Rplot17_1.png>]
<../images/17_estimation_and_test/slide17_4.png, id=863, 1278.7775pt x 941.5175
pt>
File: ../images/17_estimation_and_test/slide17_4.png Graphic file (type png)
<use ../images/17_estimation_and_test/slide17_4.png>
Package luatex.def Info: ../images/17_estimation_and_test/slide17_4.png  used o
n input line 177.
(luatex.def)             Requested size: 366.3481pt x 269.73488pt.
<../images/17_estimation_and_test/slide17_5.png, id=864, 997.7275pt x 509.905pt
>
File: ../images/17_estimation_and_test/slide17_5.png Graphic file (type png)
<use ../images/17_estimation_and_test/slide17_5.png>
Package luatex.def Info: ../images/17_estimation_and_test/slide17_5.png  used o
n input line 186.
(luatex.def)             Requested size: 359.64421pt x 183.79907pt.
 [230<../images/17_estimation_and_test/slide17_3.png>] [231<../images/17_estimat
ion_and_test/slide17_4.png>]) [232<../images/17_estimation_and_test/slide17_5.pn
g>]
\openout2 = m18_NHST.aux
 (./m18_NHST.tex
第18章

LaTeX Warning: Citation 'wasserstein2016asa' on page 233 undefined on input lin
e 19.


LaTeX Warning: Citation 'amrhein2019scientists' on page 233 undefined on input 
line 19.


LaTeX Warning: Citation 'Toyoda202003' on page 233 undefined on input line 19.

[233




] [234] [235] [236]
<../images/18_NHST/slide18_02.png, id=887, 1019.81pt x 473.77pt>
File: ../images/18_NHST/slide18_02.png Graphic file (type png)
<use ../images/18_NHST/slide18_02.png>
Package luatex.def Info: ../images/18_NHST/slide18_02.png  used on input line 1
24.
(luatex.def)             Requested size: 359.64421pt x 167.07985pt.
 [237<../images/18_NHST/slide18_02.png>]
<../images/18_NHST/slide18_03.png, id=891, 1028.84375pt x 392.46625pt>
File: ../images/18_NHST/slide18_03.png Graphic file (type png)
<use ../images/18_NHST/slide18_03.png>
Package luatex.def Info: ../images/18_NHST/slide18_03.png  used on input line 1
45.
(luatex.def)             Requested size: 359.64421pt x 137.19156pt.


LaTeX Warning: Citation 'Haebara200206' on page 238 undefined on input line 157
.


LaTeX Warning: Citation 'Hirakawa2021' on page 238 undefined on input line 157.


[238<../images/18_NHST/slide18_03.png>]
<../images/18_NHST/Rplot18_01.png, id=895, 3011.25pt x 3011.25pt>
File: ../images/18_NHST/Rplot18_01.png Graphic file (type png)
<use ../images/18_NHST/Rplot18_01.png>
Package luatex.def Info: ../images/18_NHST/Rplot18_01.png  used on input line 1
72.
(luatex.def)             Requested size: 359.64421pt x 359.63434pt.
 [239] [240<../images/18_NHST/Rplot18_01.png>]
<../images/18_NHST/slide18_04.png, id=902, 1026.83624pt x 416.55624pt>
File: ../images/18_NHST/slide18_04.png Graphic file (type png)
<use ../images/18_NHST/slide18_04.png>
Package luatex.def Info: ../images/18_NHST/slide18_04.png  used on input line 2
04.
(luatex.def)             Requested size: 359.64421pt x 145.89856pt.
 [241<../images/18_NHST/slide18_04.png>]) [242]
\openout2 = m19_NHST2.aux
 (./m19_NHST2.tex
第19章
[243




] [244]
<../images/18_NHST/Rplot18_02.png, id=916, 4818.0pt x 2409.0pt>
File: ../images/18_NHST/Rplot18_02.png Graphic file (type png)
<use ../images/18_NHST/Rplot18_02.png>
Package luatex.def Info: ../images/18_NHST/Rplot18_02.png  used on input line 4
5.
(luatex.def)             Requested size: 359.64421pt x 179.82176pt.
 [245<../images/18_NHST/Rplot18_02.png>]
<../images/18_NHST/slide18_01.png, id=920, 1443.3925pt x 818.05624pt>
File: ../images/18_NHST/slide18_01.png Graphic file (type png)
<use ../images/18_NHST/slide18_01.png>
Package luatex.def Info: ../images/18_NHST/slide18_01.png  used on input line 8
4.
(luatex.def)             Requested size: 359.64421pt x 203.82701pt.
 [246]

LaTeX Warning: Citation 'BA33892274' on page 247 undefined on input line 97.

[247<../images/18_NHST/slide18_01.png>] [248]
<../images/19_NHST2/Slide19_03.png, id=931, 512.91624pt x 314.17375pt>
File: ../images/19_NHST2/Slide19_03.png Graphic file (type png)
<use ../images/19_NHST2/Slide19_03.png>
Package luatex.def Info: ../images/19_NHST2/Slide19_03.png  used on input line 
142.
(luatex.def)             Requested size: 359.64421pt x 220.29404pt.


LaTeX Warning: Citation 'Mizumoto2010' on page 249 undefined on input line 146.


[249] [250<../images/19_NHST2/Slide19_03.png>]) [251]
\openout2 = m20_ttest.aux
 (./m20_ttest.tex [252




]
第20章
<../images/19_NHST2/slide19_01.png, id=945, 824.07875pt x 462.72874pt>
File: ../images/19_NHST2/slide19_01.png Graphic file (type png)
<use ../images/19_NHST2/slide19_01.png>
Package luatex.def Info: ../images/19_NHST2/slide19_01.png  used on input line 
27.
(luatex.def)             Requested size: 359.64421pt x 201.94202pt.
[253] [254<../images/19_NHST2/slide19_01.png>] [255]
File: ../images/17_estimation_and_test/slide17_4.png Graphic file (type png)
<use ../images/17_estimation_and_test/slide17_4.png>
Package luatex.def Info: ../images/17_estimation_and_test/slide17_4.png  used o
n input line 107.
(luatex.def)             Requested size: 359.64421pt x 264.78677pt.
 [256] [257] [258]
<../images/19_NHST2/slide19_02.png, id=965, 1186.4325pt x 789.95125pt>
File: ../images/19_NHST2/slide19_02.png Graphic file (type png)
<use ../images/19_NHST2/slide19_02.png>
Package luatex.def Info: ../images/19_NHST2/slide19_02.png  used on input line 
177.
(luatex.def)             Requested size: 359.64421pt x 239.45819pt.
 [259<../images/19_NHST2/slide19_02.png>]
Removing  `ltj.process_input_buffer' from `process_input_buffer'.
Inserting `ltj.listings_unicode' in `process_input_buffer'.
Inserting `ltj.process_input_buffer' in `process_input_buffer'.
Removing  `ltj.listings_unicode' from `process_input_buffer'.
Removing  `ltj.process_input_buffer' from `process_input_buffer'.
Inserting `ltj.listings_unicode' in `process_input_buffer'.
Inserting `ltj.process_input_buffer' in `process_input_buffer'.
Removing  `ltj.listings_unicode' from `process_input_buffer'. [260] [261]
Removing  `ltj.process_input_buffer' from `process_input_buffer'.
Inserting `ltj.listings_unicode' in `process_input_buffer'.
Inserting `ltj.process_input_buffer' in `process_input_buffer'.
Removing  `ltj.listings_unicode' from `process_input_buffer'. [262]
Removing  `ltj.process_input_buffer' from `process_input_buffer'.
Inserting `ltj.listings_unicode' in `process_input_buffer'.
Inserting `ltj.process_input_buffer' in `process_input_buffer'.
Removing  `ltj.listings_unicode' from `process_input_buffer'. [263]

LaTeX Warning: Citation 'effsize' on page 264 undefined on input line 351.

Removing  `ltj.process_input_buffer' from `process_input_buffer'.
Inserting `ltj.listings_unicode' in `process_input_buffer'.
Inserting `ltj.process_input_buffer' in `process_input_buffer'.
Removing  `ltj.listings_unicode' from `process_input_buffer'. [264]
Removing  `ltj.process_input_buffer' from `process_input_buffer'.
Inserting `ltj.listings_unicode' in `process_input_buffer'.
Inserting `ltj.process_input_buffer' in `process_input_buffer'.
Removing  `ltj.listings_unicode' from `process_input_buffer'.
Removing  `ltj.process_input_buffer' from `process_input_buffer'.
Inserting `ltj.listings_unicode' in `process_input_buffer'.
Inserting `ltj.process_input_buffer' in `process_input_buffer'.
Removing  `ltj.listings_unicode' from `process_input_buffer'.
Overfull \hbox (2.26993pt too wide) in paragraph at lines 404--404
[] \TU/lmtt/m/n/9 if cases do not appear in the same order for both levels of th
e grouping factor. Use the[] 
 []

Removing  `ltj.process_input_buffer' from `process_input_buffer'.
Inserting `ltj.listings_unicode' in `process_input_buffer'.
Inserting `ltj.process_input_buffer' in `process_input_buffer'.
Removing  `ltj.listings_unicode' from `process_input_buffer'.
Removing  `ltj.process_input_buffer' from `process_input_buffer'.
Inserting `ltj.listings_unicode' in `process_input_buffer'.
Inserting `ltj.process_input_buffer' in `process_input_buffer'.
Removing  `ltj.listings_unicode' from `process_input_buffer'. [265]
Removing  `ltj.process_input_buffer' from `process_input_buffer'.
Inserting `ltj.listings_unicode' in `process_input_buffer'.
Inserting `ltj.process_input_buffer' in `process_input_buffer'.
Removing  `ltj.listings_unicode' from `process_input_buffer'. [266]) [267]
\openout2 = m21_anova.aux
 (./m
21_anova.tex [268




]
第21章
<../images/21_anova/slide21_01.png, id=997, 1333.98375pt x 845.1575pt>
File: ../images/21_anova/slide21_01.png Graphic file (type png)
<use ../images/21_anova/slide21_01.png>
Package luatex.def Info: ../images/21_anova/slide21_01.png  used on input line 
33.
(luatex.def)             Requested size: 337.16516pt x 213.61014pt.
[269]
<../images/21_anova/slide21_03.png, id=1001, 1314.9125pt x 745.78625pt>
File: ../images/21_anova/slide21_03.png Graphic file (type png)
<use ../images/21_anova/slide21_03.png>
Package luatex.def Info: ../images/21_anova/slide21_03.png  used on input line 
68.
(luatex.def)             Requested size: 359.64421pt x 203.97095pt.
 [270<../images/21_anova/slide21_01.png>] [271<../images/21_anova/slide21_03.png
>]
<../images/21_anova/slide21_05.png, id=1009, 1350.04375pt x 658.46pt>
File: ../images/21_anova/slide21_05.png Graphic file (type png)
<use ../images/21_anova/slide21_05.png>
Package luatex.def Info: ../images/21_anova/slide21_05.png  used on input line 
134.
(luatex.def)             Requested size: 359.64421pt x 175.40536pt.
 [272<../images/21_anova/slide21_05.png>] [273]
<../images/21_anova/slide21_06.png, id=1016, 1151.30125pt x 839.135pt>
File: ../images/21_anova/slide21_06.png Graphic file (type png)
<use ../images/21_anova/slide21_06.png>
Package luatex.def Info: ../images/21_anova/slide21_06.png  used on input line 
189.
(luatex.def)             Requested size: 359.64421pt x 262.1266pt.
 [274<../images/21_anova/slide21_06.png>]
<../images/21_anova/slide21_07.png, id=1020, 1133.23375pt x 788.9475pt>
File: ../images/21_anova/slide21_07.png Graphic file (type png)
<use ../images/21_anova/slide21_07.png>
Package luatex.def Info: ../images/21_anova/slide21_07.png  used on input line 
198.
(luatex.def)             Requested size: 359.64421pt x 250.37367pt.
 [275<../images/21_anova/slide21_07.png>]
Overfull \hbox (1.20369pt too wide) in paragraph at lines 295--315
 [][][] 
 []

[276] [277]

LaTeX Warning: Citation 'BA33892274' on page 278 undefined on input line 393.

[278] [279] [280] [281] [282

]) [283

]
\openout2 = m22_anova_onR.aux
 (./m22_anova_onR.tex [284




]
第22章
<../images/20_ttest/fig20_01.png, id=1052, 1218.5525pt x 513.92pt>
File: ../images/20_ttest/fig20_01.png Graphic file (type png)
<use ../images/20_ttest/fig20_01.png>
Package luatex.def Info: ../images/20_ttest/fig20_01.png  used on input line 17
.
(luatex.def)             Requested size: 359.64421pt x 151.67566pt.

Overfull \hbox (19.79832pt too wide) in paragraph at lines 14--21
|\JY3/gt/b/n/10 ■[]\TU/lmss/m/n/10 R |\JY3/gt/b/n/10 ス |ク |リ |プ |ト 
|を |開 |く[] \JY3/BIZUDPMinchoMedium(0)/m/n/10 今 日 の コ ー ド を 
書 く た め の \TU/TeXGyreTermes(0)/m/n/10 R \JY3/BIZUDPMinchoMedium(0)/m/
n/10 ス ク リ プ ト フ ァ イ ル を 準 備 し ま す 。 \TU/lmtt/m
/n/10 File > NewFile > R Script
 []

[285<../images/20_ttest/fig20_01.png>]
Removing  `ltj.process_input_buffer' from `process_input_buffer'.
Inserting `ltj.listings_unicode' in `process_input_buffer'.
Inserting `ltj.process_input_buffer' in `process_input_buffer'.
Removing  `ltj.listings_unicode' from `process_input_buffer'. [286]
Removing  `ltj.process_input_buffer' from `process_input_buffer'.
Inserting `ltj.listings_unicode' in `process_input_buffer'.
Inserting `ltj.process_input_buffer' in `process_input_buffer'.
Removing  `ltj.listings_unicode' from `process_input_buffer'. [287]
Removing  `ltj.process_input_buffer' from `process_input_buffer'.
Inserting `ltj.listings_unicode' in `process_input_buffer'.
Inserting `ltj.process_input_buffer' in `process_input_buffer'.
Removing  `ltj.listings_unicode' from `process_input_buffer'.
Removing  `ltj.process_input_buffer' from `process_input_buffer'.
Inserting `ltj.listings_unicode' in `process_input_buffer'.
Inserting `ltj.process_input_buffer' in `process_input_buffer'.
Removing  `ltj.listings_unicode' from `process_input_buffer'.
<../images/23_likelihood/screen23_01.png, id=1062, 1234.6125pt x 551.05875pt>
File: ../images/23_likelihood/screen23_01.png Graphic file (type png)
<use ../images/23_likelihood/screen23_01.png>
Package luatex.def Info: ../images/23_likelihood/screen23_01.png  used on input
 line 106.
(luatex.def)             Requested size: 359.64421pt x 160.52606pt.
Removing  `ltj.process_input_buffer' from `process_input_buffer'.
Inserting `ltj.listings_unicode' in `process_input_buffer'.
Inserting `ltj.process_input_buffer' in `process_input_buffer'.
Removing  `ltj.listings_unicode' from `process_input_buffer'. [288<../images/23_
likelihood/screen23_01.png>]
Removing  `ltj.process_input_buffer' from `process_input_buffer'.
Inserting `ltj.listings_unicode' in `process_input_buffer'.
Inserting `ltj.process_input_buffer' in `process_input_buffer'.
Removing  `ltj.listings_unicode' from `process_input_buffer'. [289]
<../images/23_likelihood/slide23_01.png, id=1069, 1312.905pt x 815.045pt>
File: ../images/23_likelihood/slide23_01.png Graphic file (type png)
<use ../images/23_likelihood/slide23_01.png>
Package luatex.def Info: ../images/23_likelihood/slide23_01.png  used on input 
line 187.
(luatex.def)             Requested size: 359.64421pt x 223.26128pt.
 [290<../images/23_likelihood/slide23_01.png>]

LaTeX Warning: Citation 'Haebara200206' on page 291 undefined on input line 196
.

Removing  `ltj.process_input_buffer' from `process_input_buffer'.
Inserting `ltj.listings_unicode' in `process_input_buffer'.
Inserting `ltj.process_input_buffer' in `process_input_buffer'.
Removing  `ltj.listings_unicode' from `process_input_buffer'.
Removing  `ltj.process_input_buffer' from `process_input_buffer'.
Inserting `ltj.listings_unicode' in `process_input_buffer'.
Inserting `ltj.process_input_buffer' in `process_input_buffer'.
Removing  `ltj.listings_unicode' from `process_input_buffer'. [291] [292]
Removing  `ltj.process_input_buffer' from `process_input_buffer'.
Inserting `ltj.listings_unicode' in `process_input_buffer'.
Inserting `ltj.process_input_buffer' in `process_input_buffer'.
Removing  `ltj.listings_unicode' from `process_input_buffer'.
Removing  `ltj.process_input_buffer' from `process_input_buffer'.
Inserting `ltj.listings_unicode' in `process_input_buffer'.
Inserting `ltj.process_input_buffer' in `process_input_buffer'.
Removing  `ltj.listings_unicode' from `process_input_buffer'. [293]
Removing  `ltj.process_input_buffer' from `process_input_buffer'.
Inserting `ltj.listings_unicode' in `process_input_buffer'.
Inserting `ltj.process_input_buffer' in `process_input_buffer'.
Removing  `ltj.listings_unicode' from `process_input_buffer'. [294]
Removing  `ltj.process_input_buffer' from `process_input_buffer'.
Inserting `ltj.listings_unicode' in `process_input_buffer'.
Inserting `ltj.process_input_buffer' in `process_input_buffer'.
Removing  `ltj.listings_unicode' from `process_input_buffer'. [295] [296]
<../images/23_likelihood/slide23_02.png, id=1092, 978.65625pt x 645.41125pt>
File: ../images/23_likelihood/slide23_02.png Graphic file (type png)
<use ../images/23_likelihood/slide23_02.png>
Package luatex.def Info: ../images/23_likelihood/slide23_02.png  used on input 
line 436.
(luatex.def)             Requested size: 359.64421pt x 237.18332pt.
 [297<../images/23_likelihood/slide23_02.png>]
Removing  `ltj.process_input_buffer' from `process_input_buffer'.
Inserting `ltj.listings_unicode' in `process_input_buffer'.
Inserting `ltj.process_input_buffer' in `process_input_buffer'.
Removing  `ltj.listings_unicode' from `process_input_buffer'.
Removing  `ltj.process_input_buffer' from `process_input_buffer'.
Inserting `ltj.listings_unicode' in `process_input_buffer'.
Inserting `ltj.process_input_buffer' in `process_input_buffer'.
Removing  `ltj.listings_unicode' from `process_input_buffer'. [298] [299] [300]
 [301]) [302] [303]
\openout2 = m23_likelihood.aux
 (./m23_likelihood.tex [304




]
第23章
[305]
<../images/24_ML/Rplot24_01.png, id=1121, 2409.0pt x 1204.5pt>
File: ../images/24_ML/Rplot24_01.png Graphic file (type png)
<use ../images/24_ML/Rplot24_01.png>
Package luatex.def Info: ../images/24_ML/Rplot24_01.png  used on input line 33.

(luatex.def)             Requested size: 359.64421pt x 179.82176pt.
 [306<../images/24_ML/Rplot24_01.png>] [307]

LaTeX Warning: Citation 'lambert2018student' on page 308 undefined on input lin
e 94.

[308]
<../images/24_ML/Rplot24_02.png, id=1131, 2409.0pt x 1204.5pt>
File: ../images/24_ML/Rplot24_02.png Graphic file (type png)
<use ../images/24_ML/Rplot24_02.png>
Package luatex.def Info: ../images/24_ML/Rplot24_02.png  used on input line 120
.
(luatex.def)             Requested size: 359.64421pt x 179.82176pt.
 [309] [310<../images/24_ML/Rplot24_02.png>]
<../images/23_likelihood/Rplot_ml1.png, id=1138, 867.24pt x 433.62pt>
File: ../images/23_likelihood/Rplot_ml1.png Graphic file (type png)
<use ../images/23_likelihood/Rplot_ml1.png>
Package luatex.def Info: ../images/23_likelihood/Rplot_ml1.png  used on input l
ine 147.
(luatex.def)             Requested size: 359.64421pt x 179.82323pt.
<../images/23_likelihood/Rplot_ml2.png, id=1139, 867.24pt x 433.62pt>
File: ../images/23_likelihood/Rplot_ml2.png Graphic file (type png)
<use ../images/23_likelihood/Rplot_ml2.png>
Package luatex.def Info: ../images/23_likelihood/Rplot_ml2.png  used on input l
ine 155.
(luatex.def)             Requested size: 359.64421pt x 179.82323pt.
 [311<../images/23_likelihood/Rplot_ml1.png><../images/23_likelihood/Rplot_ml2.p
ng>]
<../images/23_likelihood/Rplot_ml3.png, id=1144, 867.24pt x 433.62pt>
File: ../images/23_likelihood/Rplot_ml3.png Graphic file (type png)
<use ../images/23_likelihood/Rplot_ml3.png>
Package luatex.def Info: ../images/23_likelihood/Rplot_ml3.png  used on input l
ine 188.
(luatex.def)             Requested size: 359.64421pt x 179.82323pt.
<../images/24_ML/Rplot24_04.png, id=1145, 803.0pt x 702.625pt>
File: ../images/24_ML/Rplot24_04.png Graphic file (type png)
<use ../images/24_ML/Rplot24_04.png>
Package luatex.def Info: ../images/24_ML/Rplot24_04.png  used on input line 201
.
(luatex.def)             Requested size: 359.64421pt x 314.6988pt.
 [312]) [313<../images/23_likelihood/Rplot_ml3.png>] [314<../images/24_ML/Rplot2
4_04.png>]
\openout2 = m24_maximum_likelihood.aux

(./m24_maximum_likelihood.tex
第24章
[315




]
<../images/24_ML/Rplot24_06.png, id=1158, 1156.32pt x 650.43pt>
File: ../images/24_ML/Rplot24_06.png Graphic file (type png)
<use ../images/24_ML/Rplot24_06.png>
Package luatex.def Info: ../images/24_ML/Rplot24_06.png  used on input line 86.

(luatex.def)             Requested size: 359.64421pt x 202.29617pt.
 [316] [317<../images/24_ML/Rplot24_06.png>] [318] [319]
Removing  `ltj.process_input_buffer' from `process_input_buffer'.
Inserting `ltj.listings_unicode' in `process_input_buffer'.
Inserting `ltj.process_input_buffer' in `process_input_buffer'.
Removing  `ltj.listings_unicode' from `process_input_buffer'. [320] [321]
Removing  `ltj.process_input_buffer' from `process_input_buffer'.
Inserting `ltj.listings_unicode' in `process_input_buffer'.
Inserting `ltj.process_input_buffer' in `process_input_buffer'.
Removing  `ltj.listings_unicode' from `process_input_buffer'.
<../images/24_ML/Rplot_regression.png, id=1178, 903.375pt x 903.375pt>
File: ../images/24_ML/Rplot_regression.png Graphic file (type png)
<use ../images/24_ML/Rplot_regression.png>
Package luatex.def Info: ../images/24_ML/Rplot_regression.png  used on input li
ne 270.
(luatex.def)             Requested size: 359.64421pt x 359.64812pt.

[322<../images/24_ML/Rplot_regression.png>] [323]) [324]
\openout2 = m25_bayesian.aux
 (./m25_bayesian.tex
第25章
[325




] [326] [327] [328]

LaTeX Warning: Citation 'Gilboa2014' on page 329 undefined on input line 157.


LaTeX Warning: Citation 'shigemasu2019' on page 329 undefined on input line 157
.

[329]
<../images/25_bayesian/slide25_06.png, id=1203, 1255.69125pt x 854.19125pt>
File: ../images/25_bayesian/slide25_06.png Graphic file (type png)
<use ../images/25_bayesian/slide25_06.png>
Package luatex.def Info: ../images/25_bayesian/slide25_06.png  used on input li
ne 164.
(luatex.def)             Requested size: 359.64421pt x 244.64615pt.
 [330<../images/25_bayesian/slide25_06.png>] [331] [332]) [333]
\openout2 = m26_bayesian2.aux

(./m26_bayesian2.tex [334




]
第26章
<../images/25_bayesian/slide25_01.png, id=1220, 1341.01pt x 763.85374pt>
File: ../images/25_bayesian/slide25_01.png Graphic file (type png)
<use ../images/25_bayesian/slide25_01.png>
Package luatex.def Info: ../images/25_bayesian/slide25_01.png  used on input li
ne 32.
(luatex.def)             Requested size: 359.64421pt x 204.85626pt.
[335]

LaTeX Warning: Citation 'mcgrayne2011theory' on page 336 undefined on input lin
e 42.

[336<../images/25_bayesian/slide25_01.png>]

LaTeX Warning: Citation 'Hamada201912' on page 337 undefined on input line 56.

<../images/25_bayesian/slide25_02.png, id=1227, 1082.0425pt x 683.55376pt>
File: ../images/25_bayesian/slide25_02.png Graphic file (type png)
<use ../images/25_bayesian/slide25_02.png>
Package luatex.def Info: ../images/25_bayesian/slide25_02.png  used on input li
ne 66.
(luatex.def)             Requested size: 359.64421pt x 227.19011pt.
<../images/25_bayesian/slide25_03.png, id=1228, 1196.47pt x 666.49pt>
File: ../images/25_bayesian/slide25_03.png Graphic file (type png)
<use ../images/25_bayesian/slide25_03.png>
Package luatex.def Info: ../images/25_bayesian/slide25_03.png  used on input li
ne 74.
(luatex.def)             Requested size: 359.64421pt x 200.33499pt.
[337] [338<../images/25_bayesian/slide25_02.png><../images/25_bayesian/slide25_0
3.png>]
<../images/25_bayesian/slide25_04.png, id=1235, 669.50125pt x 453.695pt>
File: ../images/25_bayesian/slide25_04.png Graphic file (type png)
<use ../images/25_bayesian/slide25_04.png>
Package luatex.def Info: ../images/25_bayesian/slide25_04.png  used on input li
ne 85.
(luatex.def)             Requested size: 359.64421pt x 243.72478pt.
 [339<../images/25_bayesian/slide25_04.png>]
<../images/26_bayesian2/slide26_07.png, id=1239, 832.10875pt x 592.2125pt>
File: ../images/26_bayesian2/slide26_07.png Graphic file (type png)
<use ../images/26_bayesian2/slide26_07.png>
Package luatex.def Info: ../images/26_bayesian2/slide26_07.png  used on input l
ine 102.
(luatex.def)             Requested size: 359.64421pt x 255.95668pt.


LaTeX Warning: Citation 'bayestestR' on page 340 undefined on input line 111.

<../images/26_bayesian2/Rplot26_01.png, id=1240, 1156.32pt x 650.43pt>
File: ../images/26_bayesian2/Rplot26_01.png Graphic file (type png)
<use ../images/26_bayesian2/Rplot26_01.png>
Package luatex.def Info: ../images/26_bayesian2/Rplot26_01.png  used on input l
ine 114.
(luatex.def)             Requested size: 359.64421pt x 202.29617pt.
[340<../images/26_bayesian2/slide26_07.png>]
<../images/26_bayesian2/slide26_01.png, id=1244, 1027.84pt x 770.88pt>
File: ../images/26_bayesian2/slide26_01.png Graphic file (type png)
<use ../images/26_bayesian2/slide26_01.png>
Package luatex.def Info: ../images/26_bayesian2/slide26_01.png  used on input l
ine 131.
(luatex.def)             Requested size: 359.64421pt x 269.7297pt.
 [341<../images/26_bayesian2/Rplot26_01.png>]
<../images/26_bayesian2/slide26_02.png, id=1249, 1027.84pt x 770.88pt>
File: ../images/26_bayesian2/slide26_02.png Graphic file (type png)
<use ../images/26_bayesian2/slide26_02.png>
Package luatex.def Info: ../images/26_bayesian2/slide26_02.png  used on input l
ine 140.
(luatex.def)             Requested size: 359.64421pt x 269.7297pt.
 [342<../images/26_bayesian2/slide26_01.png>]
<../images/26_bayesian2/slide26_03.png, id=1253, 1027.84pt x 770.88pt>
File: ../images/26_bayesian2/slide26_03.png Graphic file (type png)
<use ../images/26_bayesian2/slide26_03.png>
Package luatex.def Info: ../images/26_bayesian2/slide26_03.png  used on input l
ine 151.
(luatex.def)             Requested size: 359.64421pt x 269.7297pt.


LaTeX Warning: Citation 'Lee201709' on page 343 undefined on input line 155.

[343<../images/26_bayesian2/slide26_02.png>]
<../images/26_bayesian2/slide26_04.png, id=1257, 1253.68375pt x 693.59125pt>
File: ../images/26_bayesian2/slide26_04.png Graphic file (type png)
<use ../images/26_bayesian2/slide26_04.png>
Package luatex.def Info: ../images/26_bayesian2/slide26_04.png  used on input l
ine 172.
(luatex.def)             Requested size: 359.64421pt x 198.96672pt.
 [344<../images/26_bayesian2/slide26_03.png>]) [345<../images/26_bayesian2/slide
26_04.png>]
\openout2 = m27_bayesian3.aux
 (./m27_bayesian3.tex
[346




]
第27章
[347]

LaTeX Warning: Citation 'Maeda2017' on page 348 undefined on input line 32.

[348]
<../images/26_bayesian2/slide26_06.png, id=1273, 1076.02pt x 601.24625pt>
File: ../images/26_bayesian2/slide26_06.png Graphic file (type png)
<use ../images/26_bayesian2/slide26_06.png>
Package luatex.def Info: ../images/26_bayesian2/slide26_06.png  used on input l
ine 54.
(luatex.def)             Requested size: 359.64421pt x 200.95314pt.
 [349]

LaTeX Warning: Citation 'Toyoda2009' on page 350 undefined on input line 65.

[350<../images/26_bayesian2/slide26_06.png>]

LaTeX Warning: Citation 'kruschke2018rejecting' on page 351 undefined on input 
line 70.

<../images/27_bayesian3/Krschke2018.png, id=1280, 969.6225pt x 621.32124pt>
File: ../images/27_bayesian3/Krschke2018.png Graphic file (type png)
<use ../images/27_bayesian3/Krschke2018.png>
Package luatex.def Info: ../images/27_bayesian3/Krschke2018.png  used on input 
line 76.
(luatex.def)             Requested size: 359.64421pt x 230.4541pt.

LaTeX Warning: Citation 'kruschke2018rejecting' on page 351 undefined on input 
line 77.


LaTeX Warning: Citation 'kruschke2018rejecting' on page 351 undefined on input 
line 77.

[351<../images/27_bayesian3/Krschke2018.png>] [352]

LaTeX Warning: Citation 'Hamada201912' on page 353 undefined on input line 118.



LaTeX Warning: Citation 'Lee201709' on page 353 undefined on input line 120.

[353] [354]) [355]
\openout2 = m28_jasp.aux
 (./m28_jasp.tex [356




]
第28章
[357]
<../images/28_JASP/slide28_01.png, id=1303, 985.6825pt x 299.1175pt>
File: ../images/28_JASP/slide28_01.png Graphic file (type png)
<use ../images/28_JASP/slide28_01.png>
Package luatex.def Info: ../images/28_JASP/slide28_01.png  used on input line 3
3.
(luatex.def)             Requested size: 359.64421pt x 109.13817pt.
 [358<../images/28_JASP/slide28_01.png>]
<../images/07_probability/Rplot08_06.png, id=1307, 4818.0pt x 3613.5pt>
File: ../images/07_probability/Rplot08_06.png Graphic file (type png)
<use ../images/07_probability/Rplot08_06.png>
Package luatex.def Info: ../images/07_probability/Rplot08_06.png  used on input
 line 44.
(luatex.def)             Requested size: 292.20706pt x 219.11642pt.
 [359<../images/07_probability/Rplot08_06.png>]
<../images/28_JASP/Rplot28_01.png, id=1311, 650.43pt x 650.43pt>
File: ../images/28_JASP/Rplot28_01.png Graphic file (type png)
<use ../images/28_JASP/Rplot28_01.png>
Package luatex.def Info: ../images/28_JASP/Rplot28_01.png  used on input line 6
0.
(luatex.def)             Requested size: 292.20706pt x 292.2144pt.


LaTeX Warning: Citation 'JAGS' on page 360 undefined on input line 67.


LaTeX Warning: Citation 'stan2017' on page 360 undefined on input line 67.


LaTeX Warning: Citation 'Lee201709' on page 360 undefined on input line 67.

<../images/28_JASP/slide28_02.png, id=1312, 997.7275pt x 745.78625pt>
File: ../images/28_JASP/slide28_02.png Graphic file (type png)
<use ../images/28_JASP/slide28_02.png>
Package luatex.def Info: ../images/28_JASP/slide28_02.png  used on input line 7
0.
(luatex.def)             Requested size: 292.20706pt x 218.41187pt.
[360<../images/28_JASP/Rplot28_01.png>]

LaTeX Warning: Citation 'brmsCite1' on page 361 undefined on input line 77.


LaTeX Warning: Citation 'brmsCite2' on page 361 undefined on input line 77.


LaTeX Warning: Citation 'blavaanCite1' on page 361 undefined on input line 77.


LaTeX Warning: Citation 'blavaanCite2' on page 361 undefined on input line 77.

<../images/28_JASP/JASP_web01.png, id=1316, 699.61375pt x 593.21625pt>
File: ../images/28_JASP/JASP_web01.png Graphic file (type png)
<use ../images/28_JASP/JASP_web01.png>
Package luatex.def Info: ../images/28_JASP/JASP_web01.png  used on input line 8
5.
(luatex.def)             Requested size: 292.20706pt x 247.77325pt.
<../images/28_JASP/JASP_web02.png, id=1317, 700.6175pt x 450.68375pt>
File: ../images/28_JASP/JASP_web02.png Graphic file (type png)
<use ../images/28_JASP/JASP_web02.png>
Package luatex.def Info: ../images/28_JASP/JASP_web02.png  used on input line 9
3.
(luatex.def)             Requested size: 292.20706pt x 187.9724pt.
<../images/28_JASP/JASP_wakeup.png, id=1318, 1365.1pt x 911.405pt>
File: ../images/28_JASP/JASP_wakeup.png Graphic file (type png)
<use ../images/28_JASP/JASP_wakeup.png>
Package luatex.def Info: ../images/28_JASP/JASP_wakeup.png  used on input line 
100.
(luatex.def)             Requested size: 292.20706pt x 195.08603pt.
[361<../images/28_JASP/slide28_02.png>]
<../images/28_JASP/JASP_01.png, id=1323, 1365.1pt x 911.405pt>
File: ../images/28_JASP/JASP_01.png Graphic file (type png)
<use ../images/28_JASP/JASP_01.png>
Package luatex.def Info: ../images/28_JASP/JASP_01.png  used on input line 111.

(luatex.def)             Requested size: 337.16516pt x 225.09712pt.
<../images/28_JASP/JASP_02.png, id=1324, 1365.1pt x 911.405pt>
File: ../images/28_JASP/JASP_02.png Graphic file (type png)
<use ../images/28_JASP/JASP_02.png>
Package luatex.def Info: ../images/28_JASP/JASP_02.png  used on input line 118.

(luatex.def)             Requested size: 337.16516pt x 225.09712pt.
 [362<../images/28_JASP/JASP_web01.png><../images/28_JASP/JASP_web02.png>]
<../images/28_JASP/JASP_03.png, id=1328, 1532.72626pt x 938.50626pt>
File: ../images/28_JASP/JASP_03.png Graphic file (type png)
<use ../images/28_JASP/JASP_03.png>
Package luatex.def Info: ../images/28_JASP/JASP_03.png  used on input line 130.

(luatex.def)             Requested size: 359.64421pt x 220.2053pt.
<../images/28_JASP/JASP_04.png, id=1329, 1532.72626pt x 938.50626pt>
File: ../images/28_JASP/JASP_04.png Graphic file (type png)
<use ../images/28_JASP/JASP_04.png>
Package luatex.def Info: ../images/28_JASP/JASP_04.png  used on input line 139.

(luatex.def)             Requested size: 337.16516pt x 206.44337pt.
 [363<../images/28_JASP/JASP_wakeup.png><../images/28_JASP/JASP_01.png>]
<../images/28_JASP/JASP_plot01.png, id=1333, 1146.2825pt x 464.73625pt>
File: ../images/28_JASP/JASP_plot01.png Graphic file (type png)
<use ../images/28_JASP/JASP_plot01.png>
Package luatex.def Info: ../images/28_JASP/JASP_plot01.png  used on input line 
146.
(luatex.def)             Requested size: 359.64421pt x 145.8112pt.
<../images/28_JASP/JASP_plot02.png, id=1334, 324.21124pt x 370.38374pt>
File: ../images/28_JASP/JASP_plot02.png Graphic file (type png)
<use ../images/28_JASP/JASP_plot02.png>
Package luatex.def Info: ../images/28_JASP/JASP_plot02.png  used on input line 
155.
(luatex.def)             Requested size: 224.77678pt x 256.79144pt.
 [364<../images/28_JASP/JASP_02.png><../images/28_JASP/JASP_03.png>]
<../images/28_JASP/JASP_05.png, id=1338, 387.4475pt x 208.78pt>
File: ../images/28_JASP/JASP_05.png Graphic file (type png)
<use ../images/28_JASP/JASP_05.png>
Package luatex.def Info: ../images/28_JASP/JASP_05.png  used on input line 165.

(luatex.def)             Requested size: 292.20706pt x 157.46066pt.
<../images/28_JASP/JASP_06.png, id=1339, 398.48875pt x 329.23pt>
File: ../images/28_JASP/JASP_06.png Graphic file (type png)
<use ../images/28_JASP/JASP_06.png>
Package luatex.def Info: ../images/28_JASP/JASP_06.png  used on input line 173.

(luatex.def)             Requested size: 292.20706pt x 241.43105pt.
 [365<../images/28_JASP/JASP_04.png><../images/28_JASP/JASP_plot01.png>]
<../images/28_JASP/JASP_cor1.png, id=1343, 619.31375pt x 679.53876pt>
File: ../images/28_JASP/JASP_cor1.png Graphic file (type png)
<use ../images/28_JASP/JASP_cor1.png>
Package luatex.def Info: ../images/28_JASP/JASP_cor1.png  used on input line 18
4.
(luatex.def)             Requested size: 224.77678pt x 246.63496pt.
 [366<../images/28_JASP/JASP_plot02.png><../images/28_JASP/JASP_05.png>]
<../images/28_JASP/JASP_ttest.png, id=1347, 622.325pt x 712.6625pt>
File: ../images/28_JASP/JASP_ttest.png Graphic file (type png)
<use ../images/28_JASP/JASP_ttest.png>
Package luatex.def Info: ../images/28_JASP/JASP_ttest.png  used on input line 2
08.
(luatex.def)             Requested size: 224.77678pt x 257.40651pt.
 [367<../images/28_JASP/JASP_06.png>] [368<../images/28_JASP/JASP_cor1.png><../i
mages/28_JASP/JASP_ttest.png>] [369]
<../images/28_JASP/JASP_ttestPlot.png, id=1357, 531.9072pt x 401.5pt>
File: ../images/28_JASP/JASP_ttestPlot.png Graphic file (type png)
<use ../images/28_JASP/JASP_ttestPlot.png>
Package luatex.def Info: ../images/28_JASP/JASP_ttestPlot.png  used on input li
ne 299.
(luatex.def)             Requested size: 224.77678pt x 169.67033pt.
<../images/28_JASP/JASP_ttestBF.png, id=1358, 531.9072pt x 401.5pt>
File: ../images/28_JASP/JASP_ttestBF.png Graphic file (type png)
<use ../images/28_JASP/JASP_ttestBF.png>
Package luatex.def Info: ../images/28_JASP/JASP_ttestBF.png  used on input line
 308.
(luatex.def)             Requested size: 359.64421pt x 271.48479pt.


LaTeX Warning: Citation 'Lee201709' on page 370 undefined on input line 314.

[370<../images/28_JASP/JASP_ttestPlot.png>]) [371<../images/28_JASP/JASP_ttestBF
.png>]
\openout2 = m29_brms.aux
 (./m29_brms.tex [372




]
第29章

LaTeX Warning: Citation 'brmsCite1' on page 373 undefined on input line 12.


LaTeX Warning: Citation 'brmsCite2' on page 373 undefined on input line 12.

[373]

LaTeX Warning: Citation 'Baba201907' on page 374 undefined on input line 21.

Removing  `ltj.process_input_buffer' from `process_input_buffer'.
Inserting `ltj.listings_unicode' in `process_input_buffer'.
Inserting `ltj.process_input_buffer' in `process_input_buffer'.
Removing  `ltj.listings_unicode' from `process_input_buffer'.
Removing  `ltj.process_input_buffer' from `process_input_buffer'.
Inserting `ltj.listings_unicode' in `process_input_buffer'.
Inserting `ltj.process_input_buffer' in `process_input_buffer'.
Removing  `ltj.listings_unicode' from `process_input_buffer'.
Removing  `ltj.process_input_buffer' from `process_input_buffer'.
Inserting `ltj.listings_unicode' in `process_input_buffer'.
Inserting `ltj.process_input_buffer' in `process_input_buffer'. [374]
Removing  `ltj.listings_unicode' from `process_input_buffer'. [375]
Removing  `ltj.process_input_buffer' from `process_input_buffer'.
Inserting `ltj.listings_unicode' in `process_input_buffer'.
Inserting `ltj.process_input_buffer' in `process_input_buffer'.
Removing  `ltj.listings_unicode' from `process_input_buffer'. [376]
<../images/27_bayesian3/Rplot27_01.png, id=1381, 4818.0pt x 2409.0pt>
File: ../images/27_bayesian3/Rplot27_01.png Graphic file (type png)
<use ../images/27_bayesian3/Rplot27_01.png>
Package luatex.def Info: ../images/27_bayesian3/Rplot27_01.png  used on input l
ine 147.
(luatex.def)             Requested size: 359.64421pt x 179.82176pt.


LaTeX Warning: Citation 'bayestestR' on page 377 undefined on input line 151.

Removing  `ltj.process_input_buffer' from `process_input_buffer'.
Inserting `ltj.listings_unicode' in `process_input_buffer'.
Inserting `ltj.process_input_buffer' in `process_input_buffer'.
Removing  `ltj.listings_unicode' from `process_input_buffer'. [377<../images/27_
bayesian3/Rplot27_01.png>]
<../images/27_bayesian3/slide27_02.png, id=1385, 1016.79875pt x 738.76pt>
File: ../images/27_bayesian3/slide27_02.png Graphic file (type png)
<use ../images/27_bayesian3/slide27_02.png>
Package luatex.def Info: ../images/27_bayesian3/slide27_02.png  used on input l
ine 180.
(luatex.def)             Requested size: 359.64421pt x 261.29782pt.
 [378]
<../images/27_bayesian3/slide27_01.png, id=1389, 1245.65375pt x 930.47626pt>
File: ../images/27_bayesian3/slide27_01.png Graphic file (type png)
<use ../images/27_bayesian3/slide27_01.png>
Package luatex.def Info: ../images/27_bayesian3/slide27_01.png  used on input l
ine 193.
(luatex.def)             Requested size: 359.64421pt x 268.63858pt.
 [379<../images/27_bayesian3/slide27_02.png>]
Removing  `ltj.process_input_buffer' from `process_input_buffer'.
Inserting `ltj.listings_unicode' in `process_input_buffer'.
Inserting `ltj.process_input_buffer' in `process_input_buffer'.
Removing  `ltj.listings_unicode' from `process_input_buffer'. [380<../images/27_
bayesian3/slide27_01.png>]
Removing  `ltj.process_input_buffer' from `process_input_buffer'.
Inserting `ltj.listings_unicode' in `process_input_buffer'.
Inserting `ltj.process_input_buffer' in `process_input_buffer'.
Removing  `ltj.listings_unicode' from `process_input_buffer'.
<../images/27_bayesian3/slide27_03.png, id=1396, 1038.88126pt x 928.46875pt>
File: ../images/27_bayesian3/slide27_03.png Graphic file (type png)
<use ../images/27_bayesian3/slide27_03.png>
Package luatex.def Info: ../images/27_bayesian3/slide27_03.png  used on input l
ine 271.
(luatex.def)             Requested size: 359.64421pt x 321.41295pt.
 [381] [382<../images/27_bayesian3/slide27_03.png>]
Removing  `ltj.process_input_buffer' from `process_input_buffer'.
Inserting `ltj.listings_unicode' in `process_input_buffer'.
Inserting `ltj.process_input_buffer' in `process_input_buffer'.
Removing  `ltj.listings_unicode' from `process_input_buffer'. [383] [384]
Removing  `ltj.process_input_buffer' from `process_input_buffer'.
Inserting `ltj.listings_unicode' in `process_input_buffer'.
Inserting `ltj.process_input_buffer' in `process_input_buffer'.
Removing  `ltj.listings_unicode' from `process_input_buffer'.) [385]
\openout2 = m30_SecondSemester.aux
 (./m30_Sec
ondSemester.tex [386




]
第30章
[387]) [388] (../../common_contents/Computer.tex
付録A
[389



]

LaTeX Warning: Citation 'UserIlluision2002' on page 390 undefined on input line
 26.


LaTeX Warning: Citation 'Isaacson2012' on page 390 undefined on input line 31.

[390]
<../../common_contents/figures/computer_01.png, id=1428, 1177.39874pt x 559.088
75pt>
File: ../../common_contents/figures/computer_01.png Graphic file (type png)
<use ../../common_contents/figures/computer_01.png>
Package luatex.def Info: ../../common_contents/figures/computer_01.png  used on
 input line 39.
(luatex.def)             Requested size: 359.64421pt x 170.77348pt.
 [391] [392<../../common_contents/figures/computer_01.png>] [393] [394]
<../../common_contents/figures/computer_06.png, id=1442, 837.1275pt x 476.78125
pt>
File: ../../common_contents/figures/computer_06.png Graphic file (type png)
<use ../../common_contents/figures/computer_06.png>
Package luatex.def Info: ../../common_contents/figures/computer_06.png  used on
 input line 92.
(luatex.def)             Requested size: 359.64421pt x 204.83006pt.

[395] [396<../../common_contents/figures/computer_06.png>]
Removing  `ltj.process_input_buffer' from `process_input_buffer'.
Inserting `ltj.listings_unicode' in `process_input_buffer'.
Inserting `ltj.process_input_buffer' in `process_input_buffer'.
Removing  `ltj.listings_unicode' from `process_input_buffer'. [397]
Removing  `ltj.process_input_buffer' from `process_input_buffer'.
Inserting `ltj.listings_unicode' in `process_input_buffer'.
Inserting `ltj.process_input_buffer' in `process_input_buffer'.
Removing  `ltj.listings_unicode' from `process_input_buffer'.
Removing  `ltj.process_input_buffer' from `process_input_buffer'.
Inserting `ltj.listings_unicode' in `process_input_buffer'.
Inserting `ltj.process_input_buffer' in `process_input_buffer'.
Removing  `ltj.listings_unicode' from `process_input_buffer'. [398] [399])
(../../common_contents/FAQ.tex [400]
付録B
<../../common_contents/figures/RstudioFIleEditor.png, id=1461, 569.12625pt x 50
8.90125pt>
File: ../../common_contents/figures/RstudioFIleEditor.png Graphic file (type pn
g)
<use ../../common_contents/figures/RstudioFIleEditor.png>
Package luatex.def Info: ../../common_contents/figures/RstudioFIleEditor.png  u
sed on input line 22.
(luatex.def)             Requested size: 359.64421pt x 321.60342pt.
[401

]
<../../common_contents/figures/RmdFile.png, id=1466, 892.33376pt x 721.69624pt>

File: ../../common_contents/figures/RmdFile.png Graphic file (type png)
<use ../../common_contents/figures/RmdFile.png>
Package luatex.def Info: ../../common_contents/figures/RmdFile.png  used on inp
ut line 35.
(luatex.def)             Requested size: 359.64421pt x 290.87582pt.
 [402<../../common_contents/figures/RstudioFIleEditor.png>]
<../../common_contents/figures/InsertChunk.png, id=1470, 1068.99374pt x 365.365
pt>
File: ../../common_contents/figures/InsertChunk.png Graphic file (type png)
<use ../../common_contents/figures/InsertChunk.png>
Package luatex.def Info: ../../common_contents/figures/InsertChunk.png  used on
 input line 47.
(luatex.def)             Requested size: 359.64421pt x 122.9179pt.
 [403<../../common_contents/figures/RmdFile.png><../../common_contents/figures/I
nsertChunk.png>]
<../../common_contents/figures/RmdKnit.png, id=1474, 1128.215pt x 311.1625pt>
File: ../../common_contents/figures/RmdKnit.png Graphic file (type png)
<use ../../common_contents/figures/RmdKnit.png>
Package luatex.def Info: ../../common_contents/figures/RmdKnit.png  used on inp
ut line 57.
(luatex.def)             Requested size: 359.64421pt x 99.18944pt.
Removing  `ltj.process_input_buffer' from `process_input_buffer'.
Inserting `ltj.listings_unicode' in `process_input_buffer'.
Inserting `ltj.process_input_buffer' in `process_input_buffer'.
Removing  `ltj.listings_unicode' from `process_input_buffer'. [404<../../common_
contents/figures/RmdKnit.png>] [405]
<../../common_contents/figures/FAQ01.png, id=1481, 1674.255pt x 1255.69125pt>
File: ../../common_contents/figures/FAQ01.png Graphic file (type png)
<use ../../common_contents/figures/FAQ01.png>
Package luatex.def Info: ../../common_contents/figures/FAQ01.png  used on input
 line 107.
(luatex.def)             Requested size: 359.64421pt x 269.71927pt.
 [406<../../common_contents/figures/FAQ01.png>] [407]
LaTeX Font Info:    Font shape `JT3/BIZUDPMinchoMedium(0)/m/it' will be
(Font)              scaled to size 6.47299pt on input line 183.
LaTeX Font Info:    Font shape `JY3/BIZUDPMinchoMedium(0)/m/it' will be
(Font)              scaled to size 6.47299pt on input line 183.
LaTeX Font Info:    Font shape `JT3/BIZUDPMinchoMedium(0)/m/it' will be
(Font)              scaled to size 5.54828pt on input line 183.
LaTeX Font Info:    Font shape `JY3/BIZUDPMinchoMedium(0)/m/it' will be
(Font)              scaled to size 5.54828pt on input line 183.
 [408] [409] [410])
(../../common_contents/Greeks.tex [411] [412

]
付録C
) (../../common_contents/keyboards.tex [413] [414

]
付録D
(load cache: extra_lmmono12-regular.luc)
Overfull \hbox (12.85297pt too wide) in paragraph at lines 34--65
 [][][] 
 []

<../../common_contents/figures/JapaneseKeyChange.png, id=1510, 282.05376pt x 26
4.99pt>
File: ../../common_contents/figures/JapaneseKeyChange.png Graphic file (type pn
g)
<use ../../common_contents/figures/JapaneseKeyChange.png>
Package luatex.def Info: ../../common_contents/figures/JapaneseKeyChange.png  u
sed on input line 73.
(luatex.def)             Requested size: 113.81102pt x 106.9241pt.
<../../common_contents/figures/JPkeyAssign.png, id=1511, 925.4575pt x 517.935pt
>
File: ../../common_contents/figures/JPkeyAssign.png Graphic file (type png)
<use ../../common_contents/figures/JPkeyAssign.png>
Package luatex.def Info: ../../common_contents/figures/JPkeyAssign.png  used on
 input line 79.
(luatex.def)             Requested size: 359.64421pt x 201.27464pt.
<../../common_contents/figures/usKeyAssign.png, id=1512, 837.1275pt x 545.03625
pt>
File: ../../common_contents/figures/usKeyAssign.png Graphic file (type png)
<use ../../common_contents/figures/usKeyAssign.png>
Package luatex.def Info: ../../common_contents/figures/usKeyAssign.png  used on
 input line 85.
(luatex.def)             Requested size: 359.64421pt x 234.1531pt.
) [415] [416<../../common_contents/figures/JapaneseKeyChange.png>] [417<../../co
mmon_contents/figures/JPkeyAssign.png><../../common_contents/figures/usKeyAssign
.png>] [418

]
付録E
(../../syllabus/tex/s01_Introduction.tex

LaTeX Warning: Citation 'Miura201705' on page 419 undefined on input line 15.


LaTeX Warning: Citation 'Shimoyama2001' on page 419 undefined on input line 21.


[419]

LaTeX Warning: Citation 'Miura201705' on page 420 undefined on input line 26.


LaTeX Warning: Citation 'Kawabata201408' on page 420 undefined on input line 27
.


LaTeX Warning: Citation 'Daihiko201507' on page 420 undefined on input line 46.



LaTeX Warning: Citation 'Michimata200903' on page 420 undefined on input line 4
6.


LaTeX Warning: Citation 'Kikuchi2018' on page 420 undefined on input line 46.


LaTeX Warning: Citation 'Ohashi201610' on page 420 undefined on input line 46.

) (../../syllabus/tex/s02_Numbers.tex [420]

LaTeX Warning: Citation 'Yamada2004' on page 421 undefined on input line 15.


LaTeX Warning: Citation 'Yamauchi201001' on page 421 undefined on input line 20
.


LaTeX Warning: Citation 'Miura201705' on page 421 undefined on input line 20.


LaTeX Warning: Citation 'Toyoda1992' on page 421 undefined on input line 20.


LaTeX Warning: Citation 'Kawabata201408' on page 421 undefined on input line 25
.


LaTeX Warning: Citation 'Yamada2004' on page 421 undefined on input line 25.


LaTeX Warning: Citation 'Kinosady2021' on page 421 undefined on input line 30.


LaTeX Warning: Citation 'Kieran2018' on page 421 undefined on input line 30.

[421]

LaTeX Warning: Citation 'Rosling2019' on page 422 undefined on input line 49.


LaTeX Warning: Citation 'Miura201705' on page 422 undefined on input line 49.


LaTeX Warning: Citation 'Kawabata201408' on page 422 undefined on input line 49
.


LaTeX Warning: Citation 'Yamada2004' on page 422 undefined on input line 49.


LaTeX Warning: Citation 'kosugi2018' on page 422 undefined on input line 49.


LaTeX Warning: Citation 'kosugi2019' on page 422 undefined on input line 49.

) (../../syllabus/tex/s03_introR.tex [422]

LaTeX Warning: Citation 'kosugi2019' on page 423 undefined on input line 20.


LaTeX Warning: Citation 'kosugi2019' on page 423 undefined on input line 20.

) (../../syllabus/tex/s04_usingR.tex [423]

LaTeX Warning: Citation 'kosugi2019' on page 424 undefined on input line 19.


LaTeX Warning: Citation 'Takahashi201805' on page 424 undefined on input line 1
9.


LaTeX Warning: Citation 'Kinosady2021' on page 424 undefined on input line 31.

[424]

LaTeX Warning: Citation 'Nagao200305' on page 425 undefined on input line 50.


LaTeX Warning: Citation 'kosugi2019' on page 425 undefined on input line 52.

) (../../syllabus/tex/s05_descriptives.tex [425]

LaTeX Warning: Citation 'Yamauchi201001' on page 426 undefined on input line 18
.


LaTeX Warning: Citation 'Yamada2004' on page 426 undefined on input line 18.


LaTeX Warning: Citation 'Kawabata201408' on page 426 undefined on input line 18
.


LaTeX Warning: Citation 'Yamauchi201001' on page 426 undefined on input line 23
.


LaTeX Warning: Citation 'Yamada2004' on page 426 undefined on input line 23.


LaTeX Warning: Citation 'Kawabata201408' on page 426 undefined on input line 23
.


LaTeX Warning: Citation 'Yamauchi201001' on page 426 undefined on input line 28
.


LaTeX Warning: Citation 'Yamada2004' on page 426 undefined on input line 28.


LaTeX Warning: Citation 'Kawabata201408' on page 426 undefined on input line 28
.


LaTeX Warning: Citation 'Matia201201' on page 426 undefined on input line 34.

[426]

LaTeX Warning: Citation 'Yamada2004' on page 427 undefined on input line 55.


LaTeX Warning: Citation 'Kawabata201408' on page 427 undefined on input line 55
.


LaTeX Warning: Citation 'Yamada2004' on page 427 undefined on input line 55.


LaTeX Warning: Citation 'Yamauchi201001' on page 427 undefined on input line 55
.


LaTeX Warning: Citation 'Yamauchi201001' on page 427 undefined on input line 57
.

) (../../syllabus/tex/s06_ctt.tex

LaTeX Warning: Citation 'kosugi2016b' on page 427 undefined on input line 16.

[427]

LaTeX Warning: Citation 'Kumagai201508' on page 428 undefined on input line 21.



LaTeX Warning: Citation 'kosugi2016b' on page 428 undefined on input line 28.

[428]) (../../syllabus/tex/s07_probability.tex

LaTeX Warning: Citation 'Maeda2017' on page 429 undefined on input line 21.


LaTeX Warning: Citation 'Nojima201903' on page 429 undefined on input line 26.


LaTeX Warning: Citation 'Naganuma2201611' on page 429 undefined on input line 3
1.


LaTeX Warning: Citation 'Nishiuchi201712' on page 429 undefined on input line 3
1.

[429]

LaTeX Warning: Citation 'Kawabata201408' on page 430 undefined on input line 36
.


LaTeX Warning: Citation 'Yamada2004' on page 430 undefined on input line 36.


LaTeX Warning: Citation 'Hamada201812' on page 430 undefined on input line 73.


LaTeX Warning: Citation 'Maeda2017' on page 430 undefined on input line 73.


LaTeX Warning: Citation 'Naganuma2201611' on page 430 undefined on input line 7
5.


LaTeX Warning: Citation 'Maeda2017' on page 430 undefined on input line 75.

) (../../syllabus/tex/s08_CorrelationCausation.tex [430]

LaTeX Warning: Citation 'Yamauchi201001' on page 431 undefined on input line 19
.


LaTeX Warning: Citation 'Yamada2004' on page 431 undefined on input line 19.


LaTeX Warning: Citation 'Kawabata201408' on page 431 undefined on input line 19
.


LaTeX Warning: Citation 'Kieran2018' on page 431 undefined on input line 24.


LaTeX Warning: Citation 'Toyoda1992' on page 431 undefined on input line 29.


LaTeX Warning: Citation 'Yasui2019' on page 431 undefined on input line 34.

[431]) (../../syllabus/tex/s09_Regression.tex

LaTeX Warning: Citation 'kosugi2018' on page 432 undefined on input line 16.


LaTeX Warning: Citation 'Toyoda201706' on page 432 undefined on input line 21.

[432]

LaTeX Warning: Citation 'Toyoda201706' on page 433 undefined on input line 26.


LaTeX Warning: Citation 'Nojima201903' on page 433 undefined on input line 31.


LaTeX Warning: Citation 'Yamauchi201001' on page 433 undefined on input line 50
.


LaTeX Warning: Citation 'kosugi2018' on page 433 undefined on input line 50.


LaTeX Warning: Citation 'Nishiuchi201712' on page 433 undefined on input line 5
0.


LaTeX Warning: Citation 'kosugi2018' on page 433 undefined on input line 50.

) (../../syllabus/tex/s10_MultipleRegression.tex [433]

LaTeX Warning: Citation 'kosugi2019' on page 434 undefined on input line 18.


LaTeX Warning: Citation 'kosugi2018' on page 434 undefined on input line 26.


LaTeX Warning: Citation 'kosugi2018' on page 434 undefined on input line 31.

[434]

LaTeX Warning: Citation 'Yuki201810' on page 435 undefined on input line 57.


LaTeX Warning: Citation 'Okada200804' on page 435 undefined on input line 57.


LaTeX Warning: Citation 'Toyoda201706' on page 435 undefined on input line 59.


LaTeX Warning: Citation 'kosugi2016a' on page 435 undefined on input line 59.

) (../../syllabus/tex/s11_Regression_onR.tex

LaTeX Warning: Citation 'Kinosady2021' on page 435 undefined on input line 16.

[435]

LaTeX Warning: Citation 'kosugi2018' on page 436 undefined on input line 21.


LaTeX Warning: Citation 'kosugi2018' on page 436 undefined on input line 24.


LaTeX Warning: Citation 'kosugi2018' on page 436 undefined on input line 26.


LaTeX Warning: Citation 'kosugi2018' on page 436 undefined on input line 31.


LaTeX Warning: Citation 'kosugi2019' on page 436 undefined on input line 50.

) (../../syllabus/tex/s12_design1.tex [436]

LaTeX Warning: Citation 'Nishiuchi201301' on page 437 undefined on input line 1
5.


LaTeX Warning: Citation 'Ohmura201301' on page 437 undefined on input line 15.


LaTeX Warning: Citation 'Yamada2004' on page 437 undefined on input line 20.


LaTeX Warning: Citation 'Ohmura201301' on page 437 undefined on input line 20.


LaTeX Warning: Citation 'Yamada2004' on page 437 undefined on input line 23.


LaTeX Warning: Citation 'Ohmura201301' on page 437 undefined on input line 25.


LaTeX Warning: Citation 'Yamada2004' on page 437 undefined on input line 25.


LaTeX Warning: Citation 'Ohmura201301' on page 437 undefined on input line 30.

[437]

LaTeX Warning: Citation 'Yamada2004' on page 438 undefined on input line 50.

) (../../syllabus/tex/s13_design2.tex [438]

LaTeX Warning: Citation 'Yamada2004' on page 439 undefined on input line 16.


LaTeX Warning: Citation 'Yamada2004' on page 439 undefined on input line 21.


LaTeX Warning: Citation 'Yamada2004' on page 439 undefined on input line 26.


LaTeX Warning: Citation 'kosugi2019' on page 439 undefined on input line 26.

[439]) (../../syllabus/tex/s14_design3.tex

LaTeX Warning: Citation 'Yamada2004' on page 440 undefined on input line 13.


LaTeX Warning: Citation 'Yamada2004' on page 440 undefined on input line 17.


LaTeX Warning: Citation 'Yamada2004' on page 440 undefined on input line 22.

[440]

LaTeX Warning: Citation 'kosugi2018' on page 441 undefined on input line 27.

) (../../syllabus/tex/s15_FirstSemester.tex [441])
(../../syllabus/tex/s16_inference.tex

LaTeX Warning: Citation 'Yamada2004' on page 442 undefined on input line 15.

[442]

LaTeX Warning: Citation 'Yamada2004' on page 443 undefined on input line 20.


LaTeX Warning: Citation 'Minamoto2015' on page 443 undefined on input line 25.


LaTeX Warning: Citation 'Yamada2004' on page 443 undefined on input line 30.


LaTeX Warning: Citation 'Yamada2004' on page 443 undefined on input line 48.


LaTeX Warning: Citation 'Yamada2004' on page 443 undefined on input line 50.

) (../../syllabus/tex/s17_estimation_and_test.tex [443]

LaTeX Warning: Citation 'Yamada2004' on page 444 undefined on input line 16.


LaTeX Warning: Citation 'Kawabata201408' on page 444 undefined on input line 21
.


LaTeX Warning: Citation 'Yamada2004' on page 444 undefined on input line 26.


LaTeX Warning: Citation 'Yamada2004' on page 444 undefined on input line 32.


LaTeX Warning: Citation 'Kawabata201408' on page 444 undefined on input line 38
.

[444]) (../../syllabus/tex/s18_NHST.tex [445]

LaTeX Warning: Citation 'Yamada2004' on page 446 undefined on input line 16.


LaTeX Warning: Citation 'Yamada2004' on page 446 undefined on input line 21.


LaTeX Warning: Citation 'Kawabata201408' on page 446 undefined on input line 26
.


LaTeX Warning: Citation 'Yamada2004' on page 446 undefined on input line 26.


LaTeX Warning: Citation 'Kawabata201408' on page 446 undefined on input line 31
.


LaTeX Warning: Citation 'Shimizu2021' on page 446 undefined on input line 41.

[446]) (../../syllabus/tex/s19_NHST2.tex

LaTeX Warning: Citation 'Yamada2004' on page 447 undefined on input line 19.


LaTeX Warning: Citation 'Yamauchi201001' on page 447 undefined on input line 19
.


LaTeX Warning: Citation 'Yamada2004' on page 447 undefined on input line 24.


LaTeX Warning: Citation 'Matia201201' on page 447 undefined on input line 24.

[447]

LaTeX Warning: Citation 'Yamada2004' on page 448 undefined on input line 29.


LaTeX Warning: Citation 'Kawabata201408' on page 448 undefined on input line 29
.

) (../../syllabus/tex/s20_ttest.tex [448]

LaTeX Warning: Citation 'Hashimoto201607' on page 449 undefined on input line 1
7.


LaTeX Warning: Citation 'Hashimoto201607' on page 449 undefined on input line 2
2.


LaTeX Warning: Citation 'Hashimoto201607' on page 449 undefined on input line 3
1.


LaTeX Warning: Citation 'Hashimoto201607' on page 449 undefined on input line 3
6.

[449]

LaTeX Warning: Citation 'Hashimoto201607' on page 450 undefined on input line 5
8.


LaTeX Warning: Citation 'Yamada2004' on page 450 undefined on input line 58.


LaTeX Warning: Citation 'kosugi2019' on page 450 undefined on input line 58.


LaTeX Warning: Citation 'Matia201201' on page 450 undefined on input line 59.

) (../../syllabus/tex/s21_anova.tex [450]

LaTeX Warning: Citation 'Hashimoto201607' on page 451 undefined on input line 2
8.


LaTeX Warning: Citation 'Yamada2004' on page 451 undefined on input line 28.


LaTeX Warning: Citation 'Ohmura201301' on page 451 undefined on input line 46.

) (../../syllabus/tex/s22_anova_onR.tex [451]

LaTeX Warning: Citation 'Hashimoto201607' on page 452 undefined on input line 1
8.


LaTeX Warning: Citation 'Matia201201' on page 452 undefined on input line 18.


LaTeX Warning: Citation 'Hashimoto201607' on page 452 undefined on input line 2
4.


LaTeX Warning: Citation 'Matia201201' on page 452 undefined on input line 24.

[452]

LaTeX Warning: Citation 'Hashimoto201607' on page 453 undefined on input line 4
6.


LaTeX Warning: Citation 'Yamada2004' on page 453 undefined on input line 46.


LaTeX Warning: Citation 'kosugi2019' on page 453 undefined on input line 46.

) (../../syllabus/tex/s23_likelihood.tex

LaTeX Warning: Citation 'Nojima201903' on page 453 undefined on input line 18.


LaTeX Warning: Citation 'kosugi2018' on page 453 undefined on input line 18.

[453]) (../../syllabus/tex/s24_maximum_likelihood.tex [454]

LaTeX Warning: Citation 'Toyoda201706' on page 455 undefined on input line 17.


LaTeX Warning: Citation 'kosugi2018' on page 455 undefined on input line 22.


LaTeX Warning: Citation 'kosugi2018' on page 455 undefined on input line 27.


LaTeX Warning: Citation 'Hamada201912' on page 455 undefined on input line 27.

) (../../syllabus/tex/s25_bayesian.tex [455]

LaTeX Warning: Citation 'Maeda2017' on page 456 undefined on input line 14.


LaTeX Warning: Citation 'Toyoda201506' on page 456 undefined on input line 14.


LaTeX Warning: Citation 'Maeda2017' on page 456 undefined on input line 19.


LaTeX Warning: Citation 'Lambert201805' on page 456 undefined on input line 19.


[456]

LaTeX Warning: Citation 'Maeda2017' on page 457 undefined on input line 24.


LaTeX Warning: Citation 'Toyoda201506' on page 457 undefined on input line 24.


LaTeX Warning: Citation 'Nojima201903' on page 457 undefined on input line 43.


LaTeX Warning: Citation 'Gerd200309' on page 457 undefined on input line 47.


LaTeX Warning: Citation 'Hiraoka200910' on page 457 undefined on input line 48.



LaTeX Warning: Citation 'Ishida201801' on page 457 undefined on input line 48.


LaTeX Warning: Citation 'Ishida201902' on page 457 undefined on input line 48.

) (../../syllabus/tex/s26_bayesian2.tex [457]

LaTeX Warning: Citation 'Maeda2017' on page 458 undefined on input line 18.


LaTeX Warning: Citation 'Toyoda201606' on page 458 undefined on input line 18.


LaTeX Warning: Citation 'Toyoda201506' on page 458 undefined on input line 23.


LaTeX Warning: Citation 'Maeda2017' on page 458 undefined on input line 23.


LaTeX Warning: Citation 'Maeda2017' on page 458 undefined on input line 28.

[458]) (../../syllabus/tex/s27_bayesian3.tex

LaTeX Warning: Citation 'Toyoda201606' on page 459 undefined on input line 21.


LaTeX Warning: Citation 'Maeda2017' on page 459 undefined on input line 26.

[459]

LaTeX Warning: Citation 'Lee201709' on page 460 undefined on input line 31.

) (../../syllabus/tex/s28_jasp.tex [460]

LaTeX Warning: Citation 'Maeda2017' on page 461 undefined on input line 18.


LaTeX Warning: Citation 'Baba201907' on page 461 undefined on input line 18.

) (../../syllabus/tex/s29_brms.tex [461]

LaTeX Warning: Citation 'Baba201907' on page 462 undefined on input line 19.


LaTeX Warning: Citation 'Baba201907' on page 462 undefined on input line 24.

[462]

LaTeX Warning: Citation 'Baba201907' on page 463 undefined on input line 44.

) (../../syllabus/tex/s30_SecondSemester.tex [463]) [464] (./atogaki.tex

LaTeX Warning: Citation 'Ashida2019' on page 465 undefined on input line 12.


LaTeX Warning: Citation 'Ashida2019' on page 465 undefined on input line 15.

[465])

LaTeX Warning: Empty bibliography on input line 114.

(./Dkiso1_book_kdp.ind [466]
LaTeX Font Info:    Font shape `JT3/gt/b/n' in size <8> not available
(Font)              Font shape `JT3/gt/m/n' tried instead on input line 2.
LaTeX Font Info:    Font shape `JT3/gt/m/n' will be
(Font)              scaled to size 7.3977pt on input line 2.
LaTeX Font Info:    Font shape `JY3/gt/b/n' in size <8> not available
(Font)              Font shape `JY3/gt/m/n' tried instead on input line 2.
LaTeX Font Info:    Font shape `JY3/gt/m/n' will be
(Font)              scaled to size 7.3977pt on input line 2.
LaTeX Font Info:    Font shape `JT3/gt/b/n' in size <12> not available
(Font)              Font shape `JT3/gt/m/n' tried instead on input line 2.
LaTeX Font Info:    Font shape `JT3/gt/m/n' will be
(Font)              scaled to size 11.09656pt on input line 2.
LaTeX Font Info:    Font shape `JY3/gt/b/n' in size <12> not available
(Font)              Font shape `JY3/gt/m/n' tried instead on input line 2.
LaTeX Font Info:    Font shape `JY3/gt/m/n' will be
(Font)              scaled to size 11.09656pt on input line 2.
 [467


] [468] [469]) (./masthead.tex
(../../Book_versions1.md) (../../Syllabus_versions1.md)
LaTeX Font Info:    Trying loading font information for TS1+TeXGyreTermes(0) on
 input line 21.

No file TS1TeXGyreTermes(0).fd.
LaTeX Font Info:    Trying loading font information for OMS+TeXGyreTermes(0) on
 input line 21.
LaTeX Font Info:    No file OMSTeXGyreTermes(0).fd. on input line 21.

LaTeX Font Warning: Font shape `OMS/TeXGyreTermes(0)/m/n' undefined
(Font)              using `OMS/cmsy/m/n' instead on input line 21.

) [470


] (./Dkiso1_book_kdp.aux (./m01_introduction.aux) (./m02_Numbers.aux)
(./m03_introR.aux) (./m04_usingR.aux) (./m05_descriptives.aux) (./m06_ctt.aux)
(./m07_probability.aux) (./m08_CorrelationCausation.aux) (./m09_Regression.aux) (./m10_MultipleRegression.aux) (./m11_Regression_onR.aux) (./m12_design1.aux)
(./m13_design2.aux) (./m14_design3.aux) (./m15_FirstSemester.aux)
(./m16_inference.aux) (./m17_estimation_and_test.aux) (./m18_NHST.aux)
(./m19_NHST2.aux) (./m20_ttest.aux) (./m21_anova.aux) (./m22_anova_onR.aux)
(./m23_likelihood.aux) (./m24_maximum_likelihood.aux) (./m25_bayesian.aux)
(./m26_bayesian2.aux) (./m27_bayesian3.aux) (./m28_jasp.aux) (./m29_brms.aux)
(./m30_SecondSemester.aux))
 ***********
LaTeX2e <2025-11-01>
L3 programming layer <2025-11-14>
 ***********


LaTeX Font Warning: Some font shapes were not available, defaults substituted.


LaTeX Warning: There were undefined references.


LaTeX Warning: There were multiply-defined labels.


Package biblatex Warning: Please (re)run Biber on the file:
(biblatex)                Dkiso1_book_kdp
(biblatex)                and rerun LaTeX afterwards.

Package logreq Info: Writing requests to 'Dkiso1_book_kdp.run.xml'.

\openout1 = Dkiso1_book_kdp.run.xml
)

Here is how much of LuaTeX's memory you used:
 56163 strings out of 476081
 597298,2373549 words of node,token memory allocated
 123396 words of node memory still in use:
   11 hlist, 2 vlist, 5 rule, 492 glue, 4 kern, 1 glyph, 54642 attribute, 79 glu
e_spec, 4978 attribute_list, 2 write, 14 user_defined nodes
   avail lists: 1:38,2:81906,3:1697,4:6359,5:2466,6:268,7:15986,8:82,9:5860,10:5
3,11:71
 76026 multiletter control sequences out of 65536+600000
 167 fonts using 112611551 bytes
 119i,18n,126p,4320b,2780s stack positions out of 10000i,1000n,20000p,200000b,200000s
</usr/local/texlive/2025/texmf-dist/fonts/opentype/public/lm/lmmono12-regular.ot
f></usr/local/texlive/2025/texmf-dist/fonts/opentype/public/lm/lmsans10-bold.otf
></usr/local/texlive/2025/texmf-dist/fonts/opentype/public/lm/lmmono9-regular.ot
f></usr/local/texlive/2025/texmf-dist/fonts/opentype/public/lm/lmmono8-regular.o
tf></usr/local/texlive/2025/texmf-dist/fonts/opentype/public/lm/lmmono10-regular
.otf></Library/Fonts/BIZ-UDGothicB.ttc></usr/local/texlive/2025/texmf-dist/fonts
/opentype/public/tex-gyre/texgyretermes-italic.otf></usr/local/texlive/2025/texm
f-dist/fonts/opentype/public/tex-gyre/texgyretermes-bold.otf></usr/local/texlive
/2025/texmf-dist/fonts/opentype/public/lm/lmsans8-regular.otf></usr/local/texliv
e/2025/texmf-dist/fonts/opentype/public/lm/lmsans17-regular.otf></usr/local/texl
ive/2025/texmf-dist/fonts/opentype/public/lm/lmsans12-regular.otf></usr/local/te
xlive/2025/texmf-dist/fonts/opentype/public/lm/lmsans10-regular.otf></usr/local/
texlive/2025/texmf-dist/fonts/opentype/public/tex-gyre/texgyretermes-regular.otf
></usr/local/texlive/2025/texmf-dist/fonts/opentype/public/haranoaji/HaranoAjiGo
thic-Medium.otf></Library/Fonts/BIZ-UDMinchoM.ttc></usr/local/texlive/2025/texmf
-dist/fonts/type1/public/amsfonts/cm/cmex10.pfb></usr/local/texlive/2025/texmf-d
ist/fonts/type1/public/amsfonts/cmextra/cmex8.pfb></usr/local/texlive/2025/texmf
-dist/fonts/type1/public/amsfonts/cm/cmmi10.pfb></usr/local/texlive/2025/texmf-d
ist/fonts/type1/public/amsfonts/cm/cmmi12.pfb></usr/local/texlive/2025/texmf-dis
t/fonts/type1/public/amsfonts/cm/cmmi5.pfb></usr/local/texlive/2025/texmf-dist/f
onts/type1/public/amsfonts/cm/cmmi6.pfb></usr/local/texlive/2025/texmf-dist/font
s/type1/public/amsfonts/cm/cmmi7.pfb></usr/local/texlive/2025/texmf-dist/fonts/t
ype1/public/amsfonts/cm/cmmi8.pfb></usr/local/texlive/2025/texmf-dist/fonts/type
1/public/amsfonts/cm/cmmi9.pfb></usr/local/texlive/2025/texmf-dist/fonts/type1/p
ublic/amsfonts/cm/cmmib10.pfb></usr/local/texlive/2025/texmf-dist/fonts/type1/pu
blic/amsfonts/cm/cmr10.pfb></usr/local/texlive/2025/texmf-dist/fonts/type1/publi
c/amsfonts/cm/cmr5.pfb></usr/local/texlive/2025/texmf-dist/fonts/type1/public/am
sfonts/cm/cmr6.pfb></usr/local/texlive/2025/texmf-dist/fonts/type1/public/amsfon
ts/cm/cmr7.pfb></usr/local/texlive/2025/texmf-dist/fonts/type1/public/amsfonts/c
m/cmr8.pfb></usr/local/texlive/2025/texmf-dist/fonts/type1/public/amsfonts/cm/cm
r9.pfb></usr/local/texlive/2025/texmf-dist/fonts/type1/public/amsfonts/cm/cmsy10
.pfb></usr/local/texlive/2025/texmf-dist/fonts/type1/public/amsfonts/cm/cmsy6.pf
b></usr/local/texlive/2025/texmf-dist/fonts/type1/public/amsfonts/cm/cmsy7.pfb><
/usr/local/texlive/2025/texmf-dist/fonts/type1/public/amsfonts/cm/cmsy8.pfb></us
r/local/texlive/2025/texmf-dist/fonts/type1/public/amsfonts/cm/cmsy9.pfb>
Output written on Dkiso1_book_kdp.pdf (470 pages, 58768366 bytes).

PDF statistics: 1868 PDF objects out of 2073 (max. 8388607)
 0 named destinations out of 1000 (max. 131072)
 51 words of extra memory for PDF output out of 10000 (max. 100000000)

