This is LuaHBTeX, Version 1.17.0 (TeX Live 2023)  (format=lualatex 2023.5.18)  18 MAY 2023 13:41
 restricted system commands enabled.
**tmp
(./tmp.tex
LaTeX2e <2022-11-01> patch level 1
Lua module: luaotfload 2022-10-03 3.23 Lua based OpenType font support
Lua module: lualibs 2022-10-04 2.75 ConTeXt Lua standard libraries.
Lua module: lualibs-extended 2022-10-04 2.75 ConTeXt Lua libraries -- extended c
ollection.
luaotfload | conf : Root cache directory is "/Users/hermite/Library/texlive/2023
/texmf-var/luatex-cache/generic/names".
luaotfload | init : Loading fontloader "fontloader-2022-10-03.lua" from kpse-res
olved path "/usr/local/texlive/2023/texmf-dist/tex/luatex/luaotfload/fontloader-
2022-10-03.lua".
Lua-only attribute luaotfload@noligature = 1
luaotfload | init : Context OpenType loader version 3.120
Inserting `luaotfload.node_processor' in `pre_linebreak_filter'.
Inserting `luaotfload.node_processor' in `hpack_filter'.
Inserting `luaotfload.glyph_stream' in `glyph_stream_provider'.
Inserting `luaotfload.define_font' in `define_font'.
Lua-only attribute luaotfload_color_attribute = 2
luaotfload | conf : Root cache directory is "/Users/hermite/Library/texlive/2023
/texmf-var/luatex-cache/generic/names".
Inserting `luaotfload.harf.strip_prefix' in `find_opentype_file'.
Inserting `luaotfload.harf.strip_prefix' in `find_truetype_file'.
Removing  `luaotfload.glyph_stream' from `glyph_stream_provider'.
Inserting `luaotfload.harf.glyphstream' in `glyph_stream_provider'.
Inserting `luaotfload.harf.finalize_vlist' in `post_linebreak_filter'.
Inserting `luaotfload.harf.finalize_hlist' in `hpack_filter'.
Inserting `luaotfload.cleanup_files' in `wrapup_run'.
Inserting `luaotfload.harf.finalize_unicode' in `finish_pdffile'.
Inserting `luaotfload.glyphinfo' in `glyph_info'.
Lua-only attribute luaotfload.letterspace_done = 3
Inserting `luaotfload.aux.set_sscale_dimens' in `luaotfload.patch_font'.
Inserting `luaotfload.aux.set_font_index' in `luaotfload.patch_font'.
Inserting `luaotfload.aux.patch_cambria_domh' in `luaotfload.patch_font'.
Inserting `luaotfload.aux.fixup_fontdata' in `luaotfload.patch_font_unsafe'.
Inserting `luaotfload.aux.set_capheight' in `luaotfload.patch_font'.
Inserting `luaotfload.aux.set_xheight' in `luaotfload.patch_font'.
Inserting `luaotfload.rewrite_fontname' in `luaotfload.patch_font'. L3 programm
ing layer <2023-05-15>
Inserting `tracingstacklevels' in `input_level_string'.
(/usr/local/texlive/2023/texmf-dist/tex/luatex/luatexja/ltjsbook.cls
Document Class: ltjsbook 2022/09/12 ltjsclasses 
(/usr/local/texlive/2023/texmf-dist/tex/luatex/luatexja/luatexja.sty
Package: luatexja 2023-05-03 Japanese Typesetting with Lua(La)TeX

(/usr/local/texlive/2023/texmf-dist/tex/luatex/luatexja/luatexja-core.sty
Package: luatexja-core 2023-04-06 Core of LuaTeX-ja

(/usr/local/texlive/2023/texmf-dist/tex/luatex/luatexbase/luatexbase.sty
Package: luatexbase 2015/10/04 v1.3 luatexbase interface to LuaTeX 

(/usr/local/texlive/2023/texmf-dist/tex/luatex/ctablestack/ctablestack.sty
Package: ctablestack 2015/10/01 v1.0 Catcode table stable support
\@catcodetablestackcnt=\count183
)
\CatcodeTableOther=\catcodetable12
\CatcodeTableExpl=\catcodetable13
)
(/usr/local/texlive/2023/texmf-dist/tex/generic/ltxcmds/ltxcmds.sty
Package: ltxcmds 2020-05-10 v1.25 LaTeX kernel commands for general use (HO)
)
(/usr/local/texlive/2023/texmf-dist/tex/generic/pdftexcmds/pdftexcmds.sty
Package: pdftexcmds 2020-06-27 v0.33 Utility functions of pdfTeX for LuaTeX (HO
)

(/usr/local/texlive/2023/texmf-dist/tex/generic/infwarerr/infwarerr.sty
Package: infwarerr 2019/12/03 v1.5 Providing info/warning/error messages (HO)
)
(/usr/local/texlive/2023/texmf-dist/tex/generic/iftex/iftex.sty
Package: iftex 2022/02/03 v1.0f TeX engine tests
)
Package pdftexcmds Info: \pdf@primitive is available.
Package pdftexcmds Info: \pdf@ifprimitive is available.
Package pdftexcmds Info: \pdfdraftmode found.
\pdftexcmds@toks=\toks16
)
(/usr/local/texlive/2023/texmf-dist/tex/latex/xkeyval/xkeyval.sty
Package: xkeyval 2022/06/16 v2.9 package option processing (HA)

(/usr/local/texlive/2023/texmf-dist/tex/generic/xkeyval/xkeyval.tex
(/usr/local/texlive/2023/texmf-dist/tex/generic/xkeyval/xkvutils.tex
\XKV@toks=\toks17
\XKV@tempa@toks=\toks18

(/usr/local/texlive/2023/texmf-dist/tex/generic/xkeyval/keyval.tex))
\XKV@depth=\count184
File: xkeyval.tex 2014/12/03 v2.7a key=value parser (HA)
))
(/usr/local/texlive/2023/texmf-dist/tex/latex/etoolbox/etoolbox.sty
Package: etoolbox 2020/10/05 v2.5k e-TeX tools for LaTeX (JAW)
\etb@tempcnta=\count185
)
(/usr/local/texlive/2023/texmf-dist/tex/latex/everyhook/everyhook.sty
(/usr/local/texlive/2023/texmf-dist/tex/latex/svn-prov/svn-prov.sty
Package: svn-prov 2010/04/24 v3.1862 Package Date/Version from SVN Keywords
)
Package: everyhook 2014/11/26 v1.2 (SVN Rev: 12)\ Hooks for low level TeX every
X primitives.
\everypar=\toks19
\frozen@everymath=\toks20
\frozen@everydisplay=\toks21
\everyhbox=\toks22
\everyvbox=\toks23
\everycr=\toks24
)
\ltjlineendcomment=\count186
\ltj@dimen@zw=\dimen139
\ltj@dimen@zh=\dimen140
\ltj@dimen@jQ=\dimen141
\ltj@icflag=\attribute4
\ltj@curjfnt=\attribute5
\ltj@curtfnt=\attribute6
\ltj@charclass=\attribute7
\ltj@charcode=\attribute8
\ltj@autospc=\attribute9
\ltj@autoxspc=\attribute10
\ltj@yablshift=\attribute11
\ltj@ykblshift=\attribute12
\ltj@tablshift=\attribute13
\ltj@tkblshift=\attribute14
\jfam=\attribute15
\ltj@vert@ori=\attribute16
\ltj@dir=\attribute17
\ltj@@japanese=\language2
\ltj@tempcnta=\count187
\ltj@tempdima=\dimen142
\ltj@@stack=\count188
\ltj@@group@level=\count189
\ltj@kcat0=\attribute18
\ltj@kcat1=\attribute19
\ltj@kcat2=\attribute20
\ltj@kcat3=\attribute21
\ltj@kcat4=\attribute22
\ltj@kcat5=\attribute23
\ltj@kcat6=\attribute24
Custom whatsit inhibitglue = 1
Custom whatsit stack_marker = 2
Custom whatsit begin_par = 3
Custom whatsit direction = 4
Custom whatsit box_boundary = 5
Custom whatsit ja_al_boundary = 6(load cache: ltj-cid-auto-adobe-japan1.luc)
Lua module: luatexja.charrange 2022-08-19 Handling the range of Japanese charact
ers
Lua module: luatexja.stack 2022-08-20 LuaTeX-ja stack system
Inserting `ltj.create_dir_whatsit' in `hpack_filter'.
Inserting `ltj.create_dir_whatsit' in `post_linebreak_filter'.
Inserting `ltj.direction' in `vpack_filter'.
Inserting `ltj.direction' in `pre_output_filter'.
Inserting `ltj.lineskip' in `post_linebreak_filter'.
Inserting `ltj.lineskip' in `append_to_vlist_filter'.
Lua module: luatexja.jfont 2023-04-06 Loader for Japanese fonts
Removing  `luaotfload.define_font' from `define_font'.
Inserting `luatexja.font_callback' in `define_font'.
Removing  `luaotfload.aux.set_sscale_dimens' from `luaotfload.patch_font'.
Removing  `luaotfload.aux.set_font_index' from `luaotfload.patch_font'.
Removing  `luaotfload.aux.patch_cambria_domh' from `luaotfload.patch_font'.
Removing  `luaotfload.aux.set_capheight' from `luaotfload.patch_font'.
Removing  `luaotfload.aux.set_xheight' from `luaotfload.patch_font'.
Removing  `luaotfload.rewrite_fontname' from `luaotfload.patch_font'.
Inserting `ltj.prepare_extra_data' in `luaotfload.patch_font'.
Inserting `luaotfload.aux.set_sscale_dimens' in `luaotfload.patch_font'.
Inserting `luaotfload.aux.set_font_index' in `luaotfload.patch_font'.
Inserting `luaotfload.aux.patch_cambria_domh' in `luaotfload.patch_font'.
Inserting `luaotfload.aux.set_capheight' in `luaotfload.patch_font'.
Inserting `luaotfload.aux.set_xheight' in `luaotfload.patch_font'.
Inserting `luaotfload.rewrite_fontname' in `luaotfload.patch_font'.
Inserting `ltj.prepare_extra_data' in `luatexja.define_font'.
Inserting `ltj.get_vert_form' in `luatexja.define_jfont'.
Removing  `ltj.prepare_extra_data' from `luaotfload.patch_font'.
Removing  `luaotfload.aux.set_sscale_dimens' from `luaotfload.patch_font'.
Removing  `luaotfload.aux.set_font_index' from `luaotfload.patch_font'.
Removing  `luaotfload.aux.patch_cambria_domh' from `luaotfload.patch_font'.
Removing  `luaotfload.aux.set_capheight' from `luaotfload.patch_font'.
Removing  `luaotfload.aux.set_xheight' from `luaotfload.patch_font'.
Removing  `luaotfload.rewrite_fontname' from `luaotfload.patch_font'.
Inserting `ltj.supply_tounicode' in `luaotfload.patch_font'.
Inserting `ltj.prepare_extra_data' in `luaotfload.patch_font'.
Inserting `luaotfload.aux.set_sscale_dimens' in `luaotfload.patch_font'.
Inserting `luaotfload.aux.set_font_index' in `luaotfload.patch_font'.
Inserting `luaotfload.aux.patch_cambria_domh' in `luaotfload.patch_font'.
Inserting `luaotfload.aux.set_capheight' in `luaotfload.patch_font'.
Inserting `luaotfload.aux.set_xheight' in `luaotfload.patch_font'.
Inserting `luaotfload.rewrite_fontname' in `luaotfload.patch_font'.
Inserting `ltj.process_input_buffer' in `process_input_buffer'.
Inserting `ltj.hyphenate' in `hyphenate'.
Removing  `luaotfload.node_processor' from `hpack_filter'.
Removing  `luaotfload.harf.finalize_hlist' from `hpack_filter'.
Removing  `ltj.create_dir_whatsit' from `hpack_filter'.
Inserting `ltj.set_stack_level' in `hpack_filter'.
Inserting `luaotfload.node_processor' in `hpack_filter'.
Inserting `luaotfload.harf.finalize_hlist' in `hpack_filter'.
Inserting `ltj.create_dir_whatsit' in `hpack_filter'.
Removing  `luaotfload.node_processor' from `pre_linebreak_filter'.
Inserting `ltj.set_stack_level' in `pre_linebreak_filter'.
Inserting `luaotfload.node_processor' in `pre_linebreak_filter'.
Lua module: luatexja.jfmglue 2022-08-29 Insertion process of JFM glues, [x]kanji
skip and others
Inserting `luatexja.beginpar.np_info' in `luatexja.jfmglue.whatsit_getinfo'.
Inserting `luatexja.beginpar.np_info_after' in `luatexja.jfmglue.whatsit_after'.
Inserting `ltj.mlist_to_hlist_pre' in `pre_mlist_to_hlist_filter'.
Inserting `ltj.main' in `pre_linebreak_filter'.
Removing  `luaotfload.harf.finalize_hlist' from `hpack_filter'.
Removing  `ltj.create_dir_whatsit' from `hpack_filter'.
Inserting `ltj.main' in `hpack_filter'.
Inserting `luaotfload.harf.finalize_hlist' in `hpack_filter'.
Inserting `ltj.create_dir_whatsit' in `hpack_filter'.
Removing  `ltj.set_stack_level' from `pre_linebreak_filter'.
Removing  `luaotfload.node_processor' from `pre_linebreak_filter'.
Removing  `ltj.main' from `pre_linebreak_filter'.
Inserting `ltj.adjust_icflag' in `pre_linebreak_filter'.
Inserting `ltj.set_stack_level' in `pre_linebreak_filter'.
Inserting `luaotfload.node_processor' in `pre_linebreak_filter'.
Inserting `ltj.main' in `pre_linebreak_filter'.
Removing  `ltj.set_stack_level' from `hpack_filter'.
Removing  `luaotfload.node_processor' from `hpack_filter'.
Removing  `ltj.main' from `hpack_filter'.
Removing  `luaotfload.harf.finalize_hlist' from `hpack_filter'.
Removing  `ltj.create_dir_whatsit' from `hpack_filter'.
Inserting `ltj.adjust_icflag' in `hpack_filter'.
Inserting `ltj.set_stack_level' in `hpack_filter'.
Inserting `luaotfload.node_processor' in `hpack_filter'.
Inserting `ltj.main' in `hpack_filter'.
Inserting `luaotfload.harf.finalize_hlist' in `hpack_filter'.
Inserting `ltj.create_dir_whatsit' in `hpack_filter'.
(/usr/local/texlive/2023/texmf-dist/tex/luatex/luatexja/ltj-base.sty
Package: ltj-base 2021-03-16
\ltj@tempcntb=\count190
\ltj@tempcntc=\count191
\ltj@afbox=\box51
)
\ltj@@italic@inner=\luafunction26
\ltj@@start@time@measure@inner=\luafunction27
\ltj@@stop@time@measure@inner=\luafunction28
\ltj@@jfont@inner=\luafunction29
\ltj@zw@inner=\luafunction30
\ltj@zh@inner=\luafunction31
\ltj@reset@globaldefs@inner=\luafunction32
\ltj@restore@globaldefs@inner=\luafunction33
\ltj@@disihb@inner=\luafunction34
\ltj@@ihb@inner=\luafunction35
\ltj@@fakeparbegin@inner=\luafunction36
\ltj@@fakeboxbdd@inner=\luafunction37
\ltj@@ins@xk@inner=\luafunction38
\ltj@@ins@k@inner=\luafunction39
\ltjsetkanjiskip@inner=\luafunction40
\ltjsetxkanjiskip@inner=\luafunction41
\ltj@@getparam@one@inner=\luafunction42
\ltj@alljachar@inner=\luafunction43
\ltj@@lua@populate@insertwhatsit@inner=\luafunction44
\ltj@@vadjust@begin@inner=\luafunction45
\ltj@@vadjust@dirhook@inner=\luafunction46
\ltj@@vadjust@check@dir@inner=\luafunction47
\ltj@@box@dirhook@inner=\luafunction48
\ltj@@reset@badness@inner=\luafunction49
\ltj@@lua@raisebox@inner=\luafunction50
\ltj@@vsplit@inner=\luafunction51
\ltj@@lua@unboxcheckdir@inner=\luafunction52
\ltj@@lua@uncopycheckdir@inner=\luafunction53
\ltj@@lua@uncopy@restore@whatsit@inner=\luafunction54
(load cache: ltj-kinsoku_default.luc)
(/usr/local/texlive/2023/texmf-dist/tex/luatex/luatexja/ltj-latex.sty
Package: ltj-latex 2022-10-15 LaTeX support of LuaTeX-ja
Inserting `ltj.direction' in `pre_shipout_filter'.
(/usr/local/texlive/2023/texmf-dist/tex/luatex/luatexja/patches/lltjfont.sty
Package: lltjfont 2023-04-13 Patch to NFSS2 for LuaTeX-ja
\ltj@@latex@plv=\count192

(/usr/local/texlive/2023/texmf-dist/tex/latex/base/tuenc.def
File: tuenc.def 2021/04/29 v2.0v Standard LaTeX file
\@remove@tlig@@@=\luafunction55
LaTeX Font Info:    Redeclaring font encoding TU on input line 105.
)
\Cht=\dimen143
\cht=\dimen144
\Cdp=\dimen145
\cdp=\dimen146
\Cwd=\dimen147
\cwd=\dimen148
\Cvs=\dimen149
\cvs=\dimen150
\Chs=\dimen151
\chs=\dimen152
\cHT=\dimen153
\dstrutbox=\box52
\tstrutbox=\box53
\zstrutbox=\box54
LaTeX Info: Redefining \strut on input line 91.
\ltj@@add@fenc@@inner=\luafunction56
\ltj@@add@kyenc@@inner=\luafunction57
\ltj@@add@ktenc@@inner=\luafunction58
\ltj@@is@kyenc@@inner=\luafunction59
\ltj@@is@ktenc@@inner=\luafunction60
\ltj@@is@kenc@@inner=\luafunction61
\ltj@@is@ffam@@inner=\luafunction62
\ltj@@add@ffam@@inner=\luafunction63
\ltj@@add@kfam@@inner=\luafunction64
\ltj@@adjust@baseline@inner=\luafunction65
LaTeX Info: Redefining \fontencoding on input line 646.
LaTeX Info: Redefining \fontfamily on input line 689.
LaTeX Info: Redefining \fontseries on input line 923.
LaTeX Info: Redefining \fontseriesforce on input line 924.
LaTeX Info: Redefining \fontshape on input line 944.
LaTeX Info: Redefining \fontshapeforce on input line 955.
\ltj@@jfont@@jfmonly@@inner=\luafunction66
\ltj@@does@alt@set@@inner=\luafunction67
\ltj@@cipath@clear@inner=\luafunction68
)
(/usr/local/texlive/2023/texmf-dist/tex/luatex/luatexja/patches/lltjdefs.sty
Package: lltjdefs 2022-01-23 Default font settings of LuaTeX-ja
luaotfload | db : Font names database loaded from /Users/hermite/Library/texlive
/2023/texmf-var/luatex-cache/generic/names/luaotfload-names.luc.gz(load cache: e
xtra_lmroman10-regular.luc)
LaTeX Font Info:    Font shape `JT3/mc/m/n' will be
(Font)              scaled to size 9.24713pt on input line 79.

(/usr/local/texlive/2023/texmf-dist/tex/luatex/luatexja/jfm-ujisv.lua)
LaTeX Font Info:    Font shape `JY3/mc/m/n' will be
(Font)              scaled to size 9.24713pt on input line 79.
(load cache: extra_haranoajimincho-regular.luc)
(/usr/local/texlive/2023/texmf-dist/tex/luatex/luatexja/jfm-ujis.lua)
\symmincho=\mathgroup4
LaTeX Font Info:    Overwriting symbol font `mincho' in version `bold'
(Font)                  JY3/mc/m/n --> JY3/gt/m/n on input line 88.
)
(/usr/local/texlive/2023/texmf-dist/tex/luatex/luatexja/patches/lltjcore.sty
Package: lltjcore 2023-02-26 Patch to LaTeX2e Kernel for LuaTeX-ja

(/usr/local/texlive/2023/texmf-dist/tex/latex/l3kernel/expl3.sty
Package: expl3 2023-05-15 L3 programming layer (loader) 

(/usr/local/texlive/2023/texmf-dist/tex/latex/l3backend/l3backend-luatex.def
File: l3backend-luatex.def 2023-04-19 L3 backend support: PDF output (LuaTeX)
\l__color_backend_stack_int=\count193
Inserting `l3color' in `luaotfload.parse_color'.
\l__pdf_internal_box=\box55
))
\@tombowwidth=\dimen154
\@TL=\box56
\@Tl=\box57
\@TC=\box58
\@TR=\box59
\@Tr=\box60
\@BL=\box61
\@Bl=\box62
\@BC=\box63
\@BR=\box64
\@Br=\box65
\@CL=\box66
\@CR=\box67
(load cache: extra_lmmono9-regular.luc)
\@bannertoken=\toks25
\@@paperheight=\dimen155
\@@paperwidth=\dimen156
\@@topmargin=\dimen157
LaTeX Info: Redefining \underline on input line 280.
)
(/usr/local/texlive/2023/texmf-dist/tex/luatex/luatexja/patches/lltjp-atbegshi.
sty
Package: lltjp-atbegshi 2022-08-12 Patching \shipout hooks for LuaTeX-ja
\l__platex_shipout_dummy_box=\box68
)
(/usr/local/texlive/2023/texmf-dist/tex/luatex/luatexja/patches/lltjp-geometry.
sty
Package: lltjp-geometry 2021-10-24 Patch to geometry for LuaTeX-ja with vertica
l writing mode
 (/usr/local/texlive/2023/texmf-dist/tex/generic/iftex/ifluatex.sty
Package: ifluatex 2019/10/25 v1.5 ifluatex legacy package. Use iftex instead.
)))
\ltj@temp@cctb=\catcodetable14
)
(/usr/local/texlive/2023/texmf-dist/tex/luatex/luatexja/luatexja-compat.sty
Package: luatexja-compat 2020-08-08 Compatibility with pTeX
(load cache: ltj-jisx0208.luc)
\hour=\count194
\minute=\count195
))
\jsc@mpt=\dimen158
\jsc@mmm=\dimen159
\jsc@smallskipamount=\skip48
LaTeX Font Info:    Font shape `JY3/mc/m/n' will be
(Font)              scaled to size 9.24713pt on input line 424.
\fullwidth=\dimen160
(load cache: extra_lmroman8-regular.luc)
LaTeX Font Info:    Font shape `JT3/mc/m/n' will be
(Font)              scaled to size 7.3977pt on input line 573.
LaTeX Font Info:    Font shape `JY3/mc/m/n' will be
(Font)              scaled to size 7.3977pt on input line 573.
\c@part=\count196
\c@chapter=\count197
\c@section=\count198
\c@subsection=\count199
\c@subsubsection=\count266
\c@paragraph=\count267
\c@subparagraph=\count268
\c@figure=\count269
\c@table=\count270
\abovecaptionskip=\skip49
\belowcaptionskip=\skip50
LaTeX Info: Redefining \mc on input line 1282.
LaTeX Info: Redefining \gt on input line 1283.
\jsc@tocl@width=\dimen161
\@lnumwidth=\dimen162
\bibindent=\dimen163

(/usr/local/texlive/2023/texmf-dist/tex/platex/jsclasses/jslogo.sty
Package: jslogo 2019/07/25 okumura, texjporg
LaTeX Info: Redefining \TeX on input line 82.
LaTeX Info: Redefining \LaTeX on input line 135.
LaTeX Info: Redefining \LaTeXe on input line 188.
)
\heisei=\count271

(/usr/local/texlive/2023/texmf-dist/tex/latex/sttools/stfloats.sty
Package: stfloats 2017/03/27 v3.3 Improve float mechanism and baselineskip sett
ings
\@dblbotnum=\count272
\c@dblbotnumber=\count273
)
(/usr/local/texlive/2023/texmf-dist/tex/luatex/luatexja/patches/lltjp-stfloats.
sty)) (../../myStyle.sty
(/usr/local/texlive/2023/texmf-dist/tex/generic/luatex85/luatex85.sty
Package: luatex85 2016/06/15 v1.4 pdftex aliases for luatex
)
(/usr/local/texlive/2023/texmf-dist/tex/latex/pdfx/pdfx.sty
Package: pdfx 2019/02/27 v1.6.3 PDF/X and PDF/A support (CVR/HTH/RRM/PS)
\pdfx@minorversion=\count274

(/usr/local/texlive/2023/texmf-dist/tex/generic/iftex/ifpdf.sty
Package: ifpdf 2019/10/25 v3.4 ifpdf legacy package. Use iftex instead.
)
(/usr/local/texlive/2023/texmf-dist/tex/generic/iftex/ifxetex.sty
Package: ifxetex 2019/10/25 v0.7 ifxetex legacy package. Use iftex instead.
)
(/usr/local/texlive/2023/texmf-dist/tex/latex/everyshi/everyshi.sty
Package: everyshi 2020/11/18 v4.00 EveryShipout Package
)
(/usr/local/texlive/2023/texmf-dist/tex/latex/pdfx/l8u-penc.def
File: l8u-penc.def 2017/06/23 v0.8 Custom LaTeX file, for UTF8 encoded letters 
and symbols
LaTeX Info: Composite with undeclared \b in encoding L8U on input line 278.
)
\pdfxsafeforxmp@toks=\toks26

(/usr/local/texlive/2023/texmf-dist/tex/latex/xcolor/xcolor.sty
Package: xcolor 2022/06/12 v2.14 LaTeX color extensions (UK)

(/usr/local/texlive/2023/texmf-dist/tex/latex/graphics-cfg/color.cfg
File: color.cfg 2016/01/02 v1.6 sample color configuration
)
Package xcolor Info: Driver file: luatex.def on input line 227.

(/usr/local/texlive/2023/texmf-dist/tex/latex/graphics-def/luatex.def
File: luatex.def 2022/09/22 v1.2d Graphics/color driver for luatex
)
(/usr/local/texlive/2023/texmf-dist/tex/latex/graphics/mathcolor.ltx)
Package xcolor Info: Model `cmy' substituted by `cmy0' on input line 1353.
Package xcolor Info: Model `hsb' substituted by `rgb' on input line 1357.
Package xcolor Info: Model `RGB' extended on input line 1369.
Package xcolor Info: Model `HTML' substituted by `rgb' on input line 1371.
Package xcolor Info: Model `Hsb' substituted by `hsb' on input line 1372.
Package xcolor Info: Model `tHsb' substituted by `hsb' on input line 1373.
Package xcolor Info: Model `HSB' substituted by `hsb' on input line 1374.
Package xcolor Info: Model `Gray' substituted by `gray' on input line 1375.
Package xcolor Info: Model `wave' substituted by `hsb' on input line 1376.

(/usr/local/texlive/2023/texmf-dist/tex/latex/graphics/dvipsnam.def
File: dvipsnam.def 2016/06/17 v3.0m Driver-dependent file (DPC,SPQR)
))
\pdfx@tmptoks=\toks27

(/usr/local/texlive/2023/texmf-dist/tex/latex/hyperref/hyperref.sty
Package: hyperref 2023-04-22 v7.00x Hypertext links for LaTeX

(/usr/local/texlive/2023/texmf-dist/tex/latex/kvsetkeys/kvsetkeys.sty
Package: kvsetkeys 2022-10-05 v1.19 Key value parser (HO)
)
(/usr/local/texlive/2023/texmf-dist/tex/generic/kvdefinekeys/kvdefinekeys.sty
Package: kvdefinekeys 2019-12-19 v1.6 Define keys (HO)
)
(/usr/local/texlive/2023/texmf-dist/tex/generic/pdfescape/pdfescape.sty
Package: pdfescape 2019/12/09 v1.15 Implements pdfTeX's escape features (HO)
)
(/usr/local/texlive/2023/texmf-dist/tex/latex/hycolor/hycolor.sty
Package: hycolor 2020-01-27 v1.10 Color options for hyperref/bookmark (HO)
)
(/usr/local/texlive/2023/texmf-dist/tex/latex/letltxmacro/letltxmacro.sty
Package: letltxmacro 2019/12/03 v1.6 Let assignment for LaTeX macros (HO)
)
(/usr/local/texlive/2023/texmf-dist/tex/latex/auxhook/auxhook.sty
Package: auxhook 2019-12-17 v1.6 Hooks for auxiliary files (HO)
)
(/usr/local/texlive/2023/texmf-dist/tex/latex/hyperref/nameref.sty
Package: nameref 2022-05-17 v2.50 Cross-referencing by name of section

(/usr/local/texlive/2023/texmf-dist/tex/latex/refcount/refcount.sty
Package: refcount 2019/12/15 v3.6 Data extraction from label references (HO)
)
(/usr/local/texlive/2023/texmf-dist/tex/generic/gettitlestring/gettitlestring.s
ty
Package: gettitlestring 2019/12/15 v1.6 Cleanup title references (HO)
 (/usr/local/texlive/2023/texmf-dist/tex/latex/kvoptions/kvoptions.sty
Package: kvoptions 2022-06-15 v3.15 Key value format for package options (HO)
))
\c@section@level=\count275
)
\@linkdim=\dimen164
\Hy@linkcounter=\count276
\Hy@pagecounter=\count277

(/usr/local/texlive/2023/texmf-dist/tex/latex/hyperref/pd1enc.def
File: pd1enc.def 2023-04-22 v7.00x Hyperref: PDFDocEncoding definition (HO)
)
(/usr/local/texlive/2023/texmf-dist/tex/generic/intcalc/intcalc.sty
Package: intcalc 2019/12/15 v1.3 Expandable calculations with integers (HO)
)
\Hy@SavedSpaceFactor=\count278

(/usr/local/texlive/2023/texmf-dist/tex/latex/hyperref/puenc.def
File: puenc.def 2023-04-22 v7.00x Hyperref: PDF Unicode definition (HO)
)
\pdfmajorversion=\count279
Package hyperref Info: Option `draft' set `true' on input line 4065.
Package hyperref Info: Option `bookmarks' set `false' on input line 4065.
Package hyperref Info: Hyper figures OFF on input line 4182.
Package hyperref Info: Link nesting OFF on input line 4187.
Package hyperref Info: Hyper index ON on input line 4190.
Package hyperref Info: Plain pages OFF on input line 4197.
Package hyperref Info: Backreferencing OFF on input line 4202.
Package hyperref Info: Implicit mode ON; LaTeX internals redefined.
Package hyperref Info: Bookmarks OFF on input line 4455.
\c@Hy@tempcnt=\count280

(/usr/local/texlive/2023/texmf-dist/tex/latex/url/url.sty
\Urlmuskip=\muskip16
Package: url 2013/09/16  ver 3.4  Verb mode for urls, etc.
)
LaTeX Info: Redefining \url on input line 4787.
\XeTeXLinkMargin=\dimen165

(/usr/local/texlive/2023/texmf-dist/tex/generic/bitset/bitset.sty
Package: bitset 2019/12/09 v1.3 Handle bit-vector datatype (HO)

(/usr/local/texlive/2023/texmf-dist/tex/generic/bigintcalc/bigintcalc.sty
Package: bigintcalc 2019/12/15 v1.5 Expandable calculations on big integers (HO
)
))
\Fld@menulength=\count281
\Field@Width=\dimen166
\Fld@charsize=\dimen167
Package hyperref Info: Hyper figures OFF on input line 6066.
Package hyperref Info: Link nesting OFF on input line 6071.
Package hyperref Info: Hyper index ON on input line 6074.
Package hyperref Info: backreferencing OFF on input line 6081.
Package hyperref Info: Link coloring OFF on input line 6086.
Package hyperref Info: Link coloring with OCG OFF on input line 6091.
Package hyperref Info: PDF/A mode OFF on input line 6096.

(/usr/local/texlive/2023/texmf-dist/tex/latex/base/atbegshi-ltx.sty
Package: atbegshi-ltx 2021/01/10 v1.0c Emulation of the original atbegshi
package with kernel methods
)
\Hy@abspage=\count282
\c@Item=\count283
\c@Hfootnote=\count284
)
Package hyperref Info: Driver: hluatex.

(/usr/local/texlive/2023/texmf-dist/tex/latex/hyperref/hluatex.def
File: hluatex.def 2023-04-22 v7.00x Hyperref driver for luaTeX

(/usr/local/texlive/2023/texmf-dist/tex/generic/stringenc/stringenc.sty
Package: stringenc 2019/11/29 v1.12 Convert strings between diff. encodings (HO
)
)
(/usr/local/texlive/2023/texmf-dist/tex/latex/base/atveryend-ltx.sty
Package: atveryend-ltx 2020/08/19 v1.0a Emulation of the original atveryend pac
kage
with kernel methods
)
Package hyperref Info: 񑙱.񑙲:=1.3 on input line 240.
\Fld@listcount=\count285
\c@bookmark@seq@number=\count286

(/usr/local/texlive/2023/texmf-dist/tex/latex/rerunfilecheck/rerunfilecheck.sty
Package: rerunfilecheck 2022-07-10 v1.10 Rerun checks for auxiliary files (HO)

(/usr/local/texlive/2023/texmf-dist/tex/generic/uniquecounter/uniquecounter.sty
Package: uniquecounter 2019/12/15 v1.4 Provide unlimited unique counter (HO)
)
Package uniquecounter Info: New unique counter `rerunfilecheck' on input line 2
85.
)
\Hy@SectionHShift=\skip51
)
Package hyperref Info: Option `unicode' set `true' on input line 1463.
Package hyperref Info: Option `psdextra' set `true' on input line 1465.
 (/usr/local/texlive/2023/texmf-dist/tex/latex/hyperref/puenc-greekbasic.def
File: puenc-greekbasic.def 2023-04-22 v7.00x Hyperref: PDF Unicode definition (
greek block) (HO)
) (/usr/local/texlive/2023/texmf-dist/tex/latex/hyperref/psdextra.def
File: psdextra.def 2023-04-22 v7.00x Hyperref: Additions to PDF string support
)
(/usr/local/texlive/2023/texmf-dist/tex/generic/colorprofiles/colorprofiles.sty
Package: colorprofiles 2018/11/01 v1.0.1 color profiles for PDF/X and PDF/A sup
port

(/usr/local/texlive/2023/texmf-dist/tex/generic/colorprofiles/colorprofiles.tex
)) (/usr/local/texlive/2023/texmf-dist/tex/generic/stringenc/se-ascii-print.def
File: se-ascii-print.def 2019/11/29 v1.12 stringenc: Printable ASCII characters

) (/usr/local/texlive/2023/texmf-dist/tex/latex/pdfx/AdobeColorProfiles.tex)
** pdfx: No file tmp.xmpdata . Metadata will be incomplete!
<<FOGRA39L_coated.icc>>
Package hyperref Info: Option `unicode' set `true' on input line 2411.
Package hyperref Info: Option `unicode' set `true' on input line 2412.

(/usr/local/texlive/2023/texmf-dist/tex/generic/pdftex/glyphtounicode.tex)
(/usr/local/texlive/2023/texmf-dist/tex/latex/pdfx/glyphtounicode-cmr.tex)
(/usr/local/texlive/2023/texmf-dist/tex/latex/pdfx/glyphtounicode-ntx.tex)
(/usr/local/texlive/2023/texmf-dist/tex/latex/base/ifthen.sty
Package: ifthen 2022/04/13 v1.1d Standard LaTeX ifthen package (DPC)
)
(/usr/local/texlive/2023/texmf-dist/tex/latex/xmpincl/xmpincl.sty
Package: xmpincl 2021/09/22 v2.4 Include XMP data in pdflatex
)
Using XMP template file: pdfx.xmp
\xmpinclWrite=\write3
\xmpinclRead=\read2

\openout3 = pdfx.xmpi
<<pdfx.xmpi>>) (/usr/local/texlive/2023/texmf-dist/tex/latex/natbib/natbib.sty
Package: natbib 2010/09/13 8.31b (PWD, AO)
\bibhang=\skip52
\bibsep=\skip53
LaTeX Info: Redefining \cite on input line 694.
\c@NAT@ctr=\count287
) (/usr/local/texlive/2023/texmf-dist/tex/latex/bxpapersize/bxpapersize.sty
Package: bxpapersize 2022/04/28 v0.6

(/usr/local/texlive/2023/texmf-dist/tex/generic/iftex/ifvtex.sty
Package: ifvtex 2019/10/25 v1.7 ifvtex legacy package. Use iftex instead.
)
(/usr/local/texlive/2023/texmf-dist/tex/generic/ifptex/ifptex.sty
Package: ifptex 2023/04/08 v2.2c pTeX checker
)
\bxpr@dima=\dimen168
Package bxpapersize Info: Detected the new LaTeX kernel (2020-10-01).
)
(/usr/local/texlive/2023/texmf-dist/tex/latex/geometry/geometry.sty
Package: geometry 2020/01/02 v5.9 Page Geometry
\Gm@cnth=\count288
\Gm@cntv=\count289
\c@Gm@tempcnt=\count290
\Gm@bindingoffset=\dimen169
\Gm@wd@mp=\dimen170
\Gm@odd@mp=\dimen171
\Gm@even@mp=\dimen172
\Gm@layoutwidth=\dimen173
\Gm@layoutheight=\dimen174
\Gm@layouthoffset=\dimen175
\Gm@layoutvoffset=\dimen176
\Gm@dimlist=\toks28
)
(/usr/local/texlive/2023/texmf-dist/tex/latex/amsmath/amsmath.sty
Package: amsmath 2022/04/08 v2.17n AMS math features
\@mathmargin=\skip54

For additional information on amsmath, use the `?' option.
(/usr/local/texlive/2023/texmf-dist/tex/latex/amsmath/amstext.sty
Package: amstext 2021/08/26 v2.01 AMS text

(/usr/local/texlive/2023/texmf-dist/tex/latex/amsmath/amsgen.sty
File: amsgen.sty 1999/11/30 v2.0 generic functions
\@emptytoks=\toks29
\ex@=\dimen177
))
(/usr/local/texlive/2023/texmf-dist/tex/latex/amsmath/amsbsy.sty
Package: amsbsy 1999/11/29 v1.2d Bold Symbols
\pmbraise@=\dimen178
)
(/usr/local/texlive/2023/texmf-dist/tex/latex/amsmath/amsopn.sty
Package: amsopn 2022/04/08 v2.04 operator names
)
\inf@bad=\count291
LaTeX Info: Redefining \frac on input line 236.
\uproot@=\count292
\leftroot@=\count293
LaTeX Info: Redefining \overline on input line 399.
LaTeX Info: Redefining \colon on input line 410.
\classnum@=\count294
\DOTSCASE@=\count295
LaTeX Info: Redefining \ldots on input line 496.
LaTeX Info: Redefining \dots on input line 499.
LaTeX Info: Redefining \cdots on input line 620.
\Mathstrutbox@=\box69
\strutbox@=\box70
LaTeX Info: Redefining \big on input line 722.
LaTeX Info: Redefining \Big on input line 723.
LaTeX Info: Redefining \bigg on input line 724.
LaTeX Info: Redefining \Bigg on input line 725.
\big@size=\dimen179
LaTeX Font Info:    Redeclaring font encoding OML on input line 743.
LaTeX Font Info:    Redeclaring font encoding OMS on input line 744.
\macc@depth=\count296
LaTeX Info: Redefining \bmod on input line 905.
LaTeX Info: Redefining \pmod on input line 910.
LaTeX Info: Redefining \smash on input line 940.
LaTeX Info: Redefining \relbar on input line 970.
LaTeX Info: Redefining \Relbar on input line 971.
\c@MaxMatrixCols=\count297
\dotsspace@=\muskip17
\c@parentequation=\count298
\dspbrk@lvl=\count299
\tag@help=\toks30
\row@=\count300
\column@=\count301
\maxfields@=\count302
\andhelp@=\toks31
\eqnshift@=\dimen180
\alignsep@=\dimen181
\tagshift@=\dimen182
\tagwidth@=\dimen183
\totwidth@=\dimen184
\lineht@=\dimen185
\@envbody=\toks32
\multlinegap=\skip55
\multlinetaggap=\skip56
\mathdisplay@stack=\toks33
LaTeX Info: Redefining \[ on input line 2953.
LaTeX Info: Redefining \] on input line 2954.
)
(/usr/local/texlive/2023/texmf-dist/tex/latex/amsfonts/amssymb.sty
Package: amssymb 2013/01/14 v3.01 AMS font symbols

(/usr/local/texlive/2023/texmf-dist/tex/latex/amsfonts/amsfonts.sty
Package: amsfonts 2013/01/14 v3.01 Basic AMSFonts support
\symAMSa=\mathgroup5
\symAMSb=\mathgroup6
LaTeX Font Info:    Redeclaring math symbol \hbar on input line 98.
LaTeX Font Info:    Overwriting math alphabet `\mathfrak' in version `bold'
(Font)                  U/euf/m/n --> U/euf/b/n on input line 106.
))
(/usr/local/texlive/2023/texmf-dist/tex/latex/graphics/graphicx.sty
Package: graphicx 2021/09/16 v1.2d Enhanced LaTeX Graphics (DPC,SPQR)

(/usr/local/texlive/2023/texmf-dist/tex/latex/graphics/graphics.sty
Package: graphics 2022/03/10 v1.4e Standard LaTeX Graphics (DPC,SPQR)

(/usr/local/texlive/2023/texmf-dist/tex/latex/graphics/trig.sty
Package: trig 2021/08/11 v1.11 sin cos tan (DPC)
)
(/usr/local/texlive/2023/texmf-dist/tex/latex/graphics-cfg/graphics.cfg
File: graphics.cfg 2016/06/04 v1.11 sample graphics configuration
)
Package graphics Info: Driver file: luatex.def on input line 107.
)
\Gin@req@height=\dimen186
\Gin@req@width=\dimen187
)
(/usr/local/texlive/2023/texmf-dist/tex/latex/lineno/lineno.sty
Package: lineno 2023/01/19 line numbers on paragraphs v5.1
\linenopenalty=\count303
\output=\toks34
\linenoprevgraf=\count304
\linenumbersep=\dimen188
\linenumberwidth=\dimen189
\c@linenumber=\count305
\c@pagewiselinenumber=\count306
\c@LN@truepage=\count307
\c@internallinenumber=\count308
\c@internallinenumbers=\count309
\quotelinenumbersep=\dimen190
\bframerule=\dimen191
\bframesep=\dimen192
\bframebox=\box71
\linenoamsmath@ams@eqpen=\count310
LaTeX Info: Redefining \\ on input line 3131.
)
(/usr/local/texlive/2023/texmf-dist/tex/latex/graphics/lscape.sty
Package: lscape 2020/05/28 v3.02 Landscape Pages (DPC)
)
(/usr/local/texlive/2023/texmf-dist/tex/luatex/luatexja/addons/luatexja-ruby.st
y
Package: luatexja-ruby 2023-01-21 v0.61
\ltj@rubyattr=\attribute25
Lua module: luatexja.ruby 2022-12-31 Ruby annotation
Custom whatsit ruby_pre = 7
Custom whatsit ruby_post = 8
Inserting `ltj.ruby.pre' in `pre_linebreak_filter'.
Inserting `ltj.ruby.pre' in `hpack_filter'.
Inserting `ltj.ruby.post_break' in `post_linebreak_filter'.
Inserting `ltj.ruby.post_hbox' in `hpack_filter'.
Removing  `luatexja.beginpar.np_info' from `luatexja.jfmglue.whatsit_getinfo'.
Inserting `luatexja.ruby.np_info' in `luatexja.jfmglue.whatsit_getinfo'.
Inserting `luatexja.beginpar.np_info' in `luatexja.jfmglue.whatsit_getinfo'.
Removing  `luatexja.beginpar.np_info_after' from `luatexja.jfmglue.whatsit_after
'.
Inserting `luatexja.ruby.np_info_after' in `luatexja.jfmglue.whatsit_after'.
Inserting `luatexja.beginpar.np_info_after' in `luatexja.jfmglue.whatsit_after'.
Inserting `luatexja.ruby.np_info_last_minute' in `luatexja.jfmglue.whatsit_last_
minute'.) (/usr/local/texlive/2023/texmf-dist/tex/latex/epsdice/epsdice.sty
Package: epsdice 2007/02/15 by Thomas Heim (v. 2.1)

(/usr/local/texlive/2023/texmf-dist/tex/latex/epsdice/epsdice.cfg)
\c@eps@face=\count311
)
(/usr/local/texlive/2023/texmf-dist/tex/latex/fancyvrb/fancyvrb.sty
Package: fancyvrb 2023/01/19 4.5a verbatim text (tvz,hv)
\FV@CodeLineNo=\count312
\FV@InFile=\read3
\FV@TabBox=\box72
\c@FancyVerbLine=\count313
\FV@StepNumber=\count314
\FV@OutFile=\write4
)
(/usr/local/texlive/2023/texmf-dist/tex/generic/ulem/ulem.sty
\UL@box=\box73
\UL@hyphenbox=\box74
\UL@skip=\skip57
\UL@hook=\toks35
\UL@height=\dimen193
\UL@pe=\count315
\UL@pixel=\dimen194
\ULC@box=\box75
Package: ulem 2019/11/18
\ULdepth=\dimen195
)
(/usr/local/texlive/2023/texmf-dist/tex/latex/tools/bm.sty
Package: bm 2022/01/05 v1.2f Bold Symbol Support (DPC/FMi)
\symboldoperators=\mathgroup7
\symboldletters=\mathgroup8
\symboldsymbols=\mathgroup9
Package bm Info: No bold for \OMX/cmex/m/n, using \pmb.
\symboldmincho=\mathgroup10
Package bm Info: No bold for \U/msa/m/n, using \pmb.
Package bm Info: No bold for \U/msb/m/n, using \pmb.
LaTeX Font Info:    Redeclaring math alphabet \mathbf on input line 149.
)
(/usr/local/texlive/2023/texmf-dist/tex/latex/pdfpages/pdfpages.sty
Package: pdfpages 2022/12/19 v0.5x Insert pages of external PDF documents (AM)

(/usr/local/texlive/2023/texmf-dist/tex/latex/tools/calc.sty
Package: calc 2017/05/25 v4.3 Infix arithmetic (KKT,FJ)
\calc@Acount=\count316
\calc@Bcount=\count317
\calc@Adimen=\dimen196
\calc@Bdimen=\dimen197
\calc@Askip=\skip58
\calc@Bskip=\skip59
LaTeX Info: Redefining \setlength on input line 80.
LaTeX Info: Redefining \addtolength on input line 81.
\calc@Ccount=\count318
\calc@Cskip=\skip60
)
(/usr/local/texlive/2023/texmf-dist/tex/latex/eso-pic/eso-pic.sty
Package: eso-pic 2023/05/03 v3.0c eso-pic (RN)
\ESO@tempdima=\dimen198
\ESO@tempdimb=\dimen199
)
\AM@pagewidth=\dimen256
\AM@pageheight=\dimen257
\AM@fboxrule=\dimen258

(/usr/local/texlive/2023/texmf-dist/tex/latex/pdfpages/ppluatex.def
File: ppluatex.def 2022/12/19 v0.5x Pdfpages driver for LuaTeX (AM)
)
\pdfpages@includegraphics@status=\count319
\AM@pagebox=\box76
\AM@global@opts=\toks36
\AM@pagecnt=\count320
\AM@toc@title=\toks37
\AM@lof@heading=\toks38
\c@AM@survey=\count321
\AM@templatesizebox=\box77
)
(/usr/local/texlive/2023/texmf-dist/tex/latex/wrapfig/wrapfig.sty
\wrapoverhang=\dimen259
\WF@size=\dimen260
\c@WF@wrappedlines=\count322
\WF@box=\box78
\WF@everypar=\toks39
Package: wrapfig 2003/01/31  v 3.6
)
(/usr/local/texlive/2023/texmf-dist/tex/latex/multirow/multirow.sty
Package: multirow 2021/03/15 v2.8 Span multiple rows of a table
\multirow@colwidth=\skip61
\multirow@cntb=\count323
\multirow@dima=\skip62
\bigstrutjot=\dimen261
)
(/usr/local/texlive/2023/texmf-dist/tex/latex/pgf/frontendlayer/tikz.sty
(/usr/local/texlive/2023/texmf-dist/tex/latex/pgf/basiclayer/pgf.sty
(/usr/local/texlive/2023/texmf-dist/tex/latex/pgf/utilities/pgfrcs.sty
(/usr/local/texlive/2023/texmf-dist/tex/generic/pgf/utilities/pgfutil-common.te
x
\pgfutil@everybye=\toks40
\pgfutil@tempdima=\dimen262
\pgfutil@tempdimb=\dimen263
)
(/usr/local/texlive/2023/texmf-dist/tex/generic/pgf/utilities/pgfutil-latex.def
\pgfutil@abb=\box79
) (/usr/local/texlive/2023/texmf-dist/tex/generic/pgf/utilities/pgfrcs.code.tex
(/usr/local/texlive/2023/texmf-dist/tex/generic/pgf/pgf.revision.tex)
Package: pgfrcs 2023-01-15 v3.1.10 (3.1.10)
))
Package: pgf 2023-01-15 v3.1.10 (3.1.10)

(/usr/local/texlive/2023/texmf-dist/tex/latex/pgf/basiclayer/pgfcore.sty
(/usr/local/texlive/2023/texmf-dist/tex/latex/pgf/systemlayer/pgfsys.sty
(/usr/local/texlive/2023/texmf-dist/tex/generic/pgf/systemlayer/pgfsys.code.tex
Package: pgfsys 2023-01-15 v3.1.10 (3.1.10)
(/usr/local/texlive/2023/texmf-dist/tex/generic/pgf/utilities/pgfkeys.code.tex
\pgfkeys@pathtoks=\toks41
\pgfkeys@temptoks=\toks42

(/usr/local/texlive/2023/texmf-dist/tex/generic/pgf/utilities/pgfkeyslibraryfil
tered.code.tex
\pgfkeys@tmptoks=\toks43
))
\pgf@x=\dimen264
\pgf@y=\dimen265
\pgf@xa=\dimen266
\pgf@ya=\dimen267
\pgf@xb=\dimen268
\pgf@yb=\dimen269
\pgf@xc=\dimen270
\pgf@yc=\dimen271
\pgf@xd=\dimen272
\pgf@yd=\dimen273
\w@pgf@writea=\write5
\r@pgf@reada=\read4
\c@pgf@counta=\count324
\c@pgf@countb=\count325
\c@pgf@countc=\count326
\c@pgf@countd=\count327
\t@pgf@toka=\toks44
\t@pgf@tokb=\toks45
\t@pgf@tokc=\toks46
\pgf@sys@id@count=\count328

(/usr/local/texlive/2023/texmf-dist/tex/generic/pgf/systemlayer/pgf.cfg
File: pgf.cfg 2023-01-15 v3.1.10 (3.1.10)
)
Driver file for pgf: pgfsys-luatex.def

(/usr/local/texlive/2023/texmf-dist/tex/generic/pgf/systemlayer/pgfsys-luatex.d
ef
File: pgfsys-luatex.def 2023-01-15 v3.1.10 (3.1.10)

(/usr/local/texlive/2023/texmf-dist/tex/generic/pgf/systemlayer/pgfsys-common-p
df.def
File: pgfsys-common-pdf.def 2023-01-15 v3.1.10 (3.1.10)
)))
(/usr/local/texlive/2023/texmf-dist/tex/generic/pgf/systemlayer/pgfsyssoftpath.
code.tex
File: pgfsyssoftpath.code.tex 2023-01-15 v3.1.10 (3.1.10)
\pgfsyssoftpath@smallbuffer@items=\count329
\pgfsyssoftpath@bigbuffer@items=\count330
)
(/usr/local/texlive/2023/texmf-dist/tex/generic/pgf/systemlayer/pgfsysprotocol.
code.tex
File: pgfsysprotocol.code.tex 2023-01-15 v3.1.10 (3.1.10)
))
(/usr/local/texlive/2023/texmf-dist/tex/generic/pgf/basiclayer/pgfcore.code.tex
Package: pgfcore 2023-01-15 v3.1.10 (3.1.10)
(/usr/local/texlive/2023/texmf-dist/tex/generic/pgf/math/pgfmath.code.tex
(/usr/local/texlive/2023/texmf-dist/tex/generic/pgf/math/pgfmathutil.code.tex)
(/usr/local/texlive/2023/texmf-dist/tex/generic/pgf/math/pgfmathparser.code.tex
\pgfmath@dimen=\dimen274
\pgfmath@count=\count331
\pgfmath@box=\box80
\pgfmath@toks=\toks47
\pgfmath@stack@operand=\toks48
\pgfmath@stack@operation=\toks49
)
(/usr/local/texlive/2023/texmf-dist/tex/generic/pgf/math/pgfmathfunctions.code.
tex)
(/usr/local/texlive/2023/texmf-dist/tex/generic/pgf/math/pgfmathfunctions.basic
.code.tex)
(/usr/local/texlive/2023/texmf-dist/tex/generic/pgf/math/pgfmathfunctions.trigo
nometric.code.tex)
(/usr/local/texlive/2023/texmf-dist/tex/generic/pgf/math/pgfmathfunctions.rando
m.code.tex)
(/usr/local/texlive/2023/texmf-dist/tex/generic/pgf/math/pgfmathfunctions.compa
rison.code.tex)
(/usr/local/texlive/2023/texmf-dist/tex/generic/pgf/math/pgfmathfunctions.base.
code.tex)
(/usr/local/texlive/2023/texmf-dist/tex/generic/pgf/math/pgfmathfunctions.round
.code.tex)
(/usr/local/texlive/2023/texmf-dist/tex/generic/pgf/math/pgfmathfunctions.misc.
code.tex)
(/usr/local/texlive/2023/texmf-dist/tex/generic/pgf/math/pgfmathfunctions.integ
erarithmetics.code.tex)
(/usr/local/texlive/2023/texmf-dist/tex/generic/pgf/math/pgfmathcalc.code.tex)
(/usr/local/texlive/2023/texmf-dist/tex/generic/pgf/math/pgfmathfloat.code.tex
\c@pgfmathroundto@lastzeros=\count332
)) (/usr/local/texlive/2023/texmf-dist/tex/generic/pgf/math/pgfint.code.tex)
(/usr/local/texlive/2023/texmf-dist/tex/generic/pgf/basiclayer/pgfcorepoints.co
de.tex
File: pgfcorepoints.code.tex 2023-01-15 v3.1.10 (3.1.10)
\pgf@picminx=\dimen275
\pgf@picmaxx=\dimen276
\pgf@picminy=\dimen277
\pgf@picmaxy=\dimen278
\pgf@pathminx=\dimen279
\pgf@pathmaxx=\dimen280
\pgf@pathminy=\dimen281
\pgf@pathmaxy=\dimen282
\pgf@xx=\dimen283
\pgf@xy=\dimen284
\pgf@yx=\dimen285
\pgf@yy=\dimen286
\pgf@zx=\dimen287
\pgf@zy=\dimen288
)
(/usr/local/texlive/2023/texmf-dist/tex/generic/pgf/basiclayer/pgfcorepathconst
ruct.code.tex
File: pgfcorepathconstruct.code.tex 2023-01-15 v3.1.10 (3.1.10)
\pgf@path@lastx=\dimen289
\pgf@path@lasty=\dimen290
)
(/usr/local/texlive/2023/texmf-dist/tex/generic/pgf/basiclayer/pgfcorepathusage
.code.tex
File: pgfcorepathusage.code.tex 2023-01-15 v3.1.10 (3.1.10)
\pgf@shorten@end@additional=\dimen291
\pgf@shorten@start@additional=\dimen292
)
(/usr/local/texlive/2023/texmf-dist/tex/generic/pgf/basiclayer/pgfcorescopes.co
de.tex
File: pgfcorescopes.code.tex 2023-01-15 v3.1.10 (3.1.10)
\pgfpic=\box81
\pgf@hbox=\box82
\pgf@layerbox@main=\box83
\pgf@picture@serial@count=\count333
)
(/usr/local/texlive/2023/texmf-dist/tex/generic/pgf/basiclayer/pgfcoregraphicst
ate.code.tex
File: pgfcoregraphicstate.code.tex 2023-01-15 v3.1.10 (3.1.10)
\pgflinewidth=\dimen293
)
(/usr/local/texlive/2023/texmf-dist/tex/generic/pgf/basiclayer/pgfcoretransform
ations.code.tex
File: pgfcoretransformations.code.tex 2023-01-15 v3.1.10 (3.1.10)
\pgf@pt@x=\dimen294
\pgf@pt@y=\dimen295
\pgf@pt@temp=\dimen296
)
(/usr/local/texlive/2023/texmf-dist/tex/generic/pgf/basiclayer/pgfcorequick.cod
e.tex
File: pgfcorequick.code.tex 2023-01-15 v3.1.10 (3.1.10)
)
(/usr/local/texlive/2023/texmf-dist/tex/generic/pgf/basiclayer/pgfcoreobjects.c
ode.tex
File: pgfcoreobjects.code.tex 2023-01-15 v3.1.10 (3.1.10)
)
(/usr/local/texlive/2023/texmf-dist/tex/generic/pgf/basiclayer/pgfcorepathproce
ssing.code.tex
File: pgfcorepathprocessing.code.tex 2023-01-15 v3.1.10 (3.1.10)
)
(/usr/local/texlive/2023/texmf-dist/tex/generic/pgf/basiclayer/pgfcorearrows.co
de.tex
File: pgfcorearrows.code.tex 2023-01-15 v3.1.10 (3.1.10)
\pgfarrowsep=\dimen297
)
(/usr/local/texlive/2023/texmf-dist/tex/generic/pgf/basiclayer/pgfcoreshade.cod
e.tex
File: pgfcoreshade.code.tex 2023-01-15 v3.1.10 (3.1.10)
\pgf@max=\dimen298
\pgf@sys@shading@range@num=\count334
\pgf@shadingcount=\count335
)
(/usr/local/texlive/2023/texmf-dist/tex/generic/pgf/basiclayer/pgfcoreimage.cod
e.tex
File: pgfcoreimage.code.tex 2023-01-15 v3.1.10 (3.1.10)
)
(/usr/local/texlive/2023/texmf-dist/tex/generic/pgf/basiclayer/pgfcoreexternal.
code.tex
File: pgfcoreexternal.code.tex 2023-01-15 v3.1.10 (3.1.10)
\pgfexternal@startupbox=\box84
)
(/usr/local/texlive/2023/texmf-dist/tex/generic/pgf/basiclayer/pgfcorelayers.co
de.tex
File: pgfcorelayers.code.tex 2023-01-15 v3.1.10 (3.1.10)
)
(/usr/local/texlive/2023/texmf-dist/tex/generic/pgf/basiclayer/pgfcoretranspare
ncy.code.tex
File: pgfcoretransparency.code.tex 2023-01-15 v3.1.10 (3.1.10)
)
(/usr/local/texlive/2023/texmf-dist/tex/generic/pgf/basiclayer/pgfcorepatterns.
code.tex
File: pgfcorepatterns.code.tex 2023-01-15 v3.1.10 (3.1.10)
)
(/usr/local/texlive/2023/texmf-dist/tex/generic/pgf/basiclayer/pgfcorerdf.code.
tex
File: pgfcorerdf.code.tex 2023-01-15 v3.1.10 (3.1.10)
)))
(/usr/local/texlive/2023/texmf-dist/tex/generic/pgf/modules/pgfmoduleshapes.cod
e.tex
File: pgfmoduleshapes.code.tex 2023-01-15 v3.1.10 (3.1.10)
\pgfnodeparttextbox=\box85
)
(/usr/local/texlive/2023/texmf-dist/tex/generic/pgf/modules/pgfmoduleplot.code.
tex
File: pgfmoduleplot.code.tex 2023-01-15 v3.1.10 (3.1.10)
)
(/usr/local/texlive/2023/texmf-dist/tex/latex/pgf/compatibility/pgfcomp-version
-0-65.sty
Package: pgfcomp-version-0-65 2023-01-15 v3.1.10 (3.1.10)
\pgf@nodesepstart=\dimen299
\pgf@nodesepend=\dimen300
)
(/usr/local/texlive/2023/texmf-dist/tex/latex/pgf/compatibility/pgfcomp-version
-1-18.sty
Package: pgfcomp-version-1-18 2023-01-15 v3.1.10 (3.1.10)
))
(/usr/local/texlive/2023/texmf-dist/tex/latex/pgf/utilities/pgffor.sty
(/usr/local/texlive/2023/texmf-dist/tex/latex/pgf/utilities/pgfkeys.sty
(/usr/local/texlive/2023/texmf-dist/tex/generic/pgf/utilities/pgfkeys.code.tex))
 (/usr/local/texlive/2023/texmf-dist/tex/latex/pgf/math/pgfmath.sty
(/usr/local/texlive/2023/texmf-dist/tex/generic/pgf/math/pgfmath.code.tex))
(/usr/local/texlive/2023/texmf-dist/tex/generic/pgf/utilities/pgffor.code.tex
Package: pgffor 2023-01-15 v3.1.10 (3.1.10)
\pgffor@iter=\dimen301
\pgffor@skip=\dimen302
\pgffor@stack=\toks50
\pgffor@toks=\toks51
))
(/usr/local/texlive/2023/texmf-dist/tex/generic/pgf/frontendlayer/tikz/tikz.cod
e.tex
Package: tikz 2023-01-15 v3.1.10 (3.1.10)

(/usr/local/texlive/2023/texmf-dist/tex/generic/pgf/libraries/pgflibraryplothan
dlers.code.tex
File: pgflibraryplothandlers.code.tex 2023-01-15 v3.1.10 (3.1.10)
\pgf@plot@mark@count=\count336
\pgfplotmarksize=\dimen303
)
\tikz@lastx=\dimen304
\tikz@lasty=\dimen305
\tikz@lastxsaved=\dimen306
\tikz@lastysaved=\dimen307
\tikz@lastmovetox=\dimen308
\tikz@lastmovetoy=\dimen309
\tikzleveldistance=\dimen310
\tikzsiblingdistance=\dimen311
\tikz@figbox=\box86
\tikz@figbox@bg=\box87
\tikz@tempbox=\box88
\tikz@tempbox@bg=\box89
\tikztreelevel=\count337
\tikznumberofchildren=\count338
\tikznumberofcurrentchild=\count339
\tikz@fig@count=\count340

(/usr/local/texlive/2023/texmf-dist/tex/generic/pgf/modules/pgfmodulematrix.cod
e.tex
File: pgfmodulematrix.code.tex 2023-01-15 v3.1.10 (3.1.10)
\pgfmatrixcurrentrow=\count341
\pgfmatrixcurrentcolumn=\count342
\pgf@matrix@numberofcolumns=\count343
)
\tikz@expandcount=\count344

(/usr/local/texlive/2023/texmf-dist/tex/generic/pgf/frontendlayer/tikz/librarie
s/tikzlibrarytopaths.code.tex
File: tikzlibrarytopaths.code.tex 2023-01-15 v3.1.10 (3.1.10)
)))
(/usr/local/texlive/2023/texmf-dist/tex/generic/pgf/frontendlayer/tikz/librarie
s/tikzlibrarypositioning.code.tex
File: tikzlibrarypositioning.code.tex 2023-01-15 v3.1.10 (3.1.10)
)
(/usr/local/texlive/2023/texmf-dist/tex/generic/pgf/libraries/pgflibraryarrows.
meta.code.tex
File: pgflibraryarrows.meta.code.tex 2023-01-15 v3.1.10 (3.1.10)
\pgfarrowinset=\dimen312
\pgfarrowlength=\dimen313
\pgfarrowwidth=\dimen314
\pgfarrowlinewidth=\dimen315
)
(/usr/local/texlive/2023/texmf-dist/tex/generic/pgf/frontendlayer/tikz/librarie
s/tikzlibraryintersections.code.tex
(/usr/local/texlive/2023/texmf-dist/tex/generic/pgf/libraries/pgflibraryinterse
ctions.code.tex
(/usr/local/texlive/2023/texmf-dist/tex/generic/pgf/libraries/pgflibraryfpu.cod
e.tex)
\pgf@intersect@solutions=\count345
))
(/usr/local/texlive/2023/texmf-dist/tex/generic/pgf/frontendlayer/tikz/librarie
s/tikzlibrarycalc.code.tex
File: tikzlibrarycalc.code.tex 2023-01-15 v3.1.10 (3.1.10)
)
(/usr/local/texlive/2023/texmf-dist/tex/generic/pgf/frontendlayer/tikz/librarie
s/tikzlibraryshapes.code.tex
File: tikzlibraryshapes.code.tex 2023-01-15 v3.1.10 (3.1.10)

(/usr/local/texlive/2023/texmf-dist/tex/generic/pgf/frontendlayer/tikz/librarie
s/tikzlibraryshapes.geometric.code.tex
File: tikzlibraryshapes.geometric.code.tex 2023-01-15 v3.1.10 (3.1.10)

(/usr/local/texlive/2023/texmf-dist/tex/generic/pgf/libraries/shapes/pgflibrary
shapes.geometric.code.tex
File: pgflibraryshapes.geometric.code.tex 2023-01-15 v3.1.10 (3.1.10)
))
(/usr/local/texlive/2023/texmf-dist/tex/generic/pgf/frontendlayer/tikz/librarie
s/tikzlibraryshapes.misc.code.tex
File: tikzlibraryshapes.misc.code.tex 2023-01-15 v3.1.10 (3.1.10)

(/usr/local/texlive/2023/texmf-dist/tex/generic/pgf/libraries/shapes/pgflibrary
shapes.misc.code.tex
File: pgflibraryshapes.misc.code.tex 2023-01-15 v3.1.10 (3.1.10)
))
(/usr/local/texlive/2023/texmf-dist/tex/generic/pgf/frontendlayer/tikz/librarie
s/tikzlibraryshapes.symbols.code.tex
File: tikzlibraryshapes.symbols.code.tex 2023-01-15 v3.1.10 (3.1.10)

(/usr/local/texlive/2023/texmf-dist/tex/generic/pgf/libraries/shapes/pgflibrary
shapes.symbols.code.tex
File: pgflibraryshapes.symbols.code.tex 2023-01-15 v3.1.10 (3.1.10)
))
(/usr/local/texlive/2023/texmf-dist/tex/generic/pgf/frontendlayer/tikz/librarie
s/tikzlibraryshapes.arrows.code.tex
File: tikzlibraryshapes.arrows.code.tex 2023-01-15 v3.1.10 (3.1.10)

(/usr/local/texlive/2023/texmf-dist/tex/generic/pgf/libraries/shapes/pgflibrary
shapes.arrows.code.tex
File: pgflibraryshapes.arrows.code.tex 2023-01-15 v3.1.10 (3.1.10)
))
(/usr/local/texlive/2023/texmf-dist/tex/generic/pgf/frontendlayer/tikz/librarie
s/tikzlibraryshapes.callouts.code.tex
(/usr/local/texlive/2023/texmf-dist/tex/generic/pgf/libraries/shapes/pgflibrary
shapes.callouts.code.tex))
(/usr/local/texlive/2023/texmf-dist/tex/generic/pgf/frontendlayer/tikz/librarie
s/tikzlibraryshapes.multipart.code.tex
File: tikzlibraryshapes.multipart.code.tex 2023-01-15 v3.1.10 (3.1.10)

(/usr/local/texlive/2023/texmf-dist/tex/generic/pgf/libraries/shapes/pgflibrary
shapes.multipart.code.tex
File: pgflibraryshapes.multipart.code.tex 2023-01-15 v3.1.10 (3.1.10)
\pgfnodepartlowerbox=\box90
\pgfnodeparttwobox=\box91
\pgfnodepartthreebox=\box92
\pgfnodepartfourbox=\box93
\pgfnodeparttwentybox=\box94
\pgfnodepartnineteenbox=\box95
\pgfnodeparteighteenbox=\box96
\pgfnodepartseventeenbox=\box97
\pgfnodepartsixteenbox=\box98
\pgfnodepartfifteenbox=\box99
\pgfnodepartfourteenbox=\box100
\pgfnodepartthirteenbox=\box101
\pgfnodeparttwelvebox=\box102
\pgfnodepartelevenbox=\box103
\pgfnodeparttenbox=\box104
\pgfnodepartninebox=\box105
\pgfnodeparteightbox=\box106
\pgfnodepartsevenbox=\box107
\pgfnodepartsixbox=\box108
\pgfnodepartfivebox=\box109
)))
(/usr/local/texlive/2023/texmf-dist/tex/generic/pgf/frontendlayer/tikz/librarie
s/tikzlibraryarrows.code.tex
File: tikzlibraryarrows.code.tex 2023-01-15 v3.1.10 (3.1.10)

(/usr/local/texlive/2023/texmf-dist/tex/generic/pgf/libraries/pgflibraryarrows.
code.tex
File: pgflibraryarrows.code.tex 2023-01-15 v3.1.10 (3.1.10)
\arrowsize=\dimen316
))
(/usr/local/texlive/2023/texmf-dist/tex/latex/tikz-3dplot/tikz-3dplot.sty
(/usr/local/texlive/2023/texmf-dist/tex/generic/pgf/frontendlayer/tikz/librarie
s/tikzlibrary3d.code.tex
File: tikzlibrary3d.code.tex 2023-01-15 v3.1.10 (3.1.10)
))
(/usr/local/texlive/2023/texmf-dist/tex/luatex/luatexja/lltjext.sty
Package: lltjext 2022-08-24 v1.2k-ltj-14 Macros for vertical writing
\ltj@ext@dir=\count346
\@floatbox=\box110
\floatwidth=\dimen317
\floatheight=\dimen318
\floatruletick=\dimen319
\captionfloatsep=\dimen320
\captionwidth=\dimen321
\@captionbox=\box111
LaTeX Info: Redefining \parbox on input line 362.
\@picwd=\dimen322
\rensujiskip=\skip63
)
(/usr/local/texlive/2023/texmf-dist/tex/latex/tools/longtable.sty
Package: longtable 2021-09-01 v4.17 Multi-page Table package (DPC)
\LTleft=\skip64
\LTright=\skip65
\LTpre=\skip66
\LTpost=\skip67
\LTchunksize=\count347
\LTcapwidth=\dimen323
\LT@head=\box112
\LT@firsthead=\box113
\LT@foot=\box114
\LT@lastfoot=\box115
\LT@gbox=\box116
\LT@cols=\count348
\LT@rows=\count349
\c@LT@tables=\count350
\c@LT@chunks=\count351
\LT@p@ftn=\toks52
)
(/usr/local/texlive/2023/texmf-dist/tex/luatex/luatexja/addons/luatexja-fontspe
c.sty
Package: luatexja-fontspec 2020-09-14 fontspec support of LuaTeX-ja

(/usr/local/texlive/2023/texmf-dist/tex/latex/l3packages/l3keys2e/l3keys2e.sty
Package: l3keys2e 2023-02-02 LaTeX2e option processing using LaTeX3 keys
) (/usr/local/texlive/2023/texmf-dist/tex/latex/fontspec/fontspec.sty
(/usr/local/texlive/2023/texmf-dist/tex/latex/l3packages/xparse/xparse.sty
Package: xparse 2023-02-02 L3 Experimental document command parser
)
Package: fontspec 2022/01/15 v2.8a Font selection for XeLaTeX and LuaLaTeX
Lua module: fontspec 2022/01/15 2.8a Font selection for XeLaTeX and LuaLaTeX
(/usr/local/texlive/2023/texmf-dist/tex/latex/fontspec/fontspec-luatex.sty
Package: fontspec-luatex 2022/01/15 v2.8a Font selection for XeLaTeX and LuaLaT
eX
\l__fontspec_script_int=\count352
\l__fontspec_language_int=\count353
\l__fontspec_strnum_int=\count354
\l__fontspec_tmp_int=\count355
\l__fontspec_tmpa_int=\count356
\l__fontspec_tmpb_int=\count357
\l__fontspec_tmpc_int=\count358
\l__fontspec_em_int=\count359
\l__fontspec_emdef_int=\count360
\l__fontspec_strong_int=\count361
\l__fontspec_strongdef_int=\count362
\l__fontspec_tmpa_dim=\dimen324
\l__fontspec_tmpb_dim=\dimen325
\l__fontspec_tmpc_dim=\dimen326

(/usr/local/texlive/2023/texmf-dist/tex/latex/base/fontenc.sty
Package: fontenc 2021/04/29 v2.0v Standard LaTeX package
)
(/usr/local/texlive/2023/texmf-dist/tex/latex/fontspec/fontspec.cfg)(load cache:
 extra_lmroman10-bold.luc)
LaTeX Font Info:    Font shape `JT3/mc/b/n' in size <10> not available
(Font)              Font shape `JT3/gt/m/n' tried instead on input line 3901.
LaTeX Font Info:    Font shape `JT3/gt/m/n' will be
(Font)              scaled to size 9.24713pt on input line 3901.
LaTeX Font Info:    Font shape `JY3/mc/b/n' in size <10> not available
(Font)              Font shape `JY3/gt/m/n' tried instead on input line 3901.
LaTeX Font Info:    Font shape `JY3/gt/m/n' will be
(Font)              scaled to size 9.24713pt on input line 3901.
(load cache: extra_haranoajigothic-medium.luc)))
(/usr/local/texlive/2023/texmf-dist/tex/luatex/luatexja/patches/lltjp-fontspec.
sty)
(/usr/local/texlive/2023/texmf-dist/tex/luatex/luatexja/addons/luatexja-fontspe
c-27c.sty
Package: luatexja-fontspec-27c 2020-04-04 fontspec support of LuaTeX-ja
\g__ltj_fontspec_altnumber_int=\count363
))
(/usr/local/texlive/2023/texmf-dist/tex/latex/nicematrix/nicematrix.sty
Package: nicematrix 2023/05/15 v6.19 Enhanced arrays with the help of PGF/TikZ

(/usr/local/texlive/2023/texmf-dist/tex/latex/tools/array.sty
Package: array 2022/09/04 v2.5g Tabular extension package (FMi)
\col@sep=\dimen327
\ar@mcellbox=\box117
\extrarowheight=\dimen328
\NC@list=\toks53
\extratabsurround=\skip68
\backup@length=\skip69
\ar@cellbox=\box118
)
\g__nicematrix_env_int=\count364
\g__nicematrix_NiceMatrixBlock_int=\count365
\g__nicematrix_notes_caption_int=\count366
\l__nicematrix_columns_width_dim=\dimen329
\l__nicematrix_col_width_dim=\dimen330
\g__nicematrix_row_total_int=\count367
\g__nicematrix_col_total_int=\count368
\g__nicematrix_last_row_node_int=\count369
\l__nicematrix_key_nb_rows_int=\count370
\g__nicematrix_blocks_wd_dim=\dimen331
\g__nicematrix_blocks_ht_dim=\dimen332
\g__nicematrix_blocks_dp_dim=\dimen333
\l__nicematrix_block_ysep_dim=\dimen334
\l__nicematrix_width_dim=\dimen335
\l__nicematrix_tabular_width_dim=\dimen336
\l__nicematrix_rule_width_dim=\dimen337
\l__nicematrix_old_iRow_int=\count371
\l__nicematrix_old_jCol_int=\count372
\g__nicematrix_total_X_weight_int=\count373
\l__nicematrix_X_columns_dim=\dimen338
\l__nicematrix_x_initial_dim=\dimen339
\l__nicematrix_y_initial_dim=\dimen340
\l__nicematrix_x_final_dim=\dimen341
\l__nicematrix_y_final_dim=\dimen342
\l__nicematrix_tmpc_dim=\dimen343
\l__nicematrix_tmpd_dim=\dimen344
\g__nicematrix_width_last_col_dim=\dimen345
\g__nicematrix_width_first_col_dim=\dimen346
\l__nicematrix_row_min_int=\count374
\l__nicematrix_row_max_int=\count375
\l__nicematrix_col_min_int=\count376
\l__nicematrix_col_max_int=\count377
\g__nicematrix_static_num_of_col_int=\count378
\l__nicematrix_rounded_corners_dim=\dimen347
\l__nicematrix_tab_rounded_corners_dim=\dimen348
\l__nicematrix_line_width_dim=\dimen349
\g__nicematrix_block_box_int=\count379
\l__nicematrix_submatrix_extra_height_dim=\dimen350
\l__nicematrix_submatrix_left_xshift_dim=\dimen351
\l__nicematrix_submatrix_right_xshift_dim=\dimen352
\l__nicematrix_first_row_int=\count380
\l__nicematrix_first_col_int=\count381
\l__nicematrix_last_row_int=\count382
\l__nicematrix_last_col_int=\count383
\c@tabularnote=\count384
\c@nicematrix_draft=\count385
\l__nicematrix_cell_space_top_limit_dim=\dimen353
\l__nicematrix_cell_space_bottom_limit_dim=\dimen354
\l__nicematrix_xdots_inter_dim=\dimen355
\l__nicematrix_xdots_shorten_start_dim=\dimen356
\l__nicematrix_xdots_shorten_end_dim=\dimen357
\l__nicematrix_xdots_radius_dim=\dimen358
\l__nicematrix_notes_above_space_dim=\dimen359
\l__nicematrix_left_margin_dim=\dimen360
\l__nicematrix_right_margin_dim=\dimen361
\l__nicematrix_extra_left_margin_dim=\dimen362
\l__nicematrix_extra_right_margin_dim=\dimen363
\c__nicematrix_max_l_dim=\dimen364
\l__nicematrix_position_int=\count386
\l__nicematrix_start_int=\count387
\l__nicematrix_multiplicity_int=\count388
\l__nicematrix_brace_yshift_dim=\dimen365
)
(/usr/local/texlive/2023/texmf-dist/tex/latex/booktabs/booktabs.sty
Package: booktabs 2020/01/12 v1.61803398 Publication quality tables
\heavyrulewidth=\dimen366
\lightrulewidth=\dimen367
\cmidrulewidth=\dimen368
\belowrulesep=\dimen369
\belowbottomsep=\dimen370
\aboverulesep=\dimen371
\abovetopsep=\dimen372
\cmidrulesep=\dimen373
\cmidrulekern=\dimen374
\defaultaddspace=\dimen375
\@cmidla=\count389
\@cmidlb=\count390
\@aboverulesep=\dimen376
\@belowrulesep=\dimen377
\@thisruleclass=\count391
\@lastruleclass=\count392
\@thisrulewidth=\dimen378
)
(/usr/local/texlive/2023/texmf-dist/tex/latex/accents/accents.sty
Package: accents 2006/05/12 v1.4 Math Accent Tools
\cc@skew=\dimen379
\cc@wd=\dimen380
\cc@code=\count393
\cc@group=\count394
\cc@skewchar=\count395
)
luaotfload | cache : Lookup cache loaded from /Users/hermite/Library/texlive/202
3/texmf-var/luatex-cache/generic/names/luaotfload-lookup-cache.luc.(load cache: 
extra_biz-udmincho-medium.luc)

Package fontspec Info: Font family 'BIZUDMinchoMedium(0)' created for font
(fontspec)             'BIZ UDMincho Medium' with options
(fontspec)             [YokoFeatures={JFM=ujis},TateFeatures={JFM=ujisv},Scale=
0.924715,Kerning=Off,Script=CJK,BoldFont={},ItalicFont={},SmallCapsFont={},Yoko
Features={JFM=ujis}].
(fontspec)              
(fontspec)              This font family consists of the following NFSS
(fontspec)             series/shapes:
(fontspec)              

(load cache: extra_biz-udpmincho-medium.luc)(load cache: extra_biz-udpgothic-bol
d.luc)

Package fontspec Info: Font family 'BIZUDPMinchoMedium(0)' created for font
(fontspec)             'BIZ UDPMincho Medium' with options
(fontspec)             [YokoFeatures={JFM=ujis},TateFeatures={JFM=ujisv},Scale=
0.924715,Kerning=Off,Script=CJK,Ligatures={Common,TeX},ItalicFont={BIZ
(fontspec)             UDPMincho
(fontspec)             Medium},ItalicFeatures={FakeSlant=0.27},SlantedFont={BIZ

(fontspec)             UDPMincho
(fontspec)             Medium},SlantedFeatures={FakeSlant=0.18},BoldFont={BIZ
(fontspec)             UDPGothic Bold},BoldSlantedFont={BIZ UDPGothic
(fontspec)             Bold},BoldSlantedFeatures={FakeSlant=0.18},BoldItalicFon
t={BIZ
(fontspec)             UDPGothic
(fontspec)             Bold},BoldItalicFeatures={FakeSlant=0.27},YokoFeatures={
JFM=prop}].
(fontspec)              
(fontspec)              This font family consists of the following NFSS
(fontspec)             series/shapes:
(fontspec)              

LaTeX Font Info:    Redeclaring symbol font `mincho' on input line 47.
LaTeX Font Info:    Overwriting symbol font `mincho' in version `normal'
(Font)                  JY3/mc/m/n --> JY3/BIZUDPMinchoMedium(0)/m/n on input l
ine 47.
LaTeX Font Info:    Overwriting symbol font `mincho' in version `bold'
(Font)                  JY3/gt/m/n --> JY3/BIZUDPMinchoMedium(0)/m/n on input l
ine 47.
LaTeX Font Info:    Overwriting symbol font `mincho' in version `bold'
(Font)                  JY3/BIZUDPMinchoMedium(0)/m/n --> JY3/BIZUDPMinchoMediu
m(0)/b/n on input line 47.
LaTeX Font Info:    Font shape `JT3/BIZUDPMinchoMedium(0)/m/n' will be
(Font)              scaled to size 9.24713pt on input line 47.
LaTeX Font Info:    Font shape `JY3/BIZUDPMinchoMedium(0)/m/n' will be
(Font)              scaled to size 9.24713pt on input line 47.

(/usr/local/texlive/2023/texmf-dist/tex/luatex/luatexja/jfm-prop.lua)
(/usr/local/texlive/2023/texmf-dist/tex/latex/colortbl/colortbl.sty
Package: colortbl 2022/06/20 v1.0f Color table columns (DPC)
\everycr=\toks54
\minrowclearance=\skip70
\rownum=\count396
)
(/usr/local/texlive/2023/texmf-dist/tex/latex/listingsutf8/listingsutf8.sty
Package: listingsutf8 2019-12-10 v1.5 Allow UTF-8 in listings input (HO)

(/usr/local/texlive/2023/texmf-dist/tex/latex/listings/listings.sty
\lst@mode=\count397
\lst@gtempboxa=\box119
\lst@token=\toks55
\lst@length=\count398
\lst@currlwidth=\dimen381
\lst@column=\count399
\lst@pos=\count400
\lst@lostspace=\dimen382
\lst@width=\dimen383
\lst@newlines=\count401
\lst@lineno=\count402
\lst@maxwidth=\dimen384

(/usr/local/texlive/2023/texmf-dist/tex/latex/listings/lstmisc.sty
File: lstmisc.sty 2023/02/27 1.9 (Carsten Heinz)
\c@lstnumber=\count403
\lst@skipnumbers=\count404
\lst@framebox=\box120
)
(/usr/local/texlive/2023/texmf-dist/tex/latex/listings/listings.cfg
File: listings.cfg 2023/02/27 1.9 listings configuration
))
Package: listings 2023/02/27 1.9 (Carsten Heinz)

(/usr/local/texlive/2023/texmf-dist/tex/luatex/luatexja/patches/lltjp-listings.
sty
(/usr/local/texlive/2023/texmf-dist/tex/luatex/luatexbase/luatexbase-cctb.sty
Package: luatexbase-cctb 2015/10/04 v1.3 luatexbase interface to LuaTeX (legacy
 subpackage) 
)
\ltj@lst@japanese@min=\count405
\CatcodeTableLTJlistings=\catcodetable15
\ltj@lst@frame@lslimit=\dimen385

(/usr/local/texlive/2023/texmf-dist/tex/latex/listings/lstmisc.sty
File: lstmisc.sty 2023/02/27 1.9 (Carsten Heinz)
\lst@WFtoken=\toks56
\lst@WF=\write6
)))
Package hyperref Info: Option `setpagesize' set `false' on input line 82.
Package hyperref Info: Option `bookmarksnumbered' set `true' on input line 82.
Package hyperref Info: Option `bookmarksopen' set `true' on input line 82.
Package hyperref Info: Option `colorlinks' set `true' on input line 82.

(/usr/local/texlive/2023/texmf-dist/tex/latex/tcolorbox/tcolorbox.sty
Package: tcolorbox 2023/03/17 version 6.0.3 text color boxes

(/usr/local/texlive/2023/texmf-dist/tex/latex/tools/verbatim.sty
Package: verbatim 2022-07-02 v1.5u LaTeX2e package for verbatim enhancements
\every@verbatim=\toks57
\verbatim@line=\toks58
\verbatim@in@stream=\read5
)
(/usr/local/texlive/2023/texmf-dist/tex/latex/environ/environ.sty
Package: environ 2014/05/04 v0.3 A new way to define environments

(/usr/local/texlive/2023/texmf-dist/tex/latex/trimspaces/trimspaces.sty
Package: trimspaces 2009/09/17 v1.1 Trim spaces around a token list
))
\tcb@titlebox=\box121
\tcb@upperbox=\box122
\tcb@lowerbox=\box123
\tcb@phantombox=\box124
\c@tcbbreakpart=\count406
\c@tcblayer=\count407
\c@tcolorbox@number=\count408
\tcb@temp=\box125
\tcb@temp=\box126
\tcb@temp=\box127
\tcb@temp=\box128
)
(/usr/local/texlive/2023/texmf-dist/tex/latex/tcolorbox/tcbbreakable.code.tex
Library (tcolorbox): 'tcbbreakable.code.tex' version '6.0.3'
(/usr/local/texlive/2023/texmf-dist/tex/latex/pdfcol/pdfcol.sty
Package: pdfcol 2022-09-21 v1.7 Handle new color stacks for pdfTeX (HO)
)
Package pdfcol Info: New color stack `tcb@breakable' = 1 on input line 23.
\tcb@testbox=\box129
\tcb@totalupperbox=\box130
\tcb@totallowerbox=\box131
)
(/usr/local/texlive/2023/texmf-dist/tex/latex/tcolorbox/tcbskins.code.tex
Library (tcolorbox): 'tcbskins.code.tex' version '6.0.3'
(/usr/local/texlive/2023/texmf-dist/tex/latex/tikzfill/tikzfill.image.sty
Package: tikzfill.image 2022/07/20 v1.0.0 Image filling library for TikZ

(/usr/local/texlive/2023/texmf-dist/tex/latex/tikzfill/tikzfill-common.sty
Package: tikzfill-common 2022/07/20 v1.0.0 Auxiliary code for tikzfill
)
(/usr/local/texlive/2023/texmf-dist/tex/latex/tikzfill/tikzlibraryfill.image.co
de.tex
File: tikzlibraryfill.image.code.tex 2022/07/20 v1.0.0 Image filling library
\l__tikzfill_img_box=\box132
))
(/usr/local/texlive/2023/texmf-dist/tex/latex/tcolorbox/tcbskinsjigsaw.code.tex
Library (tcolorbox): 'tcbskinsjigsaw.code.tex' version '6.0.3'
)) (/usr/local/texlive/2023/texmf-dist/tex/latex/tcolorbox/tcbtheorems.code.tex
Library (tcolorbox): 'tcbtheorems.code.tex' version '6.0.3'
)
\c@tcb@cnt@Rscreen=\count409
\c@tcb@cnt@SCrstan=\count410
\c@tcb@cnt@SCcmd=\count411
\c@tcb@cnt@MCMCout=\count412
\c@tcb@cnt@reidai=\count413
\c@tcb@cnt@hinto=\count414
 (/usr/local/texlive/2023/texmf-dist/tex/latex/capt-of/capt-of.sty
Package: capt-of 2009/12/29 v0.2 standard captions outside of floats
)
\c@tcb@cnt@FAQ=\count415

(/usr/local/texlive/2023/texmf-dist/tex/latex/base/makeidx.sty
Package: makeidx 2021/10/04 v1.0m Standard LaTeX package
)
\@indexfile=\write7

\openout7 = tmp.idx

Writing index file tmp.idx
(/usr/local/texlive/2023/texmf-dist/tex/latex/fancyhdr/fancyhdr.sty
Package: fancyhdr 2022/11/09 v4.1 Extensive control of page headers and footers

\f@nch@headwidth=\skip71
\f@nch@O@elh=\skip72
\f@nch@O@erh=\skip73
\f@nch@O@olh=\skip74
\f@nch@O@orh=\skip75
\f@nch@O@elf=\skip76
\f@nch@O@erf=\skip77
\f@nch@O@olf=\skip78
\f@nch@O@orf=\skip79
))
(/usr/local/texlive/2023/texmf-dist/tex/latex/docmute/docmute.sty
Package: docmute 2012/03/22 v1.4 Input stand-alone documents
)
(/usr/local/texlive/2023/texmf-dist/tex/luatex/luatexja/patches/lltjp-array.sty
Package: lltjp-array 2019-07-18 Patch to array for LuaTeX-ja
) (./tmp.aux (./x01_introduction.aux) (./x02_scaling.aux) (./x03_testTheory.aux
) (./x04_IRT.aux) (./x05_GRM.aux) (./x06_matrix.aux) (./x07_matrixModel.aux)
(./x08_Eigen.aux) (./x09_matrix_onR.aux) (./x10_FA.aux) (./x11_IRTonR.aux)
(./x12_SEM.aux) (./x13_SEMonR.aux) (./x14_DualScaling.aux) (./x15_MDS.aux)
(./x16_Programming.aux) (./x17_Bayesian.aux) (./prepareStan.aux)
(./x18_MCMC.aux) (./x19_modeling1.aux) (./x20_modeling2.aux)
(./x21_modeling3.aux) (./x22_modeling4.aux) (./x23_modeling5.aux)
(./x24_linearModel.aux) (./x25_HLM.aux) (./x26_mixed.aux) (./x27_IRTonBayes.aux
) (./x28_ChangePoint.aux) (./x29_SSpace.aux) (./x30_comparison.aux))
\openout1 = tmp.aux

LaTeX Font Info:    Checking defaults for OML/cmm/m/it on input line 6.
LaTeX Font Info:    ... okay on input line 6.
LaTeX Font Info:    Checking defaults for OMS/cmsy/m/n on input line 6.
LaTeX Font Info:    ... okay on input line 6.
LaTeX Font Info:    Checking defaults for OT1/cmr/m/n on input line 6.
LaTeX Font Info:    ... okay on input line 6.
LaTeX Font Info:    Checking defaults for T1/cmr/m/n on input line 6.
LaTeX Font Info:    ... okay on input line 6.
LaTeX Font Info:    Checking defaults for TS1/cmr/m/n on input line 6.
LaTeX Font Info:    Trying loading font information for TS1+cmr on input line 6
.

(/usr/local/texlive/2023/texmf-dist/tex/latex/base/ts1cmr.fd
File: ts1cmr.fd 2022/07/10 v2.5l Standard LaTeX font definitions
)
LaTeX Font Info:    ... okay on input line 6.
LaTeX Font Info:    Checking defaults for TU/lmr/m/n on input line 6.
LaTeX Font Info:    ... okay on input line 6.
LaTeX Font Info:    Checking defaults for OMX/cmex/m/n on input line 6.
LaTeX Font Info:    ... okay on input line 6.
LaTeX Font Info:    Checking defaults for U/cmr/m/n on input line 6.
LaTeX Font Info:    ... okay on input line 6.
LaTeX Font Info:    Checking defaults for JY3/mc/m/n on input line 6.
LaTeX Font Info:    ... okay on input line 6.
LaTeX Font Info:    Checking defaults for JT3/mc/m/n on input line 6.
LaTeX Font Info:    ... okay on input line 6.
LaTeX Font Info:    Checking defaults for PD1/pdf/m/n on input line 6.
LaTeX Font Info:    ... okay on input line 6.
LaTeX Font Info:    Checking defaults for PU/pdf/m/n on input line 6.
LaTeX Font Info:    ... okay on input line 6.

(/usr/local/texlive/2023/texmf-dist/tex/context/base/mkii/supp-pdf.mkii
[Loading MPS to PDF converter (version 2006.09.02).]
\scratchcounter=\count416
\scratchdimen=\dimen386
\scratchbox=\box133
\nofMPsegments=\count417
\nofMParguments=\count418
\everyMPshowfont=\toks59
\MPscratchCnt=\count419
\MPscratchDim=\dimen387
\MPnumerator=\count420
\makeMPintoPDFobject=\count421
\everyMPtoPDFconversion=\toks60
) (/usr/local/texlive/2023/texmf-dist/tex/latex/epstopdf-pkg/epstopdf-base.sty
Package: epstopdf-base 2020-01-24 v2.11 Base part for package epstopdf
Package epstopdf-base Info: Redefining graphics rule for `.eps' on input line 4
85.

(/usr/local/texlive/2023/texmf-dist/tex/latex/latexconfig/epstopdf-sys.cfg
File: epstopdf-sys.cfg 2010/07/13 v1.3 Configuration of (r)epstopdf for TeX Liv
e
))

Package hyperref Warning: Draft mode on.

Package hyperref Info: Link coloring ON on input line 6.
*geometry* driver: auto-detecting
*geometry* detected driver: luatex
*geometry* verbose mode - [ preamble ] result:
* driver: luatex
* paper: <default>
* layout: <same size as paper>
* layoutoffset:(h,v)=(0.0pt,0.0pt)
* modes: includehead includefoot twoside heightrounded 
* h-part:(L,W,R)=(71.70166pt, 418.25368pt, 107.55254pt)
* v-part:(T,H,B)=(71.13188pt, 702.78308pt, 71.13188pt)
* \paperwidth=597.50787pt
* \paperheight=845.04684pt
* \textwidth=418.25368pt
* \textheight=668.76108pt
* \oddsidemargin=-0.56833pt
* \evensidemargin=35.28255pt
* \topmargin=-1.1381pt
* \headheight=20.0pt
* \headsep=14.31049pt
* \topskip=12.76108pt
* \footskip=16.0pt
* \marginparwidth=120.2127pt
* \marginparsep=18.49426pt
* \columnsep=18.49426pt
* \skip\footins=16.0pt plus 5.0pt minus 2.0pt
* \hoffset=0.0pt
* \voffset=0.0pt
* \mag=1000
* \@twocolumnfalse
* \@twosidetrue
* \@mparswitchtrue
* \@reversemarginfalse
* (1in=72.27pt=25.4mm, 1cm=28.453pt)

(/usr/local/texlive/2023/texmf-dist/tex/latex/pdflscape/pdflscape.sty
Package: pdflscape 2022-10-27 v0.13 Display of landscape pages in PDF

(/usr/local/texlive/2023/texmf-dist/tex/latex/pdflscape/pdflscape-nometadata.st
y
Package: pdflscape-nometadata 2022-10-28 v0.13 Display of landscape pages in PD
F (HO)
Package pdflscape Info: Auto-detected driver: pdftex on input line 81.
))

Package fontspec Info: Adjusting the maths setup (use [no-math] to avoid
(fontspec)             this).

\symlegacymaths=\mathgroup11
LaTeX Font Info:    Overwriting symbol font `legacymaths' in version `bold'
(Font)                  OT1/cmr/m/n --> OT1/cmr/bx/n on input line 6.
LaTeX Font Info:    Redeclaring math accent \acute on input line 6.
LaTeX Font Info:    Redeclaring math accent \grave on input line 6.
LaTeX Font Info:    Redeclaring math accent \ddot on input line 6.
LaTeX Font Info:    Redeclaring math accent \tilde on input line 6.
LaTeX Font Info:    Redeclaring math accent \bar on input line 6.
LaTeX Font Info:    Redeclaring math accent \breve on input line 6.
LaTeX Font Info:    Redeclaring math accent \check on input line 6.
LaTeX Font Info:    Redeclaring math accent \hat on input line 6.
LaTeX Font Info:    Redeclaring math accent \dot on input line 6.
LaTeX Font Info:    Redeclaring math accent \mathring on input line 6.
LaTeX Font Info:    Redeclaring math symbol \Gamma on input line 6.
LaTeX Font Info:    Redeclaring math symbol \Delta on input line 6.
LaTeX Font Info:    Redeclaring math symbol \Theta on input line 6.
LaTeX Font Info:    Redeclaring math symbol \Lambda on input line 6.
LaTeX Font Info:    Redeclaring math symbol \Xi on input line 6.
LaTeX Font Info:    Redeclaring math symbol \Pi on input line 6.
LaTeX Font Info:    Redeclaring math symbol \Sigma on input line 6.
LaTeX Font Info:    Redeclaring math symbol \Upsilon on input line 6.
LaTeX Font Info:    Redeclaring math symbol \Phi on input line 6.
LaTeX Font Info:    Redeclaring math symbol \Psi on input line 6.
LaTeX Font Info:    Redeclaring math symbol \Omega on input line 6.
LaTeX Font Info:    Redeclaring math symbol \mathdollar on input line 6.
LaTeX Font Info:    Redeclaring symbol font `operators' on input line 6.
LaTeX Font Info:    Encoding `OT1' has changed to `TU' for symbol font
(Font)              `operators' in the math version `normal' on input line 6.
LaTeX Font Info:    Overwriting symbol font `operators' in version `normal'
(Font)                  OT1/cmr/m/n --> TU/lmr/m/n on input line 6.
LaTeX Font Info:    Encoding `OT1' has changed to `TU' for symbol font
(Font)              `operators' in the math version `bold' on input line 6.
LaTeX Font Info:    Overwriting symbol font `operators' in version `bold'
(Font)                  OT1/cmr/bx/n --> TU/lmr/m/n on input line 6.
LaTeX Font Info:    Overwriting symbol font `operators' in version `normal'
(Font)                  TU/lmr/m/n --> TU/lmr/m/n on input line 6.
LaTeX Font Info:    Overwriting math alphabet `\mathit' in version `normal'
(Font)                  OT1/cmr/m/it --> TU/lmr/m/it on input line 6.
LaTeX Font Info:    Overwriting math alphabet `\mathbf' in version `normal'
(Font)                  OT1/cmr/bx/n --> TU/lmr/b/n on input line 6.
LaTeX Font Info:    Overwriting math alphabet `\mathsf' in version `normal'
(Font)                  OT1/cmss/m/n --> TU/lmss/m/n on input line 6.
LaTeX Font Info:    Overwriting math alphabet `\mathtt' in version `normal'
(Font)                  OT1/cmtt/m/n --> TU/lmtt/m/n on input line 6.
LaTeX Font Info:    Overwriting symbol font `operators' in version `bold'
(Font)                  TU/lmr/m/n --> TU/lmr/b/n on input line 6.
LaTeX Font Info:    Overwriting math alphabet `\mathit' in version `bold'
(Font)                  OT1/cmr/bx/it --> TU/lmr/b/it on input line 6.
LaTeX Font Info:    Overwriting math alphabet `\mathsf' in version `bold'
(Font)                  OT1/cmss/bx/n --> TU/lmss/b/n on input line 6.
LaTeX Font Info:    Overwriting math alphabet `\mathtt' in version `bold'
(Font)                  OT1/cmtt/m/n --> TU/lmtt/b/n on input line 6.
\c@lstlisting=\count422
 (/usr/local/texlive/2023/texmf-dist/tex/latex/base/inputenc.sty
Package: inputenc 2021/02/14 v1.3d Input encoding file
\inpenc@prehook=\toks61
\inpenc@posthook=\toks62
)
\docmute@nestinglevel=\count423
<../images/cover2.pdf, id=7, 597.23125pt x 845.1575pt>
File: ../images/cover2.pdf Graphic file (type pdf)
<use ../images/cover2.pdf>
Package luatex.def Info: ../images/cover2.pdf  used on input line 7.
(luatex.def)             Requested size: 597.22978pt x 845.15544pt.
File: ../images/cover2.pdf Graphic file (type pdf)
<use ../images/cover2.pdf>
Package luatex.def Info: ../images/cover2.pdf  used on input line 7.
(luatex.def)             Requested size: 597.22978pt x 845.15544pt.
<../images/cover2.pdf, id=10, page=1, 597.23125pt x 845.1575pt>
File: ../images/cover2.pdf Graphic file (type pdf)
<use ../images/cover2.pdf, page 1>
Package luatex.def Info: ../images/cover2.pdf , page1 used on input line 7.
(luatex.def)             Requested size: 597.22978pt x 845.15544pt.
File: ../images/cover2.pdf Graphic file (type pdf)
<use ../images/cover2.pdf, page 1>
Package luatex.def Info: ../images/cover2.pdf , page1 used on input line 7.
(luatex.def)             Requested size: 597.25711pt x 845.19412pt.
File: ../images/cover2.pdf Graphic file (type pdf)
<use ../images/cover2.pdf, page 1>
Package luatex.def Info: ../images/cover2.pdf , page1 used on input line 7.
(luatex.def)             Requested size: 597.25711pt x 845.19412pt.
File: ../images/cover2.pdf Graphic file (type pdf)
<use ../images/cover2.pdf, page 1>
Package luatex.def Info: ../images/cover2.pdf , page1 used on input line 7.
(luatex.def)             Requested size: 597.25711pt x 845.19412pt.
File: ../images/cover2.pdf Graphic file (type pdf)
<use ../images/cover2.pdf, page 1>
Package luatex.def Info: ../images/cover2.pdf , page1 used on input line 7.
(luatex.def)             Requested size: 597.25711pt x 845.19412pt.
 [1

<../images/cover2.pdf>] (../../common_contents/copyright.tex(load cache: extra_l
mmono10-regular.luc)
LaTeX Font Info:    Font shape `JT3/gt/m/n' will be
(Font)              scaled to size 9.24713pt on input line 13.
(load cache: extra_lmroman7-regular.luc)(load cache: extra_lmroman5-regular.luc)
LaTeX Font Info:    Font shape `JY3/BIZUDPMinchoMedium(0)/m/n' will be
(Font)              scaled to size 6.47299pt on input line 13.
LaTeX Font Info:    Font shape `JY3/BIZUDPMinchoMedium(0)/m/n' will be
(Font)              scaled to size 4.62357pt on input line 13.
LaTeX Font Info:    Trying loading font information for U+msa on input line 13.


(/usr/local/texlive/2023/texmf-dist/tex/latex/amsfonts/umsa.fd
File: umsa.fd 2013/01/14 v3.01 AMS symbols A
)
LaTeX Font Info:    Trying loading font information for U+msb on input line 13.


(/usr/local/texlive/2023/texmf-dist/tex/latex/amsfonts/umsb.fd
File: umsb.fd 2013/01/14 v3.01 AMS symbols B
)
LaTeX Font Info:    Font shape `JY3/gt/m/n' will be
(Font)              scaled to size 6.47299pt on input line 13.
LaTeX Font Info:    Font shape `JY3/gt/m/n' will be
(Font)              scaled to size 4.62357pt on input line 13.
(load cache: extra_lmromanslant10-regular.luc)
LaTeX Font Info:    Font shape `JT3/BIZUDPMinchoMedium(0)/m/sl' will be
(Font)              scaled to size 9.24713pt on input line 24.
LaTeX Font Info:    Font shape `JY3/BIZUDPMinchoMedium(0)/m/sl' will be
(Font)              scaled to size 9.24713pt on input line 24.
 [2{/usr/local/texlive/2023/texmf-var/fonts/map/pdftex/updmap/pdftex.map}

])(load cache: extra_lmroman17-regular.luc)
LaTeX Font Info:    Font shape `JT3/BIZUDPMinchoMedium(0)/m/n' will be
(Font)              scaled to size 15.97903pt on input line 15.
LaTeX Font Info:    Font shape `JY3/BIZUDPMinchoMedium(0)/m/n' will be
(Font)              scaled to size 15.97903pt on input line 15.
(load cache: extra_lmroman12-regular.luc)
LaTeX Font Info:    Font shape `JT3/BIZUDPMinchoMedium(0)/m/n' will be
(Font)              scaled to size 11.09656pt on input line 15.
LaTeX Font Info:    Font shape `JY3/BIZUDPMinchoMedium(0)/m/n' will be
(Font)              scaled to size 11.09656pt on input line 15.
(load cache: extra_lmroman6-regular.luc)
LaTeX Font Info:    Font shape `JY3/BIZUDPMinchoMedium(0)/m/n' will be
(Font)              scaled to size 7.3977pt on input line 15.
LaTeX Font Info:    Font shape `JY3/BIZUDPMinchoMedium(0)/m/n' will be
(Font)              scaled to size 5.54828pt on input line 15.
LaTeX Font Info:    Font shape `JY3/gt/m/n' will be
(Font)              scaled to size 11.09656pt on input line 15.
LaTeX Font Info:    Font shape `JY3/gt/m/n' will be
(Font)              scaled to size 7.3977pt on input line 15.
LaTeX Font Info:    Font shape `JY3/gt/m/n' will be
(Font)              scaled to size 5.54828pt on input line 15.
 [1

] (./preface2.tex
LaTeX Font Info:    Font shape `JT3/BIZUDPMinchoMedium(0)/m/n' will be
(Font)              scaled to size 13.31586pt on input line 1.
LaTeX Font Info:    Font shape `JY3/BIZUDPMinchoMedium(0)/m/n' will be
(Font)              scaled to size 13.31586pt on input line 1.
LaTeX Font Info:    Font shape `JT3/gt/m/n' will be
(Font)              scaled to size 13.31586pt on input line 1.
LaTeX Font Info:    Font shape `JY3/gt/m/n' will be
(Font)              scaled to size 13.31586pt on input line 1.
(load cache: extra_lmsans12-regular.luc)
LaTeX Font Info:    Font shape `JT3/BIZUDPMinchoMedium(0)/b/n' will be
(Font)              scaled to size 9.24713pt on input line 8.
LaTeX Font Info:    Font shape `JY3/BIZUDPMinchoMedium(0)/b/n' will be
(Font)              scaled to size 9.24713pt on input line 8.
LaTeX Font Info:    Font shape `JT3/gt/m/n' will be
(Font)              scaled to size 11.09656pt on input line 14.
(load cache: extra_lmsans10-regular.luc) [2]) [3] [4

]
LaTeX Font Info:    Font shape `JT3/BIZUDPMinchoMedium(0)/m/n' will be
(Font)              scaled to size 23.00687pt on input line 20.
LaTeX Font Info:    Font shape `JY3/BIZUDPMinchoMedium(0)/m/n' will be
(Font)              scaled to size 23.00687pt on input line 20.
LaTeX Font Info:    Font shape `JT3/gt/m/n' will be
(Font)              scaled to size 23.00687pt on input line 20.
LaTeX Font Info:    Font shape `JY3/gt/m/n' will be
(Font)              scaled to size 23.00687pt on input line 20.
(load cache: extra_lmsans17-regular.luc) (./tmp.toc [5] [6] [7] [8] [9] [10])
\tf@toc=\write8

\openout8 = tmp.toc
 [11] [12

]
LaTeX Font Info:    Font shape `JT3/BIZUDPMinchoMedium(0)/m/n' will be
(Font)              scaled to size 19.17854pt on input line 25.
LaTeX Font Info:    Font shape `JY3/BIZUDPMinchoMedium(0)/m/n' will be
(Font)              scaled to size 19.17854pt on input line 25.
LaTeX Font Info:    Font shape `JT3/gt/m/n' will be
(Font)              scaled to size 19.17854pt on input line 25.
LaTeX Font Info:    Font shape `JY3/gt/m/n' will be
(Font)              scaled to size 19.17854pt on input line 25.
LaTeX Font Info:    Font shape `JT3/BIZUDPMinchoMedium(0)/m/n' will be
(Font)              scaled to size 4.62357pt on input line 25.
(load cache: extra_lmsans8-regular.luc)
LaTeX Font Info:    Font shape `JT3/gt/m/n' will be
(Font)              scaled to size 4.62357pt on input line 25.
 [13] [14]
\openout2 = x01_introduction.aux

(./x01_introduction.tex
第1章
LaTeX Font Info:    Font shape `JT3/BIZUDPMinchoMedium(0)/m/n' will be
(Font)              scaled to size 6.47299pt on input line 15.
LaTeX Font Info:    Font shape `JT3/BIZUDPMinchoMedium(0)/m/n' will be
(Font)              scaled to size 7.3977pt on input line 15.
LaTeX Font Info:    Font shape `JT3/BIZUDPMinchoMedium(0)/m/n' will be
(Font)              scaled to size 5.54828pt on input line 15.
[15


] [16](load cache: extra_lmroman8-bold.luc)
LaTeX Font Info:    Font shape `JT3/BIZUDPMinchoMedium(0)/b/n' will be
(Font)              scaled to size 7.3977pt on input line 44.
LaTeX Font Info:    Font shape `JY3/BIZUDPMinchoMedium(0)/b/n' will be
(Font)              scaled to size 7.3977pt on input line 44.
 [17] [18] [19] [20] [21] [22]) [23]
\openout2 = x02_scaling.aux
 (./x02_scaling.tex [24




]
第2章
[25] [26] [27] [28]
<../images/02_Scaling/Rplot02_01.png, id=129, 1734.48pt x 1156.32pt>
File: ../images/02_Scaling/Rplot02_01.png Graphic file (type png)
<use ../images/02_Scaling/Rplot02_01.png>
Package luatex.def Info: ../images/02_Scaling/Rplot02_01.png  used on input lin
e 72.
(luatex.def)             Requested size: 334.60422pt x 223.05544pt.
(load cache: extra_lmroman9-regular.luc)
LaTeX Font Info:    Font shape `JT3/BIZUDPMinchoMedium(0)/m/n' will be
(Font)              scaled to size 8.32242pt on input line 73.
LaTeX Font Info:    Font shape `JY3/BIZUDPMinchoMedium(0)/m/n' will be
(Font)              scaled to size 8.32242pt on input line 73.
LaTeX Font Info:    Font shape `JT3/BIZUDPMinchoMedium(0)/m/n' will be
(Font)              scaled to size 9.24713pt on input line 88.
LaTeX Font Info:    Font shape `JT3/BIZUDPMinchoMedium(0)/m/n' will be
(Font)              scaled to size 8.32242pt on input line 88.
LaTeX Font Info:    Font shape `JY3/BIZUDPMinchoMedium(0)/m/n' will be
(Font)              scaled to size 8.32242pt on input line 88.
 [29<../images/02_Scaling/Rplot02_01.png>] [30] [31])
[32] [33]
\openout2 = x03_testTheory.aux
 (./x03_testTheory.tex [34




]
第3章
[35] [36] [37] [38]
Overfull \hbox (18.15721pt too wide) detected at line 107
[][][][]
 []

[39]
LaTeX Font Info:    Trying loading font information for OMS+lmr on input line 1
76.
 (/usr/local/texlive/2023/texmf-dist/tex/latex/lm/omslmr.fd
File: omslmr.fd 2015/05/01 v1.6.1 Font defs for Latin Modern
)
LaTeX Font Info:    Trying loading font information for OMS+lmsy on input line 
176.

(/usr/local/texlive/2023/texmf-dist/tex/latex/lm/omslmsy.fd
File: omslmsy.fd 2015/05/01 v1.6.1 Font defs for Latin Modern
)
LaTeX Font Info:    Font shape `OMS/lmr/m/n' in size <10> not available
(Font)              Font shape `OMS/lmsy/m/n' tried instead on input line 176.
 [40] [41])
[42]
\openout2 = x04_IRT.aux
 (./x04_IRT.tex
第4章
[43




]
<../images/04_irt/Rplot04_01.png, id=188, 1734.48pt x 1156.32pt>
File: ../images/04_irt/Rplot04_01.png Graphic file (type png)
<use ../images/04_irt/Rplot04_01.png>
Package luatex.def Info: ../images/04_irt/Rplot04_01.png  used on input line 29
.
(luatex.def)             Requested size: 334.60422pt x 223.05544pt.
 [44<../images/04_irt/Rplot04_01.png>]
<../images/04_irt/Rplot04_02.png, id=194, 1734.48pt x 1156.32pt>
File: ../images/04_irt/Rplot04_02.png Graphic file (type png)
<use ../images/04_irt/Rplot04_02.png>
Package luatex.def Info: ../images/04_irt/Rplot04_02.png  used on input line 41
.
(luatex.def)             Requested size: 334.60422pt x 223.05544pt.
(load cache: extra_lmmono8-regular.luc)
LaTeX Font Info:    Font shape `JT3/gt/m/n' will be
(Font)              scaled to size 7.3977pt on input line 49.
 [45<../images/04_irt/Rplot04_02.png>]
<../images/04_irt/Rplot04_03.png, id=203, 1734.48pt x 867.24pt>
File: ../images/04_irt/Rplot04_03.png Graphic file (type png)
<use ../images/04_irt/Rplot04_03.png>
Package luatex.def Info: ../images/04_irt/Rplot04_03.png  used on input line 68
.
(luatex.def)             Requested size: 334.60422pt x 167.29158pt.
LaTeX Font Info:    Font shape `JY3/gt/m/n' will be
(Font)              scaled to size 8.32242pt on input line 69.

Overfull \vbox (1.29533pt too high) has occurred while \output is active []


[46<../images/04_irt/Rplot04_03.png>]
<../images/04_irt/Rplot04_04.png, id=212, 1734.48pt x 867.24pt>
File: ../images/04_irt/Rplot04_04.png Graphic file (type png)
<use ../images/04_irt/Rplot04_04.png>
Package luatex.def Info: ../images/04_irt/Rplot04_04.png  used on input line 81
.
(luatex.def)             Requested size: 334.60422pt x 167.29158pt.
 [47<../images/04_irt/Rplot04_04.png>]
<../images/04_irt/Rplot04_05.png, id=218, 1734.48pt x 867.24pt>
File: ../images/04_irt/Rplot04_05.png Graphic file (type png)
<use ../images/04_irt/Rplot04_05.png>
Package luatex.def Info: ../images/04_irt/Rplot04_05.png  used on input line 10
2.
(luatex.def)             Requested size: 334.60422pt x 167.29158pt.

[48<../images/04_irt/Rplot04_05.png>]
<../images/04_irt/Rplot04_06.png, id=224, 1734.48pt x 867.24pt>
File: ../images/04_irt/Rplot04_06.png Graphic file (type png)
<use ../images/04_irt/Rplot04_06.png>
Package luatex.def Info: ../images/04_irt/Rplot04_06.png  used on input line 13
5.
(luatex.def)             Requested size: 334.60422pt x 167.29158pt.
LaTeX Font Info:    Font shape `JT3/gt/m/n' will be
(Font)              scaled to size 8.32242pt on input line 136.
<../images/04_irt/Rplot04_07.png, id=226, 1734.48pt x 867.24pt>
File: ../images/04_irt/Rplot04_07.png Graphic file (type png)
<use ../images/04_irt/Rplot04_07.png>
Package luatex.def Info: ../images/04_irt/Rplot04_07.png  used on input line 14
4.
(luatex.def)             Requested size: 334.60422pt x 167.29158pt.
<../images/04_irt/Rplot04_08.png, id=228, 1734.48pt x 867.24pt>
File: ../images/04_irt/Rplot04_08.png Graphic file (type png)
<use ../images/04_irt/Rplot04_08.png>
Package luatex.def Info: ../images/04_irt/Rplot04_08.png  used on input line 15
5.
(luatex.def)             Requested size: 334.60422pt x 167.29158pt.
 [49<../images/04_irt/Rplot04_06.png><../images/04_irt/Rplot04_07.png>]) [50<../
images/04_irt/Rplot04_08.png>]
\openout2 = x05_GRM.aux

(./x05_GRM.tex
第5章
[51




] [52]
<../images/05_GRM/Rplot05_01.png, id=247, 1734.48pt x 867.24pt>
File: ../images/05_GRM/Rplot05_01.png Graphic file (type png)
<use ../images/05_GRM/Rplot05_01.png>
Package luatex.def Info: ../images/05_GRM/Rplot05_01.png  used on input line 48
.
(luatex.def)             Requested size: 334.60422pt x 167.29158pt.
 [53<../images/05_GRM/Rplot05_01.png>]
<../images/05_GRM/Rplot05_02.png, id=253, 1734.48pt x 867.24pt>
File: ../images/05_GRM/Rplot05_02.png Graphic file (type png)
<use ../images/05_GRM/Rplot05_02.png>
Package luatex.def Info: ../images/05_GRM/Rplot05_02.png  used on input line 61
.
(luatex.def)             Requested size: 334.60422pt x 167.29158pt.
 [54<../images/05_GRM/Rplot05_02.png>] [55]
<../images/05_GRM/Rplot05_03.png, id=262, 1734.48pt x 867.24pt>
File: ../images/05_GRM/Rplot05_03.png Graphic file (type png)
<use ../images/05_GRM/Rplot05_03.png>
Package luatex.def Info: ../images/05_GRM/Rplot05_03.png  used on input line 10
7.
(luatex.def)             Requested size: 334.60422pt x 167.29158pt.
 [56<../images/05_GRM/Rplot05_03.png>]
<../images/05_GRM/Rplot05_04.png, id=268, 1734.48pt x 867.24pt>
File: ../images/05_GRM/Rplot05_04.png Graphic file (type png)
<use ../images/05_GRM/Rplot05_04.png>
Package luatex.def Info: ../images/05_GRM/Rplot05_04.png  used on input line 12
5.
(luatex.def)             Requested size: 334.60422pt x 167.29158pt.
 [57<../images/05_GRM/Rplot05_04.png>]
<../images/05_GRM/Slide05_01.png, id=274, 536.7252pt x 411.4572pt>
File: ../images/05_GRM/Slide05_01.png Graphic file (type png)
<use ../images/05_GRM/Slide05_01.png>
Package luatex.def Info: ../images/05_GRM/Slide05_01.png  used on input line 14
9.
(luatex.def)             Requested size: 334.60422pt x 256.50716pt.
 [58<../images/05_GRM/Slide05_01.png>]) [59] [60]
\openout2 = x06_matrix.aux
 (./x06_matrix.tex
第6章
[61




] [62] [63] [64]
<../images/06_matrix/Slide06_01.png, id=300, 416.2752pt x 364.7226pt>
File: ../images/06_matrix/Slide06_01.png Graphic file (type png)
<use ../images/06_matrix/Slide06_01.png>
Package luatex.def Info: ../images/06_matrix/Slide06_01.png  used on input line
 410.
(luatex.def)             Requested size: 334.60422pt x 293.1809pt.
 [65] [66<../images/06_matrix/Slide06_01.png>] [67] [68]
[69]) [70]
\openout2 = x07_matrixModel.aux
 (./x07_matrixModel.tex
第7章
(load cache: extra_lmromandemi10-regular.luc)
LaTeX Font Info:    Font shape `JY3/BIZUDPMinchoMedium(0)/b/n' will be
(Font)              scaled to size 6.47299pt on input line 28.
LaTeX Font Info:    Font shape `JY3/BIZUDPMinchoMedium(0)/b/n' will be
(Font)              scaled to size 4.62357pt on input line 28.
[71




]
LaTeX Font Info:    Font shape `JY3/BIZUDPMinchoMedium(0)/b/n' will be
(Font)              scaled to size 5.54828pt on input line 58.
 [72] [73] [74] [75] [76]
Overfull \hbox (46.77382pt too wide) detected at line 374
[][][][]
 []

[77]) [78]
\openout2 = x08_Eigen.aux
 (./x08_Eigen.tex
第8章
[79




] [80] [81] [82] [83] [84]) [85]
\openout2 = x09_matrix_onR.aux
 (./x09_matrix_onR.tex [86




]
第9章
(/usr/local/texlive/2023/texmf-dist/tex/latex/listings/lstlang1.sty
File: lstlang1.sty 2023/02/27 1.9 listings language file
)
(/usr/local/texlive/2023/texmf-dist/tex/latex/listings/lstlang1.sty
File: lstlang1.sty 2023/02/27 1.9 listings language file
)
(/usr/local/texlive/2023/texmf-dist/tex/latex/listings/lstmisc.sty
File: lstmisc.sty 2023/02/27 1.9 (Carsten Heinz)
) [87]
Package hyperref Info: bookmark level for unknown lstlisting defaults to 0 on i
nput line 21.
Removing  `ltj.process_input_buffer' from `process_input_buffer'.
Inserting `ltj.listings_unicode' in `process_input_buffer'.
Inserting `ltj.process_input_buffer' in `process_input_buffer'.
Removing  `ltj.listings_unicode' from `process_input_buffer'.(load cache: extra_
lmsans10-bold.luc)
LaTeX Font Info:    Font shape `JT3/gt/b/n' in size <10> not available
(Font)              Font shape `JT3/gt/m/n' tried instead on input line 39.
LaTeX Font Info:    Font shape `JT3/gt/m/n' will be
(Font)              scaled to size 9.24713pt on input line 39.
LaTeX Font Info:    Font shape `JY3/gt/b/n' in size <10> not available
(Font)              Font shape `JY3/gt/m/n' tried instead on input line 39.
LaTeX Font Info:    Font shape `JY3/gt/m/n' will be
(Font)              scaled to size 9.24713pt on input line 39.

[88]
Removing  `ltj.process_input_buffer' from `process_input_buffer'.
Inserting `ltj.listings_unicode' in `process_input_buffer'.
Inserting `ltj.process_input_buffer' in `process_input_buffer'.
Removing  `ltj.listings_unicode' from `process_input_buffer'. [89]
Removing  `ltj.process_input_buffer' from `process_input_buffer'.
Inserting `ltj.listings_unicode' in `process_input_buffer'.
Inserting `ltj.process_input_buffer' in `process_input_buffer'.
Removing  `ltj.listings_unicode' from `process_input_buffer'.
Removing  `ltj.process_input_buffer' from `process_input_buffer'.
Inserting `ltj.listings_unicode' in `process_input_buffer'.
Inserting `ltj.process_input_buffer' in `process_input_buffer'. [90]
Removing  `ltj.listings_unicode' from `process_input_buffer'.
Removing  `ltj.process_input_buffer' from `process_input_buffer'.
Inserting `ltj.listings_unicode' in `process_input_buffer'.
Inserting `ltj.process_input_buffer' in `process_input_buffer'.
Removing  `ltj.listings_unicode' from `process_input_buffer'. [91]
Removing  `ltj.process_input_buffer' from `process_input_buffer'.
Inserting `ltj.listings_unicode' in `process_input_buffer'.
Inserting `ltj.process_input_buffer' in `process_input_buffer'.
Removing  `ltj.listings_unicode' from `process_input_buffer'. [92]
Removing  `ltj.process_input_buffer' from `process_input_buffer'.
Inserting `ltj.listings_unicode' in `process_input_buffer'.
Inserting `ltj.process_input_buffer' in `process_input_buffer'.
Removing  `ltj.listings_unicode' from `process_input_buffer'.
Removing  `ltj.process_input_buffer' from `process_input_buffer'.
Inserting `ltj.listings_unicode' in `process_input_buffer'.
Inserting `ltj.process_input_buffer' in `process_input_buffer'. [93]
Removing  `ltj.listings_unicode' from `process_input_buffer'.
Removing  `ltj.process_input_buffer' from `process_input_buffer'.
Inserting `ltj.listings_unicode' in `process_input_buffer'.
Inserting `ltj.process_input_buffer' in `process_input_buffer'.
Removing  `ltj.listings_unicode' from `process_input_buffer'. [94] [95]) [96]
\openout2 = x10_FA.aux
 (./x10_FA.tex
第10章
[97




] [98] [99] [100]
Removing  `ltj.process_input_buffer' from `process_input_buffer'.
Inserting `ltj.listings_unicode' in `process_input_buffer'.
Inserting `ltj.process_input_buffer' in `process_input_buffer'.
Removing  `ltj.listings_unicode' from `process_input_buffer'.
Removing  `ltj.process_input_buffer' from `process_input_buffer'.
Inserting `ltj.listings_unicode' in `process_input_buffer'.
Inserting `ltj.process_input_buffer' in `process_input_buffer'.
Removing  `ltj.listings_unicode' from `process_input_buffer'.
Overfull \hbox (9.94478pt too wide) in paragraph at lines 112--112
[] \TU/lmtt/m/n/9 [1] 5.0369025 2.7440855 2.1076322 1.8318415 1.5356864 1.113158
9 0.8462367 0.8114075[] 
 []


Overfull \hbox (9.94478pt too wide) in paragraph at lines 113--113
[] \TU/lmtt/m/n/9 [9] 0.7349482 0.6956449 0.6810036 0.6571432 0.6281130 0.596412
9 0.5626284 0.5405207[] 
 []


Overfull \hbox (9.94478pt too wide) in paragraph at lines 114--114
[]\TU/lmtt/m/n/9 [17] 0.5236707 0.4984540 0.4899130 0.4549419 0.4328324 0.409202
3 0.4071932 0.3852111[] 
 []

[101]
<../images/10_FA/Rplot10_01.png, id=427, 192.72pt x 192.72pt>
File: ../images/10_FA/Rplot10_01.png Graphic file (type png)
<use ../images/10_FA/Rplot10_01.png>
Package luatex.def Info: ../images/10_FA/Rplot10_01.png  used on input line 128
.
(luatex.def)             Requested size: 271.86234pt x 271.86166pt.
 [102<../images/10_FA/Rplot10_01.png>]
Removing  `ltj.process_input_buffer' from `process_input_buffer'.
Inserting `ltj.listings_unicode' in `process_input_buffer'.
Inserting `ltj.process_input_buffer' in `process_input_buffer'.
Removing  `ltj.listings_unicode' from `process_input_buffer'. [103] [104] [105]
 [106]
Removing  `ltj.process_input_buffer' from `process_input_buffer'.
Inserting `ltj.listings_unicode' in `process_input_buffer'.
Inserting `ltj.process_input_buffer' in `process_input_buffer'.
Removing  `ltj.listings_unicode' from `process_input_buffer'. [107]
Removing  `ltj.process_input_buffer' from `process_input_buffer'.
Inserting `ltj.listings_unicode' in `process_input_buffer'.
Inserting `ltj.process_input_buffer' in `process_input_buffer'.
Removing  `ltj.listings_unicode' from `process_input_buffer'.
[108]) [109]
\openout2 = x11_IRTonR.aux
 (./x11_IRTonR.tex [110




]
第11章
Removing  `ltj.process_input_buffer' from `process_input_buffer'.
Inserting `ltj.listings_unicode' in `process_input_buffer'.
Inserting `ltj.process_input_buffer' in `process_input_buffer'.
Removing  `ltj.listings_unicode' from `process_input_buffer'. [111] [112] [113]
Removing  `ltj.process_input_buffer' from `process_input_buffer'.
Inserting `ltj.listings_unicode' in `process_input_buffer'.
Inserting `ltj.process_input_buffer' in `process_input_buffer'. [114]
Removing  `ltj.listings_unicode' from `process_input_buffer'.
<../images/11_IRTonR/Rplot11_01.png, id=468, 289.08pt x 144.54pt>
File: ../images/11_IRTonR/Rplot11_01.png Graphic file (type png)
<use ../images/11_IRTonR/Rplot11_01.png>
Package luatex.def Info: ../images/11_IRTonR/Rplot11_01.png  used on input line
 194.
(luatex.def)             Requested size: 334.60422pt x 167.3114pt.
 [115]
Removing  `ltj.process_input_buffer' from `process_input_buffer'.
Inserting `ltj.listings_unicode' in `process_input_buffer'.
Inserting `ltj.process_input_buffer' in `process_input_buffer'.
Removing  `ltj.listings_unicode' from `process_input_buffer'. [116<../images/11_
IRTonR/Rplot11_01.png>]
<../images/11_IRTonR/Rplot11_02.png, id=475, 289.08pt x 144.54pt>
File: ../images/11_IRTonR/Rplot11_02.png Graphic file (type png)
<use ../images/11_IRTonR/Rplot11_02.png>
Package luatex.def Info: ../images/11_IRTonR/Rplot11_02.png  used on input line
 254.
(luatex.def)             Requested size: 334.60422pt x 167.3114pt.

[117<../images/11_IRTonR/Rplot11_02.png>]
Removing  `ltj.process_input_buffer' from `process_input_buffer'.
Inserting `ltj.listings_unicode' in `process_input_buffer'.
Inserting `ltj.process_input_buffer' in `process_input_buffer'.
Removing  `ltj.listings_unicode' from `process_input_buffer'.
<../images/11_IRTonR/Rplot11_03.png, id=479, 289.08pt x 144.54pt>
File: ../images/11_IRTonR/Rplot11_03.png Graphic file (type png)
<use ../images/11_IRTonR/Rplot11_03.png>
Package luatex.def Info: ../images/11_IRTonR/Rplot11_03.png  used on input line
 301.
(luatex.def)             Requested size: 334.60422pt x 167.3114pt.
 [118]
Removing  `ltj.process_input_buffer' from `process_input_buffer'.
Inserting `ltj.listings_unicode' in `process_input_buffer'.
Inserting `ltj.process_input_buffer' in `process_input_buffer'. [119<../images/1
1_IRTonR/Rplot11_03.png>]
Removing  `ltj.listings_unicode' from `process_input_buffer'. [120]
<../images/11_IRTonR/Rplot11_04.png, id=490, 289.08pt x 144.54pt>
File: ../images/11_IRTonR/Rplot11_04.png Graphic file (type png)
<use ../images/11_IRTonR/Rplot11_04.png>
Package luatex.def Info: ../images/11_IRTonR/Rplot11_04.png  used on input line
 371.
(luatex.def)             Requested size: 334.60422pt x 167.3114pt.
Removing  `ltj.process_input_buffer' from `process_input_buffer'.
Inserting `ltj.listings_unicode' in `process_input_buffer'.
Inserting `ltj.process_input_buffer' in `process_input_buffer'.
Removing  `ltj.listings_unicode' from `process_input_buffer'. [121<../images/11_
IRTonR/Rplot11_04.png>]
Removing  `ltj.process_input_buffer' from `process_input_buffer'.
Inserting `ltj.listings_unicode' in `process_input_buffer'.
Inserting `ltj.process_input_buffer' in `process_input_buffer'.
Removing  `ltj.listings_unicode' from `process_input_buffer'.) [122]
\openout2 = x12_SEM.aux

(./x12_SEM.tex
第12章
<../images/12_SEM/Slide12_01.png, id=497, 323.2878pt x 189.8292pt>
File: ../images/12_SEM/Slide12_01.png Graphic file (type png)
<use ../images/12_SEM/Slide12_01.png>
Package luatex.def Info: ../images/12_SEM/Slide12_01.png  used on input line 23
.
(luatex.def)             Requested size: 209.12683pt x 122.7966pt.
[123




]
<../images/12_SEM/Slide12_02.png, id=501, 410.9754pt x 250.0542pt>
File: ../images/12_SEM/Slide12_02.png Graphic file (type png)
<use ../images/12_SEM/Slide12_02.png>
Package luatex.def Info: ../images/12_SEM/Slide12_02.png  used on input line 35
.
(luatex.def)             Requested size: 209.12683pt x 127.23978pt.
<../images/12_SEM/Slide12_03.png, id=502, 336.7782pt x 154.6578pt>
File: ../images/12_SEM/Slide12_03.png Graphic file (type png)
<use ../images/12_SEM/Slide12_03.png>
Package luatex.def Info: ../images/12_SEM/Slide12_03.png  used on input line 44
.
(luatex.def)             Requested size: 209.12683pt x 96.03786pt.
 [124<../images/12_SEM/Slide12_01.png><../images/12_SEM/Slide12_02.png><../image
s/12_SEM/Slide12_03.png>]
<../images/12_SEM/Slide12_04.png, id=506, 275.5896pt x 140.2038pt>
File: ../images/12_SEM/Slide12_04.png Graphic file (type png)
<use ../images/12_SEM/Slide12_04.png>
Package luatex.def Info: ../images/12_SEM/Slide12_04.png  used on input line 61
.
(luatex.def)             Requested size: 209.12683pt x 106.39552pt.
 [125<../images/12_SEM/Slide12_04.png>]
<../images/12_SEM/Slide12_05.png, id=510, 488.5452pt x 254.8722pt>
File: ../images/12_SEM/Slide12_05.png Graphic file (type png)
<use ../images/12_SEM/Slide12_05.png>
Package luatex.def Info: ../images/12_SEM/Slide12_05.png  used on input line 87
.
(luatex.def)             Requested size: 334.60422pt x 174.56306pt.
 [126<../images/12_SEM/Slide12_05.png>] [127] [128] [129] [130]) [131]
\openout2 = x13_SEMonR.aux
 (./x13_S
EMonR.tex [132




]
第13章

Overfull \hbox (52.37631pt too wide) in paragraph at lines 23--36
 [][] 
 []

[133]
Removing  `ltj.process_input_buffer' from `process_input_buffer'.
Inserting `ltj.listings_unicode' in `process_input_buffer'.
Inserting `ltj.process_input_buffer' in `process_input_buffer'.
Removing  `ltj.listings_unicode' from `process_input_buffer'. [134] [135]
Removing  `ltj.process_input_buffer' from `process_input_buffer'.
Inserting `ltj.listings_unicode' in `process_input_buffer'.
Inserting `ltj.process_input_buffer' in `process_input_buffer'.
Removing  `ltj.listings_unicode' from `process_input_buffer'.
<../images/13_SEMonR/Rplot13_01.png, id=544, 240.9pt x 48.18pt>
File: ../images/13_SEMonR/Rplot13_01.png Graphic file (type png)
<use ../images/13_SEMonR/Rplot13_01.png>
Package luatex.def Info: ../images/13_SEMonR/Rplot13_01.png  used on input line
 148.
(luatex.def)             Requested size: 334.60422pt x 66.92732pt.
Removing  `ltj.process_input_buffer' from `process_input_buffer'.
Inserting `ltj.listings_unicode' in `process_input_buffer'.
Inserting `ltj.process_input_buffer' in `process_input_buffer'.
Removing  `ltj.listings_unicode' from `process_input_buffer'.
warning  (file ../images/13_SEMonR/SEMonR_fig02.pdf) (pdf inclusion): PDF inclus
ion: found PDF version '1.5', but at most version '1.3' allowed
<../images/13_SEMonR/SEMonR_fig02.pdf, id=545, 270.78163pt x 133.04706pt>
File: ../images/13_SEMonR/SEMonR_fig02.pdf Graphic file (type pdf)
<use ../images/13_SEMonR/SEMonR_fig02.pdf>
Package luatex.def Info: ../images/13_SEMonR/SEMonR_fig02.pdf  used on input li
ne 171.
(luatex.def)             Requested size: 270.78096pt x 133.04672pt.
[136<../images/13_SEMonR/Rplot13_01.png>]
Removing  `ltj.process_input_buffer' from `process_input_buffer'.
Inserting `ltj.listings_unicode' in `process_input_buffer'.
Inserting `ltj.process_input_buffer' in `process_input_buffer'. [137<../images/1
3_SEMonR/SEMonR_fig02.pdf>]
Removing  `ltj.listings_unicode' from `process_input_buffer'.
warning  (file ../images/13_SEMonR/SEMonR_fig03.pdf) (pdf inclusion): PDF inclus
ion: found PDF version '1.5', but at most version '1.3' allowed
<../images/13_SEMonR/SEMonR_fig03.pdf, id=563, 270.78163pt x 147.05942pt>
File: ../images/13_SEMonR/SEMonR_fig03.pdf Graphic file (type pdf)
<use ../images/13_SEMonR/SEMonR_fig03.pdf>
Package luatex.def Info: ../images/13_SEMonR/SEMonR_fig03.pdf  used on input li
ne 214.
(luatex.def)             Requested size: 270.78096pt x 147.05905pt.
[138<../images/13_SEMonR/SEMonR_fig03.pdf>] [139] [140] [141]) [142]
\openout2 = x14_DualScaling.aux

(./x14_DualScaling.tex
第14章
[143




] [144] [145]
Removing  `ltj.process_input_buffer' from `process_input_buffer'.
Inserting `ltj.listings_unicode' in `process_input_buffer'.
Inserting `ltj.process_input_buffer' in `process_input_buffer'.
Removing  `ltj.listings_unicode' from `process_input_buffer'. [146] [147]
<../images/14_DualScaling/Rplot14_01.png, id=606, 1156.32pt x 1156.32pt>
File: ../images/14_DualScaling/Rplot14_01.png Graphic file (type png)
<use ../images/14_DualScaling/Rplot14_01.png>
Package luatex.def Info: ../images/14_DualScaling/Rplot14_01.png  used on input
 line 202.
(luatex.def)             Requested size: 334.60422pt x 334.60081pt.
 [148<../images/14_DualScaling/Rplot14_01.png>])
[149]
\openout2 = x15_MDS.aux
 (./x15_MDS.tex [150




]
第15章
[151]
Removing  `ltj.process_input_buffer' from `process_input_buffer'.
Inserting `ltj.listings_unicode' in `process_input_buffer'.
Inserting `ltj.process_input_buffer' in `process_input_buffer'.
Removing  `ltj.listings_unicode' from `process_input_buffer'.
<../images/15_MDS/Rplot15_01.png, id=620, 1156.32pt x 1156.32pt>
File: ../images/15_MDS/Rplot15_01.png Graphic file (type png)
<use ../images/15_MDS/Rplot15_01.png>
Package luatex.def Info: ../images/15_MDS/Rplot15_01.png  used on input line 73
.
(luatex.def)             Requested size: 334.60422pt x 334.60081pt.
 [152] [153<../images/15_MDS/Rplot15_01.png>] [154] [155]
Removing  `ltj.process_input_buffer' from `process_input_buffer'.
Inserting `ltj.listings_unicode' in `process_input_buffer'.
Inserting `ltj.process_input_buffer' in `process_input_buffer'.
Removing  `ltj.listings_unicode' from `process_input_buffer'. [156]
<../images/15_MDS/Rplot15_02.png, id=636, 578.16pt x 433.62pt>
File: ../images/15_MDS/Rplot15_02.png Graphic file (type png)
<use ../images/15_MDS/Rplot15_02.png>
Package luatex.def Info: ../images/15_MDS/Rplot15_02.png  used on input line 24
2.
(luatex.def)             Requested size: 334.60422pt x 250.9506pt.
<../images/15_MDS/Rplot15_03.png, id=637, 578.16pt x 578.16pt>
File: ../images/15_MDS/Rplot15_03.png Graphic file (type png)
<use ../images/15_MDS/Rplot15_03.png>
Package luatex.def Info: ../images/15_MDS/Rplot15_03.png  used on input line 26
8.
(luatex.def)             Requested size: 334.60422pt x 334.6008pt.
 [157]
<../images/15_MDS/Rplot15_04.png, id=641, 578.16pt x 578.16pt>
File: ../images/15_MDS/Rplot15_04.png Graphic file (type png)
<use ../images/15_MDS/Rplot15_04.png>
Package luatex.def Info: ../images/15_MDS/Rplot15_04.png  used on input line 30
6.
(luatex.def)             Requested size: 334.60422pt x 334.6008pt.

[158<../images/15_MDS/Rplot15_02.png>] [159<../images/15_MDS/Rplot15_03.png>]
<../images/15_MDS/Rplot15_05.png, id=649, 578.16pt x 578.16pt>
File: ../images/15_MDS/Rplot15_05.png Graphic file (type png)
<use ../images/15_MDS/Rplot15_05.png>
Package luatex.def Info: ../images/15_MDS/Rplot15_05.png  used on input line 32
0.
(luatex.def)             Requested size: 334.60422pt x 334.6008pt.

[160<../images/15_MDS/Rplot15_04.png>] [161<../images/15_MDS/Rplot15_05.png>])
[162] [163



] [164]
\openout2 = x16_Programming.aux
 (./x16_Programming.tex
第16章
[165


]
Removing  `ltj.process_input_buffer' from `process_input_buffer'.
Inserting `ltj.listings_unicode' in `process_input_buffer'.
Inserting `ltj.process_input_buffer' in `process_input_buffer'.
Removing  `ltj.listings_unicode' from `process_input_buffer'.
Removing  `ltj.process_input_buffer' from `process_input_buffer'.
Inserting `ltj.listings_unicode' in `process_input_buffer'.
Inserting `ltj.process_input_buffer' in `process_input_buffer'.
Removing  `ltj.listings_unicode' from `process_input_buffer'. [166] [167] [168]
Removing  `ltj.process_input_buffer' from `process_input_buffer'.
Inserting `ltj.listings_unicode' in `process_input_buffer'.
Inserting `ltj.process_input_buffer' in `process_input_buffer'.
Removing  `ltj.listings_unicode' from `process_input_buffer'. [169]
Removing  `ltj.process_input_buffer' from `process_input_buffer'.
Inserting `ltj.listings_unicode' in `process_input_buffer'.
Inserting `ltj.process_input_buffer' in `process_input_buffer'.
Removing  `ltj.listings_unicode' from `process_input_buffer'. [170]
Removing  `ltj.process_input_buffer' from `process_input_buffer'.
Inserting `ltj.listings_unicode' in `process_input_buffer'.
Inserting `ltj.process_input_buffer' in `process_input_buffer'.
Removing  `ltj.listings_unicode' from `process_input_buffer'.
Removing  `ltj.process_input_buffer' from `process_input_buffer'.
Inserting `ltj.listings_unicode' in `process_input_buffer'.
Inserting `ltj.process_input_buffer' in `process_input_buffer'.
Removing  `ltj.listings_unicode' from `process_input_buffer'.
Removing  `ltj.process_input_buffer' from `process_input_buffer'.
Inserting `ltj.listings_unicode' in `process_input_buffer'.
Inserting `ltj.process_input_buffer' in `process_input_buffer'. [171]
Removing  `ltj.listings_unicode' from `process_input_buffer'.
Removing  `ltj.process_input_buffer' from `process_input_buffer'.
Inserting `ltj.listings_unicode' in `process_input_buffer'.
Inserting `ltj.process_input_buffer' in `process_input_buffer'.
Removing  `ltj.listings_unicode' from `process_input_buffer'. [172]
Removing  `ltj.process_input_buffer' from `process_input_buffer'.
Inserting `ltj.listings_unicode' in `process_input_buffer'.
Inserting `ltj.process_input_buffer' in `process_input_buffer'.
Removing  `ltj.listings_unicode' from `process_input_buffer'. [173]) [174]
\openout2 = x17_Bayesian.aux

(./x17_Bayesian.tex
第17章
[175




] [176] [177] [178] [179]
Removing  `ltj.process_input_buffer' from `process_input_buffer'.
Inserting `ltj.listings_unicode' in `process_input_buffer'.
Inserting `ltj.process_input_buffer' in `process_input_buffer'.
Removing  `ltj.listings_unicode' from `process_input_buffer'. [180]
Removing  `ltj.process_input_buffer' from `process_input_buffer'.
Inserting `ltj.listings_unicode' in `process_input_buffer'.
Inserting `ltj.process_input_buffer' in `process_input_buffer'.
Removing  `ltj.listings_unicode' from `process_input_buffer'.
Removing  `ltj.process_input_buffer' from `process_input_buffer'.
Inserting `ltj.listings_unicode' in `process_input_buffer'.
Inserting `ltj.process_input_buffer' in `process_input_buffer'.
Removing  `ltj.listings_unicode' from `process_input_buffer'. [181]
Removing  `ltj.process_input_buffer' from `process_input_buffer'.
Inserting `ltj.listings_unicode' in `process_input_buffer'.
Inserting `ltj.process_input_buffer' in `process_input_buffer'.
Removing  `ltj.listings_unicode' from `process_input_buffer'.
Removing  `ltj.process_input_buffer' from `process_input_buffer'.
Inserting `ltj.listings_unicode' in `process_input_buffer'.
Inserting `ltj.process_input_buffer' in `process_input_buffer'.
Removing  `ltj.listings_unicode' from `process_input_buffer'. [182]
Removing  `ltj.process_input_buffer' from `process_input_buffer'.
Inserting `ltj.listings_unicode' in `process_input_buffer'.
Inserting `ltj.process_input_buffer' in `process_input_buffer'.
Removing  `ltj.listings_unicode' from `process_input_buffer'. [183]
Removing  `ltj.process_input_buffer' from `process_input_buffer'.
Inserting `ltj.listings_unicode' in `process_input_buffer'.
Inserting `ltj.process_input_buffer' in `process_input_buffer'.
Removing  `ltj.listings_unicode' from `process_input_buffer'.) [184]
\openout2 = prepareStan.aux
 (./prepare
Stan.tex
第18章
[185




] [186] [187]
<../images/prepare/fileStyle.png, id=736, 115.632pt x 18.0675pt>
File: ../images/prepare/fileStyle.png Graphic file (type png)
<use ../images/prepare/fileStyle.png>
Package luatex.def Info: ../images/prepare/fileStyle.png  used on input line 48
.
(luatex.def)             Requested size: 334.60422pt x 52.28464pt.
 [188<../images/prepare/fileStyle.png>]
<../images/prepare/R_stan.png, id=740, 214.401pt x 180.1932pt>
File: ../images/prepare/R_stan.png Graphic file (type png)
<use ../images/prepare/R_stan.png>
Package luatex.def Info: ../images/prepare/R_stan.png  used on input line 64.
(luatex.def)             Requested size: 334.60422pt x 281.24872pt.
 [189<../images/prepare/R_stan.png>] [190] [191] [192]
Removing  `ltj.process_input_buffer' from `process_input_buffer'.
Inserting `ltj.listings_unicode' in `process_input_buffer'.
Inserting `ltj.process_input_buffer' in `process_input_buffer'.
Removing  `ltj.listings_unicode' from `process_input_buffer'. [193]
Removing  `ltj.process_input_buffer' from `process_input_buffer'.
Inserting `ltj.listings_unicode' in `process_input_buffer'.
Inserting `ltj.process_input_buffer' in `process_input_buffer'.
Removing  `ltj.listings_unicode' from `process_input_buffer'. [194]
Removing  `ltj.process_input_buffer' from `process_input_buffer'.
Inserting `ltj.listings_unicode' in `process_input_buffer'.
Inserting `ltj.process_input_buffer' in `process_input_buffer'.
Removing  `ltj.listings_unicode' from `process_input_buffer'.
Removing  `ltj.process_input_buffer' from `process_input_buffer'.
Inserting `ltj.listings_unicode' in `process_input_buffer'.
Inserting `ltj.process_input_buffer' in `process_input_buffer'.
Removing  `ltj.listings_unicode' from `process_input_buffer'. [195] [196]
Removing  `ltj.process_input_buffer' from `process_input_buffer'.
Inserting `ltj.listings_unicode' in `process_input_buffer'.
Inserting `ltj.process_input_buffer' in `process_input_buffer'.
Removing  `ltj.listings_unicode' from `process_input_buffer'.
Removing  `ltj.process_input_buffer' from `process_input_buffer'.
Inserting `ltj.listings_unicode' in `process_input_buffer'.
Inserting `ltj.process_input_buffer' in `process_input_buffer'. [197]
Removing  `ltj.listings_unicode' from `process_input_buffer'.
Removing  `ltj.process_input_buffer' from `process_input_buffer'.
Inserting `ltj.listings_unicode' in `process_input_buffer'.
Inserting `ltj.process_input_buffer' in `process_input_buffer'.
Removing  `ltj.listings_unicode' from `process_input_buffer'. [198]
Removing  `ltj.process_input_buffer' from `process_input_buffer'.
Inserting `ltj.listings_unicode' in `process_input_buffer'.
Inserting `ltj.process_input_buffer' in `process_input_buffer'.
Removing  `ltj.listings_unicode' from `process_input_buffer'. [199
Missing character: There is no ℹ (U+2139) in font file:HaranoAjiGothic-Medium.
otf:-kern;jfm=ujis!
]
Removing  `ltj.process_input_buffer' from `process_input_buffer'.
Inserting `ltj.listings_unicode' in `process_input_buffer'.
Inserting `ltj.process_input_buffer' in `process_input_buffer'.
Removing  `ltj.listings_unicode' from `process_input_buffer'.) [200] [201]
\openout2 = x18_MCMC.aux
 (./x
18_MCMC.tex [202




]
第19章
[203]
<../images/18_MCMC/slide18_01.png, id=788, 293.898pt x 180.1932pt>
File: ../images/18_MCMC/slide18_01.png Graphic file (type png)
<use ../images/18_MCMC/slide18_01.png>
Package luatex.def Info: ../images/18_MCMC/slide18_01.png  used on input line 2
8.
(luatex.def)             Requested size: 313.69025pt x 192.34013pt.
 [204<../images/18_MCMC/slide18_01.png>]
<../images/18_MCMC/slide18_02.png, id=792, 421.0932pt x 245.718pt>
File: ../images/18_MCMC/slide18_02.png Graphic file (type png)
<use ../images/18_MCMC/slide18_02.png>
Package luatex.def Info: ../images/18_MCMC/slide18_02.png  used on input line 4
3.
(luatex.def)             Requested size: 334.60422pt x 195.26239pt.
 [205<../images/18_MCMC/slide18_02.png>] [206]
Removing  `ltj.process_input_buffer' from `process_input_buffer'.
Inserting `ltj.listings_unicode' in `process_input_buffer'.
Inserting `ltj.process_input_buffer' in `process_input_buffer'.
Removing  `ltj.listings_unicode' from `process_input_buffer'. [207]
Removing  `ltj.process_input_buffer' from `process_input_buffer'.
Inserting `ltj.listings_unicode' in `process_input_buffer'.
Inserting `ltj.process_input_buffer' in `process_input_buffer'.
Removing  `ltj.listings_unicode' from `process_input_buffer'.
Removing  `ltj.process_input_buffer' from `process_input_buffer'.
Inserting `ltj.listings_unicode' in `process_input_buffer'.
Inserting `ltj.process_input_buffer' in `process_input_buffer'.
Removing  `ltj.listings_unicode' from `process_input_buffer'. [208]
Removing  `ltj.process_input_buffer' from `process_input_buffer'.
Inserting `ltj.listings_unicode' in `process_input_buffer'.
Inserting `ltj.process_input_buffer' in `process_input_buffer'.
Removing  `ltj.listings_unicode' from `process_input_buffer'. [209] [210]
Removing  `ltj.process_input_buffer' from `process_input_buffer'.
Inserting `ltj.listings_unicode' in `process_input_buffer'.
Inserting `ltj.process_input_buffer' in `process_input_buffer'.
Removing  `ltj.listings_unicode' from `process_input_buffer'.
<../images/18_MCMC/Rplot18_01.png, id=812, 1156.32pt x 578.16pt>
File: ../images/18_MCMC/Rplot18_01.png Graphic file (type png)
<use ../images/18_MCMC/Rplot18_01.png>
Package luatex.def Info: ../images/18_MCMC/Rplot18_01.png  used on input line 2
56.
(luatex.def)             Requested size: 313.69025pt x 156.83751pt.
<../images/18_MCMC/Rplot18_02.png, id=813, 1156.32pt x 578.16pt>
File: ../images/18_MCMC/Rplot18_02.png Graphic file (type png)
<use ../images/18_MCMC/Rplot18_02.png>
Package luatex.def Info: ../images/18_MCMC/Rplot18_02.png  used on input line 2
65.
(luatex.def)             Requested size: 313.69025pt x 156.83751pt.
 [211]
Removing  `ltj.process_input_buffer' from `process_input_buffer'.
Inserting `ltj.listings_unicode' in `process_input_buffer'.
Inserting `ltj.process_input_buffer' in `process_input_buffer'.
Removing  `ltj.listings_unicode' from `process_input_buffer'.
Removing  `ltj.process_input_buffer' from `process_input_buffer'.
Inserting `ltj.listings_unicode' in `process_input_buffer'.
Inserting `ltj.process_input_buffer' in `process_input_buffer'.
Removing  `ltj.listings_unicode' from `process_input_buffer'. [212<../images/18_
MCMC/Rplot18_01.png><../images/18_MCMC/Rplot18_02.png>]
Removing  `ltj.process_input_buffer' from `process_input_buffer'.
Inserting `ltj.listings_unicode' in `process_input_buffer'.
Inserting `ltj.process_input_buffer' in `process_input_buffer'.
Removing  `ltj.listings_unicode' from `process_input_buffer'. [213]) [214]
\openout2 = x19_modeling1.aux
 (./x
19_modeling1.tex
第20章
[215




]
<../images/19_modeling1/slide19_01.png, id=829, 615.7404pt x 357.9774pt>
File: ../images/19_modeling1/slide19_01.png Graphic file (type png)
<use ../images/19_modeling1/slide19_01.png>
Package luatex.def Info: ../images/19_modeling1/slide19_01.png  used on input l
ine 46.
(luatex.def)             Requested size: 313.69025pt x 182.37486pt.
 [216]
Removing  `ltj.process_input_buffer' from `process_input_buffer'.
Inserting `ltj.listings_unicode' in `process_input_buffer'.
Inserting `ltj.process_input_buffer' in `process_input_buffer'.
Removing  `ltj.listings_unicode' from `process_input_buffer'.
Removing  `ltj.process_input_buffer' from `process_input_buffer'.
Inserting `ltj.listings_unicode' in `process_input_buffer'.
Inserting `ltj.process_input_buffer' in `process_input_buffer'. [217<../images/1
9_modeling1/slide19_01.png>]
Removing  `ltj.listings_unicode' from `process_input_buffer'.
Removing  `ltj.process_input_buffer' from `process_input_buffer'.
Inserting `ltj.listings_unicode' in `process_input_buffer'.
Inserting `ltj.process_input_buffer' in `process_input_buffer'.
Removing  `ltj.listings_unicode' from `process_input_buffer'. [218] [219]
Removing  `ltj.process_input_buffer' from `process_input_buffer'.
Inserting `ltj.listings_unicode' in `process_input_buffer'.
Inserting `ltj.process_input_buffer' in `process_input_buffer'.
Removing  `ltj.listings_unicode' from `process_input_buffer'.
Removing  `ltj.process_input_buffer' from `process_input_buffer'.
Inserting `ltj.listings_unicode' in `process_input_buffer'.
Inserting `ltj.process_input_buffer' in `process_input_buffer'. [220]
Removing  `ltj.listings_unicode' from `process_input_buffer'.
<../images/19_modeling1/Rplot19_01.png, id=846, 722.7pt x 289.08pt>
File: ../images/19_modeling1/Rplot19_01.png Graphic file (type png)
<use ../images/19_modeling1/Rplot19_01.png>
Package luatex.def Info: ../images/19_modeling1/Rplot19_01.png  used on input l
ine 211.
(luatex.def)             Requested size: 334.60422pt x 133.84296pt.

[221<../images/19_modeling1/Rplot19_01.png>]
Removing  `ltj.process_input_buffer' from `process_input_buffer'.
Inserting `ltj.listings_unicode' in `process_input_buffer'.
Inserting `ltj.process_input_buffer' in `process_input_buffer'.
Removing  `ltj.listings_unicode' from `process_input_buffer'. [222]
Removing  `ltj.process_input_buffer' from `process_input_buffer'.
Inserting `ltj.listings_unicode' in `process_input_buffer'.
Inserting `ltj.process_input_buffer' in `process_input_buffer'. [223]
Removing  `ltj.listings_unicode' from `process_input_buffer'. [224]
Overfull \hbox (62.6863pt too wide) in paragraph at lines 325--330
 [] 
 []

) [225]
\openout2 = x20_modeling2.aux
 (./x20_modeling2.tex [226




]
第21章
[227]
Removing  `ltj.process_input_buffer' from `process_input_buffer'.
Inserting `ltj.listings_unicode' in `process_input_buffer'.
Inserting `ltj.process_input_buffer' in `process_input_buffer'. [228]
Removing  `ltj.listings_unicode' from `process_input_buffer'.
<../images/20_modeling2/Rplot20_01.png, id=871, 1156.32pt x 578.16pt>
File: ../images/20_modeling2/Rplot20_01.png Graphic file (type png)
<use ../images/20_modeling2/Rplot20_01.png>
Package luatex.def Info: ../images/20_modeling2/Rplot20_01.png  used on input l
ine 82.
(luatex.def)             Requested size: 334.60422pt x 167.3004pt.
 [229<../images/20_modeling2/Rplot20_01.png>]
<../images/20_modeling2/Rplot20_02.png, id=876, 1156.32pt x 578.16pt>
File: ../images/20_modeling2/Rplot20_02.png Graphic file (type png)
<use ../images/20_modeling2/Rplot20_02.png>
Package luatex.def Info: ../images/20_modeling2/Rplot20_02.png  used on input l
ine 93.
(luatex.def)             Requested size: 334.60422pt x 167.3004pt.
 [230<../images/20_modeling2/Rplot20_02.png>]
Removing  `ltj.process_input_buffer' from `process_input_buffer'.
Inserting `ltj.listings_unicode' in `process_input_buffer'.
Inserting `ltj.process_input_buffer' in `process_input_buffer'. [231]
Removing  `ltj.listings_unicode' from `process_input_buffer'.
Removing  `ltj.process_input_buffer' from `process_input_buffer'.
Inserting `ltj.listings_unicode' in `process_input_buffer'.
Inserting `ltj.process_input_buffer' in `process_input_buffer'.
Overfull \hbox (19.9506pt too wide) in paragraph at lines 164--166
[][][][][][][][][][][][][][][][][][][][][][][][][][][][][][][][][][] 
 []

Removing  `ltj.listings_unicode' from `process_input_buffer'. [232] [233]
Removing  `ltj.process_input_buffer' from `process_input_buffer'.
Inserting `ltj.listings_unicode' in `process_input_buffer'.
Inserting `ltj.process_input_buffer' in `process_input_buffer'.
Removing  `ltj.listings_unicode' from `process_input_buffer'. [234]
Removing  `ltj.process_input_buffer' from `process_input_buffer'.
Inserting `ltj.listings_unicode' in `process_input_buffer'.
Inserting `ltj.process_input_buffer' in `process_input_buffer'.
Removing  `ltj.listings_unicode' from `process_input_buffer'.
Removing  `ltj.process_input_buffer' from `process_input_buffer'.
Inserting `ltj.listings_unicode' in `process_input_buffer'.
Inserting `ltj.process_input_buffer' in `process_input_buffer'.
Removing  `ltj.listings_unicode' from `process_input_buffer'. [235]
Removing  `ltj.process_input_buffer' from `process_input_buffer'.
Inserting `ltj.listings_unicode' in `process_input_buffer'.
Inserting `ltj.process_input_buffer' in `process_input_buffer'.
Removing  `ltj.listings_unicode' from `process_input_buffer'. [236]
Overfull \hbox (62.6863pt too wide) in paragraph at lines 356--361
 [] 
 []

[237]) [238]
\openout2 = x21_modeling3.aux
 (./x21_modeling3.tex
第22章
<../images/21_modeling3/Slide21_01.png, id=904, 571.8966pt x 360.3864pt>
File: ../images/21_modeling3/Slide21_01.png Graphic file (type png)
<use ../images/21_modeling3/Slide21_01.png>
Package luatex.def Info: ../images/21_modeling3/Slide21_01.png  used on input l
ine 18.
(luatex.def)             Requested size: 334.60422pt x 210.86093pt.
[239




<../images/21_modeling3/Slide21_01.png>]
Removing  `ltj.process_input_buffer' from `process_input_buffer'.
Inserting `ltj.listings_unicode' in `process_input_buffer'.
Inserting `ltj.process_input_buffer' in `process_input_buffer'.
Removing  `ltj.listings_unicode' from `process_input_buffer'. [240]
Removing  `ltj.process_input_buffer' from `process_input_buffer'.
Inserting `ltj.listings_unicode' in `process_input_buffer'.
Inserting `ltj.process_input_buffer' in `process_input_buffer'. [241]
Removing  `ltj.listings_unicode' from `process_input_buffer'.
Removing  `ltj.process_input_buffer' from `process_input_buffer'.
Inserting `ltj.listings_unicode' in `process_input_buffer'.
Inserting `ltj.process_input_buffer' in `process_input_buffer'.
Removing  `ltj.listings_unicode' from `process_input_buffer'. [242]
<../images/21_modeling3/Slide21_02.png, id=918, 604.659pt x 257.2812pt>
File: ../images/21_modeling3/Slide21_02.png Graphic file (type png)
<use ../images/21_modeling3/Slide21_02.png>
Package luatex.def Info: ../images/21_modeling3/Slide21_02.png  used on input l
ine 159.
(luatex.def)             Requested size: 334.60422pt x 142.3727pt.
 [243]
Removing  `ltj.process_input_buffer' from `process_input_buffer'.
Inserting `ltj.listings_unicode' in `process_input_buffer'.
Inserting `ltj.process_input_buffer' in `process_input_buffer'.
Removing  `ltj.listings_unicode' from `process_input_buffer'. [244<../images/21_
modeling3/Slide21_02.png>]
Removing  `ltj.process_input_buffer' from `process_input_buffer'.
Inserting `ltj.listings_unicode' in `process_input_buffer'.
Inserting `ltj.process_input_buffer' in `process_input_buffer'. [245]
Removing  `ltj.listings_unicode' from `process_input_buffer'. [246]
Removing  `ltj.process_input_buffer' from `process_input_buffer'.
Inserting `ltj.listings_unicode' in `process_input_buffer'.
Inserting `ltj.process_input_buffer' in `process_input_buffer'.
Removing  `ltj.listings_unicode' from `process_input_buffer'. [247]
<../images/21_modeling3/Slide21_03.png, id=934, 606.1044pt x 288.1164pt>
File: ../images/21_modeling3/Slide21_03.png Graphic file (type png)
<use ../images/21_modeling3/Slide21_03.png>
Package luatex.def Info: ../images/21_modeling3/Slide21_03.png  used on input l
ine 323.
(luatex.def)             Requested size: 334.60422pt x 159.058pt.
Removing  `ltj.process_input_buffer' from `process_input_buffer'.
Inserting `ltj.listings_unicode' in `process_input_buffer'.
Inserting `ltj.process_input_buffer' in `process_input_buffer'.
Removing  `ltj.listings_unicode' from `process_input_buffer'. [248<../images/21_
modeling3/Slide21_03.png>]
Removing  `ltj.process_input_buffer' from `process_input_buffer'.
Inserting `ltj.listings_unicode' in `process_input_buffer'.
Inserting `ltj.process_input_buffer' in `process_input_buffer'.
Removing  `ltj.listings_unicode' from `process_input_buffer'. [249]) [250]
\openout2 = x22_modeling4.aux
 (./x
22_modeling4.tex
第23章
[251




]
<../images/22_modeling4/Slide22_01.png, id=948, 529.4982pt x 390.258pt>
File: ../images/22_modeling4/Slide22_01.png Graphic file (type png)
<use ../images/22_modeling4/Slide22_01.png>
Package luatex.def Info: ../images/22_modeling4/Slide22_01.png  used on input l
ine 52.
(luatex.def)             Requested size: 334.60422pt x 246.62605pt.
 [252]
<../images/22_modeling4/Slide22_03.png, id=952, 431.6928pt x 303.534pt>
File: ../images/22_modeling4/Slide22_03.png Graphic file (type png)
<use ../images/22_modeling4/Slide22_03.png>
Package luatex.def Info: ../images/22_modeling4/Slide22_03.png  used on input l
ine 91.
(luatex.def)             Requested size: 418.25368pt x 294.08488pt.
<../images/22_modeling4/Slide22_04.png, id=953, 444.2196pt x 384.9582pt>
File: ../images/22_modeling4/Slide22_04.png Graphic file (type png)
<use ../images/22_modeling4/Slide22_04.png>
Package luatex.def Info: ../images/22_modeling4/Slide22_04.png  used on input l
ine 97.
(luatex.def)             Requested size: 418.25368pt x 362.47752pt.
<../images/22_modeling4/Slide22_05.png, id=954, 512.6352pt x 310.761pt>
File: ../images/22_modeling4/Slide22_05.png Graphic file (type png)
<use ../images/22_modeling4/Slide22_05.png>
Package luatex.def Info: ../images/22_modeling4/Slide22_05.png  used on input l
ine 103.
(luatex.def)             Requested size: 418.25368pt x 253.55011pt.
Removing  `ltj.process_input_buffer' from `process_input_buffer'.
Inserting `ltj.listings_unicode' in `process_input_buffer'.
Inserting `ltj.process_input_buffer' in `process_input_buffer'. [253<../images/2
2_modeling4/Slide22_01.png>] [254<../images/22_modeling4/Slide22_03.png>]
Removing  `ltj.listings_unicode' from `process_input_buffer'. [255<../images/22_
modeling4/Slide22_04.png>]
Removing  `ltj.process_input_buffer' from `process_input_buffer'.
Inserting `ltj.listings_unicode' in `process_input_buffer'.
Inserting `ltj.process_input_buffer' in `process_input_buffer'.
Removing  `ltj.listings_unicode' from `process_input_buffer'. [256<../images/22_
modeling4/Slide22_05.png>]
Removing  `ltj.process_input_buffer' from `process_input_buffer'.
Inserting `ltj.listings_unicode' in `process_input_buffer'.
Inserting `ltj.process_input_buffer' in `process_input_buffer'.
Removing  `ltj.listings_unicode' from `process_input_buffer'. [257]
Removing  `ltj.process_input_buffer' from `process_input_buffer'.
Inserting `ltj.listings_unicode' in `process_input_buffer'.
Inserting `ltj.process_input_buffer' in `process_input_buffer'. [258]
Removing  `ltj.listings_unicode' from `process_input_buffer'.
Removing  `ltj.process_input_buffer' from `process_input_buffer'.
Inserting `ltj.listings_unicode' in `process_input_buffer'.
Inserting `ltj.process_input_buffer' in `process_input_buffer'. [259]
Removing  `ltj.listings_unicode' from `process_input_buffer'. [260]
<../images/22_modeling4/Slide22_02.png, id=980, 469.755pt x 361.35pt>
File: ../images/22_modeling4/Slide22_02.png Graphic file (type png)
<use ../images/22_modeling4/Slide22_02.png>
Package luatex.def Info: ../images/22_modeling4/Slide22_02.png  used on input l
ine 371.
(luatex.def)             Requested size: 334.60422pt x 257.38736pt.
 [261]
Removing  `ltj.process_input_buffer' from `process_input_buffer'.
Inserting `ltj.listings_unicode' in `process_input_buffer'.
Inserting `ltj.process_input_buffer' in `process_input_buffer'.
Removing  `ltj.listings_unicode' from `process_input_buffer'.) [262<../images/22
_modeling4/Slide22_02.png>]
\openout2 = x23_modeling5.aux
 (./x23_modeling5.tex
第24章
[263




] [264]

LaTeX Warning: Command \O invalid in math mode on input line 56.

Missing character: There is no Ø (U+00D8) in font cmmi10!
[265]
Removing  `ltj.process_input_buffer' from `process_input_buffer'.
Inserting `ltj.listings_unicode' in `process_input_buffer'.
Inserting `ltj.process_input_buffer' in `process_input_buffer'.
Removing  `ltj.listings_unicode' from `process_input_buffer'.
Removing  `ltj.process_input_buffer' from `process_input_buffer'.
Inserting `ltj.listings_unicode' in `process_input_buffer'.
Inserting `ltj.process_input_buffer' in `process_input_buffer'. [266]
Removing  `ltj.listings_unicode' from `process_input_buffer'.
<../images/23_modeling5/Rplot23_01.png, id=1000, 1156.32pt x 578.16pt>
File: ../images/23_modeling5/Rplot23_01.png Graphic file (type png)
<use ../images/23_modeling5/Rplot23_01.png>
Package luatex.def Info: ../images/23_modeling5/Rplot23_01.png  used on input l
ine 123.
(luatex.def)             Requested size: 334.60422pt x 167.3004pt.
Removing  `ltj.process_input_buffer' from `process_input_buffer'.
Inserting `ltj.listings_unicode' in `process_input_buffer'.
Inserting `ltj.process_input_buffer' in `process_input_buffer'.
Removing  `ltj.listings_unicode' from `process_input_buffer'. [267<../images/23_
modeling5/Rplot23_01.png>] [268]
<../images/23_modeling5/Slide23_01.png, id=1007, 270.2898pt x 192.2382pt>
File: ../images/23_modeling5/Slide23_01.png Graphic file (type png)
<use ../images/23_modeling5/Slide23_01.png>
Package luatex.def Info: ../images/23_modeling5/Slide23_01.png  used on input l
ine 203.
(luatex.def)             Requested size: 334.60422pt x 237.98569pt.
Removing  `ltj.process_input_buffer' from `process_input_buffer'.
Inserting `ltj.listings_unicode' in `process_input_buffer'.
Inserting `ltj.process_input_buffer' in `process_input_buffer'. [269] [270<../im
ages/23_modeling5/Slide23_01.png>]
Removing  `ltj.listings_unicode' from `process_input_buffer'.) [271]
\openout2 = x24_linearModel.aux
 (./x24_lin
earModel.tex [272




]
第25章
[273]
<../images/24_linearModel/Rplot24_06.png, id=1024, 578.16pt x 289.08pt>
File: ../images/24_linearModel/Rplot24_06.png Graphic file (type png)
<use ../images/24_linearModel/Rplot24_06.png>
Package luatex.def Info: ../images/24_linearModel/Rplot24_06.png  used on input
 line 93.
(luatex.def)             Requested size: 334.60422pt x 167.3004pt.
<../images/24_linearModel/Slide24_01.png, id=1025, 303.534pt x 230.7822pt>
File: ../images/24_linearModel/Slide24_01.png Graphic file (type png)
<use ../images/24_linearModel/Slide24_01.png>
Package luatex.def Info: ../images/24_linearModel/Slide24_01.png  used on input
 line 104.
(luatex.def)             Requested size: 334.60422pt x 254.40701pt.
Removing  `ltj.process_input_buffer' from `process_input_buffer'.
Inserting `ltj.listings_unicode' in `process_input_buffer'.
Inserting `ltj.process_input_buffer' in `process_input_buffer'. [274] [275<../im
ages/24_linearModel/Rplot24_06.png><../images/24_linearModel/Slide24_01.png>]
Removing  `ltj.listings_unicode' from `process_input_buffer'.
<../images/24_linearModel/Rplot24_01.png, id=1032, 1156.32pt x 578.16pt>
File: ../images/24_linearModel/Rplot24_01.png Graphic file (type png)
<use ../images/24_linearModel/Rplot24_01.png>
Package luatex.def Info: ../images/24_linearModel/Rplot24_01.png  used on input
 line 157.
(luatex.def)             Requested size: 334.60422pt x 167.3004pt.
 [276<../images/24_linearModel/Rplot24_01.png>]
Removing  `ltj.process_input_buffer' from `process_input_buffer'.
Inserting `ltj.listings_unicode' in `process_input_buffer'.
Inserting `ltj.process_input_buffer' in `process_input_buffer'.
Removing  `ltj.listings_unicode' from `process_input_buffer'. [277]
<../images/24_linearModel/Rplot24_02.png, id=1039, 1156.32pt x 578.16pt>
File: ../images/24_linearModel/Rplot24_02.png Graphic file (type png)
<use ../images/24_linearModel/Rplot24_02.png>
Package luatex.def Info: ../images/24_linearModel/Rplot24_02.png  used on input
 line 235.
(luatex.def)             Requested size: 334.60422pt x 167.3004pt.

[278<../images/24_linearModel/Rplot24_02.png>]
<../images/24_linearModel/Rplot24_03.png, id=1043, 1156.32pt x 578.16pt>
File: ../images/24_linearModel/Rplot24_03.png Graphic file (type png)
<use ../images/24_linearModel/Rplot24_03.png>
Package luatex.def Info: ../images/24_linearModel/Rplot24_03.png  used on input
 line 249.
(luatex.def)             Requested size: 334.60422pt x 167.3004pt.
 [279<../images/24_linearModel/Rplot24_03.png>]
<../images/24_linearModel/Rplot24_04.png, id=1048, 1156.32pt x 578.16pt>
File: ../images/24_linearModel/Rplot24_04.png Graphic file (type png)
<use ../images/24_linearModel/Rplot24_04.png>
Package luatex.def Info: ../images/24_linearModel/Rplot24_04.png  used on input
 line 270.
(luatex.def)             Requested size: 334.60422pt x 167.3004pt.
<../images/24_linearModel/slide24_02.png, id=1049, 204.2832pt x 251.4996pt>
File: ../images/24_linearModel/slide24_02.png Graphic file (type png)
<use ../images/24_linearModel/slide24_02.png>
Package luatex.def Info: ../images/24_linearModel/slide24_02.png  used on input
 line 283.
(luatex.def)             Requested size: 313.69025pt x 386.19383pt.
Removing  `ltj.process_input_buffer' from `process_input_buffer'.
Inserting `ltj.listings_unicode' in `process_input_buffer'.
Inserting `ltj.process_input_buffer' in `process_input_buffer'. [280<../images/2
4_linearModel/Rplot24_04.png>] [281<../images/24_linearModel/slide24_02.png>]
Removing  `ltj.listings_unicode' from `process_input_buffer'.
Removing  `ltj.process_input_buffer' from `process_input_buffer'.
Inserting `ltj.listings_unicode' in `process_input_buffer'.
Inserting `ltj.process_input_buffer' in `process_input_buffer'.
Removing  `ltj.listings_unicode' from `process_input_buffer'.
<../images/24_linearModel/Rplot24_05.png, id=1056, 1156.32pt x 578.16pt>
File: ../images/24_linearModel/Rplot24_05.png Graphic file (type png)
<use ../images/24_linearModel/Rplot24_05.png>
Package luatex.def Info: ../images/24_linearModel/Rplot24_05.png  used on input
 line 365.
(luatex.def)             Requested size: 334.60422pt x 167.3004pt.
 [282](load cache: extra_lmroman10-italic.luc)
LaTeX Font Info:    Font shape `JT3/BIZUDPMinchoMedium(0)/m/it' will be
(Font)              scaled to size 9.24713pt on input line 375.
LaTeX Font Info:    Font shape `JY3/BIZUDPMinchoMedium(0)/m/it' will be
(Font)              scaled to size 9.24713pt on input line 375.
<../images/24_linearModel/slide24_03.png, id=1060, 355.5684pt x 268.8444pt>
File: ../images/24_linearModel/slide24_03.png Graphic file (type png)
<use ../images/24_linearModel/slide24_03.png>
Package luatex.def Info: ../images/24_linearModel/slide24_03.png  used on input
 line 382.
(luatex.def)             Requested size: 334.60422pt x 252.99683pt.
 [283<../images/24_linearModel/Rplot24_05.png>] [284<../images/24_linearModel/sl
ide24_03.png>] [285] [286]) [287]
\openout2 = x25_HLM.aux

(./x25_HLM.tex [288




]
第26章
[289]
<../images/25_HLM/Rplot25_01.png, id=1084, 867.24pt x 578.16pt>
File: ../images/25_HLM/Rplot25_01.png Graphic file (type png)
<use ../images/25_HLM/Rplot25_01.png>
Package luatex.def Info: ../images/25_HLM/Rplot25_01.png  used on input line 50
.
(luatex.def)             Requested size: 334.60422pt x 223.07307pt.
<../images/25_HLM/Slide25_01.png, id=1085, 259.6902pt x 271.2534pt>
File: ../images/25_HLM/Slide25_01.png Graphic file (type png)
<use ../images/25_HLM/Slide25_01.png>
Package luatex.def Info: ../images/25_HLM/Slide25_01.png  used on input line 59
.
(luatex.def)             Requested size: 334.60422pt x 349.50444pt.
 [290]
Removing  `ltj.process_input_buffer' from `process_input_buffer'.
Inserting `ltj.listings_unicode' in `process_input_buffer'.
Inserting `ltj.process_input_buffer' in `process_input_buffer'.
Removing  `ltj.listings_unicode' from `process_input_buffer'. [291<../images/25_
HLM/Rplot25_01.png>]
Removing  `ltj.process_input_buffer' from `process_input_buffer'.
Inserting `ltj.listings_unicode' in `process_input_buffer'.
Inserting `ltj.process_input_buffer' in `process_input_buffer'. [292<../images/2
5_HLM/Slide25_01.png>]
Removing  `ltj.listings_unicode' from `process_input_buffer'. [293]
<../images/25_HLM/Slide25_03.png, id=1098, 396.0396pt x 258.2448pt>
File: ../images/25_HLM/Slide25_03.png Graphic file (type png)
<use ../images/25_HLM/Slide25_03.png>
Package luatex.def Info: ../images/25_HLM/Slide25_03.png  used on input line 19
0.
(luatex.def)             Requested size: 334.60422pt x 218.18509pt.
<../images/25_HLM/Rplot25_02.png, id=1099, 578.16pt x 289.08pt>
File: ../images/25_HLM/Rplot25_02.png Graphic file (type png)
<use ../images/25_HLM/Rplot25_02.png>
Package luatex.def Info: ../images/25_HLM/Rplot25_02.png  used on input line 19
9.
(luatex.def)             Requested size: 334.60422pt x 167.3004pt.
 [294] [295<../images/25_HLM/Slide25_03.png><../images/25_HLM/Rplot25_02.png>]
<../images/25_HLM/Rplot25_03.png, id=1106, 578.16pt x 289.08pt>
File: ../images/25_HLM/Rplot25_03.png Graphic file (type png)
<use ../images/25_HLM/Rplot25_03.png>
Package luatex.def Info: ../images/25_HLM/Rplot25_03.png  used on input line 22
4.
(luatex.def)             Requested size: 334.60422pt x 167.3004pt.
 [296<../images/25_HLM/Rplot25_03.png>]
<../images/25_HLM/Rplot25_04.png, id=1110, 578.16pt x 289.08pt>
File: ../images/25_HLM/Rplot25_04.png Graphic file (type png)
<use ../images/25_HLM/Rplot25_04.png>
Package luatex.def Info: ../images/25_HLM/Rplot25_04.png  used on input line 25
9.
(luatex.def)             Requested size: 334.60422pt x 167.3004pt.
 [297]
<../images/25_HLM/slide25_04.png, id=1114, 345.4506pt x 305.4612pt>
File: ../images/25_HLM/slide25_04.png Graphic file (type png)
<use ../images/25_HLM/slide25_04.png>
Package luatex.def Info: ../images/25_HLM/slide25_04.png  used on input line 27
4.
(luatex.def)             Requested size: 334.60422pt x 295.87752pt.
 [298<../images/25_HLM/Rplot25_04.png>] [299<../images/25_HLM/slide25_04.png>]
Removing  `ltj.process_input_buffer' from `process_input_buffer'.
Inserting `ltj.listings_unicode' in `process_input_buffer'.
Inserting `ltj.process_input_buffer' in `process_input_buffer'.
Removing  `ltj.listings_unicode' from `process_input_buffer'. [300]
<../images/25_HLM/Rplot25_05.png, id=1125, 867.24pt x 867.24pt>
File: ../images/25_HLM/Rplot25_05.png Graphic file (type png)
<use ../images/25_HLM/Rplot25_05.png>
Package luatex.def Info: ../images/25_HLM/Rplot25_05.png  used on input line 36
9.
(luatex.def)             Requested size: 334.60422pt x 334.60963pt.
 [301])
[302<../images/25_HLM/Rplot25_05.png>]
\openout2 = x26_mixed.aux
 (./x26_mixed.tex
第27章
<../images/26_mixed/Rplot26_01.png, id=1132, 1156.32pt x 650.43pt>
File: ../images/26_mixed/Rplot26_01.png Graphic file (type png)
<use ../images/26_mixed/Rplot26_01.png>
Package luatex.def Info: ../images/26_mixed/Rplot26_01.png  used on input line 
16.
(luatex.def)             Requested size: 334.60422pt x 188.21295pt.
[303




<../images/26_mixed/Rplot26_01.png>]
<../images/26_mixed/Rplot26_02.png, id=1136, 1156.32pt x 650.43pt>
File: ../images/26_mixed/Rplot26_02.png Graphic file (type png)
<use ../images/26_mixed/Rplot26_02.png>
Package luatex.def Info: ../images/26_mixed/Rplot26_02.png  used on input line 
41.
(luatex.def)             Requested size: 334.60422pt x 188.21295pt.
 [304]
<../images/26_mixed/slide26_01.png, id=1140, 279.9258pt x 271.7352pt>
File: ../images/26_mixed/slide26_01.png Graphic file (type png)
<use ../images/26_mixed/slide26_01.png>
Package luatex.def Info: ../images/26_mixed/slide26_01.png  used on input line 
58.
(luatex.def)             Requested size: 334.60422pt x 324.83253pt.
 [305<../images/26_mixed/Rplot26_02.png>]
<../images/26_mixed/slide26_02.png, id=1144, 353.6412pt x 263.0628pt>
File: ../images/26_mixed/slide26_02.png Graphic file (type png)
<use ../images/26_mixed/slide26_02.png>
Package luatex.def Info: ../images/26_mixed/slide26_02.png  used on input line 
71.
(luatex.def)             Requested size: 334.60422pt x 248.90874pt.
 [306<../images/26_mixed/slide26_01.png>]
Removing  `ltj.process_input_buffer' from `process_input_buffer'.
Inserting `ltj.listings_unicode' in `process_input_buffer'.
Inserting `ltj.process_input_buffer' in `process_input_buffer'.
Removing  `ltj.listings_unicode' from `process_input_buffer'. [307<../images/26_
mixed/slide26_02.png>]
Removing  `ltj.process_input_buffer' from `process_input_buffer'.
Inserting `ltj.listings_unicode' in `process_input_buffer'.
Inserting `ltj.process_input_buffer' in `process_input_buffer'.
Removing  `ltj.listings_unicode' from `process_input_buffer'.
Overfull \hbox (23.343pt too wide) detected at line 106
\OML/cmm/m/it/10 LL\OT1/cmr/m/n/10 (\OML/cmm/b/it/10 Y\OMS/cmsy/m/n/10 j\OML/cm
m/m/it/10 \OT1/cmr/m/n/10 ) = [] [](\OML/cmm/m/it/10 bernoulli\OT1/cmr/m/n/10 
(\OML/cmm/m/it/10 Y[]\OMS/cmsy/m/n/10 j\OML/cmm/m/it/10 \OT1/cmr/m/n/10 )) = [
](\OML/cmm/m/it/10 bernoulli\OT1/cmr/m/n/10 (\OML/cmm/m/it/10 Y[]\OMS/cmsy/m/n/
10 j\OML/cmm/m/it/10 \OT1/cmr/m/n/10 )) + [](\OML/cmm/m/it/10 bernoulli\OT1/cm
r/m/n/10 (\OML/cmm/m/it/10 Y[]\OMS/cmsy/m/n/10 j\OML/cmm/m/it/10 \OT1/cmr/m/n/
10 )) + [](\OML/cmm/m/it/10 bernoulli\OT1/cmr/m/n/10 (\OML/cmm/m/it/10 Y[]\OMS/
cmsy/m/n/10 j\OML/cmm/m/it/10 \OT1/cmr/m/n/10 ))
 []

[308]
Overfull \vbox (0.13808pt too high) has occurred while \output is active []


[309]
Removing  `ltj.process_input_buffer' from `process_input_buffer'.
Inserting `ltj.listings_unicode' in `process_input_buffer'.
Inserting `ltj.process_input_buffer' in `process_input_buffer'.
Removing  `ltj.listings_unicode' from `process_input_buffer'. [310]
Removing  `ltj.process_input_buffer' from `process_input_buffer'.
Inserting `ltj.listings_unicode' in `process_input_buffer'.
Inserting `ltj.process_input_buffer' in `process_input_buffer'. [311]
Removing  `ltj.listings_unicode' from `process_input_buffer'.
<../images/26_mixed/Rplot26_06.png, id=1164, 1156.32pt x 650.43pt>
File: ../images/26_mixed/Rplot26_06.png Graphic file (type png)
<use ../images/26_mixed/Rplot26_06.png>
Package luatex.def Info: ../images/26_mixed/Rplot26_06.png  used on input line 
239.
(luatex.def)             Requested size: 334.60422pt x 188.21295pt.
 [312]
<../images/26_mixed/Rplot26_03.png, id=1168, 1156.32pt x 650.43pt>
File: ../images/26_mixed/Rplot26_03.png Graphic file (type png)
<use ../images/26_mixed/Rplot26_03.png>
Package luatex.def Info: ../images/26_mixed/Rplot26_03.png  used on input line 
252.
(luatex.def)             Requested size: 334.60422pt x 188.21295pt.
 [313<../images/26_mixed/Rplot26_06.png><../images/26_mixed/Rplot26_03.png>]
<../images/26_mixed/Rplot26_04.png, id=1172, 1156.32pt x 650.43pt>
File: ../images/26_mixed/Rplot26_04.png Graphic file (type png)
<use ../images/26_mixed/Rplot26_04.png>
Package luatex.def Info: ../images/26_mixed/Rplot26_04.png  used on input line 
266.
(luatex.def)             Requested size: 334.60422pt x 188.21295pt.
<../images/26_mixed/slide26_03.png, id=1173, 356.532pt x 273.6624pt>
File: ../images/26_mixed/slide26_03.png Graphic file (type png)
<use ../images/26_mixed/slide26_03.png>
Package luatex.def Info: ../images/26_mixed/slide26_03.png  used on input line 
274.
(luatex.def)             Requested size: 334.60422pt x 256.85014pt.
 [314<../images/26_mixed/Rplot26_04.png>]
Removing  `ltj.process_input_buffer' from `process_input_buffer'.
Inserting `ltj.listings_unicode' in `process_input_buffer'.
Inserting `ltj.process_input_buffer' in `process_input_buffer'.
Overfull \hbox (9.1505pt too wide) in paragraph at lines 306--307
[][][][][][][][][][][][][][][][][][][][][][][][] 
 []

Removing  `ltj.listings_unicode' from `process_input_buffer'. [315<../images/26_
mixed/slide26_03.png>]
Removing  `ltj.process_input_buffer' from `process_input_buffer'.
Inserting `ltj.listings_unicode' in `process_input_buffer'.
Inserting `ltj.process_input_buffer' in `process_input_buffer'.
Removing  `ltj.listings_unicode' from `process_input_buffer'.
<../images/26_mixed/Rplot26_05.png, id=1180, 1156.32pt x 650.43pt>
File: ../images/26_mixed/Rplot26_05.png Graphic file (type png)
<use ../images/26_mixed/Rplot26_05.png>
Package luatex.def Info: ../images/26_mixed/Rplot26_05.png  used on input line 
350.
(luatex.def)             Requested size: 334.60422pt x 188.21295pt.
 [316]
Removing  `ltj.process_input_buffer' from `process_input_buffer'.
Inserting `ltj.listings_unicode' in `process_input_buffer'.
Inserting `ltj.process_input_buffer' in `process_input_buffer'.
Overfull \hbox (25.35066pt too wide) in paragraph at lines 384--385
[][][][][][][][][][][][][][][][][][][][][][][][][][] 
 []

Removing  `ltj.listings_unicode' from `process_input_buffer'. [317<../images/26_
mixed/Rplot26_05.png>]
<../images/26_mixed/slide26_04.png, id=1187, 483.7272pt x 313.6518pt>
File: ../images/26_mixed/slide26_04.png Graphic file (type png)
<use ../images/26_mixed/slide26_04.png>
Package luatex.def Info: ../images/26_mixed/slide26_04.png  used on input line 
396.
(luatex.def)             Requested size: 334.60422pt x 216.96077pt.
) [318<../images/26_mixed/slide26_04.png>]
\openout2 = x27_IRTonBayes.aux
 (./x27_IRTonBayes.tex
第28章
[319




]
<../images/27_IRTonBayes/Rplot27_01.png, id=1195, 1156.32pt x 1156.32pt>
File: ../images/27_IRTonBayes/Rplot27_01.png Graphic file (type png)
<use ../images/27_IRTonBayes/Rplot27_01.png>
Package luatex.def Info: ../images/27_IRTonBayes/Rplot27_01.png  used on input 
line 41.
(luatex.def)             Requested size: 334.60422pt x 334.60081pt.
 [320<../images/27_IRTonBayes/Rplot27_01.png>]
<../images/27_IRTonBayes/Slide27_01.png, id=1201, 360.8682pt x 305.943pt>
File: ../images/27_IRTonBayes/Slide27_01.png Graphic file (type png)
<use ../images/27_IRTonBayes/Slide27_01.png>
Package luatex.def Info: ../images/27_IRTonBayes/Slide27_01.png  used on input 
line 55.
(luatex.def)             Requested size: 334.60422pt x 283.69307pt.
Removing  `ltj.process_input_buffer' from `process_input_buffer'.
Inserting `ltj.listings_unicode' in `process_input_buffer'.
Inserting `ltj.process_input_buffer' in `process_input_buffer'. [321<../images/2
7_IRTonBayes/Slide27_01.png>]
Removing  `ltj.listings_unicode' from `process_input_buffer'.
Removing  `ltj.process_input_buffer' from `process_input_buffer'.
Inserting `ltj.listings_unicode' in `process_input_buffer'.
Inserting `ltj.process_input_buffer' in `process_input_buffer'.
Removing  `ltj.listings_unicode' from `process_input_buffer'.
Removing  `ltj.process_input_buffer' from `process_input_buffer'.
Inserting `ltj.listings_unicode' in `process_input_buffer'.
Inserting `ltj.process_input_buffer' in `process_input_buffer'. [322]
Removing  `ltj.listings_unicode' from `process_input_buffer'.
Removing  `ltj.process_input_buffer' from `process_input_buffer'.
Inserting `ltj.listings_unicode' in `process_input_buffer'.
Inserting `ltj.process_input_buffer' in `process_input_buffer'.
Removing  `ltj.listings_unicode' from `process_input_buffer'.
<../images/27_IRTonBayes/Rplot27_02.png, id=1210, 1156.32pt x 1156.32pt>
File: ../images/27_IRTonBayes/Rplot27_02.png Graphic file (type png)
<use ../images/27_IRTonBayes/Rplot27_02.png>
Package luatex.def Info: ../images/27_IRTonBayes/Rplot27_02.png  used on input 
line 177.
(luatex.def)             Requested size: 334.60422pt x 334.60081pt.
 [323] [324<../images/27_IRTonBayes/Rplot27_02.png>]
Removing  `ltj.process_input_buffer' from `process_input_buffer'.
Inserting `ltj.listings_unicode' in `process_input_buffer'.
Inserting `ltj.process_input_buffer' in `process_input_buffer'.
[325]
Removing  `ltj.listings_unicode' from `process_input_buffer'.
Removing  `ltj.process_input_buffer' from `process_input_buffer'.
Inserting `ltj.listings_unicode' in `process_input_buffer'.
Inserting `ltj.process_input_buffer' in `process_input_buffer'.
Removing  `ltj.listings_unicode' from `process_input_buffer'. [326]
Removing  `ltj.process_input_buffer' from `process_input_buffer'.
Inserting `ltj.listings_unicode' in `process_input_buffer'.
Inserting `ltj.process_input_buffer' in `process_input_buffer'. [327]
Removing  `ltj.listings_unicode' from `process_input_buffer'.) [328]
\openout2 = x28_ChangePoint.aux
 (./x28_Cha
ngePoint.tex
第29章
<../images/28_ChangePoint/Rplot28_01.png, id=1231, 1156.32pt x 650.43pt>
File: ../images/28_ChangePoint/Rplot28_01.png Graphic file (type png)
<use ../images/28_ChangePoint/Rplot28_01.png>
Package luatex.def Info: ../images/28_ChangePoint/Rplot28_01.png  used on input
 line 15.
(luatex.def)             Requested size: 334.60422pt x 188.21295pt.
<../images/28_ChangePoint/Rplot28_02.png, id=1232, 1156.32pt x 650.43pt>
File: ../images/28_ChangePoint/Rplot28_02.png Graphic file (type png)
<use ../images/28_ChangePoint/Rplot28_02.png>
Package luatex.def Info: ../images/28_ChangePoint/Rplot28_02.png  used on input
 line 26.
(luatex.def)             Requested size: 334.60422pt x 188.21295pt.
[329




<../images/28_ChangePoint/Rplot28_01.png>]
Removing  `ltj.process_input_buffer' from `process_input_buffer'.
Inserting `ltj.listings_unicode' in `process_input_buffer'.
Inserting `ltj.process_input_buffer' in `process_input_buffer'. [330<../images/2
8_ChangePoint/Rplot28_02.png>]
Removing  `ltj.listings_unicode' from `process_input_buffer'.
Removing  `ltj.process_input_buffer' from `process_input_buffer'.
Inserting `ltj.listings_unicode' in `process_input_buffer'.
Inserting `ltj.process_input_buffer' in `process_input_buffer'.
Removing  `ltj.listings_unicode' from `process_input_buffer'.
<../images/28_ChangePoint/Rplot28_03.png, id=1240, 1156.32pt x 650.43pt>
File: ../images/28_ChangePoint/Rplot28_03.png Graphic file (type png)
<use ../images/28_ChangePoint/Rplot28_03.png>
Package luatex.def Info: ../images/28_ChangePoint/Rplot28_03.png  used on input
 line 85.
(luatex.def)             Requested size: 334.60422pt x 188.21295pt.
 [331<../images/28_ChangePoint/Rplot28_03.png>]
<../images/28_ChangePoint/Rplot28_04.png, id=1244, 1156.32pt x 650.43pt>
File: ../images/28_ChangePoint/Rplot28_04.png Graphic file (type png)
<use ../images/28_ChangePoint/Rplot28_04.png>
Package luatex.def Info: ../images/28_ChangePoint/Rplot28_04.png  used on input
 line 99.
(luatex.def)             Requested size: 334.60422pt x 188.21295pt.
 [332<../images/28_ChangePoint/Rplot28_04.png>]
<../images/28_ChangePoint/slide28_01.png, id=1248, 391.7034pt x 236.082pt>
File: ../images/28_ChangePoint/slide28_01.png Graphic file (type png)
<use ../images/28_ChangePoint/slide28_01.png>
Package luatex.def Info: ../images/28_ChangePoint/slide28_01.png  used on input
 line 119.
(luatex.def)             Requested size: 334.60422pt x 201.67207pt.
Removing  `ltj.process_input_buffer' from `process_input_buffer'.
Inserting `ltj.listings_unicode' in `process_input_buffer'.
Inserting `ltj.process_input_buffer' in `process_input_buffer'. [333<../images/2
8_ChangePoint/slide28_01.png>]
Removing  `ltj.listings_unicode' from `process_input_buffer'.
<../images/28_ChangePoint/Rplot28_05.png, id=1252, 1156.32pt x 650.43pt>
File: ../images/28_ChangePoint/Rplot28_05.png Graphic file (type png)
<use ../images/28_ChangePoint/Rplot28_05.png>
Package luatex.def Info: ../images/28_ChangePoint/Rplot28_05.png  used on input
 line 181.
(luatex.def)             Requested size: 334.60422pt x 188.21295pt.
<../images/28_ChangePoint/Rplot28_06.png, id=1253, 1156.32pt x 650.43pt>
File: ../images/28_ChangePoint/Rplot28_06.png Graphic file (type png)
<use ../images/28_ChangePoint/Rplot28_06.png>
Package luatex.def Info: ../images/28_ChangePoint/Rplot28_06.png  used on input
 line 192.
(luatex.def)             Requested size: 334.60422pt x 188.21295pt.
<../images/28_ChangePoint/slide28_02.png, id=1254, 349.7868pt x 248.127pt>
File: ../images/28_ChangePoint/slide28_02.png Graphic file (type png)
<use ../images/28_ChangePoint/slide28_02.png>
Package luatex.def Info: ../images/28_ChangePoint/slide28_02.png  used on input
 line 204.
(luatex.def)             Requested size: 334.60422pt x 237.35867pt.

[334]
Removing  `ltj.process_input_buffer' from `process_input_buffer'.
Inserting `ltj.listings_unicode' in `process_input_buffer'.
Inserting `ltj.process_input_buffer' in `process_input_buffer'. [335<../images/2
8_ChangePoint/Rplot28_05.png><../images/28_ChangePoint/Rplot28_06.png>]
Removing  `ltj.listings_unicode' from `process_input_buffer'. [336<../images/28_
ChangePoint/slide28_02.png>]
<../images/28_ChangePoint/Rplot28_07.png, id=1264, 1156.32pt x 650.43pt>
File: ../images/28_ChangePoint/Rplot28_07.png Graphic file (type png)
<use ../images/28_ChangePoint/Rplot28_07.png>
Package luatex.def Info: ../images/28_ChangePoint/Rplot28_07.png  used on input
 line 262.
(luatex.def)             Requested size: 334.60422pt x 188.21295pt.
Removing  `ltj.process_input_buffer' from `process_input_buffer'.
Inserting `ltj.listings_unicode' in `process_input_buffer'.
Inserting `ltj.process_input_buffer' in `process_input_buffer'. [337<../images/2
8_ChangePoint/Rplot28_07.png>]
Removing  `ltj.listings_unicode' from `process_input_buffer'.
<../images/28_ChangePoint/Rplot28_08.png, id=1268, 1156.32pt x 650.43pt>
File: ../images/28_ChangePoint/Rplot28_08.png Graphic file (type png)
<use ../images/28_ChangePoint/Rplot28_08.png>
Package luatex.def Info: ../images/28_ChangePoint/Rplot28_08.png  used on input
 line 292.
(luatex.def)             Requested size: 334.60422pt x 188.21295pt.
 [338<../images/28_ChangePoint/Rplot28_08.png>])
[339]
\openout2 = x29_SSpace.aux
 (./x29_SSpace.tex [340




]
第30章
[341]
<../images/29_SSpace/slide29_01.png, id=1282, 330.5148pt x 193.2018pt>
File: ../images/29_SSpace/slide29_01.png Graphic file (type png)
<use ../images/29_SSpace/slide29_01.png>
Package luatex.def Info: ../images/29_SSpace/slide29_01.png  used on input line
 34.
(luatex.def)             Requested size: 334.60422pt x 195.59804pt.
<../images/29_SSpace/slide29_02.png, id=1283, 453.3738pt x 335.8146pt>
File: ../images/29_SSpace/slide29_02.png Graphic file (type png)
<use ../images/29_SSpace/slide29_02.png>
Package luatex.def Info: ../images/29_SSpace/slide29_02.png  used on input line
 45.
(luatex.def)             Requested size: 334.60422pt x 247.85327pt.
 [342]
Removing  `ltj.process_input_buffer' from `process_input_buffer'.
Inserting `ltj.listings_unicode' in `process_input_buffer'.
Inserting `ltj.process_input_buffer' in `process_input_buffer'. [343<../images/2
9_SSpace/slide29_01.png><../images/29_SSpace/slide29_02.png>]
Removing  `ltj.listings_unicode' from `process_input_buffer'.
<../images/29_SSpace/Rplot29_01.png, id=1290, 1156.32pt x 650.43pt>
File: ../images/29_SSpace/Rplot29_01.png Graphic file (type png)
<use ../images/29_SSpace/Rplot29_01.png>
Package luatex.def Info: ../images/29_SSpace/Rplot29_01.png  used on input line
 92.
(luatex.def)             Requested size: 334.60422pt x 188.21295pt.
Removing  `ltj.process_input_buffer' from `process_input_buffer'.
Inserting `ltj.listings_unicode' in `process_input_buffer'.
Inserting `ltj.process_input_buffer' in `process_input_buffer'. [344] [345<../im
ages/29_SSpace/Rplot29_01.png>]
Removing  `ltj.listings_unicode' from `process_input_buffer'.
<../images/29_SSpace/Rplot29_02.png, id=1297, 1156.32pt x 650.43pt>
File: ../images/29_SSpace/Rplot29_02.png Graphic file (type png)
<use ../images/29_SSpace/Rplot29_02.png>
Package luatex.def Info: ../images/29_SSpace/Rplot29_02.png  used on input line
 157.
(luatex.def)             Requested size: 334.60422pt x 188.21295pt.
Removing  `ltj.process_input_buffer' from `process_input_buffer'.
Inserting `ltj.listings_unicode' in `process_input_buffer'.
Inserting `ltj.process_input_buffer' in `process_input_buffer'. [346<../images/2
9_SSpace/Rplot29_02.png>]
Removing  `ltj.listings_unicode' from `process_input_buffer'.
<../images/29_SSpace/slide29_03.png, id=1301, 310.2792pt x 193.2018pt>
File: ../images/29_SSpace/slide29_03.png Graphic file (type png)
<use ../images/29_SSpace/slide29_03.png>
Package luatex.def Info: ../images/29_SSpace/slide29_03.png  used on input line
 202.
(luatex.def)             Requested size: 334.60422pt x 208.3659pt.
Removing  `ltj.process_input_buffer' from `process_input_buffer'.
Inserting `ltj.listings_unicode' in `process_input_buffer'.
Inserting `ltj.process_input_buffer' in `process_input_buffer'. [347]
Removing  `ltj.listings_unicode' from `process_input_buffer'. [348<../images/29_
SSpace/slide29_03.png>]
Removing  `ltj.process_input_buffer' from `process_input_buffer'.
Inserting `ltj.listings_unicode' in `process_input_buffer'.
Inserting `ltj.process_input_buffer' in `process_input_buffer'. [349]
Removing  `ltj.listings_unicode' from `process_input_buffer'.
Removing  `ltj.process_input_buffer' from `process_input_buffer'.
Inserting `ltj.listings_unicode' in `process_input_buffer'.
Inserting `ltj.process_input_buffer' in `process_input_buffer'.
Removing  `ltj.listings_unicode' from `process_input_buffer'.
Removing  `ltj.process_input_buffer' from `process_input_buffer'.
Inserting `ltj.listings_unicode' in `process_input_buffer'.
Inserting `ltj.process_input_buffer' in `process_input_buffer'.
[350] [351]
Removing  `ltj.listings_unicode' from `process_input_buffer'.
<../images/29_SSpace/Rplot29_03.png, id=1318, 1156.32pt x 650.43pt>
File: ../images/29_SSpace/Rplot29_03.png Graphic file (type png)
<use ../images/29_SSpace/Rplot29_03.png>
Package luatex.def Info: ../images/29_SSpace/Rplot29_03.png  used on input line
 383.
(luatex.def)             Requested size: 334.60422pt x 188.21295pt.
<../images/29_SSpace/Rplot29_04.png, id=1319, 1156.32pt x 650.43pt>
File: ../images/29_SSpace/Rplot29_04.png Graphic file (type png)
<use ../images/29_SSpace/Rplot29_04.png>
Package luatex.def Info: ../images/29_SSpace/Rplot29_04.png  used on input line
 395.
(luatex.def)             Requested size: 334.60422pt x 188.21295pt.
 [352]
Removing  `ltj.process_input_buffer' from `process_input_buffer'.
Inserting `ltj.listings_unicode' in `process_input_buffer'.
Inserting `ltj.process_input_buffer' in `process_input_buffer'. [353<../images/2
9_SSpace/Rplot29_03.png><../images/29_SSpace/Rplot29_04.png>]
Removing  `ltj.listings_unicode' from `process_input_buffer'.
Removing  `ltj.process_input_buffer' from `process_input_buffer'.
Inserting `ltj.listings_unicode' in `process_input_buffer'.
Inserting `ltj.process_input_buffer' in `process_input_buffer'. [354]
Removing  `ltj.listings_unicode' from `process_input_buffer'.
<../images/29_SSpace/Rplot29_05.png, id=1329, 1156.32pt x 650.43pt>
File: ../images/29_SSpace/Rplot29_05.png Graphic file (type png)
<use ../images/29_SSpace/Rplot29_05.png>
Package luatex.def Info: ../images/29_SSpace/Rplot29_05.png  used on input line
 466.
(luatex.def)             Requested size: 334.60422pt x 188.21295pt.
Removing  `ltj.process_input_buffer' from `process_input_buffer'.
Inserting `ltj.listings_unicode' in `process_input_buffer'.
Inserting `ltj.process_input_buffer' in `process_input_buffer'. [355<../images/2
9_SSpace/Rplot29_05.png>]
Removing  `ltj.listings_unicode' from `process_input_buffer'.) [356]
\openout2 = x30_comparison.aux

(./x30_comparison.tex
第31章
[357




] [358] [359] [360] [361] [362] [363]) [364] (../../common_contents/FAQ.tex
付録A
<../../common_contents/figures/RstudioFileEditor.png, id=1361, 569.12625pt x 50
8.90125pt>
File: ../../common_contents/figures/RstudioFileEditor.png Graphic file (type pn
g)
<use ../../common_contents/figures/RstudioFileEditor.png>
Package luatex.def Info: ../../common_contents/figures/RstudioFileEditor.png  u
sed on input line 22.
(luatex.def)             Requested size: 334.60422pt x 299.2086pt.
[365



]
<../../common_contents/figures/RmdFile.png, id=1365, 892.33376pt x 721.69624pt>

File: ../../common_contents/figures/RmdFile.png Graphic file (type png)
<use ../../common_contents/figures/RmdFile.png>
Package luatex.def Info: ../../common_contents/figures/RmdFile.png  used on inp
ut line 35.
(luatex.def)             Requested size: 334.60422pt x 270.62442pt.
 [366<../../common_contents/figures/RstudioFileEditor.png>]
<../../common_contents/figures/InsertChunk.png, id=1369, 1068.99374pt x 365.365
pt>
File: ../../common_contents/figures/InsertChunk.png Graphic file (type png)
<use ../../common_contents/figures/InsertChunk.png>
Package luatex.def Info: ../../common_contents/figures/InsertChunk.png  used on
 input line 47.
(luatex.def)             Requested size: 334.60422pt x 114.36024pt.
<../../common_contents/figures/RmdKnit.png, id=1370, 1128.215pt x 311.1625pt>
File: ../../common_contents/figures/RmdKnit.png Graphic file (type png)
<use ../../common_contents/figures/RmdKnit.png>
Package luatex.def Info: ../../common_contents/figures/RmdKnit.png  used on inp
ut line 57.
(luatex.def)             Requested size: 334.60422pt x 92.28592pt.
 [367<../../common_contents/figures/RmdFile.png><../../common_contents/figures/I
nsertChunk.png>]
Removing  `ltj.process_input_buffer' from `process_input_buffer'.
Inserting `ltj.listings_unicode' in `process_input_buffer'.
Inserting `ltj.process_input_buffer' in `process_input_buffer'.
Removing  `ltj.listings_unicode' from `process_input_buffer'. [368<../../common_
contents/figures/RmdKnit.png>] [369]
<../../common_contents/figures/FAQ01.png, id=1381, 1674.255pt x 1255.69125pt>
File: ../../common_contents/figures/FAQ01.png Graphic file (type png)
<use ../../common_contents/figures/FAQ01.png>
Package luatex.def Info: ../../common_contents/figures/FAQ01.png  used on input
 line 107.
(luatex.def)             Requested size: 334.60422pt x 250.9422pt.
 [370<../../common_contents/figures/FAQ01.png>] [371](load cache: extra_lmroman7
-italic.luc)
LaTeX Font Info:    Font shape `JT3/BIZUDPMinchoMedium(0)/m/it' will be
(Font)              scaled to size 6.47299pt on input line 183.
LaTeX Font Info:    Font shape `JY3/BIZUDPMinchoMedium(0)/m/it' will be
(Font)              scaled to size 6.47299pt on input line 183.
LaTeX Font Info:    Font shape `JT3/BIZUDPMinchoMedium(0)/m/it' will be
(Font)              scaled to size 5.54828pt on input line 183.
LaTeX Font Info:    Font shape `JY3/BIZUDPMinchoMedium(0)/m/it' will be
(Font)              scaled to size 5.54828pt on input line 183.
 [372] [373] [374])
(../../Scaling/tex/H01_ProofOfLikert.tex [375] [376

]
付録B
[377]) (../../common_contents/Computer.tex [378] [379] [380

]
付録C
[381] [382]
<../../common_contents/figures/computer_01.png, id=1423, 1177.39874pt x 559.088
75pt>
File: ../../common_contents/figures/computer_01.png Graphic file (type png)
<use ../../common_contents/figures/computer_01.png>
Package luatex.def Info: ../../common_contents/figures/computer_01.png  used on
 input line 39.
(luatex.def)             Requested size: 334.60422pt x 158.8898pt.
 [383] [384<../../common_contents/figures/computer_01.png>] [385]
[386] [387]
<../../common_contents/figures/computer_06.png, id=1439, 837.1275pt x 476.78125
pt>
File: ../../common_contents/figures/computer_06.png Graphic file (type png)
<use ../../common_contents/figures/computer_06.png>
Package luatex.def Info: ../../common_contents/figures/computer_06.png  used on
 input line 92.
(luatex.def)             Requested size: 334.60422pt x 190.57089pt.
 [388<../../common_contents/figures/computer_06.png>] [389]
Removing  `ltj.process_input_buffer' from `process_input_buffer'.
Inserting `ltj.listings_unicode' in `process_input_buffer'.
Inserting `ltj.process_input_buffer' in `process_input_buffer'.
Removing  `ltj.listings_unicode' from `process_input_buffer'.
Removing  `ltj.process_input_buffer' from `process_input_buffer'.
Inserting `ltj.listings_unicode' in `process_input_buffer'.
Inserting `ltj.process_input_buffer' in `process_input_buffer'.
Removing  `ltj.listings_unicode' from `process_input_buffer'.
Removing  `ltj.process_input_buffer' from `process_input_buffer'.
Inserting `ltj.listings_unicode' in `process_input_buffer'.
Inserting `ltj.process_input_buffer' in `process_input_buffer'.
Removing  `ltj.listings_unicode' from `process_input_buffer'. [390]
[391]) (../../common_contents/Greeks.tex [392]
付録D
) (../../common_contents/keyboards.tex [393

] [394

]
付録E
(load cache: extra_lmmono12-regular.luc)
Overfull \hbox (44.15285pt too wide) in paragraph at lines 34--65
 [][] 
 []

<../../common_contents/figures/JapaneseKeyChange.png, id=1462, 282.05376pt x 26
4.99pt>
File: ../../common_contents/figures/JapaneseKeyChange.png Graphic file (type pn
g)
<use ../../common_contents/figures/JapaneseKeyChange.png>
Package luatex.def Info: ../../common_contents/figures/JapaneseKeyChange.png  u
sed on input line 73.
(luatex.def)             Requested size: 113.81102pt x 106.9241pt.
<../../common_contents/figures/JPkeyAssign.png, id=1463, 925.4575pt x 517.935pt
>
File: ../../common_contents/figures/JPkeyAssign.png Graphic file (type png)
<use ../../common_contents/figures/JPkeyAssign.png>
Package luatex.def Info: ../../common_contents/figures/JPkeyAssign.png  used on
 input line 79.
(luatex.def)             Requested size: 334.60422pt x 187.26256pt.
<../../common_contents/figures/usKeyAssign.png, id=1464, 837.1275pt x 545.03625
pt>
File: ../../common_contents/figures/usKeyAssign.png Graphic file (type png)
<use ../../common_contents/figures/usKeyAssign.png>
Package luatex.def Info: ../../common_contents/figures/usKeyAssign.png  used on
 input line 85.
(luatex.def)             Requested size: 334.60422pt x 217.85262pt.
) [395] [396<../../common_contents/figures/JapaneseKeyChange.png>] [397<../../co
mmon_contents/figures/JPkeyAssign.png><../../common_contents/figures/usKeyAssign
.png>] [398

]
付録F
(../../syllabus2/a01_introduction.tex [399]) (../../syllabus2/a02_scaling.tex
[400]) (../../syllabus2/a03_testTheory.tex [401] [402])
(../../syllabus2/a04_IRT.tex [403]) (../../syllabus2/a05_GRM.tex [404])
(../../syllabus2/a06_matrix.tex [405]) (../../syllabus2/a07_matrixModel.tex
[406] [407]) (../../syllabus2/a08_Eigen.tex [408])
(../../syllabus2/a09_matrix_onR.tex [409]) (../../syllabus2/a10_FA.tex [410]
[411]) (../../syllabus2/a11_IRTonR.tex [412]) (../../syllabus2/a12_SEM.tex
[413] [414]) (../../syllabus2/a13_SEMonR.tex [415] [416])
(../../syllabus2/a14_DualuScaling.tex [417]) (../../syllabus2/a15_MDS.tex
[418] [419]) (../../syllabus2/a16_Programming.tex [420])
(../../syllabus2/a17_Bayesian.tex [421] [422]) (../../syllabus2/a18_MCMC.tex
[423]) (../../syllabus2/a19_modeling1.tex [424] [425])
(../../syllabus2/a20_modeling2.tex [426]) (../../syllabus2/a21_modeling3.tex
[427]) (../../syllabus2/a22_modeling4.tex [428])
(../../syllabus2/a23_modeling5.tex [429] [430])
(../../syllabus2/a24_linearModel.tex [431]) (../../syllabus2/a25_HLM.tex
[432]) (../../syllabus2/a26_mixed.tex [433])
(../../syllabus2/a27_IRTonBayes.tex [434]) (../../syllabus2/a28_ChangePoint.tex
[435]) (../../syllabus2/a29_SSpace.tex [436] [437])
(../../syllabus2/a30_comparison.tex [438]) (./tmp.bbl [439] [440

] [441]
[442] [443]) (./tmp.ind [444]
LaTeX Font Info:    Font shape `JT3/gt/b/n' in size <8> not available
(Font)              Font shape `JT3/gt/m/n' tried instead on input line 2.
LaTeX Font Info:    Font shape `JT3/gt/m/n' will be
(Font)              scaled to size 7.3977pt on input line 2.
LaTeX Font Info:    Font shape `JY3/gt/b/n' in size <8> not available
(Font)              Font shape `JY3/gt/m/n' tried instead on input line 2.
LaTeX Font Info:    Font shape `JY3/gt/m/n' will be
(Font)              scaled to size 7.3977pt on input line 2.
(load cache: extra_lmroman12-bold.luc)
LaTeX Font Info:    Font shape `JT3/gt/b/n' in size <12> not available
(Font)              Font shape `JT3/gt/m/n' tried instead on input line 2.
LaTeX Font Info:    Font shape `JT3/gt/m/n' will be
(Font)              scaled to size 11.09656pt on input line 2.
LaTeX Font Info:    Font shape `JY3/gt/b/n' in size <12> not available
(Font)              Font shape `JY3/gt/m/n' tried instead on input line 2.
LaTeX Font Info:    Font shape `JY3/gt/m/n' will be
(Font)              scaled to size 11.09656pt on input line 2.
 [445


] [446] [447] [448

]) (./tmp.aux
(./x01_introduction.aux) (./x02_scaling.aux) (./x03_testTheory.aux)
(./x04_IRT.aux) (./x05_GRM.aux) (./x06_matrix.aux) (./x07_matrixModel.aux)
(./x08_Eigen.aux) (./x09_matrix_onR.aux) (./x10_FA.aux) (./x11_IRTonR.aux)
(./x12_SEM.aux) (./x13_SEMonR.aux) (./x14_DualScaling.aux) (./x15_MDS.aux)
(./x16_Programming.aux) (./x17_Bayesian.aux) (./prepareStan.aux)
(./x18_MCMC.aux) (./x19_modeling1.aux) (./x20_modeling2.aux)
(./x21_modeling3.aux) (./x22_modeling4.aux) (./x23_modeling5.aux)
(./x24_linearModel.aux) (./x25_HLM.aux) (./x26_mixed.aux) (./x27_IRTonBayes.aux
) (./x28_ChangePoint.aux) (./x29_SSpace.aux) (./x30_comparison.aux)))

Here is how much of LuaTeX's memory you used:
 51028 strings out of 478364
 746627,1977958 words of node,token memory allocated
 118787 words of node memory still in use:
   11 hlist, 2 vlist, 5 rule, 354 glue, 4 kern, 1 glyph, 53009 attribute, 68 glu
e_spec, 4814 attribute_list, 4 write, 14 user_defined nodes
   avail lists: 1:35,2:118002,3:2918,4:12301,5:3291,6:284,7:9778,8:122,9:11639,1
0:49,11:262
 67586 multiletter control sequences out of 65536+600000
 166 fonts using 119375871 bytes
 118i,18n,113p,4285b,2716s stack positions out of 10000i,1000n,20000p,200000b,200000s
</usr/local/texlive/2023/texmf-dist/fonts/opentype/public/lm/lmroman12-bold.otf>
</usr/local/texlive/2023/texmf-dist/fonts/opentype/public/lm/lmmono12-regular.ot
f></usr/local/texlive/2023/texmf-dist/fonts/opentype/public/lm/lmroman7-italic.o
tf></usr/local/texlive/2023/texmf-dist/fonts/opentype/public/lm/lmroman10-italic
.otf></usr/local/texlive/2023/texmf-dist/fonts/opentype/public/lm/lmsans10-bold.
otf></usr/local/texlive/2023/texmf-dist/fonts/opentype/public/lm/lmmono9-regular
.otf></usr/local/texlive/2023/texmf-dist/fonts/opentype/public/lm/lmmono8-regula
r.otf>{/usr/local/texlive/2023/texmf-dist/fonts/enc/dvips/lm/lm-mathsy.enc}</usr
/local/texlive/2023/texmf-dist/fonts/opentype/public/lm/lmroman9-regular.otf></u
sr/local/texlive/2023/texmf-dist/fonts/opentype/public/lm/lmroman8-regular.otf><
/usr/local/texlive/2023/texmf-dist/fonts/opentype/public/lm/lmroman8-bold.otf></
usr/local/texlive/2023/texmf-dist/fonts/opentype/public/lm/lmromanslant10-regula
r.otf></usr/local/texlive/2023/texmf-dist/fonts/opentype/public/lm/lmroman6-regu
lar.otf></usr/local/texlive/2023/texmf-dist/fonts/opentype/public/lm/lmroman7-re
gular.otf></usr/local/texlive/2023/texmf-dist/fonts/opentype/public/lm/lmsans8-r
egular.otf></usr/local/texlive/2023/texmf-dist/fonts/opentype/public/lm/lmsans17
-regular.otf></usr/local/texlive/2023/texmf-dist/fonts/opentype/public/lm/lmsans
12-regular.otf></usr/local/texlive/2023/texmf-dist/fonts/opentype/public/lm/lmro
man10-bold.otf></usr/local/texlive/2023/texmf-dist/fonts/opentype/public/lm/lmsa
ns10-regular.otf></Library/Fonts/BIZ-UDGothicB.ttc></usr/local/texlive/2023/texm
f-dist/fonts/opentype/public/haranoaji/HaranoAjiGothic-Medium.otf></usr/local/te
xlive/2023/texmf-dist/fonts/opentype/public/lm/lmroman12-regular.otf></usr/local
/texlive/2023/texmf-dist/fonts/opentype/public/lm/lmmono10-regular.otf></Library
/Fonts/BIZ-UDMinchoM.ttc></usr/local/texlive/2023/texmf-dist/fonts/opentype/publ
ic/lm/lmroman10-regular.otf></usr/local/texlive/2023/texmf-dist/fonts/type1/publ
ic/amsfonts/cm/cmbsy10.pfb></usr/local/texlive/2023/texmf-dist/fonts/type1/publi
c/amsfonts/cmextra/cmbsy5.pfb></usr/local/texlive/2023/texmf-dist/fonts/type1/pu
blic/amsfonts/cmextra/cmbsy6.pfb></usr/local/texlive/2023/texmf-dist/fonts/type1
/public/amsfonts/cmextra/cmbsy7.pfb></usr/local/texlive/2023/texmf-dist/fonts/ty
pe1/public/amsfonts/cm/cmbx10.pfb></usr/local/texlive/2023/texmf-dist/fonts/type
1/public/amsfonts/cm/cmbx7.pfb></usr/local/texlive/2023/texmf-dist/fonts/type1/p
ublic/amsfonts/cm/cmbx8.pfb></usr/local/texlive/2023/texmf-dist/fonts/type1/publ
ic/amsfonts/cm/cmex10.pfb></usr/local/texlive/2023/texmf-dist/fonts/type1/public
/amsfonts/cmextra/cmex8.pfb></usr/local/texlive/2023/texmf-dist/fonts/type1/publ
ic/amsfonts/cm/cmmi10.pfb></usr/local/texlive/2023/texmf-dist/fonts/type1/public
/amsfonts/cm/cmmi12.pfb></usr/local/texlive/2023/texmf-dist/fonts/type1/public/a
msfonts/cm/cmmi5.pfb></usr/local/texlive/2023/texmf-dist/fonts/type1/public/amsf
onts/cm/cmmi6.pfb></usr/local/texlive/2023/texmf-dist/fonts/type1/public/amsfont
s/cm/cmmi7.pfb></usr/local/texlive/2023/texmf-dist/fonts/type1/public/amsfonts/c
m/cmmi8.pfb></usr/local/texlive/2023/texmf-dist/fonts/type1/public/amsfonts/cm/c
mmi9.pfb></usr/local/texlive/2023/texmf-dist/fonts/type1/public/amsfonts/cm/cmmi
b10.pfb></usr/local/texlive/2023/texmf-dist/fonts/type1/public/amsfonts/cmextra/
cmmib7.pfb></usr/local/texlive/2023/texmf-dist/fonts/type1/public/amsfonts/cmext
ra/cmmib8.pfb></usr/local/texlive/2023/texmf-dist/fonts/type1/public/amsfonts/cm
/cmr10.pfb></usr/local/texlive/2023/texmf-dist/fonts/type1/public/amsfonts/cm/cm
r5.pfb></usr/local/texlive/2023/texmf-dist/fonts/type1/public/amsfonts/cm/cmr6.p
fb></usr/local/texlive/2023/texmf-dist/fonts/type1/public/amsfonts/cm/cmr7.pfb><
/usr/local/texlive/2023/texmf-dist/fonts/type1/public/amsfonts/cm/cmr8.pfb></usr
/local/texlive/2023/texmf-dist/fonts/type1/public/amsfonts/cm/cmr9.pfb></usr/loc
al/texlive/2023/texmf-dist/fonts/type1/public/amsfonts/cm/cmsy10.pfb></usr/local
/texlive/2023/texmf-dist/fonts/type1/public/amsfonts/cm/cmsy5.pfb></usr/local/te
xlive/2023/texmf-dist/fonts/type1/public/amsfonts/cm/cmsy6.pfb></usr/local/texli
ve/2023/texmf-dist/fonts/type1/public/amsfonts/cm/cmsy7.pfb></usr/local/texlive/
2023/texmf-dist/fonts/type1/public/amsfonts/cm/cmsy8.pfb></usr/local/texlive/202
3/texmf-dist/fonts/type1/public/amsfonts/cm/cmsy9.pfb></usr/local/texlive/2023/t
exmf-dist/fonts/type1/public/amsfonts/cm/cmtt9.pfb></usr/local/texlive/2023/texm
f-dist/fonts/type1/public/lm/lmsy10.pfb>
Output written on tmp.pdf (450 pages, 47488463 bytes).

PDF statistics: 1918 PDF objects out of 2073 (max. 8388607)
 0 named destinations out of 1000 (max. 131072)
 201 words of extra memory for PDF output out of 10000 (max. 100000000)

