This is LuaHBTeX, Version 1.18.0 (TeX Live 2024)  (format=lualatex 2024.4.13)  13 APR 2024 10:59
 restricted system commands enabled.
**tmp
(./tmp.tex
LaTeX2e <2023-11-01> patch level 1
L3 programming layer <2024-03-14>
Lua module: luaotfload 2024-02-14 3.28 Lua based OpenType font support
Lua module: lualibs 2023-07-13 2.76 ConTeXt Lua standard libraries.
Lua module: lualibs-extended 2023-07-13 2.76 ConTeXt Lua libraries -- extended c
ollection.
luaotfload | conf : Root cache directory is "/Users/napier3/Library/texlive/2024
/texmf-var/luatex-cache/generic/names".
luaotfload | init : Loading fontloader "fontloader-2023-12-28.lua" from kpse-res
olved path "/usr/local/texlive/2024/texmf-dist/tex/luatex/luaotfload/fontloader-
2023-12-28.lua".
Lua-only attribute luaotfload@noligature = 1
luaotfload | init : Context OpenType loader version 3.134
Inserting `luaotfload.node_processor' in `pre_linebreak_filter'.
Inserting `luaotfload.node_processor' in `hpack_filter'.
Inserting `luaotfload.glyph_stream' in `glyph_stream_provider'.
Inserting `luaotfload.define_font' in `define_font'.
Lua-only attribute luaotfload_color_attribute = 2
luaotfload | conf : Root cache directory is "/Users/napier3/Library/texlive/2024
/texmf-var/luatex-cache/generic/names".
Inserting `luaotfload.harf.strip_prefix' in `find_opentype_file'.
Inserting `luaotfload.harf.strip_prefix' in `find_truetype_file'.
Removing  `luaotfload.glyph_stream' from `glyph_stream_provider'.
Inserting `luaotfload.harf.glyphstream' in `glyph_stream_provider'.
Inserting `luaotfload.harf.finalize_vlist' in `post_linebreak_filter'.
Inserting `luaotfload.harf.finalize_hlist' in `hpack_filter'.
Inserting `luaotfload.cleanup_files' in `wrapup_run'.
Inserting `luaotfload.harf.finalize_unicode' in `finish_pdffile'.
Inserting `luaotfload.glyphinfo' in `glyph_info'.
Lua-only attribute luaotfload.letterspace_done = 3
Inserting `luaotfload.aux.set_sscale_dimens' in `luaotfload.patch_font'.
Inserting `luaotfload.aux.set_font_index' in `luaotfload.patch_font'.
Inserting `luaotfload.aux.patch_cambria_domh' in `luaotfload.patch_font'.
Inserting `luaotfload.aux.fixup_fontdata' in `luaotfload.patch_font_unsafe'.
Inserting `luaotfload.aux.set_capheight' in `luaotfload.patch_font'.
Inserting `luaotfload.aux.set_xheight' in `luaotfload.patch_font'.
Inserting `luaotfload.rewrite_fontname' in `luaotfload.patch_font'.
Inserting `tracingstacklevels' in `input_level_string'. (/usr/local/texlive/202
4/texmf-dist/tex/luatex/luatexja/ltjsbook.cls
Document Class: ltjsbook 2022/09/12 ltjsclasses 
(/usr/local/texlive/2024/texmf-dist/tex/luatex/luatexja/luatexja.sty
Package: luatexja 2024-02-19 Japanese Typesetting with Lua(La)TeX

(/usr/local/texlive/2024/texmf-dist/tex/luatex/luatexja/luatexja-core.sty
Package: luatexja-core 2023-04-06 Core of LuaTeX-ja

(/usr/local/texlive/2024/texmf-dist/tex/generic/infwarerr/infwarerr.sty
Package: infwarerr 2019/12/03 v1.5 Providing info/warning/error messages (HO)
)
(/usr/local/texlive/2024/texmf-dist/tex/luatex/luatexbase/luatexbase.sty
Package: luatexbase 2015/10/04 v1.3 luatexbase interface to LuaTeX 

(/usr/local/texlive/2024/texmf-dist/tex/luatex/ctablestack/ctablestack.sty
Package: ctablestack 2015/10/01 v1.0 Catcode table stable support
\@catcodetablestackcnt=\count186
)
\CatcodeTableOther=\catcodetable14
\CatcodeTableExpl=\catcodetable15
)
(/usr/local/texlive/2024/texmf-dist/tex/generic/ltxcmds/ltxcmds.sty
Package: ltxcmds 2023-12-04 v1.26 LaTeX kernel commands for general use (HO)
)
(/usr/local/texlive/2024/texmf-dist/tex/generic/pdftexcmds/pdftexcmds.sty
Package: pdftexcmds 2020-06-27 v0.33 Utility functions of pdfTeX for LuaTeX (HO
)

(/usr/local/texlive/2024/texmf-dist/tex/generic/iftex/iftex.sty
Package: iftex 2022/02/03 v1.0f TeX engine tests
)
Package pdftexcmds Info: \pdf@primitive is available.
Package pdftexcmds Info: \pdf@ifprimitive is available.
Package pdftexcmds Info: \pdfdraftmode found.
\pdftexcmds@toks=\toks17
)
(/usr/local/texlive/2024/texmf-dist/tex/latex/xkeyval/xkeyval.sty
Package: xkeyval 2022/06/16 v2.9 package option processing (HA)

(/usr/local/texlive/2024/texmf-dist/tex/generic/xkeyval/xkeyval.tex
(/usr/local/texlive/2024/texmf-dist/tex/generic/xkeyval/xkvutils.tex
\XKV@toks=\toks18
\XKV@tempa@toks=\toks19

(/usr/local/texlive/2024/texmf-dist/tex/generic/xkeyval/keyval.tex))
\XKV@depth=\count187
File: xkeyval.tex 2014/12/03 v2.7a key=value parser (HA)
))
(/usr/local/texlive/2024/texmf-dist/tex/latex/etoolbox/etoolbox.sty
Package: etoolbox 2020/10/05 v2.5k e-TeX tools for LaTeX (JAW)
\etb@tempcnta=\count188
)
(/usr/local/texlive/2024/texmf-dist/tex/latex/everyhook/everyhook.sty
(/usr/local/texlive/2024/texmf-dist/tex/latex/svn-prov/svn-prov.sty
Package: svn-prov 2010/04/24 v3.1862 Package Date/Version from SVN Keywords
)
Package: everyhook 2014/11/26 v1.2 (SVN Rev: 12)\ Hooks for low level TeX every
X primitives.
\everypar=\toks20
\frozen@everymath=\toks21
\frozen@everydisplay=\toks22
\everyhbox=\toks23
\everyvbox=\toks24
\everycr=\toks25
)
\ltjlineendcomment=\count189
\ltj@dimen@zw=\dimen139
\ltj@dimen@zh=\dimen140
\ltj@dimen@jQ=\dimen141
\ltj@icflag=\attribute4
\ltj@curjfnt=\attribute5
\ltj@curtfnt=\attribute6
\ltj@charclass=\attribute7
\ltj@charcode=\attribute8
\ltj@autospc=\attribute9
\ltj@autoxspc=\attribute10
\ltj@yablshift=\attribute11
\ltj@ykblshift=\attribute12
\ltj@tablshift=\attribute13
\ltj@tkblshift=\attribute14
\jfam=\attribute15
\ltj@vert@ori=\attribute16
\ltj@dir=\attribute17
\ltj@@japanese=\language2
\ltj@tempcnta=\count190
\ltj@tempdima=\dimen142
\ltj@@stack=\count191
\ltj@@group@level=\count192
\ltj@kcat0=\attribute18
\ltj@kcat1=\attribute19
\ltj@kcat2=\attribute20
\ltj@kcat3=\attribute21
\ltj@kcat4=\attribute22
\ltj@kcat5=\attribute23
\ltj@kcat6=\attribute24
Custom whatsit inhibitglue = 1
Custom whatsit stack_marker = 2
Custom whatsit begin_par = 3
Custom whatsit direction = 4
Custom whatsit box_boundary = 5
Custom whatsit ja_al_boundary = 6(load cache: ltj-cid-auto-adobe-japan1.luc)
Lua module: luatexja.charrange 2022-08-19 Handling the range of Japanese charact
ers
Lua module: luatexja.stack 2022-08-20 LuaTeX-ja stack system
Inserting `ltj.create_dir_whatsit' in `hpack_filter'.
Inserting `ltj.create_dir_whatsit' in `post_linebreak_filter'.
Inserting `ltj.direction' in `vpack_filter'.
Inserting `ltj.direction' in `pre_output_filter'.
Inserting `ltj.lineskip' in `post_linebreak_filter'.
Inserting `ltj.lineskip' in `append_to_vlist_filter'.
Lua module: luatexja.jfont 2023-04-06 Loader for Japanese fonts
Removing  `luaotfload.define_font' from `define_font'.
Inserting `luatexja.font_callback' in `define_font'.
Removing  `luaotfload.aux.set_sscale_dimens' from `luaotfload.patch_font'.
Removing  `luaotfload.aux.set_font_index' from `luaotfload.patch_font'.
Removing  `luaotfload.aux.patch_cambria_domh' from `luaotfload.patch_font'.
Removing  `luaotfload.aux.set_capheight' from `luaotfload.patch_font'.
Removing  `luaotfload.aux.set_xheight' from `luaotfload.patch_font'.
Removing  `luaotfload.rewrite_fontname' from `luaotfload.patch_font'.
Inserting `ltj.prepare_extra_data' in `luaotfload.patch_font'.
Inserting `luaotfload.aux.set_sscale_dimens' in `luaotfload.patch_font'.
Inserting `luaotfload.aux.set_font_index' in `luaotfload.patch_font'.
Inserting `luaotfload.aux.patch_cambria_domh' in `luaotfload.patch_font'.
Inserting `luaotfload.aux.set_capheight' in `luaotfload.patch_font'.
Inserting `luaotfload.aux.set_xheight' in `luaotfload.patch_font'.
Inserting `luaotfload.rewrite_fontname' in `luaotfload.patch_font'.
Inserting `ltj.prepare_extra_data' in `luatexja.define_font'.
Inserting `ltj.get_vert_form' in `luatexja.define_jfont'.
Removing  `ltj.prepare_extra_data' from `luaotfload.patch_font'.
Removing  `luaotfload.aux.set_sscale_dimens' from `luaotfload.patch_font'.
Removing  `luaotfload.aux.set_font_index' from `luaotfload.patch_font'.
Removing  `luaotfload.aux.patch_cambria_domh' from `luaotfload.patch_font'.
Removing  `luaotfload.aux.set_capheight' from `luaotfload.patch_font'.
Removing  `luaotfload.aux.set_xheight' from `luaotfload.patch_font'.
Removing  `luaotfload.rewrite_fontname' from `luaotfload.patch_font'.
Inserting `ltj.supply_tounicode' in `luaotfload.patch_font'.
Inserting `ltj.prepare_extra_data' in `luaotfload.patch_font'.
Inserting `luaotfload.aux.set_sscale_dimens' in `luaotfload.patch_font'.
Inserting `luaotfload.aux.set_font_index' in `luaotfload.patch_font'.
Inserting `luaotfload.aux.patch_cambria_domh' in `luaotfload.patch_font'.
Inserting `luaotfload.aux.set_capheight' in `luaotfload.patch_font'.
Inserting `luaotfload.aux.set_xheight' in `luaotfload.patch_font'.
Inserting `luaotfload.rewrite_fontname' in `luaotfload.patch_font'.
Inserting `ltj.process_input_buffer' in `process_input_buffer'.
Inserting `ltj.hyphenate' in `hyphenate'.
Removing  `luaotfload.node_processor' from `hpack_filter'.
Removing  `luaotfload.harf.finalize_hlist' from `hpack_filter'.
Removing  `ltj.create_dir_whatsit' from `hpack_filter'.
Inserting `ltj.set_stack_level' in `hpack_filter'.
Inserting `luaotfload.node_processor' in `hpack_filter'.
Inserting `luaotfload.harf.finalize_hlist' in `hpack_filter'.
Inserting `ltj.create_dir_whatsit' in `hpack_filter'.
Removing  `luaotfload.node_processor' from `pre_linebreak_filter'.
Inserting `ltj.set_stack_level' in `pre_linebreak_filter'.
Inserting `luaotfload.node_processor' in `pre_linebreak_filter'.
Lua module: luatexja.jfmglue 2022-08-29 Insertion process of JFM glues, [x]kanji
skip and others
Inserting `luatexja.beginpar.np_info' in `luatexja.jfmglue.whatsit_getinfo'.
Inserting `luatexja.beginpar.np_info_after' in `luatexja.jfmglue.whatsit_after'.
Inserting `ltj.mlist_to_hlist_pre' in `pre_mlist_to_hlist_filter'.
Inserting `ltj.main' in `pre_linebreak_filter'.
Removing  `luaotfload.harf.finalize_hlist' from `hpack_filter'.
Removing  `ltj.create_dir_whatsit' from `hpack_filter'.
Inserting `ltj.main' in `hpack_filter'.
Inserting `luaotfload.harf.finalize_hlist' in `hpack_filter'.
Inserting `ltj.create_dir_whatsit' in `hpack_filter'.
Removing  `ltj.set_stack_level' from `pre_linebreak_filter'.
Removing  `luaotfload.node_processor' from `pre_linebreak_filter'.
Removing  `ltj.main' from `pre_linebreak_filter'.
Inserting `ltj.adjust_icflag' in `pre_linebreak_filter'.
Inserting `ltj.set_stack_level' in `pre_linebreak_filter'.
Inserting `luaotfload.node_processor' in `pre_linebreak_filter'.
Inserting `ltj.main' in `pre_linebreak_filter'.
Removing  `ltj.set_stack_level' from `hpack_filter'.
Removing  `luaotfload.node_processor' from `hpack_filter'.
Removing  `ltj.main' from `hpack_filter'.
Removing  `luaotfload.harf.finalize_hlist' from `hpack_filter'.
Removing  `ltj.create_dir_whatsit' from `hpack_filter'.
Inserting `ltj.adjust_icflag' in `hpack_filter'.
Inserting `ltj.set_stack_level' in `hpack_filter'.
Inserting `luaotfload.node_processor' in `hpack_filter'.
Inserting `ltj.main' in `hpack_filter'.
Inserting `luaotfload.harf.finalize_hlist' in `hpack_filter'.
Inserting `ltj.create_dir_whatsit' in `hpack_filter'.
(/usr/local/texlive/2024/texmf-dist/tex/luatex/luatexja/ltj-base.sty
Package: ltj-base 2021-03-16
\ltj@tempcntb=\count193
\ltj@tempcntc=\count194
\ltj@afbox=\box51
)
\ltj@@italic@inner=\luafunction25
\ltj@@start@time@measure@inner=\luafunction26
\ltj@@stop@time@measure@inner=\luafunction27
\ltj@@jfont@inner=\luafunction28
\ltj@zw@inner=\luafunction29
\ltj@zh@inner=\luafunction30
\ltj@reset@globaldefs@inner=\luafunction31
\ltj@restore@globaldefs@inner=\luafunction32
\ltj@@disihb@inner=\luafunction33
\ltj@@ihb@inner=\luafunction34
\ltj@@fakeparbegin@inner=\luafunction35
\ltj@@fakeboxbdd@inner=\luafunction36
\ltj@@ins@xk@inner=\luafunction37
\ltj@@ins@k@inner=\luafunction38
\ltjsetkanjiskip@inner=\luafunction39
\ltjsetxkanjiskip@inner=\luafunction40
\ltj@@getparam@one@inner=\luafunction41
\ltj@alljachar@inner=\luafunction42
\ltj@@lua@populate@insertwhatsit@inner=\luafunction43
\ltj@@vadjust@begin@inner=\luafunction44
\ltj@@vadjust@dirhook@inner=\luafunction45
\ltj@@vadjust@check@dir@inner=\luafunction46
\ltj@@box@dirhook@inner=\luafunction47
\ltj@@reset@badness@inner=\luafunction48
\ltj@@lua@raisebox@inner=\luafunction49
\ltj@@vsplit@inner=\luafunction50
\ltj@@lua@unboxcheckdir@inner=\luafunction51
\ltj@@lua@uncopycheckdir@inner=\luafunction52
\ltj@@lua@uncopy@restore@whatsit@inner=\luafunction53
(load cache: ltj-kinsoku_default.luc)
(/usr/local/texlive/2024/texmf-dist/tex/luatex/luatexja/ltj-latex.sty
Package: ltj-latex 2022-10-15 LaTeX support of LuaTeX-ja
Inserting `ltj.direction' in `pre_shipout_filter'.
(/usr/local/texlive/2024/texmf-dist/tex/luatex/luatexja/patches/lltjfont.sty
Package: lltjfont 2023-04-13 Patch to NFSS2 for LuaTeX-ja
\ltj@@latex@plv=\count195

(/usr/local/texlive/2024/texmf-dist/tex/latex/base/tuenc.def
File: tuenc.def 2021/04/29 v2.0v Standard LaTeX file
\@remove@tlig@@@=\luafunction54
LaTeX Font Info:    Redeclaring font encoding TU on input line 105.
)
\Cht=\dimen143
\cht=\dimen144
\Cdp=\dimen145
\cdp=\dimen146
\Cwd=\dimen147
\cwd=\dimen148
\Cvs=\dimen149
\cvs=\dimen150
\Chs=\dimen151
\chs=\dimen152
\cHT=\dimen153
\dstrutbox=\box52
\tstrutbox=\box53
\zstrutbox=\box54
LaTeX Info: Redefining \strut on input line 91.
\ltj@@add@fenc@@inner=\luafunction55
\ltj@@add@kyenc@@inner=\luafunction56
\ltj@@add@ktenc@@inner=\luafunction57
\ltj@@is@kyenc@@inner=\luafunction58
\ltj@@is@ktenc@@inner=\luafunction59
\ltj@@is@kenc@@inner=\luafunction60
\ltj@@is@ffam@@inner=\luafunction61
\ltj@@add@ffam@@inner=\luafunction62
\ltj@@add@kfam@@inner=\luafunction63
\ltj@@adjust@baseline@inner=\luafunction64
LaTeX Info: Redefining \fontencoding on input line 646.
LaTeX Info: Redefining \fontfamily on input line 689.
LaTeX Info: Redefining \fontseries on input line 923.
LaTeX Info: Redefining \fontseriesforce on input line 924.
LaTeX Info: Redefining \fontshape on input line 944.
LaTeX Info: Redefining \fontshapeforce on input line 955.
\ltj@@jfont@@jfmonly@@inner=\luafunction65
\ltj@@does@alt@set@@inner=\luafunction66
\ltj@@cipath@clear@inner=\luafunction67
)
(/usr/local/texlive/2024/texmf-dist/tex/luatex/luatexja/patches/lltjdefs.sty
Package: lltjdefs 2022-01-23 Default font settings of LuaTeX-ja
luaotfload | db : Font names database loaded from /Users/napier3/Library/texlive
/2024/texmf-var/luatex-cache/generic/names/luaotfload-names.luc.gz(load cache: e
xtra_lmroman10-regular.luc)
LaTeX Font Info:    Font shape `JT3/mc/m/n' will be
(Font)              scaled to size 9.24713pt on input line 79.

(/usr/local/texlive/2024/texmf-dist/tex/luatex/luatexja/jfm-ujisv.lua)
LaTeX Font Info:    Font shape `JY3/mc/m/n' will be
(Font)              scaled to size 9.24713pt on input line 79.
(load cache: extra_haranoajimincho-regular.luc)
(/usr/local/texlive/2024/texmf-dist/tex/luatex/luatexja/jfm-ujis.lua)
\symmincho=\mathgroup4
LaTeX Font Info:    Overwriting symbol font `mincho' in version `bold'
(Font)                  JY3/mc/m/n --> JY3/gt/m/n on input line 88.
)
(/usr/local/texlive/2024/texmf-dist/tex/luatex/luatexja/patches/lltjcore.sty
Package: lltjcore 2023-02-26 Patch to LaTeX2e Kernel for LuaTeX-ja

(/usr/local/texlive/2024/texmf-dist/tex/latex/l3kernel/expl3.sty
Package: expl3 2024-03-14 L3 programming layer (loader) 

(/usr/local/texlive/2024/texmf-dist/tex/latex/l3backend/l3backend-luatex.def
File: l3backend-luatex.def 2024-03-14 L3 backend support: PDF output (LuaTeX)
\l__color_backend_stack_int=\count196
Inserting `l3color' in `luaotfload.parse_color'.
\l__pdf_internal_box=\box55
))
\@tombowwidth=\dimen154
\@TL=\box56
\@Tl=\box57
\@TC=\box58
\@TR=\box59
\@Tr=\box60
\@BL=\box61
\@Bl=\box62
\@BC=\box63
\@BR=\box64
\@Br=\box65
\@CL=\box66
\@CR=\box67
(load cache: extra_lmmono9-regular.luc)
\@bannertoken=\toks26
\@@paperheight=\dimen155
\@@paperwidth=\dimen156
\@@topmargin=\dimen157
LaTeX Info: Redefining \underline on input line 283.
)
(/usr/local/texlive/2024/texmf-dist/tex/luatex/luatexja/patches/lltjp-atbegshi.
sty
Package: lltjp-atbegshi 2022-08-12 Patching \shipout hooks for LuaTeX-ja
\l__platex_shipout_dummy_box=\box68
)
(/usr/local/texlive/2024/texmf-dist/tex/luatex/luatexja/patches/lltjp-geometry.
sty
Package: lltjp-geometry 2021-10-24 Patch to geometry for LuaTeX-ja with vertica
l writing mode
 (/usr/local/texlive/2024/texmf-dist/tex/generic/iftex/ifluatex.sty
Package: ifluatex 2019/10/25 v1.5 ifluatex legacy package. Use iftex instead.
)))
\ltj@temp@cctb=\catcodetable16
)
(/usr/local/texlive/2024/texmf-dist/tex/luatex/luatexja/luatexja-compat.sty
Package: luatexja-compat 2020-08-08 Compatibility with pTeX
(load cache: ltj-jisx0208.luc)
\hour=\count197
\minute=\count198
))
\jsc@mpt=\dimen158
\jsc@mmm=\dimen159
\jsc@smallskipamount=\skip48
LaTeX Font Info:    Font shape `JY3/mc/m/n' will be
(Font)              scaled to size 9.24713pt on input line 424.
\fullwidth=\dimen160
(load cache: extra_lmroman8-regular.luc)
LaTeX Font Info:    Font shape `JT3/mc/m/n' will be
(Font)              scaled to size 7.3977pt on input line 573.
LaTeX Font Info:    Font shape `JY3/mc/m/n' will be
(Font)              scaled to size 7.3977pt on input line 573.
\c@part=\count199
\c@chapter=\count266
\c@section=\count267
\c@subsection=\count268
\c@subsubsection=\count269
\c@paragraph=\count270
\c@subparagraph=\count271
\c@figure=\count272
\c@table=\count273
\abovecaptionskip=\skip49
\belowcaptionskip=\skip50
LaTeX Info: Redefining \mc on input line 1282.
LaTeX Info: Redefining \gt on input line 1283.
\jsc@tocl@width=\dimen161
\@lnumwidth=\dimen162
\bibindent=\dimen163

(/usr/local/texlive/2024/texmf-dist/tex/platex/jsclasses/jslogo.sty
Package: jslogo 2019/07/25 okumura, texjporg
LaTeX Info: Redefining \TeX on input line 82.
LaTeX Info: Redefining \LaTeX on input line 135.
LaTeX Info: Redefining \LaTeXe on input line 188.
)
\heisei=\count274

(/usr/local/texlive/2024/texmf-dist/tex/latex/sttools/stfloats.sty
Package: stfloats 2017/03/27 v3.3 Improve float mechanism and baselineskip sett
ings
\@dblbotnum=\count275
\c@dblbotnumber=\count276
)
(/usr/local/texlive/2024/texmf-dist/tex/luatex/luatexja/patches/lltjp-stfloats.
sty)) (../../myStyle.sty
(/usr/local/texlive/2024/texmf-dist/tex/latex/biblatex/biblatex.sty
Package: biblatex 2024/03/21 v3.20 programmable bibliographies (PK/MW)

(/usr/local/texlive/2024/texmf-dist/tex/latex/kvoptions/kvoptions.sty
Package: kvoptions 2022-06-15 v3.15 Key value format for package options (HO)

(/usr/local/texlive/2024/texmf-dist/tex/latex/kvsetkeys/kvsetkeys.sty
Package: kvsetkeys 2022-10-05 v1.19 Key value parser (HO)
))
(/usr/local/texlive/2024/texmf-dist/tex/latex/logreq/logreq.sty
Package: logreq 2010/08/04 v1.0 xml request logger
\lrq@indent=\count277

(/usr/local/texlive/2024/texmf-dist/tex/latex/logreq/logreq.def
File: logreq.def 2010/08/04 v1.0 logreq spec v1.0
))
(/usr/local/texlive/2024/texmf-dist/tex/latex/base/ifthen.sty
Package: ifthen 2022/04/13 v1.1d Standard LaTeX ifthen package (DPC)
)
(/usr/local/texlive/2024/texmf-dist/tex/latex/url/url.sty
\Urlmuskip=\muskip16
Package: url 2013/09/16  ver 3.4  Verb mode for urls, etc.
)
\c@tabx@nest=\count278
\c@listtotal=\count279
\c@listcount=\count280
\c@liststart=\count281
\c@liststop=\count282
\c@citecount=\count283
\c@citetotal=\count284
\c@multicitecount=\count285
\c@multicitetotal=\count286
\c@instcount=\count287
\c@maxnames=\count288
\c@minnames=\count289
\c@maxitems=\count290
\c@minitems=\count291
\c@citecounter=\count292
\c@maxcitecounter=\count293
\c@savedcitecounter=\count294
\c@uniquelist=\count295
\c@uniquename=\count296
\c@refsection=\count297
\c@refsegment=\count298
\c@maxextratitle=\count299
\c@maxextratitleyear=\count300
\c@maxextraname=\count301
\c@maxextradate=\count302
\c@maxextraalpha=\count303
\c@abbrvpenalty=\count304
\c@highnamepenalty=\count305
\c@lownamepenalty=\count306
\c@maxparens=\count307
\c@parenlevel=\count308
\blx@tempcnta=\count309
\blx@tempcntb=\count310
\blx@tempcntc=\count311
\c@blx@maxsection=\count312
\blx@maxsegment@0=\count313
\blx@notetype=\count314
\blx@parenlevel@text=\count315
\blx@parenlevel@foot=\count316
\blx@sectionciteorder@0=\count317
\blx@sectionciteorderinternal@0=\count318
\blx@entrysetcounter=\count319
\blx@biblioinstance=\count320
\labelnumberwidth=\skip51
\labelalphawidth=\skip52
\biblabelsep=\skip53
\bibitemsep=\skip54
\bibnamesep=\skip55
\bibinitsep=\skip56
\bibparsep=\skip57
\bibhang=\skip58
\blx@bcfin=\read2
\blx@bcfout=\write3
\blx@langwohyphens=\language3
\c@mincomprange=\count321
\c@maxcomprange=\count322
\c@mincompwidth=\count323
Package biblatex Info: Trying to load biblatex default data model...
Package biblatex Info: ... file 'blx-dm.def' found.

(/usr/local/texlive/2024/texmf-dist/tex/latex/biblatex/blx-dm.def
File: blx-dm.def 2024/03/21 v3.20 biblatex datamodel (PK/MW)
)
Package biblatex Info: Trying to load biblatex style data model...
Package biblatex Info: ... file '../../jpa.dbx' found.

(../../jpa.dbx
File: jpa.dbx 2022/06/22 v9.16 APA biblatex style data model
)
Package biblatex Info: Trying to load biblatex custom data model...
Package biblatex Info: ... file 'biblatex-dm.cfg' not found.
\c@afterword=\count324
\c@savedafterword=\count325
\c@annotator=\count326
\c@savedannotator=\count327
\c@author=\count328
\c@savedauthor=\count329
\c@bookauthor=\count330
\c@savedbookauthor=\count331
\c@commentator=\count332
\c@savedcommentator=\count333
\c@editor=\count334
\c@savededitor=\count335
\c@editora=\count336
\c@savededitora=\count337
\c@editorb=\count338
\c@savededitorb=\count339
\c@editorc=\count340
\c@savededitorc=\count341
\c@foreword=\count342
\c@savedforeword=\count343
\c@holder=\count344
\c@savedholder=\count345
\c@introduction=\count346
\c@savedintroduction=\count347
\c@namea=\count348
\c@savednamea=\count349
\c@nameb=\count350
\c@savednameb=\count351
\c@namec=\count352
\c@savednamec=\count353
\c@translator=\count354
\c@savedtranslator=\count355
\c@shortauthor=\count356
\c@savedshortauthor=\count357
\c@shorteditor=\count358
\c@savedshorteditor=\count359
\c@origauthor=\count360
\c@savedorigauthor=\count361
\c@translatora=\count362
\c@savedtranslatora=\count363
\c@labelname=\count364
\c@savedlabelname=\count365
\c@institution=\count366
\c@savedinstitution=\count367
\c@lista=\count368
\c@savedlista=\count369
\c@listb=\count370
\c@savedlistb=\count371
\c@listc=\count372
\c@savedlistc=\count373
\c@listd=\count374
\c@savedlistd=\count375
\c@liste=\count376
\c@savedliste=\count377
\c@listf=\count378
\c@savedlistf=\count379
\c@location=\count380
\c@savedlocation=\count381
\c@organization=\count382
\c@savedorganization=\count383
\c@origlocation=\count384
\c@savedoriglocation=\count385
\c@origpublisher=\count386
\c@savedorigpublisher=\count387
\c@publisher=\count388
\c@savedpublisher=\count389
\c@language=\count390
\c@savedlanguage=\count391
\c@origlanguage=\count392
\c@savedoriglanguage=\count393
\c@pageref=\count394
\c@savedpageref=\count395
\shorthandwidth=\skip59
\shortjournalwidth=\skip60
\shortserieswidth=\skip61
\shorttitlewidth=\skip62
\shortauthorwidth=\skip63
\shorteditorwidth=\skip64
\origauthorwidth=\skip65
\translatorawidth=\skip66
\locallabelnumberwidth=\skip67
\locallabelalphawidth=\skip68
\localshorthandwidth=\skip69
\localshortjournalwidth=\skip70
\localshortserieswidth=\skip71
\localshorttitlewidth=\skip72
\localshortauthorwidth=\skip73
\localshorteditorwidth=\skip74
\localorigauthorwidth=\skip75
\localtranslatorawidth=\skip76
Package biblatex Info: Trying to load enhanced support for Unicode engines...
Package biblatex Info: ... file 'blx-unicode.def' found.

(/usr/local/texlive/2024/texmf-dist/tex/latex/biblatex/blx-unicode.def)
Package biblatex Info: Trying to load compatibility code...
Package biblatex Info: ... file 'blx-compat.def' found.

(/usr/local/texlive/2024/texmf-dist/tex/latex/biblatex/blx-compat.def
File: blx-compat.def 2024/03/21 v3.20 biblatex compatibility (PK/MW)
)
Package biblatex Info: Trying to load generic definitions...
Package biblatex Info: ... file 'biblatex.def' found.

(/usr/local/texlive/2024/texmf-dist/tex/latex/biblatex/biblatex.def
File: biblatex.def 2024/03/21 v3.20 biblatex compatibility (PK/MW)
\c@textcitecount=\count396
\c@textcitetotal=\count397
\c@textcitemaxnames=\count398
\c@biburlbigbreakpenalty=\count399
\c@biburlbreakpenalty=\count400
\c@biburlnumpenalty=\count401
\c@biburlucpenalty=\count402
\c@biburllcpenalty=\count403
\biburlbigskip=\muskip17
\biburlnumskip=\muskip18
\biburlucskip=\muskip19
\biburllcskip=\muskip20
\c@smartand=\count404
)
Package biblatex Info: Trying to load bibliography style '../../jpa'...
Package biblatex Info: ... file '../../jpa.bbx' found.

(../../jpa.bbx
File: jpa.bbx 2022/11/24 v0.1 日本心理学会 2022年版文献スタイル
Package biblatex Info: Trying to load bibliography style 'authoryear'...
Package biblatex Info: ... file 'authoryear.bbx' found.

(/usr/local/texlive/2024/texmf-dist/tex/latex/biblatex/bbx/authoryear.bbx
File: authoryear.bbx 2024/03/21 v3.20 biblatex bibliography style (PK/MW)
Package biblatex Info: Trying to load bibliography style 'standard'...
Package biblatex Info: ... file 'standard.bbx' found.

(/usr/local/texlive/2024/texmf-dist/tex/latex/biblatex/bbx/standard.bbx
File: standard.bbx 2024/03/21 v3.20 biblatex bibliography style (PK/MW)
\c@bbx:relatedcount=\count405
\c@bbx:relatedtotal=\count406
))
\maxprtnames=\count407
)
Package biblatex Info: Trying to load citation style '../../jpa'...
Package biblatex Info: ... file '../../jpa.cbx' found.

(../../jpa.cbx
File: jpa.cbx 2022/11/30 v1.0 JPA biblatex citation style
Package biblatex Info: Trying to load citation style 'authoryear-comp'...
Package biblatex Info: ... file 'authoryear-comp.cbx' found.

(/usr/local/texlive/2024/texmf-dist/tex/latex/biblatex/cbx/authoryear-comp.cbx
File: authoryear-comp.cbx 2024/03/21 v3.20 biblatex citation style (PK/MW)
Package biblatex Info: Redefining '\cite'.
Package biblatex Info: Redefining '\parencite'.
Package biblatex Info: Redefining '\footcite'.
Package biblatex Info: Redefining '\footcitetext'.
Package biblatex Info: Redefining '\smartcite'.
Package biblatex Info: Redefining '\textcite'.
Package biblatex Info: Redefining '\textcites'.
Package biblatex Info: Redefining '\cites'.
Package biblatex Info: Redefining '\parencites'.
Package biblatex Info: Redefining '\footcites'.
Package biblatex Info: Redefining '\footcitetexts'.
Package biblatex Info: Redefining '\smartcites'.
)
Package biblatex Info: Delimiter 'nameyeardelim' in context '' already defined,
 overwriting.
)
Package biblatex Info: Trying to load configuration file...
Package biblatex Info: ... file 'biblatex.cfg' found.
 (/usr/local/texlive/2024/texmf-dist/tex/latex/biblatex/biblatex.cfg
File: biblatex.cfg 
)
Package biblatex Info: LuaTeX detected.
(biblatex)             Assuming input encoding 'utf8'.
Package biblatex Info: Document encoding is UTF8 ....
Package biblatex Info: ... and expl3
(biblatex)             2024-03-14 L3 programming layer (loader) 
(biblatex)             is new enough (at least 2020/04/06),
(biblatex)             setting 'casechanger=expl3'.

(/usr/local/texlive/2024/texmf-dist/tex/latex/biblatex/blx-case-expl3.sty
(/usr/local/texlive/2024/texmf-dist/tex/latex/l3packages/xparse/xparse.sty
Package: xparse 2024-03-14 L3 Experimental document command parser
)
Package: blx-case-expl3 2024/03/21 v3.20 expl3 case changing code for biblatex
))
(/usr/local/texlive/2024/texmf-dist/tex/latex/bxpapersize/bxpapersize.sty
Package: bxpapersize 2022/04/28 v0.6

(/usr/local/texlive/2024/texmf-dist/tex/generic/iftex/ifpdf.sty
Package: ifpdf 2019/10/25 v3.4 ifpdf legacy package. Use iftex instead.
)
(/usr/local/texlive/2024/texmf-dist/tex/generic/iftex/ifxetex.sty
Package: ifxetex 2019/10/25 v0.7 ifxetex legacy package. Use iftex instead.
)
(/usr/local/texlive/2024/texmf-dist/tex/generic/iftex/ifvtex.sty
Package: ifvtex 2019/10/25 v1.7 ifvtex legacy package. Use iftex instead.
)
(/usr/local/texlive/2024/texmf-dist/tex/generic/ifptex/ifptex.sty
Package: ifptex 2023/04/08 v2.2c pTeX checker
)
\bxpr@dima=\dimen164
Package bxpapersize Info: Detected the new LaTeX kernel (2020-10-01).

(/usr/local/texlive/2024/texmf-dist/tex/latex/base/atbegshi-ltx.sty
Package: atbegshi-ltx 2021/01/10 v1.0c Emulation of the original atbegshi
package with kernel methods
))
(/usr/local/texlive/2024/texmf-dist/tex/latex/geometry/geometry.sty
Package: geometry 2020/01/02 v5.9 Page Geometry
\Gm@cnth=\count408
\Gm@cntv=\count409
\c@Gm@tempcnt=\count410
\Gm@bindingoffset=\dimen165
\Gm@wd@mp=\dimen166
\Gm@odd@mp=\dimen167
\Gm@even@mp=\dimen168
\Gm@layoutwidth=\dimen169
\Gm@layoutheight=\dimen170
\Gm@layouthoffset=\dimen171
\Gm@layoutvoffset=\dimen172
\Gm@dimlist=\toks27
)
(/usr/local/texlive/2024/texmf-dist/tex/latex/amsmath/amsmath.sty
Package: amsmath 2023/05/13 v2.17o AMS math features
\@mathmargin=\skip77

For additional information on amsmath, use the `?' option.
(/usr/local/texlive/2024/texmf-dist/tex/latex/amsmath/amstext.sty
Package: amstext 2021/08/26 v2.01 AMS text

(/usr/local/texlive/2024/texmf-dist/tex/latex/amsmath/amsgen.sty
File: amsgen.sty 1999/11/30 v2.0 generic functions
\@emptytoks=\toks28
\ex@=\dimen173
))
(/usr/local/texlive/2024/texmf-dist/tex/latex/amsmath/amsbsy.sty
Package: amsbsy 1999/11/29 v1.2d Bold Symbols
\pmbraise@=\dimen174
)
(/usr/local/texlive/2024/texmf-dist/tex/latex/amsmath/amsopn.sty
Package: amsopn 2022/04/08 v2.04 operator names
)
\inf@bad=\count411
LaTeX Info: Redefining \frac on input line 236.
\uproot@=\count412
\leftroot@=\count413
LaTeX Info: Redefining \overline on input line 399.
LaTeX Info: Redefining \colon on input line 410.
\classnum@=\count414
\DOTSCASE@=\count415
LaTeX Info: Redefining \ldots on input line 496.
LaTeX Info: Redefining \dots on input line 499.
LaTeX Info: Redefining \cdots on input line 620.
\Mathstrutbox@=\box69
\strutbox@=\box70
LaTeX Info: Redefining \big on input line 722.
LaTeX Info: Redefining \Big on input line 723.
LaTeX Info: Redefining \bigg on input line 724.
LaTeX Info: Redefining \Bigg on input line 725.
\big@size=\dimen175
LaTeX Font Info:    Redeclaring font encoding OML on input line 743.
LaTeX Font Info:    Redeclaring font encoding OMS on input line 744.
\macc@depth=\count416
LaTeX Info: Redefining \bmod on input line 905.
LaTeX Info: Redefining \pmod on input line 910.
LaTeX Info: Redefining \smash on input line 940.
LaTeX Info: Redefining \relbar on input line 970.
LaTeX Info: Redefining \Relbar on input line 971.
\c@MaxMatrixCols=\count417
\dotsspace@=\muskip21
\c@parentequation=\count418
\dspbrk@lvl=\count419
\tag@help=\toks29
\row@=\count420
\column@=\count421
\maxfields@=\count422
\andhelp@=\toks30
\eqnshift@=\dimen176
\alignsep@=\dimen177
\tagshift@=\dimen178
\tagwidth@=\dimen179
\totwidth@=\dimen180
\lineht@=\dimen181
\@envbody=\toks31
\multlinegap=\skip78
\multlinetaggap=\skip79
\mathdisplay@stack=\toks32
LaTeX Info: Redefining \[ on input line 2953.
LaTeX Info: Redefining \] on input line 2954.
)
(/usr/local/texlive/2024/texmf-dist/tex/latex/amsfonts/amssymb.sty
Package: amssymb 2013/01/14 v3.01 AMS font symbols

(/usr/local/texlive/2024/texmf-dist/tex/latex/amsfonts/amsfonts.sty
Package: amsfonts 2013/01/14 v3.01 Basic AMSFonts support
\symAMSa=\mathgroup5
\symAMSb=\mathgroup6
LaTeX Font Info:    Redeclaring math symbol \hbar on input line 98.
LaTeX Font Info:    Overwriting math alphabet `\mathfrak' in version `bold'
(Font)                  U/euf/m/n --> U/euf/b/n on input line 106.
))
(/usr/local/texlive/2024/texmf-dist/tex/latex/graphics/graphicx.sty
Package: graphicx 2021/09/16 v1.2d Enhanced LaTeX Graphics (DPC,SPQR)

(/usr/local/texlive/2024/texmf-dist/tex/latex/graphics/graphics.sty
Package: graphics 2022/03/10 v1.4e Standard LaTeX Graphics (DPC,SPQR)

(/usr/local/texlive/2024/texmf-dist/tex/latex/graphics/trig.sty
Package: trig 2021/08/11 v1.11 sin cos tan (DPC)
)
(/usr/local/texlive/2024/texmf-dist/tex/latex/graphics-cfg/graphics.cfg
File: graphics.cfg 2016/06/04 v1.11 sample graphics configuration
)
Package graphics Info: Driver file: luatex.def on input line 107.

(/usr/local/texlive/2024/texmf-dist/tex/latex/graphics-def/luatex.def
File: luatex.def 2022/09/22 v1.2d Graphics/color driver for luatex
))
\Gin@req@height=\dimen182
\Gin@req@width=\dimen183
)
(/usr/local/texlive/2024/texmf-dist/tex/latex/lineno/lineno.sty
Package: lineno 2023/05/20 line numbers on paragraphs v5.3
\linenopenalty=\count423
\output=\toks33
\linenoprevgraf=\count424
\linenumbersep=\dimen184
\linenumberwidth=\dimen185
\c@linenumber=\count425
\c@pagewiselinenumber=\count426
\c@LN@truepage=\count427
\c@internallinenumber=\count428
\c@internallinenumbers=\count429
\quotelinenumbersep=\dimen186
\bframerule=\dimen187
\bframesep=\dimen188
\bframebox=\box71
\linenoamsmath@ams@eqpen=\count430
LaTeX Info: Redefining \\ on input line 3180.
)
(/usr/local/texlive/2024/texmf-dist/tex/latex/graphics/lscape.sty
Package: lscape 2020/05/28 v3.02 Landscape Pages (DPC)
)
(/usr/local/texlive/2024/texmf-dist/tex/luatex/luatexja/addons/luatexja-ruby.st
y
Package: luatexja-ruby 2023-10-08 v0.62
\ltj@rubyattr=\attribute25
Lua module: luatexja.ruby 2022-12-31 Ruby annotation
Custom whatsit ruby_pre = 7
Custom whatsit ruby_post = 8
Inserting `ltj.ruby.pre' in `pre_linebreak_filter'.
Inserting `ltj.ruby.pre' in `hpack_filter'.
Inserting `ltj.ruby.post_break' in `post_linebreak_filter'.
Inserting `ltj.ruby.post_hbox' in `hpack_filter'.
Removing  `luatexja.beginpar.np_info' from `luatexja.jfmglue.whatsit_getinfo'.
Inserting `luatexja.ruby.np_info' in `luatexja.jfmglue.whatsit_getinfo'.
Inserting `luatexja.beginpar.np_info' in `luatexja.jfmglue.whatsit_getinfo'.
Removing  `luatexja.beginpar.np_info_after' from `luatexja.jfmglue.whatsit_after
'.
Inserting `luatexja.ruby.np_info_after' in `luatexja.jfmglue.whatsit_after'.
Inserting `luatexja.beginpar.np_info_after' in `luatexja.jfmglue.whatsit_after'.
Inserting `luatexja.ruby.np_info_last_minute' in `luatexja.jfmglue.whatsit_last_
minute'.) (/usr/local/texlive/2024/texmf-dist/tex/latex/epsdice/epsdice.sty
Package: epsdice 2007/02/15 by Thomas Heim (v. 2.1)

(/usr/local/texlive/2024/texmf-dist/tex/latex/epsdice/epsdice.cfg)
\c@eps@face=\count431
)
(/usr/local/texlive/2024/texmf-dist/tex/latex/fancyvrb/fancyvrb.sty
Package: fancyvrb 2024/01/20 4.5c verbatim text (tvz,hv)
\FV@CodeLineNo=\count432
\FV@InFile=\read3
\FV@TabBox=\box72
\c@FancyVerbLine=\count433
\FV@StepNumber=\count434
\FV@OutFile=\write4
)
(/usr/local/texlive/2024/texmf-dist/tex/generic/ulem/ulem.sty
\UL@box=\box73
\UL@hyphenbox=\box74
\UL@skip=\skip80
\UL@hook=\toks34
\UL@height=\dimen189
\UL@pe=\count435
\UL@pixel=\dimen190
\ULC@box=\box75
Package: ulem 2019/11/18
\ULdepth=\dimen191
)
(/usr/local/texlive/2024/texmf-dist/tex/latex/tools/bm.sty
Package: bm 2023/07/08 v1.2f Bold Symbol Support (DPC/FMi)
\symboldoperators=\mathgroup7
\symboldletters=\mathgroup8
\symboldsymbols=\mathgroup9
Package bm Info: No bold for \OMX/cmex/m/n, using \pmb.
\symboldmincho=\mathgroup10
Package bm Info: No bold for \U/msa/m/n, using \pmb.
Package bm Info: No bold for \U/msb/m/n, using \pmb.
LaTeX Font Info:    Redeclaring math alphabet \mathbf on input line 149.
)
(/usr/local/texlive/2024/texmf-dist/tex/latex/pdfpages/pdfpages.sty
Package: pdfpages 2024/01/21 v0.5y Insert pages of external PDF documents (AM)

(/usr/local/texlive/2024/texmf-dist/tex/latex/tools/calc.sty
Package: calc 2023/07/08 v4.3 Infix arithmetic (KKT,FJ)
\calc@Acount=\count436
\calc@Bcount=\count437
\calc@Adimen=\dimen192
\calc@Bdimen=\dimen193
\calc@Askip=\skip81
\calc@Bskip=\skip82
LaTeX Info: Redefining \setlength on input line 80.
LaTeX Info: Redefining \addtolength on input line 81.
\calc@Ccount=\count438
\calc@Cskip=\skip83
)
(/usr/local/texlive/2024/texmf-dist/tex/latex/eso-pic/eso-pic.sty
Package: eso-pic 2023/05/03 v3.0c eso-pic (RN)
\ESO@tempdima=\dimen194
\ESO@tempdimb=\dimen195

(/usr/local/texlive/2024/texmf-dist/tex/latex/xcolor/xcolor.sty
Package: xcolor 2023/11/15 v3.01 LaTeX color extensions (UK)

(/usr/local/texlive/2024/texmf-dist/tex/latex/graphics-cfg/color.cfg
File: color.cfg 2016/01/02 v1.6 sample color configuration
)
Package xcolor Info: Driver file: luatex.def on input line 274.

(/usr/local/texlive/2024/texmf-dist/tex/latex/graphics/mathcolor.ltx)
Package xcolor Info: Model `cmy' substituted by `cmy0' on input line 1350.
Package xcolor Info: Model `hsb' substituted by `rgb' on input line 1354.
Package xcolor Info: Model `RGB' extended on input line 1366.
Package xcolor Info: Model `HTML' substituted by `rgb' on input line 1368.
Package xcolor Info: Model `Hsb' substituted by `hsb' on input line 1369.
Package xcolor Info: Model `tHsb' substituted by `hsb' on input line 1370.
Package xcolor Info: Model `HSB' substituted by `hsb' on input line 1371.
Package xcolor Info: Model `Gray' substituted by `gray' on input line 1372.
Package xcolor Info: Model `wave' substituted by `hsb' on input line 1373.
)
(/usr/local/texlive/2024/texmf-dist/tex/latex/graphics/dvipsnam.def
File: dvipsnam.def 2016/06/17 v3.0m Driver-dependent file (DPC,SPQR)
))
\AM@pagewidth=\dimen196
\AM@pageheight=\dimen197
\AM@fboxrule=\dimen198

(/usr/local/texlive/2024/texmf-dist/tex/latex/pdfpages/ppluatex.def
File: ppluatex.def 2024/01/21 v0.5y Pdfpages driver for LuaTeX (AM)
)
\pdfpages@includegraphics@status=\count439
\AM@pagebox=\box76
\AM@global@opts=\toks35
\AM@pagecnt=\count440
\AM@toc@title=\toks36
\AM@lof@heading=\toks37
\c@AM@survey=\count441
\AM@templatesizebox=\box77
)
(/usr/local/texlive/2024/texmf-dist/tex/latex/wrapfig/wrapfig.sty
\wrapoverhang=\dimen199
\WF@size=\dimen256
\c@WF@wrappedlines=\count442
\WF@box=\box78
\WF@everypar=\toks38
Package: wrapfig 2003/01/31  v 3.6
)
(/usr/local/texlive/2024/texmf-dist/tex/latex/multirow/multirow.sty
Package: multirow 2021/03/15 v2.8 Span multiple rows of a table
\multirow@colwidth=\skip84
\multirow@cntb=\count443
\multirow@dima=\skip85
\bigstrutjot=\dimen257
)
(/usr/local/texlive/2024/texmf-dist/tex/latex/pgf/frontendlayer/tikz.sty
(/usr/local/texlive/2024/texmf-dist/tex/latex/pgf/basiclayer/pgf.sty
(/usr/local/texlive/2024/texmf-dist/tex/latex/pgf/utilities/pgfrcs.sty
(/usr/local/texlive/2024/texmf-dist/tex/generic/pgf/utilities/pgfutil-common.te
x
\pgfutil@everybye=\toks39
\pgfutil@tempdima=\dimen258
\pgfutil@tempdimb=\dimen259
)
(/usr/local/texlive/2024/texmf-dist/tex/generic/pgf/utilities/pgfutil-latex.def
\pgfutil@abb=\box79
) (/usr/local/texlive/2024/texmf-dist/tex/generic/pgf/utilities/pgfrcs.code.tex
(/usr/local/texlive/2024/texmf-dist/tex/generic/pgf/pgf.revision.tex)
Package: pgfrcs 2023-01-15 v3.1.10 (3.1.10)
))
Package: pgf 2023-01-15 v3.1.10 (3.1.10)

(/usr/local/texlive/2024/texmf-dist/tex/latex/pgf/basiclayer/pgfcore.sty
(/usr/local/texlive/2024/texmf-dist/tex/latex/pgf/systemlayer/pgfsys.sty
(/usr/local/texlive/2024/texmf-dist/tex/generic/pgf/systemlayer/pgfsys.code.tex
Package: pgfsys 2023-01-15 v3.1.10 (3.1.10)
(/usr/local/texlive/2024/texmf-dist/tex/generic/pgf/utilities/pgfkeys.code.tex
\pgfkeys@pathtoks=\toks40
\pgfkeys@temptoks=\toks41

(/usr/local/texlive/2024/texmf-dist/tex/generic/pgf/utilities/pgfkeyslibraryfil
tered.code.tex
\pgfkeys@tmptoks=\toks42
))
\pgf@x=\dimen260
\pgf@y=\dimen261
\pgf@xa=\dimen262
\pgf@ya=\dimen263
\pgf@xb=\dimen264
\pgf@yb=\dimen265
\pgf@xc=\dimen266
\pgf@yc=\dimen267
\pgf@xd=\dimen268
\pgf@yd=\dimen269
\w@pgf@writea=\write5
\r@pgf@reada=\read4
\c@pgf@counta=\count444
\c@pgf@countb=\count445
\c@pgf@countc=\count446
\c@pgf@countd=\count447
\t@pgf@toka=\toks43
\t@pgf@tokb=\toks44
\t@pgf@tokc=\toks45
\pgf@sys@id@count=\count448

(/usr/local/texlive/2024/texmf-dist/tex/generic/pgf/systemlayer/pgf.cfg
File: pgf.cfg 2023-01-15 v3.1.10 (3.1.10)
)
Driver file for pgf: pgfsys-luatex.def

(/usr/local/texlive/2024/texmf-dist/tex/generic/pgf/systemlayer/pgfsys-luatex.d
ef
File: pgfsys-luatex.def 2023-01-15 v3.1.10 (3.1.10)

(/usr/local/texlive/2024/texmf-dist/tex/generic/pgf/systemlayer/pgfsys-common-p
df.def
File: pgfsys-common-pdf.def 2023-01-15 v3.1.10 (3.1.10)
)))
(/usr/local/texlive/2024/texmf-dist/tex/generic/pgf/systemlayer/pgfsyssoftpath.
code.tex
File: pgfsyssoftpath.code.tex 2023-01-15 v3.1.10 (3.1.10)
\pgfsyssoftpath@smallbuffer@items=\count449
\pgfsyssoftpath@bigbuffer@items=\count450
)
(/usr/local/texlive/2024/texmf-dist/tex/generic/pgf/systemlayer/pgfsysprotocol.
code.tex
File: pgfsysprotocol.code.tex 2023-01-15 v3.1.10 (3.1.10)
))
(/usr/local/texlive/2024/texmf-dist/tex/generic/pgf/basiclayer/pgfcore.code.tex
Package: pgfcore 2023-01-15 v3.1.10 (3.1.10)
(/usr/local/texlive/2024/texmf-dist/tex/generic/pgf/math/pgfmath.code.tex
(/usr/local/texlive/2024/texmf-dist/tex/generic/pgf/math/pgfmathutil.code.tex)
(/usr/local/texlive/2024/texmf-dist/tex/generic/pgf/math/pgfmathparser.code.tex
\pgfmath@dimen=\dimen270
\pgfmath@count=\count451
\pgfmath@box=\box80
\pgfmath@toks=\toks46
\pgfmath@stack@operand=\toks47
\pgfmath@stack@operation=\toks48
)
(/usr/local/texlive/2024/texmf-dist/tex/generic/pgf/math/pgfmathfunctions.code.
tex)
(/usr/local/texlive/2024/texmf-dist/tex/generic/pgf/math/pgfmathfunctions.basic
.code.tex)
(/usr/local/texlive/2024/texmf-dist/tex/generic/pgf/math/pgfmathfunctions.trigo
nometric.code.tex)
(/usr/local/texlive/2024/texmf-dist/tex/generic/pgf/math/pgfmathfunctions.rando
m.code.tex)
(/usr/local/texlive/2024/texmf-dist/tex/generic/pgf/math/pgfmathfunctions.compa
rison.code.tex)
(/usr/local/texlive/2024/texmf-dist/tex/generic/pgf/math/pgfmathfunctions.base.
code.tex)
(/usr/local/texlive/2024/texmf-dist/tex/generic/pgf/math/pgfmathfunctions.round
.code.tex)
(/usr/local/texlive/2024/texmf-dist/tex/generic/pgf/math/pgfmathfunctions.misc.
code.tex)
(/usr/local/texlive/2024/texmf-dist/tex/generic/pgf/math/pgfmathfunctions.integ
erarithmetics.code.tex)
(/usr/local/texlive/2024/texmf-dist/tex/generic/pgf/math/pgfmathcalc.code.tex)
(/usr/local/texlive/2024/texmf-dist/tex/generic/pgf/math/pgfmathfloat.code.tex
\c@pgfmathroundto@lastzeros=\count452
)) (/usr/local/texlive/2024/texmf-dist/tex/generic/pgf/math/pgfint.code.tex)
(/usr/local/texlive/2024/texmf-dist/tex/generic/pgf/basiclayer/pgfcorepoints.co
de.tex
File: pgfcorepoints.code.tex 2023-01-15 v3.1.10 (3.1.10)
\pgf@picminx=\dimen271
\pgf@picmaxx=\dimen272
\pgf@picminy=\dimen273
\pgf@picmaxy=\dimen274
\pgf@pathminx=\dimen275
\pgf@pathmaxx=\dimen276
\pgf@pathminy=\dimen277
\pgf@pathmaxy=\dimen278
\pgf@xx=\dimen279
\pgf@xy=\dimen280
\pgf@yx=\dimen281
\pgf@yy=\dimen282
\pgf@zx=\dimen283
\pgf@zy=\dimen284
)
(/usr/local/texlive/2024/texmf-dist/tex/generic/pgf/basiclayer/pgfcorepathconst
ruct.code.tex
File: pgfcorepathconstruct.code.tex 2023-01-15 v3.1.10 (3.1.10)
\pgf@path@lastx=\dimen285
\pgf@path@lasty=\dimen286
)
(/usr/local/texlive/2024/texmf-dist/tex/generic/pgf/basiclayer/pgfcorepathusage
.code.tex
File: pgfcorepathusage.code.tex 2023-01-15 v3.1.10 (3.1.10)
\pgf@shorten@end@additional=\dimen287
\pgf@shorten@start@additional=\dimen288
)
(/usr/local/texlive/2024/texmf-dist/tex/generic/pgf/basiclayer/pgfcorescopes.co
de.tex
File: pgfcorescopes.code.tex 2023-01-15 v3.1.10 (3.1.10)
\pgfpic=\box81
\pgf@hbox=\box82
\pgf@layerbox@main=\box83
\pgf@picture@serial@count=\count453
)
(/usr/local/texlive/2024/texmf-dist/tex/generic/pgf/basiclayer/pgfcoregraphicst
ate.code.tex
File: pgfcoregraphicstate.code.tex 2023-01-15 v3.1.10 (3.1.10)
\pgflinewidth=\dimen289
)
(/usr/local/texlive/2024/texmf-dist/tex/generic/pgf/basiclayer/pgfcoretransform
ations.code.tex
File: pgfcoretransformations.code.tex 2023-01-15 v3.1.10 (3.1.10)
\pgf@pt@x=\dimen290
\pgf@pt@y=\dimen291
\pgf@pt@temp=\dimen292
)
(/usr/local/texlive/2024/texmf-dist/tex/generic/pgf/basiclayer/pgfcorequick.cod
e.tex
File: pgfcorequick.code.tex 2023-01-15 v3.1.10 (3.1.10)
)
(/usr/local/texlive/2024/texmf-dist/tex/generic/pgf/basiclayer/pgfcoreobjects.c
ode.tex
File: pgfcoreobjects.code.tex 2023-01-15 v3.1.10 (3.1.10)
)
(/usr/local/texlive/2024/texmf-dist/tex/generic/pgf/basiclayer/pgfcorepathproce
ssing.code.tex
File: pgfcorepathprocessing.code.tex 2023-01-15 v3.1.10 (3.1.10)
)
(/usr/local/texlive/2024/texmf-dist/tex/generic/pgf/basiclayer/pgfcorearrows.co
de.tex
File: pgfcorearrows.code.tex 2023-01-15 v3.1.10 (3.1.10)
\pgfarrowsep=\dimen293
)
(/usr/local/texlive/2024/texmf-dist/tex/generic/pgf/basiclayer/pgfcoreshade.cod
e.tex
File: pgfcoreshade.code.tex 2023-01-15 v3.1.10 (3.1.10)
\pgf@max=\dimen294
\pgf@sys@shading@range@num=\count454
\pgf@shadingcount=\count455
)
(/usr/local/texlive/2024/texmf-dist/tex/generic/pgf/basiclayer/pgfcoreimage.cod
e.tex
File: pgfcoreimage.code.tex 2023-01-15 v3.1.10 (3.1.10)
)
(/usr/local/texlive/2024/texmf-dist/tex/generic/pgf/basiclayer/pgfcoreexternal.
code.tex
File: pgfcoreexternal.code.tex 2023-01-15 v3.1.10 (3.1.10)
\pgfexternal@startupbox=\box84
)
(/usr/local/texlive/2024/texmf-dist/tex/generic/pgf/basiclayer/pgfcorelayers.co
de.tex
File: pgfcorelayers.code.tex 2023-01-15 v3.1.10 (3.1.10)
)
(/usr/local/texlive/2024/texmf-dist/tex/generic/pgf/basiclayer/pgfcoretranspare
ncy.code.tex
File: pgfcoretransparency.code.tex 2023-01-15 v3.1.10 (3.1.10)
)
(/usr/local/texlive/2024/texmf-dist/tex/generic/pgf/basiclayer/pgfcorepatterns.
code.tex
File: pgfcorepatterns.code.tex 2023-01-15 v3.1.10 (3.1.10)
)
(/usr/local/texlive/2024/texmf-dist/tex/generic/pgf/basiclayer/pgfcorerdf.code.
tex
File: pgfcorerdf.code.tex 2023-01-15 v3.1.10 (3.1.10)
)))
(/usr/local/texlive/2024/texmf-dist/tex/generic/pgf/modules/pgfmoduleshapes.cod
e.tex
File: pgfmoduleshapes.code.tex 2023-01-15 v3.1.10 (3.1.10)
\pgfnodeparttextbox=\box85
)
(/usr/local/texlive/2024/texmf-dist/tex/generic/pgf/modules/pgfmoduleplot.code.
tex
File: pgfmoduleplot.code.tex 2023-01-15 v3.1.10 (3.1.10)
)
(/usr/local/texlive/2024/texmf-dist/tex/latex/pgf/compatibility/pgfcomp-version
-0-65.sty
Package: pgfcomp-version-0-65 2023-01-15 v3.1.10 (3.1.10)
\pgf@nodesepstart=\dimen295
\pgf@nodesepend=\dimen296
)
(/usr/local/texlive/2024/texmf-dist/tex/latex/pgf/compatibility/pgfcomp-version
-1-18.sty
Package: pgfcomp-version-1-18 2023-01-15 v3.1.10 (3.1.10)
))
(/usr/local/texlive/2024/texmf-dist/tex/latex/pgf/utilities/pgffor.sty
(/usr/local/texlive/2024/texmf-dist/tex/latex/pgf/utilities/pgfkeys.sty
(/usr/local/texlive/2024/texmf-dist/tex/generic/pgf/utilities/pgfkeys.code.tex))
 (/usr/local/texlive/2024/texmf-dist/tex/latex/pgf/math/pgfmath.sty
(/usr/local/texlive/2024/texmf-dist/tex/generic/pgf/math/pgfmath.code.tex))
(/usr/local/texlive/2024/texmf-dist/tex/generic/pgf/utilities/pgffor.code.tex
Package: pgffor 2023-01-15 v3.1.10 (3.1.10)
\pgffor@iter=\dimen297
\pgffor@skip=\dimen298
\pgffor@stack=\toks49
\pgffor@toks=\toks50
))
(/usr/local/texlive/2024/texmf-dist/tex/generic/pgf/frontendlayer/tikz/tikz.cod
e.tex
Package: tikz 2023-01-15 v3.1.10 (3.1.10)

(/usr/local/texlive/2024/texmf-dist/tex/generic/pgf/libraries/pgflibraryplothan
dlers.code.tex
File: pgflibraryplothandlers.code.tex 2023-01-15 v3.1.10 (3.1.10)
\pgf@plot@mark@count=\count456
\pgfplotmarksize=\dimen299
)
\tikz@lastx=\dimen300
\tikz@lasty=\dimen301
\tikz@lastxsaved=\dimen302
\tikz@lastysaved=\dimen303
\tikz@lastmovetox=\dimen304
\tikz@lastmovetoy=\dimen305
\tikzleveldistance=\dimen306
\tikzsiblingdistance=\dimen307
\tikz@figbox=\box86
\tikz@figbox@bg=\box87
\tikz@tempbox=\box88
\tikz@tempbox@bg=\box89
\tikztreelevel=\count457
\tikznumberofchildren=\count458
\tikznumberofcurrentchild=\count459
\tikz@fig@count=\count460

(/usr/local/texlive/2024/texmf-dist/tex/generic/pgf/modules/pgfmodulematrix.cod
e.tex
File: pgfmodulematrix.code.tex 2023-01-15 v3.1.10 (3.1.10)
\pgfmatrixcurrentrow=\count461
\pgfmatrixcurrentcolumn=\count462
\pgf@matrix@numberofcolumns=\count463
)
\tikz@expandcount=\count464

(/usr/local/texlive/2024/texmf-dist/tex/generic/pgf/frontendlayer/tikz/librarie
s/tikzlibrarytopaths.code.tex
File: tikzlibrarytopaths.code.tex 2023-01-15 v3.1.10 (3.1.10)
)))
(/usr/local/texlive/2024/texmf-dist/tex/generic/pgf/frontendlayer/tikz/librarie
s/tikzlibrarypositioning.code.tex
File: tikzlibrarypositioning.code.tex 2023-01-15 v3.1.10 (3.1.10)
)
(/usr/local/texlive/2024/texmf-dist/tex/generic/pgf/libraries/pgflibraryarrows.
meta.code.tex
File: pgflibraryarrows.meta.code.tex 2023-01-15 v3.1.10 (3.1.10)
\pgfarrowinset=\dimen308
\pgfarrowlength=\dimen309
\pgfarrowwidth=\dimen310
\pgfarrowlinewidth=\dimen311
)
(/usr/local/texlive/2024/texmf-dist/tex/generic/pgf/frontendlayer/tikz/librarie
s/tikzlibraryintersections.code.tex
(/usr/local/texlive/2024/texmf-dist/tex/generic/pgf/libraries/pgflibraryinterse
ctions.code.tex
(/usr/local/texlive/2024/texmf-dist/tex/generic/pgf/libraries/pgflibraryfpu.cod
e.tex)
\pgf@intersect@solutions=\count465
))
(/usr/local/texlive/2024/texmf-dist/tex/generic/pgf/frontendlayer/tikz/librarie
s/tikzlibrarycalc.code.tex
File: tikzlibrarycalc.code.tex 2023-01-15 v3.1.10 (3.1.10)
)
(/usr/local/texlive/2024/texmf-dist/tex/generic/pgf/frontendlayer/tikz/librarie
s/tikzlibraryshapes.code.tex
File: tikzlibraryshapes.code.tex 2023-01-15 v3.1.10 (3.1.10)

(/usr/local/texlive/2024/texmf-dist/tex/generic/pgf/frontendlayer/tikz/librarie
s/tikzlibraryshapes.geometric.code.tex
File: tikzlibraryshapes.geometric.code.tex 2023-01-15 v3.1.10 (3.1.10)

(/usr/local/texlive/2024/texmf-dist/tex/generic/pgf/libraries/shapes/pgflibrary
shapes.geometric.code.tex
File: pgflibraryshapes.geometric.code.tex 2023-01-15 v3.1.10 (3.1.10)
))
(/usr/local/texlive/2024/texmf-dist/tex/generic/pgf/frontendlayer/tikz/librarie
s/tikzlibraryshapes.misc.code.tex
File: tikzlibraryshapes.misc.code.tex 2023-01-15 v3.1.10 (3.1.10)

(/usr/local/texlive/2024/texmf-dist/tex/generic/pgf/libraries/shapes/pgflibrary
shapes.misc.code.tex
File: pgflibraryshapes.misc.code.tex 2023-01-15 v3.1.10 (3.1.10)
))
(/usr/local/texlive/2024/texmf-dist/tex/generic/pgf/frontendlayer/tikz/librarie
s/tikzlibraryshapes.symbols.code.tex
File: tikzlibraryshapes.symbols.code.tex 2023-01-15 v3.1.10 (3.1.10)

(/usr/local/texlive/2024/texmf-dist/tex/generic/pgf/libraries/shapes/pgflibrary
shapes.symbols.code.tex
File: pgflibraryshapes.symbols.code.tex 2023-01-15 v3.1.10 (3.1.10)
))
(/usr/local/texlive/2024/texmf-dist/tex/generic/pgf/frontendlayer/tikz/librarie
s/tikzlibraryshapes.arrows.code.tex
File: tikzlibraryshapes.arrows.code.tex 2023-01-15 v3.1.10 (3.1.10)

(/usr/local/texlive/2024/texmf-dist/tex/generic/pgf/libraries/shapes/pgflibrary
shapes.arrows.code.tex
File: pgflibraryshapes.arrows.code.tex 2023-01-15 v3.1.10 (3.1.10)
))
(/usr/local/texlive/2024/texmf-dist/tex/generic/pgf/frontendlayer/tikz/librarie
s/tikzlibraryshapes.callouts.code.tex
(/usr/local/texlive/2024/texmf-dist/tex/generic/pgf/libraries/shapes/pgflibrary
shapes.callouts.code.tex))
(/usr/local/texlive/2024/texmf-dist/tex/generic/pgf/frontendlayer/tikz/librarie
s/tikzlibraryshapes.multipart.code.tex
File: tikzlibraryshapes.multipart.code.tex 2023-01-15 v3.1.10 (3.1.10)

(/usr/local/texlive/2024/texmf-dist/tex/generic/pgf/libraries/shapes/pgflibrary
shapes.multipart.code.tex
File: pgflibraryshapes.multipart.code.tex 2023-01-15 v3.1.10 (3.1.10)
\pgfnodepartlowerbox=\box90
\pgfnodeparttwobox=\box91
\pgfnodepartthreebox=\box92
\pgfnodepartfourbox=\box93
\pgfnodeparttwentybox=\box94
\pgfnodepartnineteenbox=\box95
\pgfnodeparteighteenbox=\box96
\pgfnodepartseventeenbox=\box97
\pgfnodepartsixteenbox=\box98
\pgfnodepartfifteenbox=\box99
\pgfnodepartfourteenbox=\box100
\pgfnodepartthirteenbox=\box101
\pgfnodeparttwelvebox=\box102
\pgfnodepartelevenbox=\box103
\pgfnodeparttenbox=\box104
\pgfnodepartninebox=\box105
\pgfnodeparteightbox=\box106
\pgfnodepartsevenbox=\box107
\pgfnodepartsixbox=\box108
\pgfnodepartfivebox=\box109
)))
(/usr/local/texlive/2024/texmf-dist/tex/generic/pgf/frontendlayer/tikz/librarie
s/tikzlibraryarrows.code.tex
File: tikzlibraryarrows.code.tex 2023-01-15 v3.1.10 (3.1.10)

(/usr/local/texlive/2024/texmf-dist/tex/generic/pgf/libraries/pgflibraryarrows.
code.tex
File: pgflibraryarrows.code.tex 2023-01-15 v3.1.10 (3.1.10)
\arrowsize=\dimen312
))
(/usr/local/texlive/2024/texmf-dist/tex/latex/tikz-3dplot/tikz-3dplot.sty
(/usr/local/texlive/2024/texmf-dist/tex/generic/pgf/frontendlayer/tikz/librarie
s/tikzlibrary3d.code.tex
File: tikzlibrary3d.code.tex 2023-01-15 v3.1.10 (3.1.10)
))
(/usr/local/texlive/2024/texmf-dist/tex/luatex/luatexja/lltjext.sty
Package: lltjext 2022-08-24 v1.2k-ltj-14 Macros for vertical writing
\ltj@ext@dir=\count466
\@floatbox=\box110
\floatwidth=\dimen313
\floatheight=\dimen314
\floatruletick=\dimen315
\captionfloatsep=\dimen316
\captionwidth=\dimen317
\@captionbox=\box111
LaTeX Info: Redefining \parbox on input line 362.
\@picwd=\dimen318
\rensujiskip=\skip86
)
(/usr/local/texlive/2024/texmf-dist/tex/latex/tools/longtable.sty
Package: longtable 2023-11-01 v4.19 Multi-page Table package (DPC)
\LTleft=\skip87
\LTright=\skip88
\LTpre=\skip89
\LTpost=\skip90
\LTchunksize=\count467
\LTcapwidth=\dimen319
\LT@head=\box112
\LT@firsthead=\box113
\LT@foot=\box114
\LT@lastfoot=\box115
\LT@gbox=\box116
\LT@cols=\count468
\LT@rows=\count469
\c@LT@tables=\count470
\c@LT@chunks=\count471
\LT@p@ftn=\toks51
)
(/usr/local/texlive/2024/texmf-dist/tex/luatex/luatexja/addons/luatexja-fontspe
c.sty
Package: luatexja-fontspec 2020-09-14 fontspec support of LuaTeX-ja

(/usr/local/texlive/2024/texmf-dist/tex/latex/l3packages/l3keys2e/l3keys2e.sty
Package: l3keys2e 2024-03-14 LaTeX2e option processing using LaTeX3 keys
) (/usr/local/texlive/2024/texmf-dist/tex/latex/fontspec/fontspec.sty
Package: fontspec 2024/02/13 v2.9a Font selection for XeLaTeX and LuaLaTeX
Lua module: fontspec 2024/02/13 2.9a Font selection for XeLaTeX and LuaLaTeX
(/usr/local/texlive/2024/texmf-dist/tex/latex/fontspec/fontspec-luatex.sty
Package: fontspec-luatex 2024/02/13 v2.9a Font selection for XeLaTeX and LuaLaT
eX
\l__fontspec_script_int=\count472
\l__fontspec_language_int=\count473
\l__fontspec_strnum_int=\count474
\l__fontspec_tmp_int=\count475
\l__fontspec_tmpa_int=\count476
\l__fontspec_tmpb_int=\count477
\l__fontspec_tmpc_int=\count478
\l__fontspec_em_int=\count479
\l__fontspec_emdef_int=\count480
\l__fontspec_strong_int=\count481
\l__fontspec_strongdef_int=\count482
\l__fontspec_tmpa_dim=\dimen320
\l__fontspec_tmpb_dim=\dimen321
\l__fontspec_tmpc_dim=\dimen322

(/usr/local/texlive/2024/texmf-dist/tex/latex/base/fontenc.sty
Package: fontenc 2021/04/29 v2.0v Standard LaTeX package
)
(/usr/local/texlive/2024/texmf-dist/tex/latex/fontspec/fontspec.cfg)(load cache:
 extra_lmroman10-bold.luc)
LaTeX Font Info:    Font shape `JT3/mc/b/n' in size <10> not available
(Font)              Font shape `JT3/gt/m/n' tried instead on input line 3934.
LaTeX Font Info:    Font shape `JT3/gt/m/n' will be
(Font)              scaled to size 9.24713pt on input line 3934.
LaTeX Font Info:    Font shape `JY3/mc/b/n' in size <10> not available
(Font)              Font shape `JY3/gt/m/n' tried instead on input line 3934.
LaTeX Font Info:    Font shape `JY3/gt/m/n' will be
(Font)              scaled to size 9.24713pt on input line 3934.
(load cache: extra_haranoajigothic-medium.luc)))
(/usr/local/texlive/2024/texmf-dist/tex/luatex/luatexja/patches/lltjp-fontspec.
sty)
(/usr/local/texlive/2024/texmf-dist/tex/luatex/luatexja/addons/luatexja-fontspe
c-27c.sty
Package: luatexja-fontspec-27c 2024-02-19 fontspec support of LuaTeX-ja
\g__ltj_fontspec_altnumber_int=\count483
))
(/usr/local/texlive/2024/texmf-dist/tex/latex/nicematrix/nicematrix.sty
Package: nicematrix 2024/02/19 v6.27a Enhanced arrays with the help of PGF/TikZ


(/usr/local/texlive/2024/texmf-dist/tex/latex/tools/array.sty
Package: array 2023/10/16 v2.5g Tabular extension package (FMi)
\col@sep=\dimen323
\ar@mcellbox=\box117
\extrarowheight=\dimen324
\NC@list=\toks52
\extratabsurround=\skip91
\backup@length=\skip92
\ar@cellbox=\box118
)
\g__nicematrix_env_int=\count484
\g__nicematrix_NiceMatrixBlock_int=\count485
\g__nicematrix_notes_caption_int=\count486
\l__nicematrix_columns_width_dim=\dimen325
\l__nicematrix_col_width_dim=\dimen326
\g__nicematrix_row_total_int=\count487
\g__nicematrix_col_total_int=\count488
\g__nicematrix_last_row_node_int=\count489
\l__nicematrix_key_nb_rows_int=\count490
\g__nicematrix_blocks_wd_dim=\dimen327
\g__nicematrix_blocks_ht_dim=\dimen328
\g__nicematrix_blocks_dp_dim=\dimen329
\l__nicematrix_width_dim=\dimen330
\l__nicematrix_tabular_width_dim=\dimen331
\l__nicematrix_rule_width_dim=\dimen332
\l__nicematrix_old_iRow_int=\count491
\l__nicematrix_old_jCol_int=\count492
\g__nicematrix_total_X_weight_int=\count493
\l__nicematrix_X_columns_dim=\dimen333
\l__nicematrix_x_initial_dim=\dimen334
\l__nicematrix_y_initial_dim=\dimen335
\l__nicematrix_x_final_dim=\dimen336
\l__nicematrix_y_final_dim=\dimen337
\l__nicematrix_tmpc_dim=\dimen338
\l__nicematrix_tmpd_dim=\dimen339
\g__nicematrix_width_last_col_dim=\dimen340
\g__nicematrix_width_first_col_dim=\dimen341
\l__nicematrix_row_min_int=\count494
\l__nicematrix_row_max_int=\count495
\l__nicematrix_col_min_int=\count496
\l__nicematrix_col_max_int=\count497
\l__nicematrix_start_int=\count498
\l__nicematrix_end_int=\count499
\l__nicematrix_local_start_int=\count500
\l__nicematrix_local_end_int=\count501
\g__nicematrix_static_num_of_col_int=\count502
\l__nicematrix_rounded_corners_dim=\dimen342
\l__nicematrix_tab_rounded_corners_dim=\dimen343
\l__nicematrix_offset_dim=\dimen344
\l__nicematrix_line_width_dim=\dimen345
\g__nicematrix_block_box_int=\count503
\l__nicematrix_submatrix_extra_height_dim=\dimen346
\l__nicematrix_submatrix_left_xshift_dim=\dimen347
\l__nicematrix_submatrix_right_xshift_dim=\dimen348
\l__nicematrix_first_row_int=\count504
\l__nicematrix_first_col_int=\count505
\l__nicematrix_last_row_int=\count506
\l__nicematrix_last_col_int=\count507
\c@tabularnote=\count508
\c@nicematrix_draft=\count509
\l__nicematrix_cell_space_top_limit_dim=\dimen349
\l__nicematrix_cell_space_bottom_limit_dim=\dimen350
\l__nicematrix_xdots_inter_dim=\dimen351
\l__nicematrix_xdots_shorten_start_dim=\dimen352
\l__nicematrix_xdots_shorten_end_dim=\dimen353
\l__nicematrix_xdots_radius_dim=\dimen354
\l__nicematrix_notes_above_space_dim=\dimen355
\l__nicematrix_left_margin_dim=\dimen356
\l__nicematrix_right_margin_dim=\dimen357
\l__nicematrix_extra_left_margin_dim=\dimen358
\l__nicematrix_extra_right_margin_dim=\dimen359
\c__nicematrix_max_l_dim=\dimen360
\l__nicematrix_position_int=\count510
\l__nicematrix_multiplicity_int=\count511
\l__nicematrix_brace_yshift_dim=\dimen361
)
(/usr/local/texlive/2024/texmf-dist/tex/latex/booktabs/booktabs.sty
Package: booktabs 2020/01/12 v1.61803398 Publication quality tables
\heavyrulewidth=\dimen362
\lightrulewidth=\dimen363
\cmidrulewidth=\dimen364
\belowrulesep=\dimen365
\belowbottomsep=\dimen366
\aboverulesep=\dimen367
\abovetopsep=\dimen368
\cmidrulesep=\dimen369
\cmidrulekern=\dimen370
\defaultaddspace=\dimen371
\@cmidla=\count512
\@cmidlb=\count513
\@aboverulesep=\dimen372
\@belowrulesep=\dimen373
\@thisruleclass=\count514
\@lastruleclass=\count515
\@thisrulewidth=\dimen374
)
(/usr/local/texlive/2024/texmf-dist/tex/latex/accents/accents.sty
Package: accents 2006/05/12 v1.4 Math Accent Tools
\cc@skew=\dimen375
\cc@wd=\dimen376
\cc@code=\count516
\cc@group=\count517
\cc@skewchar=\count518
)
luaotfload | cache : Lookup cache loaded from /Users/napier3/Library/texlive/202
4/texmf-var/luatex-cache/generic/names/luaotfload-lookup-cache.luc.(load cache: 
extra_biz-udmincho-medium.luc)

Package fontspec Info: BIZUDMinchoMedium scale = 0.924715.


Package fontspec Info: BIZUDMinchoMedium scale = 0.924715.


Package fontspec Info: BIZUDMinchoMedium scale = 0.924715.


Package fontspec Info: Font family 'BIZUDMinchoMedium(0)' created for font
(fontspec)             'BIZ UDMincho Medium' with options
(fontspec)             [YokoFeatures={JFM=ujis},TateFeatures={JFM=ujisv},Scale=
0.924715,Kerning=Off,Script=CJK,BoldFont={},ItalicFont={},SmallCapsFont={},Yoko
Features={JFM=ujis}].
(fontspec)              
(fontspec)              This font family consists of the following NFSS
(fontspec)             series/shapes:
(fontspec)              

(load cache: extra_biz-udpmincho-medium.luc)

Package fontspec Info: BIZUDPMinchoMedium scale = 0.924715.


Package fontspec Info: BIZUDPMinchoMedium scale = 0.924715.


Package fontspec Info: BIZUDPMinchoMedium scale = 0.924715.

(load cache: extra_biz-udpgothic-bold.luc)

Package fontspec Info: BIZUDPGothicBold scale = 0.924715.


Package fontspec Info: BIZUDPGothicBold scale = 0.924715.


Package fontspec Info: BIZUDPMinchoMedium scale = 0.924715.


Package fontspec Info: BIZUDPMinchoMedium scale = 0.924715.


Package fontspec Info: BIZUDPMinchoMedium scale = 0.924715.


Package fontspec Info: BIZUDPMinchoMedium scale = 0.924715.


Package fontspec Info: BIZUDPGothicBold scale = 0.924715.


Package fontspec Info: BIZUDPGothicBold scale = 0.924715.


Package fontspec Info: BIZUDPGothicBold scale = 0.924715.


Package fontspec Info: BIZUDPGothicBold scale = 0.924715.


Package fontspec Info: Font family 'BIZUDPMinchoMedium(0)' created for font
(fontspec)             'BIZ UDPMincho Medium' with options
(fontspec)             [YokoFeatures={JFM=ujis},TateFeatures={JFM=ujisv},Scale=
0.924715,Kerning=Off,Script=CJK,Ligatures={Common,TeX},ItalicFont={BIZ
(fontspec)             UDPMincho
(fontspec)             Medium},ItalicFeatures={FakeSlant=0.27},SlantedFont={BIZ

(fontspec)             UDPMincho
(fontspec)             Medium},SlantedFeatures={FakeSlant=0.18},BoldFont={BIZ
(fontspec)             UDPGothic Bold},BoldSlantedFont={BIZ UDPGothic
(fontspec)             Bold},BoldSlantedFeatures={FakeSlant=0.18},BoldItalicFon
t={BIZ
(fontspec)             UDPGothic
(fontspec)             Bold},BoldItalicFeatures={FakeSlant=0.27},YokoFeatures={
JFM=prop}].
(fontspec)              
(fontspec)              This font family consists of the following NFSS
(fontspec)             series/shapes:
(fontspec)              

LaTeX Font Info:    Redeclaring symbol font `mincho' on input line 46.
LaTeX Font Info:    Overwriting symbol font `mincho' in version `normal'
(Font)                  JY3/mc/m/n --> JY3/BIZUDPMinchoMedium(0)/m/n on input l
ine 46.
LaTeX Font Info:    Overwriting symbol font `mincho' in version `bold'
(Font)                  JY3/gt/m/n --> JY3/BIZUDPMinchoMedium(0)/m/n on input l
ine 46.
LaTeX Font Info:    Overwriting symbol font `mincho' in version `bold'
(Font)                  JY3/BIZUDPMinchoMedium(0)/m/n --> JY3/BIZUDPMinchoMediu
m(0)/b/n on input line 46.
LaTeX Font Info:    Font shape `JT3/BIZUDPMinchoMedium(0)/m/n' will be
(Font)              scaled to size 9.24713pt on input line 46.
LaTeX Font Info:    Font shape `JY3/BIZUDPMinchoMedium(0)/m/n' will be
(Font)              scaled to size 9.24713pt on input line 46.

(/usr/local/texlive/2024/texmf-dist/tex/luatex/luatexja/jfm-prop.lua)
(/usr/local/texlive/2024/texmf-dist/tex/latex/colortbl/colortbl.sty
Package: colortbl 2024/02/20 v1.0g Color table columns (DPC)
\everycr=\toks53
\minrowclearance=\skip93
\rownum=\count519
)
(/usr/local/texlive/2024/texmf-dist/tex/latex/listingsutf8/listingsutf8.sty
Package: listingsutf8 2019-12-10 v1.5 Allow UTF-8 in listings input (HO)

(/usr/local/texlive/2024/texmf-dist/tex/latex/listings/listings.sty
\lst@mode=\count520
\lst@gtempboxa=\box119
\lst@token=\toks54
\lst@length=\count521
\lst@currlwidth=\dimen377
\lst@column=\count522
\lst@pos=\count523
\lst@lostspace=\dimen378
\lst@width=\dimen379
\lst@newlines=\count524
\lst@lineno=\count525
\lst@maxwidth=\dimen380

(/usr/local/texlive/2024/texmf-dist/tex/latex/listings/lstpatch.sty
File: lstpatch.sty 2024/03/11 1.10a (Carsten Heinz)
)
(/usr/local/texlive/2024/texmf-dist/tex/latex/listings/lstmisc.sty
File: lstmisc.sty 2024/03/11 1.10a (Carsten Heinz)
\c@lstnumber=\count526
\lst@skipnumbers=\count527
\lst@framebox=\box120
)
(/usr/local/texlive/2024/texmf-dist/tex/latex/listings/listings.cfg
File: listings.cfg 2024/03/11 1.10a listings configuration
))
Package: listings 2024/03/11 1.10a (Carsten Heinz)

(/usr/local/texlive/2024/texmf-dist/tex/luatex/luatexja/patches/lltjp-listings.
sty
(/usr/local/texlive/2024/texmf-dist/tex/luatex/luatexbase/luatexbase-cctb.sty
Package: luatexbase-cctb 2015/10/04 v1.3 luatexbase interface to LuaTeX (legacy
 subpackage) 
)
\ltj@lst@japanese@min=\count528
\CatcodeTableLTJlistings=\catcodetable17
\ltj@lst@frame@lslimit=\dimen381

(/usr/local/texlive/2024/texmf-dist/tex/latex/listings/lstmisc.sty
File: lstmisc.sty 2024/03/11 1.10a (Carsten Heinz)
\lst@WFtoken=\toks55
\lst@WF=\write6
))
(/usr/local/texlive/2024/texmf-dist/tex/generic/stringenc/stringenc.sty
Package: stringenc 2019/11/29 v1.12 Convert strings between diff. encodings (HO
)

(/usr/local/texlive/2024/texmf-dist/tex/generic/pdfescape/pdfescape.sty
Package: pdfescape 2019/12/09 v1.15 Implements pdfTeX's escape features (HO)
)))
(/usr/local/texlive/2024/texmf-dist/tex/latex/hyperref/hyperref.sty
Package: hyperref 2024-01-20 v7.01h Hypertext links for LaTeX

(/usr/local/texlive/2024/texmf-dist/tex/generic/kvdefinekeys/kvdefinekeys.sty
Package: kvdefinekeys 2019-12-19 v1.6 Define keys (HO)
)
(/usr/local/texlive/2024/texmf-dist/tex/latex/hycolor/hycolor.sty
Package: hycolor 2020-01-27 v1.10 Color options for hyperref/bookmark (HO)
)
(/usr/local/texlive/2024/texmf-dist/tex/latex/auxhook/auxhook.sty
Package: auxhook 2019-12-17 v1.6 Hooks for auxiliary files (HO)
)
(/usr/local/texlive/2024/texmf-dist/tex/latex/hyperref/nameref.sty
Package: nameref 2023-11-26 v2.56 Cross-referencing by name of section

(/usr/local/texlive/2024/texmf-dist/tex/latex/refcount/refcount.sty
Package: refcount 2019/12/15 v3.6 Data extraction from label references (HO)
)
(/usr/local/texlive/2024/texmf-dist/tex/generic/gettitlestring/gettitlestring.s
ty
Package: gettitlestring 2019/12/15 v1.6 Cleanup title references (HO)
)
\c@section@level=\count529
)
\@linkdim=\dimen382
\Hy@linkcounter=\count530
\Hy@pagecounter=\count531
 (/usr/local/texlive/2024/texmf-dist/tex/latex/hyperref/pd1enc.def
File: pd1enc.def 2024-01-20 v7.01h Hyperref: PDFDocEncoding definition (HO)
)
(/usr/local/texlive/2024/texmf-dist/tex/generic/intcalc/intcalc.sty
Package: intcalc 2019/12/15 v1.3 Expandable calculations with integers (HO)
)
\Hy@SavedSpaceFactor=\count532

(/usr/local/texlive/2024/texmf-dist/tex/latex/hyperref/puenc.def
File: puenc.def 2024-01-20 v7.01h Hyperref: PDF Unicode definition (HO)
)
Package hyperref Info: Hyper figures OFF on input line 4179.
Package hyperref Info: Link nesting OFF on input line 4184.
Package hyperref Info: Hyper index ON on input line 4187.
Package hyperref Info: Plain pages OFF on input line 4194.
Package hyperref Info: Backreferencing OFF on input line 4199.
Package hyperref Info: Implicit mode ON; LaTeX internals redefined.
Package hyperref Info: Bookmarks ON on input line 4446.
\c@Hy@tempcnt=\count533
LaTeX Info: Redefining \url on input line 4784.
\XeTeXLinkMargin=\dimen383

(/usr/local/texlive/2024/texmf-dist/tex/generic/bitset/bitset.sty
Package: bitset 2019/12/09 v1.3 Handle bit-vector datatype (HO)

(/usr/local/texlive/2024/texmf-dist/tex/generic/bigintcalc/bigintcalc.sty
Package: bigintcalc 2019/12/15 v1.5 Expandable calculations on big integers (HO
)
))
\Fld@menulength=\count534
\Field@Width=\dimen384
\Fld@charsize=\dimen385
Package hyperref Info: Hyper figures OFF on input line 6063.
Package hyperref Info: Link nesting OFF on input line 6068.
Package hyperref Info: Hyper index ON on input line 6071.
Package hyperref Info: backreferencing OFF on input line 6078.
Package hyperref Info: Link coloring OFF on input line 6083.
Package hyperref Info: Link coloring with OCG OFF on input line 6088.
Package hyperref Info: PDF/A mode OFF on input line 6093.
\Hy@abspage=\count535
\c@Item=\count536
\c@Hfootnote=\count537
)
Package hyperref Info: Driver (autodetected): hluatex.

(/usr/local/texlive/2024/texmf-dist/tex/latex/hyperref/hluatex.def
File: hluatex.def 2024-01-20 v7.01h Hyperref driver for luaTeX

(/usr/local/texlive/2024/texmf-dist/tex/latex/base/atveryend-ltx.sty
Package: atveryend-ltx 2020/08/19 v1.0a Emulation of the original atveryend pac
kage
with kernel methods
)
\Fld@listcount=\count538
\c@bookmark@seq@number=\count539

(/usr/local/texlive/2024/texmf-dist/tex/latex/rerunfilecheck/rerunfilecheck.sty
Package: rerunfilecheck 2022-07-10 v1.10 Rerun checks for auxiliary files (HO)

(/usr/local/texlive/2024/texmf-dist/tex/generic/uniquecounter/uniquecounter.sty
Package: uniquecounter 2019/12/15 v1.4 Provide unlimited unique counter (HO)
)
Package uniquecounter Info: New unique counter `rerunfilecheck' on input line 2
85.
)
\Hy@SectionHShift=\skip94
)
Package hyperref Info: Option `setpagesize' set `false' on input line 81.
Package hyperref Info: Option `bookmarksnumbered' set `true' on input line 81.
Package hyperref Info: Option `bookmarksopen' set `true' on input line 81.
Package hyperref Info: Option `colorlinks' set `true' on input line 81.
 (/usr/local/texlive/2024/texmf-dist/tex/latex/tcolorbox/tcolorbox.sty
Package: tcolorbox 2024/01/10 version 6.2.0 text color boxes

(/usr/local/texlive/2024/texmf-dist/tex/latex/tools/verbatim.sty
Package: verbatim 2023-11-06 v1.5v LaTeX2e package for verbatim enhancements
\every@verbatim=\toks56
\verbatim@line=\toks57
\verbatim@in@stream=\read5
)
(/usr/local/texlive/2024/texmf-dist/tex/latex/environ/environ.sty
Package: environ 2014/05/04 v0.3 A new way to define environments

(/usr/local/texlive/2024/texmf-dist/tex/latex/trimspaces/trimspaces.sty
Package: trimspaces 2009/09/17 v1.1 Trim spaces around a token list
))
\tcb@titlebox=\box121
\tcb@upperbox=\box122
\tcb@lowerbox=\box123
\tcb@phantombox=\box124
\c@tcbbreakpart=\count540
\c@tcblayer=\count541
\c@tcolorbox@number=\count542
\l__tcobox_tmpa_box=\box125
\l__tcobox_tmpa_dim=\dimen386
\tcb@temp=\box126
\tcb@temp=\box127
\tcb@temp=\box128
\tcb@temp=\box129
)
(/usr/local/texlive/2024/texmf-dist/tex/latex/tcolorbox/tcbbreakable.code.tex
Library (tcolorbox): 'tcbbreakable.code.tex' version '6.2.0'
(/usr/local/texlive/2024/texmf-dist/tex/latex/pdfcol/pdfcol.sty
Package: pdfcol 2022-09-21 v1.7 Handle new color stacks for pdfTeX (HO)
)
Package pdfcol Info: New color stack `tcb@breakable' = 1 on input line 23.
\tcb@testbox=\box130
\tcb@totalupperbox=\box131
\tcb@totallowerbox=\box132
)
(/usr/local/texlive/2024/texmf-dist/tex/latex/tcolorbox/tcbskins.code.tex
Library (tcolorbox): 'tcbskins.code.tex' version '6.2.0'
(/usr/local/texlive/2024/texmf-dist/tex/latex/tikzfill/tikzfill.image.sty
Package: tikzfill.image 2023/08/08 v1.0.1 Image filling library for TikZ

(/usr/local/texlive/2024/texmf-dist/tex/latex/tikzfill/tikzfill-common.sty
Package: tikzfill-common 2023/08/08 v1.0.1 Auxiliary code for tikzfill
)
(/usr/local/texlive/2024/texmf-dist/tex/latex/tikzfill/tikzlibraryfill.image.co
de.tex
File: tikzlibraryfill.image.code.tex 2023/08/08 v1.0.1 Image filling library
\l__tikzfill_img_box=\box133
))
(/usr/local/texlive/2024/texmf-dist/tex/latex/tcolorbox/tcbskinsjigsaw.code.tex
Library (tcolorbox): 'tcbskinsjigsaw.code.tex' version '6.2.0'
)) (/usr/local/texlive/2024/texmf-dist/tex/latex/tcolorbox/tcbtheorems.code.tex
Library (tcolorbox): 'tcbtheorems.code.tex' version '6.2.0'
)
\c@tcb@cnt@Rscreen=\count543
\c@tcb@cnt@SCrstan=\count544
\c@tcb@cnt@SCcmd=\count545
\c@tcb@cnt@MCMCout=\count546
\c@tcb@cnt@reidai=\count547
\c@tcb@cnt@hinto=\count548
 (/usr/local/texlive/2024/texmf-dist/tex/latex/capt-of/capt-of.sty
Package: capt-of 2009/12/29 v0.2 standard captions outside of floats
)
\c@tcb@cnt@FAQ=\count549

(/usr/local/texlive/2024/texmf-dist/tex/latex/base/makeidx.sty
Package: makeidx 2021/10/04 v1.0m Standard LaTeX package
)
\@indexfile=\write7

\openout7 = tmp.idx

Writing index file tmp.idx
(/usr/local/texlive/2024/texmf-dist/tex/latex/fancyhdr/fancyhdr.sty
Package: fancyhdr 2022/11/09 v4.1 Extensive control of page headers and footers

\f@nch@headwidth=\skip95
\f@nch@O@elh=\skip96
\f@nch@O@erh=\skip97
\f@nch@O@olh=\skip98
\f@nch@O@orh=\skip99
\f@nch@O@elf=\skip100
\f@nch@O@erf=\skip101
\f@nch@O@olf=\skip102
\f@nch@O@orf=\skip103
))
(/usr/local/texlive/2024/texmf-dist/tex/latex/docmute/docmute.sty
Package: docmute 2012/03/22 v1.4 Input stand-alone documents
)
(/usr/local/texlive/2024/texmf-dist/tex/luatex/luatexja/patches/lltjp-array.sty
Package: lltjp-array 2019-07-18 Patch to array for LuaTeX-ja
)
\@quotelevel=\count550
\@quotereset=\count551
 (./tmp.aux (./m01_introduction.aux) (./m02_Numbers.aux) (./m03_introR.aux)
(./m04_usingR.aux) (./m05_descriptives.aux) (./m06_ctt.aux)
(./m07_probability.aux) (./m08_CorrelationCausation.aux) (./m09_Regression.aux) (./m10_MultipleRegression.aux) (./m11_Regression_onR.aux) (./m12_design1.aux)
(./m13_design2.aux) (./m14_design3.aux) (./m15_FirstSemester.aux)
(./m16_inference.aux) (./m17_estimation_and_test.aux) (./m18_NHST.aux)
(./m19_NHST2.aux) (./m20_ttest.aux) (./m21_anova.aux) (./m22_anova_onR.aux)
(./m23_likelihood.aux) (./m24_maximum_likelihood.aux) (./m25_bayesian.aux)
(./m26_bayesian2.aux) (./m27_bayesian3.aux) (./m28_jasp.aux) (./m29_brms.aux)
(./m30_SecondSemester.aux))
\openout1 = tmp.aux

LaTeX Font Info:    Checking defaults for OML/cmm/m/it on input line 6.
LaTeX Font Info:    ... okay on input line 6.
LaTeX Font Info:    Checking defaults for OMS/cmsy/m/n on input line 6.
LaTeX Font Info:    ... okay on input line 6.
LaTeX Font Info:    Checking defaults for OT1/cmr/m/n on input line 6.
LaTeX Font Info:    ... okay on input line 6.
LaTeX Font Info:    Checking defaults for T1/cmr/m/n on input line 6.
LaTeX Font Info:    ... okay on input line 6.
LaTeX Font Info:    Checking defaults for TS1/cmr/m/n on input line 6.
LaTeX Font Info:    Trying loading font information for TS1+cmr on input line 6
.

(/usr/local/texlive/2024/texmf-dist/tex/latex/base/ts1cmr.fd
File: ts1cmr.fd 2023/04/13 v2.5m Standard LaTeX font definitions
)
LaTeX Font Info:    ... okay on input line 6.
LaTeX Font Info:    Checking defaults for TU/lmr/m/n on input line 6.
LaTeX Font Info:    ... okay on input line 6.
LaTeX Font Info:    Checking defaults for OMX/cmex/m/n on input line 6.
LaTeX Font Info:    ... okay on input line 6.
LaTeX Font Info:    Checking defaults for U/cmr/m/n on input line 6.
LaTeX Font Info:    ... okay on input line 6.
LaTeX Font Info:    Checking defaults for JY3/mc/m/n on input line 6.
LaTeX Font Info:    ... okay on input line 6.
LaTeX Font Info:    Checking defaults for JT3/mc/m/n on input line 6.
LaTeX Font Info:    ... okay on input line 6.
LaTeX Font Info:    Checking defaults for PD1/pdf/m/n on input line 6.
LaTeX Font Info:    ... okay on input line 6.
LaTeX Font Info:    Checking defaults for PU/pdf/m/n on input line 6.
LaTeX Font Info:    ... okay on input line 6.
Package biblatex Info: Trying to load language 'english'...
Package biblatex Info: ... file 'english.lbx' found.

(/usr/local/texlive/2024/texmf-dist/tex/latex/biblatex/lbx/english.lbx
File: english.lbx 2024/03/21 v3.20 biblatex localization (PK/MW)
)
Package biblatex Info: LuaTeX detected.
(biblatex)             Assuming input encoding 'utf8'.
Package biblatex Info: Automatic encoding selection.
(biblatex)             Assuming data encoding 'utf8'.

\openout3 = tmp.bcf
Package biblatex Info: Trying to load bibliographic data...
Package biblatex Info: ... file 'tmp.bbl' found.

(./tmp.bbl)
Package biblatex Info: Reference section=0 on input line 6.
Package biblatex Info: Reference segment=0 on input line 6.

*geometry* driver: auto-detecting
*geometry* detected driver: luatex
*geometry* verbose mode - [ preamble ] result:
* driver: luatex
* paper: <default>
* layout: <same size as paper>
* layoutoffset:(h,v)=(0.0pt,0.0pt)
* modes: includehead includefoot twoside heightrounded 
* h-part:(L,W,R)=(71.70166pt, 418.25368pt, 107.55254pt)
* v-part:(T,H,B)=(71.13188pt, 702.78308pt, 71.13188pt)
* \paperwidth=597.50787pt
* \paperheight=845.04684pt
* \textwidth=418.25368pt
* \textheight=668.76108pt
* \oddsidemargin=-0.56833pt
* \evensidemargin=35.28255pt
* \topmargin=-1.1381pt
* \headheight=20.0pt
* \headsep=14.31049pt
* \topskip=12.76108pt
* \footskip=16.0pt
* \marginparwidth=120.2127pt
* \marginparsep=18.49426pt
* \columnsep=18.49426pt
* \skip\footins=16.0pt plus 5.0pt minus 2.0pt
* \hoffset=0.0pt
* \voffset=0.0pt
* \mag=1000
* \@twocolumnfalse
* \@twosidetrue
* \@mparswitchtrue
* \@reversemarginfalse
* (1in=72.27pt=25.4mm, 1cm=28.453pt)

(/usr/local/texlive/2024/texmf-dist/tex/context/base/mkii/supp-pdf.mkii
[Loading MPS to PDF converter (version 2006.09.02).]
\scratchcounter=\count552
\scratchdimen=\dimen387
\scratchbox=\box134
\nofMPsegments=\count553
\nofMParguments=\count554
\everyMPshowfont=\toks58
\MPscratchCnt=\count555
\MPscratchDim=\dimen388
\MPnumerator=\count556
\makeMPintoPDFobject=\count557
\everyMPtoPDFconversion=\toks59
) (/usr/local/texlive/2024/texmf-dist/tex/latex/epstopdf-pkg/epstopdf-base.sty
Package: epstopdf-base 2020-01-24 v2.11 Base part for package epstopdf
Package epstopdf-base Info: Redefining graphics rule for `.eps' on input line 4
85.

(/usr/local/texlive/2024/texmf-dist/tex/latex/latexconfig/epstopdf-sys.cfg
File: epstopdf-sys.cfg 2010/07/13 v1.3 Configuration of (r)epstopdf for TeX Liv
e
))
(/usr/local/texlive/2024/texmf-dist/tex/latex/pdflscape/pdflscape.sty
Package: pdflscape 2022-10-27 v0.13 Display of landscape pages in PDF

(/usr/local/texlive/2024/texmf-dist/tex/latex/pdflscape/pdflscape-nometadata.st
y
Package: pdflscape-nometadata 2022-10-28 v0.13 Display of landscape pages in PD
F (HO)
Package pdflscape Info: Auto-detected driver: pdftex on input line 81.
))

Package fontspec Info: Adjusting the maths setup (use [no-math] to avoid
(fontspec)             this).

\symlegacymaths=\mathgroup11
LaTeX Font Info:    Overwriting symbol font `legacymaths' in version `bold'
(Font)                  OT1/cmr/m/n --> OT1/cmr/bx/n on input line 6.
LaTeX Font Info:    Redeclaring math accent \acute on input line 6.
LaTeX Font Info:    Redeclaring math accent \grave on input line 6.
LaTeX Font Info:    Redeclaring math accent \ddot on input line 6.
LaTeX Font Info:    Redeclaring math accent \tilde on input line 6.
LaTeX Font Info:    Redeclaring math accent \bar on input line 6.
LaTeX Font Info:    Redeclaring math accent \breve on input line 6.
LaTeX Font Info:    Redeclaring math accent \check on input line 6.
LaTeX Font Info:    Redeclaring math accent \hat on input line 6.
LaTeX Font Info:    Redeclaring math accent \dot on input line 6.
LaTeX Font Info:    Redeclaring math accent \mathring on input line 6.
LaTeX Font Info:    Redeclaring math symbol \Gamma on input line 6.
LaTeX Font Info:    Redeclaring math symbol \Delta on input line 6.
LaTeX Font Info:    Redeclaring math symbol \Theta on input line 6.
LaTeX Font Info:    Redeclaring math symbol \Lambda on input line 6.
LaTeX Font Info:    Redeclaring math symbol \Xi on input line 6.
LaTeX Font Info:    Redeclaring math symbol \Pi on input line 6.
LaTeX Font Info:    Redeclaring math symbol \Sigma on input line 6.
LaTeX Font Info:    Redeclaring math symbol \Upsilon on input line 6.
LaTeX Font Info:    Redeclaring math symbol \Phi on input line 6.
LaTeX Font Info:    Redeclaring math symbol \Psi on input line 6.
LaTeX Font Info:    Redeclaring math symbol \Omega on input line 6.
LaTeX Font Info:    Redeclaring math symbol \mathdollar on input line 6.
LaTeX Font Info:    Redeclaring symbol font `operators' on input line 6.
LaTeX Font Info:    Encoding `OT1' has changed to `TU' for symbol font
(Font)              `operators' in the math version `normal' on input line 6.
LaTeX Font Info:    Overwriting symbol font `operators' in version `normal'
(Font)                  OT1/cmr/m/n --> TU/lmr/m/n on input line 6.
LaTeX Font Info:    Encoding `OT1' has changed to `TU' for symbol font
(Font)              `operators' in the math version `bold' on input line 6.
LaTeX Font Info:    Overwriting symbol font `operators' in version `bold'
(Font)                  OT1/cmr/bx/n --> TU/lmr/m/n on input line 6.
LaTeX Font Info:    Overwriting symbol font `operators' in version `normal'
(Font)                  TU/lmr/m/n --> TU/lmr/m/n on input line 6.
LaTeX Font Info:    Overwriting math alphabet `\mathit' in version `normal'
(Font)                  OT1/cmr/m/it --> TU/lmr/m/it on input line 6.
LaTeX Font Info:    Overwriting math alphabet `\mathbf' in version `normal'
(Font)                  OT1/cmr/bx/n --> TU/lmr/b/n on input line 6.
LaTeX Font Info:    Overwriting math alphabet `\mathsf' in version `normal'
(Font)                  OT1/cmss/m/n --> TU/lmss/m/n on input line 6.
LaTeX Font Info:    Overwriting math alphabet `\mathtt' in version `normal'
(Font)                  OT1/cmtt/m/n --> TU/lmtt/m/n on input line 6.
LaTeX Font Info:    Overwriting symbol font `operators' in version `bold'
(Font)                  TU/lmr/m/n --> TU/lmr/b/n on input line 6.
LaTeX Font Info:    Overwriting math alphabet `\mathit' in version `bold'
(Font)                  OT1/cmr/bx/it --> TU/lmr/b/it on input line 6.
LaTeX Font Info:    Overwriting math alphabet `\mathsf' in version `bold'
(Font)                  OT1/cmss/bx/n --> TU/lmss/b/n on input line 6.
LaTeX Font Info:    Overwriting math alphabet `\mathtt' in version `bold'
(Font)                  OT1/cmtt/m/n --> TU/lmtt/b/n on input line 6.
\c__nicematrix_shift_Ldots_last_row_dim=\dimen389
\c__nicematrix_shift_exterior_Vdots_dim=\dimen390
\c__nicematrix_innersep_middle_dim=\dimen391
\c@lstlisting=\count558
 (/usr/local/texlive/2024/texmf-dist/tex/latex/base/inputenc.sty
Package: inputenc 2021/02/14 v1.3d Input encoding file
\inpenc@prehook=\toks60
\inpenc@posthook=\toks61
)
Package hyperref Info: Link coloring ON on input line 6.
 (./tmp.out) (./tmp.out)
\@outlinefile=\write8

\openout8 = tmp.out
\docmute@nestinglevel=\count559

warning  (file ../images/cover1.pdf) (pdf inclusion): PDF inclusion: found PDF v
ersion '1.6', but at most version '1.5' allowed
<../images/cover1.pdf, id=887, 1061.33514pt x 1693.61734pt>
File: ../images/cover1.pdf Graphic file (type pdf)
<use ../images/cover1.pdf>
Package luatex.def Info: ../images/cover1.pdf  used on input line 7.
(luatex.def)             Requested size: 1061.33255pt x 1693.61322pt.

warning  (file ../images/cover1.pdf) (pdf inclusion): PDF inclusion: found PDF v
ersion '1.6', but at most version '1.5' allowed
File: ../images/cover1.pdf Graphic file (type pdf)
<use ../images/cover1.pdf>
Package luatex.def Info: ../images/cover1.pdf  used on input line 7.
(luatex.def)             Requested size: 1061.33255pt x 1693.61322pt.

warning  (file ../images/cover1.pdf) (pdf inclusion): PDF inclusion: found PDF v
ersion '1.6', but at most version '1.5' allowed

warning  (file ../images/cover1.pdf) (pdf inclusion): PDF inclusion: found PDF v
ersion '1.6', but at most version '1.5' allowed
<../images/cover1.pdf, id=890, page=1, 1061.33514pt x 1693.61734pt>
File: ../images/cover1.pdf Graphic file (type pdf)
<use ../images/cover1.pdf, page 1>
Package luatex.def Info: ../images/cover1.pdf , page1 used on input line 7.
(luatex.def)             Requested size: 1061.33255pt x 1693.61322pt.
File: ../images/cover1.pdf Graphic file (type pdf)
<use ../images/cover1.pdf, page 1>
Package luatex.def Info: ../images/cover1.pdf , page1 used on input line 7.
(luatex.def)             Requested size: 529.74318pt x 845.33359pt.
File: ../images/cover1.pdf Graphic file (type pdf)
<use ../images/cover1.pdf, page 1>
Package luatex.def Info: ../images/cover1.pdf , page1 used on input line 7.
(luatex.def)             Requested size: 529.74318pt x 845.33359pt.
File: ../images/cover1.pdf Graphic file (type pdf)
<use ../images/cover1.pdf, page 1>
Package luatex.def Info: ../images/cover1.pdf , page1 used on input line 7.
(luatex.def)             Requested size: 529.74318pt x 845.33359pt.
File: ../images/cover1.pdf Graphic file (type pdf)
<use ../images/cover1.pdf, page 1>
Package luatex.def Info: ../images/cover1.pdf , page1 used on input line 7.
(luatex.def)             Requested size: 529.74318pt x 845.33359pt.
[1


<../images/cover1.pdf>] (../../common_contents/copyright.tex(load cache: extra_l
mroman7-regular.luc)(load cache: extra_lmroman5-regular.luc)
LaTeX Font Info:    Font shape `JY3/BIZUDPMinchoMedium(0)/m/n' will be
(Font)              scaled to size 6.47299pt on input line 13.
LaTeX Font Info:    Font shape `JY3/BIZUDPMinchoMedium(0)/m/n' will be
(Font)              scaled to size 4.62357pt on input line 13.
LaTeX Font Info:    Trying loading font information for U+msa on input line 13.


(/usr/local/texlive/2024/texmf-dist/tex/latex/amsfonts/umsa.fd
File: umsa.fd 2013/01/14 v3.01 AMS symbols A
)
LaTeX Font Info:    Trying loading font information for U+msb on input line 13.


(/usr/local/texlive/2024/texmf-dist/tex/latex/amsfonts/umsb.fd
File: umsb.fd 2013/01/14 v3.01 AMS symbols B
)
LaTeX Font Info:    Font shape `JY3/gt/m/n' will be
(Font)              scaled to size 6.47299pt on input line 13.
LaTeX Font Info:    Font shape `JY3/gt/m/n' will be
(Font)              scaled to size 4.62357pt on input line 13.
(load cache: extra_lmromanslant10-regular.luc)
LaTeX Font Info:    Font shape `JT3/BIZUDPMinchoMedium(0)/m/sl' will be
(Font)              scaled to size 9.24713pt on input line 24.
LaTeX Font Info:    Font shape `JY3/BIZUDPMinchoMedium(0)/m/sl' will be
(Font)              scaled to size 9.24713pt on input line 24.
 [2{/usr/local/texlive/2024/texmf-var/fonts/map/pdftex/updmap/pdftex.map}

])(load cache: extra_lmroman17-regular.luc)
LaTeX Font Info:    Font shape `JT3/BIZUDPMinchoMedium(0)/m/n' will be
(Font)              scaled to size 15.97903pt on input line 14.
LaTeX Font Info:    Font shape `JY3/BIZUDPMinchoMedium(0)/m/n' will be
(Font)              scaled to size 15.97903pt on input line 14.
(load cache: extra_lmroman12-regular.luc)
LaTeX Font Info:    Font shape `JT3/BIZUDPMinchoMedium(0)/m/n' will be
(Font)              scaled to size 11.09656pt on input line 14.
LaTeX Font Info:    Font shape `JY3/BIZUDPMinchoMedium(0)/m/n' will be
(Font)              scaled to size 11.09656pt on input line 14.
(load cache: extra_lmroman6-regular.luc)
LaTeX Font Info:    Font shape `JY3/BIZUDPMinchoMedium(0)/m/n' will be
(Font)              scaled to size 7.3977pt on input line 14.
LaTeX Font Info:    Font shape `JY3/BIZUDPMinchoMedium(0)/m/n' will be
(Font)              scaled to size 5.54828pt on input line 14.
LaTeX Font Info:    Font shape `JY3/gt/m/n' will be
(Font)              scaled to size 11.09656pt on input line 14.
LaTeX Font Info:    Font shape `JY3/gt/m/n' will be
(Font)              scaled to size 7.3977pt on input line 14.
LaTeX Font Info:    Font shape `JY3/gt/m/n' will be
(Font)              scaled to size 5.54828pt on input line 14.

warning  (pdf backend): ignoring duplicate destination with the name 'page.1'
[1

] (./preface1.tex
LaTeX Font Info:    Font shape `JT3/BIZUDPMinchoMedium(0)/m/n' will be
(Font)              scaled to size 13.31586pt on input line 1.
LaTeX Font Info:    Font shape `JY3/BIZUDPMinchoMedium(0)/m/n' will be
(Font)              scaled to size 13.31586pt on input line 1.
LaTeX Font Info:    Font shape `JT3/gt/m/n' will be
(Font)              scaled to size 13.31586pt on input line 1.
LaTeX Font Info:    Font shape `JY3/gt/m/n' will be
(Font)              scaled to size 13.31586pt on input line 1.
(load cache: extra_lmsans12-regular.luc)
LaTeX Font Info:    Font shape `JT3/gt/m/n' will be
(Font)              scaled to size 11.09656pt on input line 2.
LaTeX Font Info:    Font shape `JT3/gt/m/n' will be
(Font)              scaled to size 9.24713pt on input line 8.
(load cache: extra_lmsans10-regular.luc)
LaTeX Font Info:    Font shape `JT3/BIZUDPMinchoMedium(0)/m/n' will be
(Font)              scaled to size 6.47299pt on input line 16.
LaTeX Font Info:    Font shape `JT3/BIZUDPMinchoMedium(0)/m/n' will be
(Font)              scaled to size 7.3977pt on input line 16.
LaTeX Font Info:    Font shape `JT3/BIZUDPMinchoMedium(0)/m/n' will be
(Font)              scaled to size 5.54828pt on input line 16.
(load cache: extra_lmroman9-regular.luc)
LaTeX Font Info:    Font shape `JT3/BIZUDPMinchoMedium(0)/m/n' will be
(Font)              scaled to size 8.32242pt on input line 26.
LaTeX Font Info:    Font shape `JY3/BIZUDPMinchoMedium(0)/m/n' will be
(Font)              scaled to size 8.32242pt on input line 26.
)
warning  (pdf backend): ignoring duplicate destination with the name 'page.2'
[2] [3] [4

]
LaTeX Font Info:    Font shape `JT3/BIZUDPMinchoMedium(0)/m/n' will be
(Font)              scaled to size 23.00687pt on input line 19.
LaTeX Font Info:    Font shape `JY3/BIZUDPMinchoMedium(0)/m/n' will be
(Font)              scaled to size 23.00687pt on input line 19.
LaTeX Font Info:    Font shape `JT3/gt/m/n' will be
(Font)              scaled to size 23.00687pt on input line 19.
LaTeX Font Info:    Font shape `JY3/gt/m/n' will be
(Font)              scaled to size 23.00687pt on input line 19.
(load cache: extra_lmsans17-regular.luc) (./tmp.toc
LaTeX Font Info:    Font shape `JT3/BIZUDPMinchoMedium(0)/b/n' will be
(Font)              scaled to size 9.24713pt on input line 86.
LaTeX Font Info:    Font shape `JY3/BIZUDPMinchoMedium(0)/b/n' will be
(Font)              scaled to size 9.24713pt on input line 86.
 [5] [6] [7] [8] [9] [10])
\tf@toc=\write9

\openout9 = tmp.toc
 [11] [12

]
LaTeX Font Info:    Font shape `JT3/BIZUDPMinchoMedium(0)/m/n' will be
(Font)              scaled to size 19.17854pt on input line 24.
LaTeX Font Info:    Font shape `JY3/BIZUDPMinchoMedium(0)/m/n' will be
(Font)              scaled to size 19.17854pt on input line 24.
LaTeX Font Info:    Font shape `JT3/gt/m/n' will be
(Font)              scaled to size 19.17854pt on input line 24.
LaTeX Font Info:    Font shape `JY3/gt/m/n' will be
(Font)              scaled to size 19.17854pt on input line 24.
LaTeX Font Info:    Font shape `JT3/BIZUDPMinchoMedium(0)/m/n' will be
(Font)              scaled to size 4.62357pt on input line 24.
(load cache: extra_lmsans8-regular.luc)
LaTeX Font Info:    Font shape `JT3/gt/m/n' will be
(Font)              scaled to size 4.62357pt on input line 24.
 [13] [14]
\openout2 = m01_introduction.aux

(./m01_introduction.tex
第1章
[15


] [16] [17] [18]
<../images/01_introduction/psychology_base.png, id=1285, 550.055pt x 152.57pt>
File: ../images/01_introduction/psychology_base.png Graphic file (type png)
<use ../images/01_introduction/psychology_base.png>
Package luatex.def Info: ../images/01_introduction/psychology_base.png  used on
 input line 115.
(luatex.def)             Requested size: 271.86234pt x 75.40947pt.
 [19<../images/01_introduction/psychology_base.png>])
[20]
\openout2 = m02_Numbers.aux
 (./m02_Numbers.tex
第2章
<../images/02_Numbers/slide03_01.png, id=1312, 771.88374pt x 273.02pt>
File: ../images/02_Numbers/slide03_01.png Graphic file (type png)
<use ../images/02_Numbers/slide03_01.png>
Package luatex.def Info: ../images/02_Numbers/slide03_01.png  used on input lin
e 16.
(luatex.def)             Requested size: 334.60422pt x 118.35031pt.
[21




<../images/02_Numbers/slide03_01.png>]
<../images/02_Numbers/slide03_02.png, id=1326, 725.71124pt x 364.36125pt>
File: ../images/02_Numbers/slide03_02.png Graphic file (type png)
<use ../images/02_Numbers/slide03_02.png>
Package luatex.def Info: ../images/02_Numbers/slide03_02.png  used on input lin
e 25.
(luatex.def)             Requested size: 334.60422pt x 167.99738pt.
<../images/02_Numbers/slide03_03.png, id=1329, 732.7375pt x 442.65375pt>
File: ../images/02_Numbers/slide03_03.png Graphic file (type png)
<use ../images/02_Numbers/slide03_03.png>
Package luatex.def Info: ../images/02_Numbers/slide03_03.png  used on input lin
e 36.
(luatex.def)             Requested size: 334.60422pt x 202.13722pt.
 [22<../images/02_Numbers/slide03_02.png>] [23<../images/02_Numbers/slide03_03.p
ng>]
<../images/02_Numbers/slide03_04.png, id=1356, 376.40625pt x 454.69875pt>
File: ../images/02_Numbers/slide03_04.png Graphic file (type png)
<use ../images/02_Numbers/slide03_04.png>
Package luatex.def Info: ../images/02_Numbers/slide03_04.png  used on input lin
e 61.
(luatex.def)             Requested size: 209.12683pt x 252.63138pt.
 [24<../images/02_Numbers/slide03_04.png>] [25](load cache: extra_lmmono10-regul
ar.luc) [26]
<../images/02_Numbers/slide03_05.png, id=1398, 845.1575pt x 198.7425pt>
File: ../images/02_Numbers/slide03_05.png Graphic file (type png)
<use ../images/02_Numbers/slide03_05.png>
Package luatex.def Info: ../images/02_Numbers/slide03_05.png  used on input lin
e 114.
(luatex.def)             Requested size: 334.60422pt x 78.68588pt.
(load cache: extra_lmroman8-bold.luc)
LaTeX Font Info:    Font shape `JT3/BIZUDPMinchoMedium(0)/b/n' will be
(Font)              scaled to size 7.3977pt on input line 119.
LaTeX Font Info:    Font shape `JY3/BIZUDPMinchoMedium(0)/b/n' will be
(Font)              scaled to size 7.3977pt on input line 119.
 [27<../images/02_Numbers/slide03_05.png>] [28] [29]
<../images/02_Numbers/ggplot_sample_01.png, id=1440, 867.24pt x 867.24pt>
File: ../images/02_Numbers/ggplot_sample_01.png Graphic file (type png)
<use ../images/02_Numbers/ggplot_sample_01.png>
Package luatex.def Info: ../images/02_Numbers/ggplot_sample_01.png  used on inp
ut line 162.
(luatex.def)             Requested size: 334.60422pt x 334.60963pt.
<../images/02_Numbers/ggplot_sample_02.png, id=1441, 867.24pt x 433.62pt>
File: ../images/02_Numbers/ggplot_sample_02.png Graphic file (type png)
<use ../images/02_Numbers/ggplot_sample_02.png>
Package luatex.def Info: ../images/02_Numbers/ggplot_sample_02.png  used on inp
ut line 169.
(luatex.def)             Requested size: 334.60422pt x 167.30481pt.
<../images/02_Numbers/ggplot_sample_03.png, id=1442, 867.24pt x 433.62pt>
File: ../images/02_Numbers/ggplot_sample_03.png Graphic file (type png)
<use ../images/02_Numbers/ggplot_sample_03.png>
Package luatex.def Info: ../images/02_Numbers/ggplot_sample_03.png  used on inp
ut line 175.
(luatex.def)             Requested size: 334.60422pt x 167.30481pt.

[30<../images/02_Numbers/ggplot_sample_01.png><../images/02_Numbers/ggplot_sampl
e_02.png>](load cache: extra_lmmono8-regular.luc)
LaTeX Font Info:    Font shape `JT3/gt/m/n' will be
(Font)              scaled to size 7.3977pt on input line 186.
 [31<../images/02_Numbers/ggplot_sample_03.png>]
<../images/02_Numbers/ggplot_sample_04.png, id=1468, 867.24pt x 433.62pt>
File: ../images/02_Numbers/ggplot_sample_04.png Graphic file (type png)
<use ../images/02_Numbers/ggplot_sample_04.png>
Package luatex.def Info: ../images/02_Numbers/ggplot_sample_04.png  used on inp
ut line 198.
(luatex.def)             Requested size: 334.60422pt x 167.30481pt.
 [32<../images/02_Numbers/ggplot_sample_04.png>]
(/usr/local/texlive/2024/texmf-dist/tex/latex/listings/lstlang1.sty
File: lstlang1.sty 2024/03/11 1.10a listings language file
)
(/usr/local/texlive/2024/texmf-dist/tex/latex/listings/lstlang1.sty
File: lstlang1.sty 2024/03/11 1.10a listings language file
)
(/usr/local/texlive/2024/texmf-dist/tex/latex/listings/lstmisc.sty
File: lstmisc.sty 2024/03/11 1.10a (Carsten Heinz)
)
Package hyperref Info: bookmark level for unknown lstlisting defaults to 0 on i
nput line 217.
LaTeX Font Info:    Font shape `JT3/gt/m/n' will be
(Font)              scaled to size 8.32242pt on input line 217.
LaTeX Font Info:    Font shape `JY3/gt/m/n' will be
(Font)              scaled to size 8.32242pt on input line 217.
Removing  `ltj.process_input_buffer' from `process_input_buffer'.
Inserting `ltj.listings_unicode' in `process_input_buffer'.
Inserting `ltj.process_input_buffer' in `process_input_buffer'.
Removing  `ltj.listings_unicode' from `process_input_buffer'. [33])
[34]
\openout2 = m03_introR.aux
 (./m03_introR.tex
第3章
[35




]
<../images/03_introR/computer_02.png, id=1560, 1753.55125pt x 1580.90625pt>
File: ../images/03_introR/computer_02.png Graphic file (type png)
<use ../images/03_introR/computer_02.png>
Package luatex.def Info: ../images/03_introR/computer_02.png  used on input lin
e 30.
(luatex.def)             Requested size: 334.60422pt x 301.65381pt.
<../images/03_introR/computer_03.png, id=1561, 1069.9975pt x 874.26625pt>
File: ../images/03_introR/computer_03.png Graphic file (type png)
<use ../images/03_introR/computer_03.png>
Package luatex.def Info: ../images/03_introR/computer_03.png  used on input lin
e 37.
(luatex.def)             Requested size: 334.60422pt x 273.39429pt.
<../images/03_introR/computer_04.png, id=1565, 653.44125pt x 373.395pt>
File: ../images/03_introR/computer_04.png Graphic file (type png)
<use ../images/03_introR/computer_04.png>
Package luatex.def Info: ../images/03_introR/computer_04.png  used on input lin
e 45.
(luatex.def)             Requested size: 334.60422pt x 191.19809pt.
<../images/03_introR/computer_05.png, id=1567, 845.1575pt x 328.22626pt>
File: ../images/03_introR/computer_05.png Graphic file (type png)
<use ../images/03_introR/computer_05.png>
Package luatex.def Info: ../images/03_introR/computer_05.png  used on input lin
e 52.
(luatex.def)             Requested size: 334.60422pt x 129.95094pt.
 [36<../images/03_introR/computer_02.png>] [37<../images/03_introR/computer_03.p
ng>] [38<../images/03_introR/computer_04.png><../images/03_introR/computer_05.pn
g>] [39]
<../images/03_introR/Screen1.png, id=1626, 1466.47874pt x 1024.82875pt>
File: ../images/03_introR/Screen1.png Graphic file (type png)
<use ../images/03_introR/Screen1.png>
Package luatex.def Info: ../images/03_introR/Screen1.png  used on input line 95
.
(luatex.def)             Requested size: 313.69025pt x 219.20798pt.
<../images/03_introR/Screen2.png, id=1627, 1353.055pt x 935.495pt>
File: ../images/03_introR/Screen2.png Graphic file (type png)
<use ../images/03_introR/Screen2.png>
Package luatex.def Info: ../images/03_introR/Screen2.png  used on input line 10
2.
(luatex.def)             Requested size: 313.69025pt x 216.88654pt.
<../images/03_introR/Screen3.png, id=1628, 1466.47874pt x 1024.82875pt>
File: ../images/03_introR/Screen3.png Graphic file (type png)
<use ../images/03_introR/Screen3.png>
Package luatex.def Info: ../images/03_introR/Screen3.png  used on input line 10
9.
(luatex.def)             Requested size: 313.69025pt x 219.20798pt.
(load cache: extra_lmsans10-bold.luc)
LaTeX Font Info:    Font shape `JT3/gt/b/n' in size <10> not available
(Font)              Font shape `JT3/gt/m/n' tried instead on input line 117.
LaTeX Font Info:    Font shape `JT3/gt/m/n' will be
(Font)              scaled to size 9.24713pt on input line 117.
LaTeX Font Info:    Font shape `JY3/gt/b/n' in size <10> not available
(Font)              Font shape `JY3/gt/m/n' tried instead on input line 117.
LaTeX Font Info:    Font shape `JY3/gt/m/n' will be
(Font)              scaled to size 9.24713pt on input line 117.
 [40<../images/03_introR/Screen1.png>] [41<../images/03_introR/Screen2.png><../i
mages/03_introR/Screen3.png>]
Removing  `ltj.process_input_buffer' from `process_input_buffer'.
Inserting `ltj.listings_unicode' in `process_input_buffer'.
Inserting `ltj.process_input_buffer' in `process_input_buffer'.
Removing  `ltj.listings_unicode' from `process_input_buffer'.
<../images/03_introR/Screen4.png, id=1656, 771.88374pt x 998.73125pt>
File: ../images/03_introR/Screen4.png Graphic file (type png)
<use ../images/03_introR/Screen4.png>
Package luatex.def Info: ../images/03_introR/Screen4.png  used on input line 15
8.
(luatex.def)             Requested size: 271.86234pt x 351.75565pt.
 [42] [43<../images/03_introR/Screen4.png>] [44]
<../images/03_introR/Screen5.png, id=1699, 550.055pt x 398.48875pt>
File: ../images/03_introR/Screen5.png Graphic file (type png)
<use ../images/03_introR/Screen5.png>
Package luatex.def Info: ../images/03_introR/Screen5.png  used on input line 21
1.
(luatex.def)             Requested size: 271.86234pt x 196.95764pt.
<../images/03_introR/Screen6.png, id=1702, 1806.75pt x 870.25125pt>
File: ../images/03_introR/Screen6.png Graphic file (type png)
<use ../images/03_introR/Screen6.png>
Package luatex.def Info: ../images/03_introR/Screen6.png  used on input line 21
9.
(luatex.def)             Requested size: 334.60422pt x 161.16658pt.
 [45<../images/03_introR/Screen5.png>] [46<../images/03_introR/Screen6.png>]
Removing  `ltj.process_input_buffer' from `process_input_buffer'.
Inserting `ltj.listings_unicode' in `process_input_buffer'.
Inserting `ltj.process_input_buffer' in `process_input_buffer'.
Removing  `ltj.listings_unicode' from `process_input_buffer'.
<../images/04_usingR/screen16.png, id=1741, 1230.5975pt x 610.28pt>
File: ../images/04_usingR/screen16.png Graphic file (type png)
<use ../images/04_usingR/screen16.png>
Package luatex.def Info: ../images/04_usingR/screen16.png  used on input line 2
66.
(luatex.def)             Requested size: 334.60422pt x 165.9325pt.
Removing  `ltj.process_input_buffer' from `process_input_buffer'.
Inserting `ltj.listings_unicode' in `process_input_buffer'.
Inserting `ltj.process_input_buffer' in `process_input_buffer'.
Removing  `ltj.listings_unicode' from `process_input_buffer'. [47]
Removing  `ltj.process_input_buffer' from `process_input_buffer'.
Inserting `ltj.listings_unicode' in `process_input_buffer'.
Inserting `ltj.process_input_buffer' in `process_input_buffer'.
Removing  `ltj.listings_unicode' from `process_input_buffer'. [48<../images/04_u
singR/screen16.png>]
Removing  `ltj.process_input_buffer' from `process_input_buffer'.
Inserting `ltj.listings_unicode' in `process_input_buffer'.
Inserting `ltj.process_input_buffer' in `process_input_buffer'.
Removing  `ltj.listings_unicode' from `process_input_buffer'. [49]
<../images/03_introR/Screen7.png, id=1791, 562.1pt x 580.1675pt>
File: ../images/03_introR/Screen7.png Graphic file (type png)
<use ../images/03_introR/Screen7.png>
Package luatex.def Info: ../images/03_introR/Screen7.png  used on input line 34
1.
(luatex.def)             Requested size: 271.86234pt x 280.60185pt.
Removing  `ltj.process_input_buffer' from `process_input_buffer'.
Inserting `ltj.listings_unicode' in `process_input_buffer'.
Inserting `ltj.process_input_buffer' in `process_input_buffer'.
Removing  `ltj.listings_unicode' from `process_input_buffer'. [50<../images/03_i
ntroR/Screen7.png>]
Removing  `ltj.process_input_buffer' from `process_input_buffer'.
Inserting `ltj.listings_unicode' in `process_input_buffer'.
Inserting `ltj.process_input_buffer' in `process_input_buffer'.
Removing  `ltj.listings_unicode' from `process_input_buffer'. [51]
Removing  `ltj.process_input_buffer' from `process_input_buffer'.
Inserting `ltj.listings_unicode' in `process_input_buffer'.
Inserting `ltj.process_input_buffer' in `process_input_buffer'.
Removing  `ltj.listings_unicode' from `process_input_buffer'. [52] [53]) [54]
\openout2 = m04_usingR.aux
 (./m04_usingR.tex
第4章
<../images/04_usingR/Screen8.png, id=1870, 510.90875pt x 449.68pt>
File: ../images/04_usingR/Screen8.png Graphic file (type png)
<use ../images/04_usingR/Screen8.png>
Package luatex.def Info: ../images/04_usingR/Screen8.png  used on input line 20
.
(luatex.def)             Requested size: 271.86234pt x 239.27615pt.
<../images/04_usingR/Screen9.png, id=1871, 1232.605pt x 1006.76125pt>
File: ../images/04_usingR/Screen9.png Graphic file (type png)
<use ../images/04_usingR/Screen9.png>
Package luatex.def Info: ../images/04_usingR/Screen9.png  used on input line 27
.
(luatex.def)             Requested size: 271.86234pt x 222.04118pt.
[55




] [56<../images/04_usingR/Screen8.png><../images/04_usingR/Screen9.png>]
<../images/04_usingR/Screen10.png, id=1894, 1432.35126pt x 1193.45876pt>
File: ../images/04_usingR/Screen10.png Graphic file (type png)
<use ../images/04_usingR/Screen10.png>
Package luatex.def Info: ../images/04_usingR/Screen10.png  used on input line 4
1.
(luatex.def)             Requested size: 334.60422pt x 278.78746pt.

[57<../images/04_usingR/Screen10.png>]
Removing  `ltj.process_input_buffer' from `process_input_buffer'.
Inserting `ltj.listings_unicode' in `process_input_buffer'.
Inserting `ltj.process_input_buffer' in `process_input_buffer'.
Removing  `ltj.listings_unicode' from `process_input_buffer'.
<../images/04_usingR/Screen11.png, id=1915, 902.37125pt x 407.5225pt>
File: ../images/04_usingR/Screen11.png Graphic file (type png)
<use ../images/04_usingR/Screen11.png>
Package luatex.def Info: ../images/04_usingR/Screen11.png  used on input line 9
2.
(luatex.def)             Requested size: 313.69025pt x 141.66495pt.
<../images/04_usingR/Screen12.png, id=1916, 796.9775pt x 355.3275pt>
File: ../images/04_usingR/Screen12.png Graphic file (type png)
<use ../images/04_usingR/Screen12.png>
Package luatex.def Info: ../images/04_usingR/Screen12.png  used on input line 9
9.
(luatex.def)             Requested size: 313.69025pt x 139.85672pt.
 [58] [59<../images/04_usingR/Screen11.png><../images/04_usingR/Screen12.png>] 
[60]
Removing  `ltj.process_input_buffer' from `process_input_buffer'.
Inserting `ltj.listings_unicode' in `process_input_buffer'.
Inserting `ltj.process_input_buffer' in `process_input_buffer'.
Removing  `ltj.listings_unicode' from `process_input_buffer'. [61]
Removing  `ltj.process_input_buffer' from `process_input_buffer'.
Inserting `ltj.listings_unicode' in `process_input_buffer'.
Inserting `ltj.process_input_buffer' in `process_input_buffer'.
Removing  `ltj.listings_unicode' from `process_input_buffer'. [62]
Removing  `ltj.process_input_buffer' from `process_input_buffer'.
Inserting `ltj.listings_unicode' in `process_input_buffer'.
Inserting `ltj.process_input_buffer' in `process_input_buffer'.
Removing  `ltj.listings_unicode' from `process_input_buffer'. [63]
Removing  `ltj.process_input_buffer' from `process_input_buffer'.
Inserting `ltj.listings_unicode' in `process_input_buffer'.
Inserting `ltj.process_input_buffer' in `process_input_buffer'.
Removing  `ltj.listings_unicode' from `process_input_buffer'.
<../images/04_usingR/Slide11_01.png, id=2039, 1133.23375pt x 743.77875pt>
File: ../images/04_usingR/Slide11_01.png Graphic file (type png)
<use ../images/04_usingR/Slide11_01.png>
Package luatex.def Info: ../images/04_usingR/Slide11_01.png  used on input line
 287.
(luatex.def)             Requested size: 334.60422pt x 219.60576pt.
 [64]
Removing  `ltj.process_input_buffer' from `process_input_buffer'.
Inserting `ltj.listings_unicode' in `process_input_buffer'.
Inserting `ltj.process_input_buffer' in `process_input_buffer'.
Removing  `ltj.listings_unicode' from `process_input_buffer'. [65<../images/04_u
singR/Slide11_01.png>]
Removing  `ltj.process_input_buffer' from `process_input_buffer'.
Inserting `ltj.listings_unicode' in `process_input_buffer'.
Inserting `ltj.process_input_buffer' in `process_input_buffer'.
Removing  `ltj.listings_unicode' from `process_input_buffer'.
Removing  `ltj.process_input_buffer' from `process_input_buffer'.
Inserting `ltj.listings_unicode' in `process_input_buffer'.
Inserting `ltj.process_input_buffer' in `process_input_buffer'.
Removing  `ltj.listings_unicode' from `process_input_buffer'. [66]
Removing  `ltj.process_input_buffer' from `process_input_buffer'.
Inserting `ltj.listings_unicode' in `process_input_buffer'.
Inserting `ltj.process_input_buffer' in `process_input_buffer'.
Removing  `ltj.listings_unicode' from `process_input_buffer'.
<../images/04_usingR/Rplot05_01.png, id=2098, 867.24pt x 578.16pt>
File: ../images/04_usingR/Rplot05_01.png Graphic file (type png)
<use ../images/04_usingR/Rplot05_01.png>
Package luatex.def Info: ../images/04_usingR/Rplot05_01.png  used on input line
 361.
(luatex.def)             Requested size: 418.25368pt x 278.83694pt.
 [67<../images/04_usingR/Rplot05_01.png>]
Removing  `ltj.process_input_buffer' from `process_input_buffer'.
Inserting `ltj.listings_unicode' in `process_input_buffer'.
Inserting `ltj.process_input_buffer' in `process_input_buffer'.
Removing  `ltj.listings_unicode' from `process_input_buffer'.
Removing  `ltj.process_input_buffer' from `process_input_buffer'.
Inserting `ltj.listings_unicode' in `process_input_buffer'.
Inserting `ltj.process_input_buffer' in `process_input_buffer'.
Removing  `ltj.listings_unicode' from `process_input_buffer'. [68]
Removing  `ltj.process_input_buffer' from `process_input_buffer'.
Inserting `ltj.listings_unicode' in `process_input_buffer'.
Inserting `ltj.process_input_buffer' in `process_input_buffer'.
Removing  `ltj.listings_unicode' from `process_input_buffer'.
<../images/04_usingR/Rplot05_02.png, id=2142, 867.24pt x 578.16pt>
File: ../images/04_usingR/Rplot05_02.png Graphic file (type png)
<use ../images/04_usingR/Rplot05_02.png>
Package luatex.def Info: ../images/04_usingR/Rplot05_02.png  used on input line
 445.
(luatex.def)             Requested size: 418.25368pt x 278.83694pt.

[69]
<../images/04_usingR/Screen13.png, id=2161, 969.6225pt x 569.12625pt>
File: ../images/04_usingR/Screen13.png Graphic file (type png)
<use ../images/04_usingR/Screen13.png>
Package luatex.def Info: ../images/04_usingR/Screen13.png  used on input line 4
62.
(luatex.def)             Requested size: 418.25368pt x 245.50108pt.
 [70<../images/04_usingR/Rplot05_02.png>] [71<../images/04_usingR/Screen13.png>]
<../images/04_usingR/Screen14.png, id=2182, 502.87875pt x 478.78876pt>
File: ../images/04_usingR/Screen14.png Graphic file (type png)
<use ../images/04_usingR/Screen14.png>
Package luatex.def Info: ../images/04_usingR/Screen14.png  used on input line 4
84.
(luatex.def)             Requested size: 334.60422pt x 318.57317pt.
 [72<../images/04_usingR/Screen14.png>] [73]
Removing  `ltj.process_input_buffer' from `process_input_buffer'.
Inserting `ltj.listings_unicode' in `process_input_buffer'.
Inserting `ltj.process_input_buffer' in `process_input_buffer'.
Removing  `ltj.listings_unicode' from `process_input_buffer'. [74] [75]
Removing  `ltj.process_input_buffer' from `process_input_buffer'.
Inserting `ltj.listings_unicode' in `process_input_buffer'.
Inserting `ltj.process_input_buffer' in `process_input_buffer'.
Removing  `ltj.listings_unicode' from `process_input_buffer'.
Removing  `ltj.process_input_buffer' from `process_input_buffer'.
Inserting `ltj.listings_unicode' in `process_input_buffer'.
Inserting `ltj.process_input_buffer' in `process_input_buffer'.
Removing  `ltj.listings_unicode' from `process_input_buffer'.) [76]
\openout2 = m05_descriptives.aux

(./m05_descriptives.tex
第5章
[77




]
<../images/05_descriptives/slide04_01.png, id=2251, 1196.47pt x 445.665pt>
File: ../images/05_descriptives/slide04_01.png Graphic file (type png)
<use ../images/05_descriptives/slide04_01.png>
Package luatex.def Info: ../images/05_descriptives/slide04_01.png  used on inpu
t line 37.
(luatex.def)             Requested size: 334.60422pt x 124.63574pt.
 [78<../images/05_descriptives/slide04_01.png>] [79]
<../images/05_descriptives/slide04_02.png, id=2284, 629.35126pt x 387.4475pt>
File: ../images/05_descriptives/slide04_02.png Graphic file (type png)
<use ../images/05_descriptives/slide04_02.png>
Package luatex.def Info: ../images/05_descriptives/slide04_02.png  used on inpu
t line 86.
(luatex.def)             Requested size: 334.60422pt x 205.9906pt.
<../images/05_descriptives/slide04_03.png, id=2287, 1282.7925pt x 536.0025pt>
File: ../images/05_descriptives/slide04_03.png Graphic file (type png)
<use ../images/05_descriptives/slide04_03.png>
Package luatex.def Info: ../images/05_descriptives/slide04_03.png  used on inpu
t line 94.
(luatex.def)             Requested size: 334.60422pt x 139.80719pt.
 [80<../images/05_descriptives/slide04_02.png>]
<../images/05_descriptives/Rplot04_01.png, id=2300, 4818.0pt x 2409.0pt>
File: ../images/05_descriptives/Rplot04_01.png Graphic file (type png)
<use ../images/05_descriptives/Rplot04_01.png>
Package luatex.def Info: ../images/05_descriptives/Rplot04_01.png  used on inpu
t line 130.
(luatex.def)             Requested size: 334.60422pt x 167.28717pt.
<../images/05_descriptives/slide04_05.png, id=2302, 736.7525pt x 383.4325pt>
File: ../images/05_descriptives/slide04_05.png Graphic file (type png)
<use ../images/05_descriptives/slide04_05.png>
Package luatex.def Info: ../images/05_descriptives/slide04_05.png  used on inpu
t line 141.
(luatex.def)             Requested size: 334.60422pt x 174.13441pt.
 [81<../images/05_descriptives/slide04_03.png>]
[82<../images/05_descriptives/Rplot04_01.png><../images/05_descriptives/slide04_
05.png>] [83]
<../images/05_descriptives/slide04_06.png, id=2331, 685.56125pt x 250.9375pt>
File: ../images/05_descriptives/slide04_06.png Graphic file (type png)
<use ../images/05_descriptives/slide04_06.png>
Package luatex.def Info: ../images/05_descriptives/slide04_06.png  used on inpu
t line 201.
(luatex.def)             Requested size: 334.60422pt x 122.47798pt.
<../images/05_descriptives/slide04_07.png, id=2335, 696.6025pt x 206.7725pt>
File: ../images/05_descriptives/slide04_07.png Graphic file (type png)
<use ../images/05_descriptives/slide04_07.png>
Package luatex.def Info: ../images/05_descriptives/slide04_07.png  used on inpu
t line 212.
(luatex.def)             Requested size: 334.60422pt x 99.31908pt.
 [84<../images/05_descriptives/slide04_06.png>] [85<../images/05_descriptives/sl
ide04_07.png>]
<../images/05_descriptives/slide04_08.png, id=2359, 631.35875pt x 561.09625pt>
File: ../images/05_descriptives/slide04_08.png Graphic file (type png)
<use ../images/05_descriptives/slide04_08.png>
Package luatex.def Info: ../images/05_descriptives/slide04_08.png  used on inpu
t line 244.
(luatex.def)             Requested size: 334.60422pt x 297.37103pt.
 [86<../images/05_descriptives/slide04_08.png>]
[87]
<../images/05_descriptives/m05_01.png, id=2380, 578.16pt x 289.08pt>
File: ../images/05_descriptives/m05_01.png Graphic file (type png)
<use ../images/05_descriptives/m05_01.png>
Package luatex.def Info: ../images/05_descriptives/m05_01.png  used on input li
ne 277.
(luatex.def)             Requested size: 334.60422pt x 167.3004pt.
 [88<../images/05_descriptives/m05_01.png>]) [89]
\openout2 = m06_ctt.aux
 (./m06_ctt.tex [90




]
第6章
[91] [92] [93] [94] [95] [96] [97] [98] [99]
<../images/06_ctt/slide06_01.png, id=2483, 1379.1525pt x 370.38374pt>
File: ../images/06_ctt/slide06_01.png Graphic file (type png)
<use ../images/06_ctt/slide06_01.png>
Package luatex.def Info: ../images/06_ctt/slide06_01.png  used on input line 16
6.
(luatex.def)             Requested size: 334.60422pt x 89.86032pt.
 [100<../images/06_ctt/slide06_01.png>]) [101]
\openout2 = m07_probability.aux
 (./m07_probability.tex [102




]
第7章
[103] [104]
<../images/07_probability/slide07_05.png, id=2536, 1120.185pt x 380.42125pt>
File: ../images/07_probability/slide07_05.png Graphic file (type png)
<use ../images/07_probability/slide07_05.png>
Package luatex.def Info: ../images/07_probability/slide07_05.png  used on input
 line 63.
(luatex.def)             Requested size: 334.60422pt x 113.63383pt.
<../images/07_probability/Rplot07_01.png, id=2538, 7227.0pt x 4818.0pt>
File: ../images/07_probability/Rplot07_01.png Graphic file (type png)
<use ../images/07_probability/Rplot07_01.png>
Package luatex.def Info: ../images/07_probability/Rplot07_01.png  used on input
 line 75.
(luatex.def)             Requested size: 271.86234pt x 181.21858pt.
<../images/07_probability/Rplot07_02.png, id=2540, 7227.0pt x 4818.0pt>
File: ../images/07_probability/Rplot07_02.png Graphic file (type png)
<use ../images/07_probability/Rplot07_02.png>
Package luatex.def Info: ../images/07_probability/Rplot07_02.png  used on input
 line 82.
(luatex.def)             Requested size: 271.86234pt x 181.21858pt.
 [105<../images/07_probability/slide07_05.png>] [106<../images/07_probability/Rp
lot07_01.png><../images/07_probability/Rplot07_02.png>] [107]
[108](load cache: extra_lmroman10-italic.luc)
LaTeX Font Info:    Font shape `JT3/BIZUDPMinchoMedium(0)/m/it' will be
(Font)              scaled to size 9.24713pt on input line 181.
LaTeX Font Info:    Font shape `JY3/BIZUDPMinchoMedium(0)/m/it' will be
(Font)              scaled to size 9.24713pt on input line 181.
 [109]
<../images/07_probability/Rplot07_04.png, id=2595, 7227.0pt x 4818.0pt>
File: ../images/07_probability/Rplot07_04.png Graphic file (type png)
<use ../images/07_probability/Rplot07_04.png>
Package luatex.def Info: ../images/07_probability/Rplot07_04.png  used on input
 line 204.
(luatex.def)             Requested size: 271.86234pt x 181.21858pt.
 [110<../images/07_probability/Rplot07_04.png>]
<../images/07_probability/Slide08_01.png, id=2611, 628.3475pt x 522.95375pt>
File: ../images/07_probability/Slide08_01.png Graphic file (type png)
<use ../images/07_probability/Slide08_01.png>
Package luatex.def Info: ../images/07_probability/Slide08_01.png  used on input
 line 226.
(luatex.def)             Requested size: 271.86234pt x 226.26216pt.
<../images/07_probability/Slide08_02.png, id=2612, 610.28pt x 430.60875pt>
File: ../images/07_probability/Slide08_02.png Graphic file (type png)
<use ../images/07_probability/Slide08_02.png>
Package luatex.def Info: ../images/07_probability/Slide08_02.png  used on input
 line 236.
(luatex.def)             Requested size: 271.86234pt x 191.82726pt.
 [111] [112<../images/07_probability/Slide08_01.png><../images/07_probability/Sl
ide08_02.png>]
<../images/07_probability/GaltonBoard.png, id=2630, 374.39874pt x 592.2125pt>
File: ../images/07_probability/GaltonBoard.png Graphic file (type png)
<use ../images/07_probability/GaltonBoard.png>
Package luatex.def Info: ../images/07_probability/GaltonBoard.png  used on inpu
t line 254.
(luatex.def)             Requested size: 132.20694pt x 209.12683pt.

[113<../images/07_probability/GaltonBoard.png>]
<../images/07_probability/Slide08_03.png, id=2642, 675.52374pt x 749.80125pt>
File: ../images/07_probability/Slide08_03.png Graphic file (type png)
<use ../images/07_probability/Slide08_03.png>
Package luatex.def Info: ../images/07_probability/Slide08_03.png  used on input
 line 274.
(luatex.def)             Requested size: 271.86234pt x 301.75719pt.
<../images/07_probability/Slide08_04b.png, id=2645, 1135.24126pt x 704.6325pt>
File: ../images/07_probability/Slide08_04b.png Graphic file (type png)
<use ../images/07_probability/Slide08_04b.png>
Package luatex.def Info: ../images/07_probability/Slide08_04b.png  used on inpu
t line 287.
(luatex.def)             Requested size: 355.51817pt x 220.6702pt.
 [114<../images/07_probability/Slide08_03.png>]
<../images/07_probability/Rplot08_01.png, id=2657, 7227.0pt x 4818.0pt>
File: ../images/07_probability/Rplot08_01.png Graphic file (type png)
<use ../images/07_probability/Rplot08_01.png>
Package luatex.def Info: ../images/07_probability/Rplot08_01.png  used on input
 line 308.
(luatex.def)             Requested size: 271.86234pt x 181.21858pt.
 [115<../images/07_probability/Slide08_04b.png>] [116<../images/07_probability/R
plot08_01.png>]
<../images/07_probability/Slide07_06.png, id=2686, 1155.31625pt x 648.4225pt>
File: ../images/07_probability/Slide07_06.png Graphic file (type png)
<use ../images/07_probability/Slide07_06.png>
Package luatex.def Info: ../images/07_probability/Slide07_06.png  used on input
 line 352.
(luatex.def)             Requested size: 271.86234pt x 152.57718pt.
Removing  `ltj.process_input_buffer' from `process_input_buffer'.
Inserting `ltj.listings_unicode' in `process_input_buffer'.
Inserting `ltj.process_input_buffer' in `process_input_buffer'.
Removing  `ltj.listings_unicode' from `process_input_buffer'. [117<../images/07_
probability/Slide07_06.png>]
[118] [119] [120]
<../images/07_probability/Slide08_05.png, id=2756, 701.62125pt x 524.96124pt>
File: ../images/07_probability/Slide08_05.png Graphic file (type png)
<use ../images/07_probability/Slide08_05.png>
Package luatex.def Info: ../images/07_probability/Slide08_05.png  used on input
 line 478.
(luatex.def)             Requested size: 418.25368pt x 312.95258pt.
 [121] [122
warning  (pdf backend): ignoring duplicate destination with the name 'Hfootnote.
132'

warning  (pdf backend): ignoring duplicate destination with the name 'Hfootnote.
132'

warning  (pdf backend): ignoring duplicate destination with the name 'Hfootnote.
132'
<../images/07_probability/Slide08_05.png>]
<../images/07_probability/Rplot08_04.png, id=2779, 4818.0pt x 3613.5pt>
File: ../images/07_probability/Rplot08_04.png Graphic file (type png)
<use ../images/07_probability/Rplot08_04.png>
Package luatex.def Info: ../images/07_probability/Rplot08_04.png  used on input
 line 500.
(luatex.def)             Requested size: 271.86234pt x 203.84334pt.
 [123<../images/07_probability/Rplot08_04.png>]
Overfull \hbox (28.12642pt too wide) in paragraph at lines 512--579
[][]
 []

) [124]
\openout2 = m08_CorrelationCausation.aux
 (./m08_CorrelationCausation.tex
第8章
<../images/05_descriptives/Rplot04_02.png, id=2790, 7227.0pt x 7227.0pt>
File: ../images/05_descriptives/Rplot04_02.png Graphic file (type png)
<use ../images/05_descriptives/Rplot04_02.png>
Package luatex.def Info: ../images/05_descriptives/Rplot04_02.png  used on inpu
t line 17.
(luatex.def)             Requested size: 167.2989pt x 167.28717pt.
[125




<../images/05_descriptives/Rplot04_02.png>] [126] [127]
<../images/05_descriptives/Rplot04_03.png, id=2824, 7227.0pt x 7227.0pt>
File: ../images/05_descriptives/Rplot04_03.png Graphic file (type png)
<use ../images/05_descriptives/Rplot04_03.png>
Package luatex.def Info: ../images/05_descriptives/Rplot04_03.png  used on inpu
t line 80.
(luatex.def)             Requested size: 271.86234pt x 271.82787pt.
 [128<../images/05_descriptives/Rplot04_03.png>]
<../images/08_CorrelationCausation/Rplot08_01.png, id=2837, 867.24pt x 289.08pt
>
File: ../images/08_CorrelationCausation/Rplot08_01.png Graphic file (type png)
<use ../images/08_CorrelationCausation/Rplot08_01.png>
Package luatex.def Info: ../images/08_CorrelationCausation/Rplot08_01.png  used
 on input line 109.
(luatex.def)             Requested size: 334.60422pt x 111.53653pt.
<../images/05_descriptives/Rplot04_04.png, id=2840, 7227.0pt x 7227.0pt>
File: ../images/05_descriptives/Rplot04_04.png Graphic file (type png)
<use ../images/05_descriptives/Rplot04_04.png>
Package luatex.def Info: ../images/05_descriptives/Rplot04_04.png  used on inpu
t line 123.
(luatex.def)             Requested size: 271.86234pt x 271.82787pt.
<../images/05_descriptives/Rplot04_05.png, id=2842, 7227.0pt x 7227.0pt>
File: ../images/05_descriptives/Rplot04_05.png Graphic file (type png)
<use ../images/05_descriptives/Rplot04_05.png>
Package luatex.def Info: ../images/05_descriptives/Rplot04_05.png  used on inpu
t line 132.
(luatex.def)             Requested size: 271.86234pt x 271.82787pt.
 [129<../images/08_CorrelationCausation/Rplot08_01.png>]
<../images/05_descriptives/Rplot04_06.png, id=2856, 7227.0pt x 7227.0pt>
File: ../images/05_descriptives/Rplot04_06.png Graphic file (type png)
<use ../images/05_descriptives/Rplot04_06.png>
Package luatex.def Info: ../images/05_descriptives/Rplot04_06.png  used on inpu
t line 145.
(luatex.def)             Requested size: 167.28717pt x 167.2989pt.
 [130<../images/05_descriptives/Rplot04_04.png>]
<../images/05_descriptives/Rplot04_07.png, id=2868, 7227.0pt x 3613.5pt>
File: ../images/05_descriptives/Rplot04_07.png Graphic file (type png)
<use ../images/05_descriptives/Rplot04_07.png>
Package luatex.def Info: ../images/05_descriptives/Rplot04_07.png  used on inpu
t line 156.
(luatex.def)             Requested size: 334.57434pt x 167.2989pt.
 [131<../images/05_descriptives/Rplot04_05.png><../images/05_descriptives/Rplot0
4_06.png>] [132<../images/05_descriptives/Rplot04_07.png>] [133] [134]) [135] [
136]
\openout2 = m09_Regression.aux

(./m09_Regression.tex
第9章
<../images/09_Regression/Rplot09_01.png, id=2939, 4818.0pt x 3613.5pt>
File: ../images/09_Regression/Rplot09_01.png Graphic file (type png)
<use ../images/09_Regression/Rplot09_01.png>
Package luatex.def Info: ../images/09_Regression/Rplot09_01.png  used on input 
line 54.
(luatex.def)             Requested size: 271.86234pt x 203.84334pt.
[137




] [138<../images/09_Regression/Rplot09_01.png>]
<../images/09_Regression/Rplot09_02.png, id=2955, 4818.0pt x 3613.5pt>
File: ../images/09_Regression/Rplot09_02.png Graphic file (type png)
<use ../images/09_Regression/Rplot09_02.png>
Package luatex.def Info: ../images/09_Regression/Rplot09_02.png  used on input 
line 83.
(luatex.def)             Requested size: 271.86234pt x 203.84334pt.
 [139<../images/09_Regression/Rplot09_02.png>]
<../images/09_Regression/Slide09_01.png, id=2969, 1155.31625pt x 656.4525pt>
File: ../images/09_Regression/Slide09_01.png Graphic file (type png)
<use ../images/09_Regression/Slide09_01.png>
Package luatex.def Info: ../images/09_Regression/Slide09_01.png  used on input 
line 109.
(luatex.def)             Requested size: 271.86234pt x 154.46669pt.
 [140]
<../images/09_Regression/Slide09_02.png, id=2977, 788.9475pt x 825.0825pt>
File: ../images/09_Regression/Slide09_02.png Graphic file (type png)
<use ../images/09_Regression/Slide09_02.png>
Package luatex.def Info: ../images/09_Regression/Slide09_02.png  used on input 
line 125.
(luatex.def)             Requested size: 271.86234pt x 284.31384pt.
 [141<../images/09_Regression/Slide09_01.png>] [142<../images/09_Regression/Slid
e09_02.png>] [143]) [144]
\openout2 = m10_MultipleRegression.aux

(./m10_MultipleRegression.tex
第10章
<../images/10_MultipleRegression/Rplot10_01.png, id=3011, 1204.5pt x 803.0pt>
File: ../images/10_MultipleRegression/Rplot10_01.png Graphic file (type png)
<use ../images/10_MultipleRegression/Rplot10_01.png>
Package luatex.def Info: ../images/10_MultipleRegression/Rplot10_01.png  used o
n input line 29.
(luatex.def)             Requested size: 271.86234pt x 181.24309pt.
[145




] [146<../images/10_MultipleRegression/Rplot10_01.png>]
<../images/10_MultipleRegression/Rplot10_02.png, id=3030, 4818.0pt x 3613.5pt>
File: ../images/10_MultipleRegression/Rplot10_02.png Graphic file (type png)
<use ../images/10_MultipleRegression/Rplot10_02.png>
Package luatex.def Info: ../images/10_MultipleRegression/Rplot10_02.png  used o
n input line 68.
(luatex.def)             Requested size: 271.86234pt x 203.84334pt.
 [147<../images/10_MultipleRegression/Rplot10_02.png>]
<../images/10_MultipleRegression/Rplot10_03.png, id=3045, 4818.0pt x 4818.0pt>
File: ../images/10_MultipleRegression/Rplot10_03.png Graphic file (type png)
<use ../images/10_MultipleRegression/Rplot10_03.png>
Package luatex.def Info: ../images/10_MultipleRegression/Rplot10_03.png  used o
n input line 128.
(luatex.def)             Requested size: 313.69025pt x 313.6221pt.
 [148]
<../images/10_MultipleRegression/Slide10_01.png, id=3056, 1086.0575pt x 355.327
5pt>
File: ../images/10_MultipleRegression/Slide10_01.png Graphic file (type png)
<use ../images/10_MultipleRegression/Slide10_01.png>
Package luatex.def Info: ../images/10_MultipleRegression/Slide10_01.png  used o
n input line 139.
(luatex.def)             Requested size: 313.69025pt x 102.63026pt.
 [149<../images/10_MultipleRegression/Rplot10_03.png><../images/10_MultipleRegre
ssion/Slide10_01.png>]
<../images/10_MultipleRegression/Slide10_02.png, id=3068, 1121.18875pt x 328.22
626pt>
File: ../images/10_MultipleRegression/Slide10_02.png Graphic file (type png)
<use ../images/10_MultipleRegression/Slide10_02.png>
Package luatex.def Info: ../images/10_MultipleRegression/Slide10_02.png  used o
n input line 148.
(luatex.def)             Requested size: 313.69025pt x 91.8326pt.
<../images/10_MultipleRegression/Slide10_03.png, id=3070, 1165.35374pt x 421.57
5pt>
File: ../images/10_MultipleRegression/Slide10_03.png Graphic file (type png)
<use ../images/10_MultipleRegression/Slide10_03.png>
Package luatex.def Info: ../images/10_MultipleRegression/Slide10_03.png  used o
n input line 159.
(luatex.def)             Requested size: 313.69025pt x 113.4794pt.
 [150<../images/10_MultipleRegression/Slide10_02.png><../images/10_MultipleRegre
ssion/Slide10_03.png>]
<../images/10_MultipleRegression/Slide10_04.png, id=3082, 1158.3275pt x 436.631
26pt>
File: ../images/10_MultipleRegression/Slide10_04.png Graphic file (type png)
<use ../images/10_MultipleRegression/Slide10_04.png>
Package luatex.def Info: ../images/10_MultipleRegression/Slide10_04.png  used o
n input line 172.
(luatex.def)             Requested size: 313.69025pt x 118.24512pt.
<../images/10_MultipleRegression/Slide10_05.png, id=3084, 427.5975pt x 414.5487
5pt>
File: ../images/10_MultipleRegression/Slide10_05.png Graphic file (type png)
<use ../images/10_MultipleRegression/Slide10_05.png>
Package luatex.def Info: ../images/10_MultipleRegression/Slide10_05.png  used o
n input line 180.
(luatex.def)             Requested size: 313.69025pt x 304.1172pt.
 [151<../images/10_MultipleRegression/Slide10_04.png>] [152<../images/10_Multipl
eRegression/Slide10_05.png>] [153] [154]
<../images/10_MultipleRegression/Rplot10_04.png, id=3115, 4818.0pt x 3613.5pt>
File: ../images/10_MultipleRegression/Rplot10_04.png Graphic file (type png)
<use ../images/10_MultipleRegression/Rplot10_04.png>
Package luatex.def Info: ../images/10_MultipleRegression/Rplot10_04.png  used o
n input line 292.
(luatex.def)             Requested size: 271.86234pt x 203.84334pt.
 [155<../images/10_MultipleRegression/Rplot10_04.png>]) [156]
\openout2 = m11_Regression_onR.aux
 (./m11_Regression
_onR.tex
第11章
[157




]
Removing  `ltj.process_input_buffer' from `process_input_buffer'.
Inserting `ltj.listings_unicode' in `process_input_buffer'.
Inserting `ltj.process_input_buffer' in `process_input_buffer'.
Removing  `ltj.listings_unicode' from `process_input_buffer'.
Removing  `ltj.process_input_buffer' from `process_input_buffer'.
Inserting `ltj.listings_unicode' in `process_input_buffer'.
Inserting `ltj.process_input_buffer' in `process_input_buffer'.
Removing  `ltj.listings_unicode' from `process_input_buffer'. [158]
<../images/11_MultipleRegressionOnR/Rplot11_01.png, id=3178, 433.62pt x 433.62p
t>
File: ../images/11_MultipleRegressionOnR/Rplot11_01.png Graphic file (type png)

<use ../images/11_MultipleRegressionOnR/Rplot11_01.png>
Package luatex.def Info: ../images/11_MultipleRegressionOnR/Rplot11_01.png  use
d on input line 71.
(luatex.def)             Requested size: 271.86234pt x 271.87198pt.
Removing  `ltj.process_input_buffer' from `process_input_buffer'.
Inserting `ltj.listings_unicode' in `process_input_buffer'.
Inserting `ltj.process_input_buffer' in `process_input_buffer'.
Removing  `ltj.listings_unicode' from `process_input_buffer'. [159<../images/11_
MultipleRegressionOnR/Rplot11_01.png>]
Removing  `ltj.process_input_buffer' from `process_input_buffer'.
Inserting `ltj.listings_unicode' in `process_input_buffer'.
Inserting `ltj.process_input_buffer' in `process_input_buffer'.
Removing  `ltj.listings_unicode' from `process_input_buffer'. [160]
Removing  `ltj.process_input_buffer' from `process_input_buffer'.
Inserting `ltj.listings_unicode' in `process_input_buffer'.
Inserting `ltj.process_input_buffer' in `process_input_buffer'.
Removing  `ltj.listings_unicode' from `process_input_buffer'.
[161] [162]
Removing  `ltj.process_input_buffer' from `process_input_buffer'.
Inserting `ltj.listings_unicode' in `process_input_buffer'.
Inserting `ltj.process_input_buffer' in `process_input_buffer'.
Removing  `ltj.listings_unicode' from `process_input_buffer'.
<../images/11_MultipleRegressionOnR/Rplot11_02.png, id=3232, 578.16pt x 433.62p
t>
File: ../images/11_MultipleRegressionOnR/Rplot11_02.png Graphic file (type png)

<use ../images/11_MultipleRegressionOnR/Rplot11_02.png>
Package luatex.def Info: ../images/11_MultipleRegressionOnR/Rplot11_02.png  use
d on input line 212.
(luatex.def)             Requested size: 334.60422pt x 250.9506pt.
Removing  `ltj.process_input_buffer' from `process_input_buffer'.
Inserting `ltj.listings_unicode' in `process_input_buffer'.
Inserting `ltj.process_input_buffer' in `process_input_buffer'.
Removing  `ltj.listings_unicode' from `process_input_buffer'. [163] [164<../imag
es/11_MultipleRegressionOnR/Rplot11_02.png>]
Removing  `ltj.process_input_buffer' from `process_input_buffer'.
Inserting `ltj.listings_unicode' in `process_input_buffer'.
Inserting `ltj.process_input_buffer' in `process_input_buffer'.
Removing  `ltj.listings_unicode' from `process_input_buffer'.
[165] [166]) [167]
\openout2 = m12_design1.aux
 (./m12_design1.tex [168




]
第12章
[169] [170]
<../images/12_design1/slide12_01.png, id=3322, 1167.36125pt x 413.545pt>
File: ../images/12_design1/slide12_01.png Graphic file (type png)
<use ../images/12_design1/slide12_01.png>
Package luatex.def Info: ../images/12_design1/slide12_01.png  used on input lin
e 41.
(luatex.def)             Requested size: 334.60422pt x 118.53673pt.
 [171<../images/12_design1/slide12_01.png>]
<../images/12_design1/slide12_02.png, id=3334, 996.72375pt x 369.38pt>
File: ../images/12_design1/slide12_02.png Graphic file (type png)
<use ../images/12_design1/slide12_02.png>
Package luatex.def Info: ../images/12_design1/slide12_02.png  used on input lin
e 70.
(luatex.def)             Requested size: 334.60422pt x 123.9981pt.
<../images/12_design1/slide12_03.png, id=3336, 994.71625pt x 353.32pt>
File: ../images/12_design1/slide12_03.png Graphic file (type png)
<use ../images/12_design1/slide12_03.png>
Package luatex.def Info: ../images/12_design1/slide12_03.png  used on input lin
e 81.
(luatex.def)             Requested size: 334.60422pt x 118.84949pt.
<../images/12_design1/slide12_04.png, id=3338, 1013.7875pt x 417.56pt>
File: ../images/12_design1/slide12_04.png Graphic file (type png)
<use ../images/12_design1/slide12_04.png>
Package luatex.def Info: ../images/12_design1/slide12_04.png  used on input lin
e 91.
(luatex.def)             Requested size: 334.60422pt x 137.81433pt.
 [172<../images/12_design1/slide12_02.png>] [173<../images/12_design1/slide12_03
.png><../images/12_design1/slide12_04.png>] [174] [175] [176]
<../images/12_design1/slide12_05.png, id=3379, 730.73pt x 356.33125pt>
File: ../images/12_design1/slide12_05.png Graphic file (type png)
<use ../images/12_design1/slide12_05.png>
Package luatex.def Info: ../images/12_design1/slide12_05.png  used on input lin
e 208.
(luatex.def)             Requested size: 334.60422pt x 163.16403pt.
<../images/21_anova/slide21_08.png, id=3382, 1199.48125pt x 591.20876pt>
File: ../images/21_anova/slide21_08.png Graphic file (type png)
<use ../images/21_anova/slide21_08.png>
Package luatex.def Info: ../images/21_anova/slide21_08.png  used on input line 
222.
(luatex.def)             Requested size: 334.60422pt x 164.91486pt.
 [177<../images/12_design1/slide12_05.png>]) [178<../images/21_anova/slide21_08.
png>] [179]
\openout2 = m13_design2.aux
 (./m13_design2.tex [180




]
第13章
<../images/22_anovaOnR/Rplot22_01.png, id=3412, 3613.5pt x 2409.0pt>
File: ../images/22_anovaOnR/Rplot22_01.png Graphic file (type png)
<use ../images/22_anovaOnR/Rplot22_01.png>
Package luatex.def Info: ../images/22_anovaOnR/Rplot22_01.png  used on input li
ne 26.
(luatex.def)             Requested size: 334.60422pt x 223.04956pt.
[181<../images/22_anovaOnR/Rplot22_01.png>] [182] [183]
<../images/22_anovaOnR/Rplot22_02.png, id=3446, 578.16pt x 289.08pt>
File: ../images/22_anovaOnR/Rplot22_02.png Graphic file (type png)
<use ../images/22_anovaOnR/Rplot22_02.png>
Package luatex.def Info: ../images/22_anovaOnR/Rplot22_02.png  used on input li
ne 117.
(luatex.def)             Requested size: 334.60422pt x 167.3004pt.
 [184<../images/22_anovaOnR/Rplot22_02.png>]
Overfull \hbox (4.80785pt too wide) detected at line 187
[][]
 []

[185]
<../images/13_design2/slide13_01.png, id=3471, 944.52875pt x 608.2725pt>
File: ../images/13_design2/slide13_01.png Graphic file (type png)
<use ../images/13_design2/slide13_01.png>
Package luatex.def Info: ../images/13_design2/slide13_01.png  used on input lin
e 200.
(luatex.def)             Requested size: 94.10643pt x 60.59877pt.
<../images/13_design2/slide13_02.png, id=3472, 966.61125pt x 613.29124pt>
File: ../images/13_design2/slide13_02.png Graphic file (type png)
<use ../images/13_design2/slide13_02.png>
Package luatex.def Info: ../images/13_design2/slide13_02.png  used on input lin
e 207.
(luatex.def)             Requested size: 94.10643pt x 59.7044pt.
 [186<../images/13_design2/slide13_01.png><../images/13_design2/slide13_02.png>]
<../images/22_anovaOnR/Rplot22_05.png, id=3486, 578.16pt x 289.08pt>
File: ../images/22_anovaOnR/Rplot22_05.png Graphic file (type png)
<use ../images/22_anovaOnR/Rplot22_05.png>
Package luatex.def Info: ../images/22_anovaOnR/Rplot22_05.png  used on input li
ne 248.
(luatex.def)             Requested size: 334.60422pt x 167.3004pt.
 [187<../images/22_anovaOnR/Rplot22_05.png>]
<../images/22_anovaOnR/Rplot22_04.png, id=3497, 578.16pt x 289.08pt>
File: ../images/22_anovaOnR/Rplot22_04.png Graphic file (type png)
<use ../images/22_anovaOnR/Rplot22_04.png>
Package luatex.def Info: ../images/22_anovaOnR/Rplot22_04.png  used on input li
ne 259.
(luatex.def)             Requested size: 334.60422pt x 167.3004pt.
 [188<../images/22_anovaOnR/Rplot22_04.png>]
Overfull \hbox (38.92163pt too wide) detected at line 401
[]
 []

[189]) [190]
\openout2 = m14_design3.aux
 (./m14_design3.tex
第14章
<../images/22_anovaOnR/Rplot22_03.png, id=3536, 3613.5pt x 2409.0pt>
File: ../images/22_anovaOnR/Rplot22_03.png Graphic file (type png)
<use ../images/22_anovaOnR/Rplot22_03.png>
Package luatex.def Info: ../images/22_anovaOnR/Rplot22_03.png  used on input li
ne 38.
(luatex.def)             Requested size: 271.86234pt x 181.21858pt.
[191




]
<../images/14_design3/slide14_01.png, id=3545, 1254.6875pt x 789.95125pt>
File: ../images/14_design3/slide14_01.png Graphic file (type png)
<use ../images/14_design3/slide14_01.png>
Package luatex.def Info: ../images/14_design3/slide14_01.png  used on input lin
e 68.
(luatex.def)             Requested size: 334.60422pt x 210.66199pt.
 [192<../images/22_anovaOnR/Rplot22_03.png>] [193<../images/14_design3/slide14_0
1.png>]
<../images/22_anovaOnR/slide22_04.png, id=3568, 925.4575pt x 343.2825pt>
File: ../images/22_anovaOnR/slide22_04.png Graphic file (type png)
<use ../images/22_anovaOnR/slide22_04.png>
Package luatex.def Info: ../images/22_anovaOnR/slide22_04.png  used on input li
ne 141.
(luatex.def)             Requested size: 334.60422pt x 124.11588pt.
 [194<../images/22_anovaOnR/slide22_04.png>] [195] [196] [197]
<../images/14_design3/slide14_02.png, id=3598, 612.2875pt x 183.68625pt>
File: ../images/14_design3/slide14_02.png Graphic file (type png)
<use ../images/14_design3/slide14_02.png>
Package luatex.def Info: ../images/14_design3/slide14_02.png  used on input lin
e 308.
(luatex.def)             Requested size: 209.12683pt x 62.73837pt.

[198<../images/14_design3/slide14_02.png>]
<../images/14_design3/slide14_03.png, id=3606, 764.8575pt x 149.55875pt>
File: ../images/14_design3/slide14_03.png Graphic file (type png)
<use ../images/14_design3/slide14_03.png>
Package luatex.def Info: ../images/14_design3/slide14_03.png  used on input lin
e 330.
(luatex.def)             Requested size: 334.60422pt x 65.42722pt.
 [199<../images/14_design3/slide14_03.png>]) [200]
\openout2 = m15_FirstSemester.aux
 (./m15_FirstSemester.tex
第15章
[201




]) [202] [203



] [204]
\openout2 = m16_inference.aux
 (./m16_inference.tex
第16章
<../images/16_inference/slide16_01.png, id=3645, 1027.84pt x 770.88pt>
File: ../images/16_inference/slide16_01.png Graphic file (type png)
<use ../images/16_inference/slide16_01.png>
Package luatex.def Info: ../images/16_inference/slide16_01.png  used on input l
ine 38.
(luatex.def)             Requested size: 334.59297pt x 250.95476pt.
[205


] [206<../images/16_inference/slide16_01.png>]
<../images/16_inference/slide16_02.png, id=3663, 1027.84pt x 770.88pt>
File: ../images/16_inference/slide16_02.png Graphic file (type png)
<use ../images/16_inference/slide16_02.png>
Package luatex.def Info: ../images/16_inference/slide16_02.png  used on input l
ine 62.
(luatex.def)             Requested size: 334.59297pt x 250.95476pt.
<dice.pdf, id=3665, 258.9675pt x 86.3225pt>
File: dice.pdf Graphic file (type pdf)
<use dice.pdf>
Package luatex.def Info: dice.pdf  used on input line 68.
(luatex.def)             Requested size: 6.03389pt x 6.034pt.
File: dice.pdf Graphic file (type pdf)
<use dice.pdf>
Package luatex.def Info: dice.pdf  used on input line 68.
(luatex.def)             Requested size: 6.03389pt x 6.034pt.
 [207<../images/16_inference/slide16_02.png>] [208</usr/local/texlive/2024/texmf
-dist/tex/latex/epsdice/dice.pdf>]
<../images/16_inference/Rplot16_01.png, id=3692, 4818.0pt x 2409.0pt>
File: ../images/16_inference/Rplot16_01.png Graphic file (type png)
<use ../images/16_inference/Rplot16_01.png>
Package luatex.def Info: ../images/16_inference/Rplot16_01.png  used on input l
ine 128.
(luatex.def)             Requested size: 334.57434pt x 167.2989pt.
 [209] [210<../images/16_inference/Rplot16_01.png>] [211]
<../images/16_inference/slide16_03.png, id=3726, 1141.26375pt x 927.465pt>
File: ../images/16_inference/slide16_03.png Graphic file (type png)
<use ../images/16_inference/slide16_03.png>
Package luatex.def Info: ../images/16_inference/slide16_03.png  used on input l
ine 221.
(luatex.def)             Requested size: 308.80707pt x 250.95476pt.
<../images/16_inference/Rplot16_03.png, id=3728, 4818.0pt x 2409.0pt>
File: ../images/16_inference/Rplot16_03.png Graphic file (type png)
<use ../images/16_inference/Rplot16_03.png>
Package luatex.def Info: ../images/16_inference/Rplot16_03.png  used on input l
ine 230.
(luatex.def)             Requested size: 334.57434pt x 167.2989pt.
 [212<../images/16_inference/slide16_03.png>]) [213<../images/16_inference/Rplot
16_03.png>]
\openout2 = m17_estimation_and_test.aux

(./m17_estimation_and_test.tex [214




]
第17章
<../images/16_inference/Rplot16_04.png, id=3749, 4818.0pt x 2409.0pt>
File: ../images/16_inference/Rplot16_04.png Graphic file (type png)
<use ../images/16_inference/Rplot16_04.png>
Package luatex.def Info: ../images/16_inference/Rplot16_04.png  used on input l
ine 22.
(luatex.def)             Requested size: 334.57434pt x 167.2989pt.
[215]
<../images/16_inference/Rplot16_05.png, id=3761, 4818.0pt x 2409.0pt>
File: ../images/16_inference/Rplot16_05.png Graphic file (type png)
<use ../images/16_inference/Rplot16_05.png>
Package luatex.def Info: ../images/16_inference/Rplot16_05.png  used on input l
ine 53.
(luatex.def)             Requested size: 334.57434pt x 167.2989pt.
 [216<../images/16_inference/Rplot16_04.png>]
<../images/17_estimation_and_test/slide17_1.png, id=3777, 1104.125pt x 836.1237
5pt>
File: ../images/17_estimation_and_test/slide17_1.png Graphic file (type png)
<use ../images/17_estimation_and_test/slide17_1.png>
Package luatex.def Info: ../images/17_estimation_and_test/slide17_1.png  used o
n input line 75.
(luatex.def)             Requested size: 331.39168pt x 250.95476pt.
<../images/17_estimation_and_test/slide17_2.png, id=3781, 1264.725pt x 445.665p
t>
File: ../images/17_estimation_and_test/slide17_2.png Graphic file (type png)
<use ../images/17_estimation_and_test/slide17_2.png>
Package luatex.def Info: ../images/17_estimation_and_test/slide17_2.png  used o
n input line 89.
(luatex.def)             Requested size: 334.60422pt x 117.90344pt.
 [217<../images/16_inference/Rplot16_05.png>]

Class ltjsbook Warning: deprecated old font command `\tt' used.
(ltjsbook)              You should note, that since 1994 LaTeX2e provides a
(ltjsbook)              new font selection scheme called NFSS2 with several
(ltjsbook)              new, combinable font commands. This ltjsbook
(ltjsbook)              class has defined the old font commands like
(ltjsbook)              `\tt' only for compatibility on input line 95.

[218<../images/17_estimation_and_test/slide17_1.png><../images/17_estimation_and
_test/slide17_2.png>] [219]
Overfull \hbox (6.53514pt too wide) detected at line 128
[] [] \OT1/cmr/m/n/10 = 36\OML/cmm/m/it/10 :\OT1/cmr/m/n/10 5394
 []

<../images/17_estimation_and_test/Rplot17_1.png, id=3816, 4818.0pt x 2409.0pt>
File: ../images/17_estimation_and_test/Rplot17_1.png Graphic file (type png)
<use ../images/17_estimation_and_test/Rplot17_1.png>
Package luatex.def Info: ../images/17_estimation_and_test/Rplot17_1.png  used o
n input line 138.
(luatex.def)             Requested size: 334.60422pt x 167.28717pt.
[220]
<../images/17_estimation_and_test/slide17_3.png, id=3831, 1192.455pt x 436.6312
6pt>
File: ../images/17_estimation_and_test/slide17_3.png Graphic file (type png)
<use ../images/17_estimation_and_test/slide17_3.png>
Package luatex.def Info: ../images/17_estimation_and_test/slide17_3.png  used o
n input line 165.
(luatex.def)             Requested size: 334.60422pt x 122.51575pt.
 [221<../images/17_estimation_and_test/Rplot17_1.png>]
<../images/17_estimation_and_test/slide17_4.png, id=3841, 1278.7775pt x 941.517
5pt>
File: ../images/17_estimation_and_test/slide17_4.png Graphic file (type png)
<use ../images/17_estimation_and_test/slide17_4.png>
Package luatex.def Info: ../images/17_estimation_and_test/slide17_4.png  used o
n input line 177.
(luatex.def)             Requested size: 340.84518pt x 250.95476pt.
 [222<../images/17_estimation_and_test/slide17_3.png><../images/17_estimation_an
d_test/slide17_4.png>]
<../images/17_estimation_and_test/slide17_5.png, id=3854, 997.7275pt x 509.905p
t>
File: ../images/17_estimation_and_test/slide17_5.png Graphic file (type png)
<use ../images/17_estimation_and_test/slide17_5.png>
Package luatex.def Info: ../images/17_estimation_and_test/slide17_5.png  used o
n input line 186.
(luatex.def)             Requested size: 334.60422pt x 171.00012pt.
 [223<../images/17_estimation_and_test/slide17_5.png>]) [224]
\openout2 = m18_NHST.aux

(./m18_NHST.tex
第18章
[225




] [226] [227] [228]
<../images/18_NHST/slide18_02.png, id=3930, 1019.81pt x 473.77pt>
File: ../images/18_NHST/slide18_02.png Graphic file (type png)
<use ../images/18_NHST/slide18_02.png>
Package luatex.def Info: ../images/18_NHST/slide18_02.png  used on input line 1
24.
(luatex.def)             Requested size: 334.60422pt x 155.44817pt.
 [229<../images/18_NHST/slide18_02.png>]
<../images/18_NHST/slide18_03.png, id=3949, 1028.84375pt x 392.46625pt>
File: ../images/18_NHST/slide18_03.png Graphic file (type png)
<use ../images/18_NHST/slide18_03.png>
Package luatex.def Info: ../images/18_NHST/slide18_03.png  used on input line 1
45.
(luatex.def)             Requested size: 334.60422pt x 127.63983pt.
 [230<../images/18_NHST/slide18_03.png>]
<../images/18_NHST/Rplot18_01.png, id=3962, 3011.25pt x 3011.25pt>
File: ../images/18_NHST/Rplot18_01.png Graphic file (type png)
<use ../images/18_NHST/Rplot18_01.png>
Package luatex.def Info: ../images/18_NHST/Rplot18_01.png  used on input line 1
72.
(luatex.def)             Requested size: 334.60422pt x 334.59273pt.
 [231] [232<../images/18_NHST/Rplot18_01.png>]
<../images/18_NHST/slide18_04.png, id=3986, 1026.83624pt x 416.55624pt>
File: ../images/18_NHST/slide18_04.png Graphic file (type png)
<use ../images/18_NHST/slide18_04.png>
Package luatex.def Info: ../images/18_NHST/slide18_04.png  used on input line 2
04.
(luatex.def)             Requested size: 334.60422pt x 135.74147pt.
 [233<../images/18_NHST/slide18_04.png>]) [234]
\openout2 = m19_NHST2.aux
 (./m19_NHST2.tex
第19章
[235




] [236]
<../images/18_NHST/Rplot18_02.png, id=4037, 4818.0pt x 2409.0pt>
File: ../images/18_NHST/Rplot18_02.png Graphic file (type png)
<use ../images/18_NHST/Rplot18_02.png>
Package luatex.def Info: ../images/18_NHST/Rplot18_02.png  used on input line 4
5.
(luatex.def)             Requested size: 334.60422pt x 167.28717pt.
 [237<../images/18_NHST/Rplot18_02.png>]
<../images/18_NHST/slide18_01.png, id=4045, 1443.3925pt x 818.05624pt>
File: ../images/18_NHST/slide18_01.png Graphic file (type png)
<use ../images/18_NHST/slide18_01.png>
Package luatex.def Info: ../images/18_NHST/slide18_01.png  used on input line 8
4.
(luatex.def)             Requested size: 334.60422pt x 189.6344pt.
 [238] [239<../images/18_NHST/slide18_01.png>] [240]
<../images/19_NHST2/Slide19_03.png, id=4073, 512.91624pt x 314.17375pt>
File: ../images/19_NHST2/Slide19_03.png Graphic file (type png)
<use ../images/19_NHST2/Slide19_03.png>
Package luatex.def Info: ../images/19_NHST2/Slide19_03.png  used on input line 
142.
(luatex.def)             Requested size: 334.60422pt x 204.95357pt.
 [241] [242<../images/19_NHST2/Slide19_03.png>])
[243]
\openout2 = m20_ttest.aux
 (./m20_ttest.tex [244




]
第20章
<../images/19_NHST2/slide19_01.png, id=4101, 824.07875pt x 462.72874pt>
File: ../images/19_NHST2/slide19_01.png Graphic file (type png)
<use ../images/19_NHST2/slide19_01.png>
Package luatex.def Info: ../images/19_NHST2/slide19_01.png  used on input line 
27.
(luatex.def)             Requested size: 334.60422pt x 187.88423pt.
[245] [246<../images/19_NHST2/slide19_01.png>] [247]
File: ../images/17_estimation_and_test/slide17_4.png Graphic file (type png)
<use ../images/17_estimation_and_test/slide17_4.png>
Package luatex.def Info: ../images/17_estimation_and_test/slide17_4.png  used o
n input line 107.
(luatex.def)             Requested size: 334.60422pt x 246.3547pt.
 [248] [249] [250]
<../images/19_NHST2/slide19_02.png, id=4163, 1186.4325pt x 789.95125pt>
File: ../images/19_NHST2/slide19_02.png Graphic file (type png)
<use ../images/19_NHST2/slide19_02.png>
Package luatex.def Info: ../images/19_NHST2/slide19_02.png  used on input line 
177.
(luatex.def)             Requested size: 334.60422pt x 222.78798pt.
 [251<../images/19_NHST2/slide19_02.png>]
Removing  `ltj.process_input_buffer' from `process_input_buffer'.
Inserting `ltj.listings_unicode' in `process_input_buffer'.
Inserting `ltj.process_input_buffer' in `process_input_buffer'.
Removing  `ltj.listings_unicode' from `process_input_buffer'.
Removing  `ltj.process_input_buffer' from `process_input_buffer'.
Inserting `ltj.listings_unicode' in `process_input_buffer'.
Inserting `ltj.process_input_buffer' in `process_input_buffer'. [252]
Removing  `ltj.listings_unicode' from `process_input_buffer'. [253]
Removing  `ltj.process_input_buffer' from `process_input_buffer'.
Inserting `ltj.listings_unicode' in `process_input_buffer'.
Inserting `ltj.process_input_buffer' in `process_input_buffer'.
Removing  `ltj.listings_unicode' from `process_input_buffer'. [254] [255]
Removing  `ltj.process_input_buffer' from `process_input_buffer'.
Inserting `ltj.listings_unicode' in `process_input_buffer'.
Inserting `ltj.process_input_buffer' in `process_input_buffer'.
Removing  `ltj.listings_unicode' from `process_input_buffer'.
Removing  `ltj.process_input_buffer' from `process_input_buffer'.
Inserting `ltj.listings_unicode' in `process_input_buffer'.
Inserting `ltj.process_input_buffer' in `process_input_buffer'.
Removing  `ltj.listings_unicode' from `process_input_buffer'. [256]
Removing  `ltj.process_input_buffer' from `process_input_buffer'.
Inserting `ltj.listings_unicode' in `process_input_buffer'.
Inserting `ltj.process_input_buffer' in `process_input_buffer'.
Removing  `ltj.listings_unicode' from `process_input_buffer'.
Removing  `ltj.process_input_buffer' from `process_input_buffer'.
Inserting `ltj.listings_unicode' in `process_input_buffer'.
Inserting `ltj.process_input_buffer' in `process_input_buffer'.
Removing  `ltj.listings_unicode' from `process_input_buffer'.
Overfull \hbox (28.8448pt too wide) in paragraph at lines 403--403
[]\TU/lmtt/m/n/9 Trying to compute paired samples Cohen's d using formula input.
 Results may be incorrect[] 
 []


Overfull \hbox (33.56981pt too wide) in paragraph at lines 404--404
[] \TU/lmtt/m/n/9 if cases do not appear in the same order for both levels of th
e grouping factor. Use the[] 
 []

[257]
Removing  `ltj.process_input_buffer' from `process_input_buffer'.
Inserting `ltj.listings_unicode' in `process_input_buffer'.
Inserting `ltj.process_input_buffer' in `process_input_buffer'.
Removing  `ltj.listings_unicode' from `process_input_buffer'.
Removing  `ltj.process_input_buffer' from `process_input_buffer'.
Inserting `ltj.listings_unicode' in `process_input_buffer'.
Inserting `ltj.process_input_buffer' in `process_input_buffer'.
Removing  `ltj.listings_unicode' from `process_input_buffer'. [258]
Removing  `ltj.process_input_buffer' from `process_input_buffer'.
Inserting `ltj.listings_unicode' in `process_input_buffer'.
Inserting `ltj.process_input_buffer' in `process_input_buffer'.
Removing  `ltj.listings_unicode' from `process_input_buffer'. [259]) [260]
\openout2 = m21_anova.aux
 (./m
21_anova.tex
第21章
<../images/21_anova/slide21_01.png, id=4338, 1333.98375pt x 845.1575pt>
File: ../images/21_anova/slide21_01.png Graphic file (type png)
<use ../images/21_anova/slide21_01.png>
Package luatex.def Info: ../images/21_anova/slide21_01.png  used on input line 
33.
(luatex.def)             Requested size: 313.69025pt x 198.741pt.
[261




]
<../images/21_anova/slide21_03.png, id=4354, 1314.9125pt x 745.78625pt>
File: ../images/21_anova/slide21_03.png Graphic file (type png)
<use ../images/21_anova/slide21_03.png>
Package luatex.def Info: ../images/21_anova/slide21_03.png  used on input line 
68.
(luatex.def)             Requested size: 334.60422pt x 189.769pt.
 [262<../images/21_anova/slide21_01.png>] [263<../images/21_anova/slide21_03.png
>]
<../images/21_anova/slide21_05.png, id=4374, 1350.04375pt x 658.46pt>
File: ../images/21_anova/slide21_05.png Graphic file (type png)
<use ../images/21_anova/slide21_05.png>
Package luatex.def Info: ../images/21_anova/slide21_05.png  used on input line 
134.
(luatex.def)             Requested size: 334.60422pt x 163.19792pt.
 [264<../images/21_anova/slide21_05.png>]
<../images/21_anova/slide21_06.png, id=4390, 1151.30125pt x 839.135pt>
File: ../images/21_anova/slide21_06.png Graphic file (type png)
<use ../images/21_anova/slide21_06.png>
Package luatex.def Info: ../images/21_anova/slide21_06.png  used on input line 
189.
(luatex.def)             Requested size: 334.60422pt x 243.88069pt.
 [265] [266<../images/21_anova/slide21_06.png>]
<../images/21_anova/slide21_07.png, id=4410, 1133.23375pt x 788.9475pt>
File: ../images/21_anova/slide21_07.png Graphic file (type png)
<use ../images/21_anova/slide21_07.png>
Package luatex.def Info: ../images/21_anova/slide21_07.png  used on input line 
198.
(luatex.def)             Requested size: 334.60422pt x 232.94214pt.
 [267<../images/21_anova/slide21_07.png>]
Overfull \hbox (33.06357pt too wide) in paragraph at lines 295--315
 [][] 
 []

[268] [269] [270] [271] [272] [273] [274

]) [275

]
\openout2 = m22_anova_onR.aux
 (./m22_anova_onR.tex [276




]
第22章
<../images/20_ttest/fig20_01.png, id=4510, 1218.5525pt x 513.92pt>
File: ../images/20_ttest/fig20_01.png Graphic file (type png)
<use ../images/20_ttest/fig20_01.png>
Package luatex.def Info: ../images/20_ttest/fig20_01.png  used on input line 17
.
(luatex.def)             Requested size: 334.60422pt x 141.11278pt.
[277<../images/20_ttest/fig20_01.png>]
Removing  `ltj.process_input_buffer' from `process_input_buffer'.
Inserting `ltj.listings_unicode' in `process_input_buffer'.
Inserting `ltj.process_input_buffer' in `process_input_buffer'.
Removing  `ltj.listings_unicode' from `process_input_buffer'. [278]
Removing  `ltj.process_input_buffer' from `process_input_buffer'.
Inserting `ltj.listings_unicode' in `process_input_buffer'.
Inserting `ltj.process_input_buffer' in `process_input_buffer'.
Removing  `ltj.listings_unicode' from `process_input_buffer'. [279]
Removing  `ltj.process_input_buffer' from `process_input_buffer'.
Inserting `ltj.listings_unicode' in `process_input_buffer'.
Inserting `ltj.process_input_buffer' in `process_input_buffer'.
Removing  `ltj.listings_unicode' from `process_input_buffer'.
Removing  `ltj.process_input_buffer' from `process_input_buffer'.
Inserting `ltj.listings_unicode' in `process_input_buffer'.
Inserting `ltj.process_input_buffer' in `process_input_buffer'.
Removing  `ltj.listings_unicode' from `process_input_buffer'.
<../images/23_likelihood/screen23_01.png, id=4564, 1234.6125pt x 551.05875pt>
File: ../images/23_likelihood/screen23_01.png Graphic file (type png)
<use ../images/23_likelihood/screen23_01.png>
Package luatex.def Info: ../images/23_likelihood/screen23_01.png  used on input
 line 106.
(luatex.def)             Requested size: 334.60422pt x 149.3428pt.
Removing  `ltj.process_input_buffer' from `process_input_buffer'.
Inserting `ltj.listings_unicode' in `process_input_buffer'.
Inserting `ltj.process_input_buffer' in `process_input_buffer'. [280<../images/2
3_likelihood/screen23_01.png>]
Removing  `ltj.listings_unicode' from `process_input_buffer'.
Removing  `ltj.process_input_buffer' from `process_input_buffer'.
Inserting `ltj.listings_unicode' in `process_input_buffer'.
Inserting `ltj.process_input_buffer' in `process_input_buffer'.
Removing  `ltj.listings_unicode' from `process_input_buffer'. [281]
<../images/23_likelihood/slide23_01.png, id=4603, 1312.905pt x 815.045pt>
File: ../images/23_likelihood/slide23_01.png Graphic file (type png)
<use ../images/23_likelihood/slide23_01.png>
Package luatex.def Info: ../images/23_likelihood/slide23_01.png  used on input 
line 187.
(luatex.def)             Requested size: 334.60422pt x 207.71558pt.
 [282<../images/23_likelihood/slide23_01.png>]
Removing  `ltj.process_input_buffer' from `process_input_buffer'.
Inserting `ltj.listings_unicode' in `process_input_buffer'.
Inserting `ltj.process_input_buffer' in `process_input_buffer'.
Removing  `ltj.listings_unicode' from `process_input_buffer'.
Removing  `ltj.process_input_buffer' from `process_input_buffer'.
Inserting `ltj.listings_unicode' in `process_input_buffer'.
Inserting `ltj.process_input_buffer' in `process_input_buffer'.
Removing  `ltj.listings_unicode' from `process_input_buffer'. [283]
Removing  `ltj.process_input_buffer' from `process_input_buffer'.
Inserting `ltj.listings_unicode' in `process_input_buffer'.
Inserting `ltj.process_input_buffer' in `process_input_buffer'.
[284]
Removing  `ltj.listings_unicode' from `process_input_buffer'.
Removing  `ltj.process_input_buffer' from `process_input_buffer'.
Inserting `ltj.listings_unicode' in `process_input_buffer'.
Inserting `ltj.process_input_buffer' in `process_input_buffer'.
Removing  `ltj.listings_unicode' from `process_input_buffer'. [285]
Removing  `ltj.process_input_buffer' from `process_input_buffer'.
Inserting `ltj.listings_unicode' in `process_input_buffer'.
Inserting `ltj.process_input_buffer' in `process_input_buffer'.
Removing  `ltj.listings_unicode' from `process_input_buffer'. [286]
Removing  `ltj.process_input_buffer' from `process_input_buffer'.
Inserting `ltj.listings_unicode' in `process_input_buffer'.
Inserting `ltj.process_input_buffer' in `process_input_buffer'.
Removing  `ltj.listings_unicode' from `process_input_buffer'. [287] [288]
<../images/23_likelihood/slide23_02.png, id=4695, 978.65625pt x 645.41125pt>
File: ../images/23_likelihood/slide23_02.png Graphic file (type png)
<use ../images/23_likelihood/slide23_02.png>
Package luatex.def Info: ../images/23_likelihood/slide23_02.png  used on input 
line 436.
(luatex.def)             Requested size: 334.60422pt x 220.66794pt.
 [289<../images/23_likelihood/slide23_02.png>]
Removing  `ltj.process_input_buffer' from `process_input_buffer'.
Inserting `ltj.listings_unicode' in `process_input_buffer'.
Inserting `ltj.process_input_buffer' in `process_input_buffer'.
Removing  `ltj.listings_unicode' from `process_input_buffer'.
Removing  `ltj.process_input_buffer' from `process_input_buffer'.
Inserting `ltj.listings_unicode' in `process_input_buffer'.
Inserting `ltj.process_input_buffer' in `process_input_buffer'.
Removing  `ltj.listings_unicode' from `process_input_buffer'.
[290] [291] [292] [293]) [294] [295]
\openout2 = m23_likelihood.aux
 (./m23_likelihood.tex [296




]
第23章
[297]
<../images/24_ML/Rplot24_01.png, id=4797, 2409.0pt x 1204.5pt>
File: ../images/24_ML/Rplot24_01.png Graphic file (type png)
<use ../images/24_ML/Rplot24_01.png>
Package luatex.def Info: ../images/24_ML/Rplot24_01.png  used on input line 33.

(luatex.def)             Requested size: 334.60422pt x 167.28717pt.
 [298<../images/24_ML/Rplot24_01.png>] [299] [300]
<../images/24_ML/Rplot24_02.png, id=4836, 2409.0pt x 1204.5pt>
File: ../images/24_ML/Rplot24_02.png Graphic file (type png)
<use ../images/24_ML/Rplot24_02.png>
Package luatex.def Info: ../images/24_ML/Rplot24_02.png  used on input line 120
.
(luatex.def)             Requested size: 334.60422pt x 167.28717pt.
 [301] [302<../images/24_ML/Rplot24_02.png>]
<../images/23_likelihood/Rplot_ml1.png, id=4858, 867.24pt x 433.62pt>
File: ../images/23_likelihood/Rplot_ml1.png Graphic file (type png)
<use ../images/23_likelihood/Rplot_ml1.png>
Package luatex.def Info: ../images/23_likelihood/Rplot_ml1.png  used on input l
ine 147.
(luatex.def)             Requested size: 334.60422pt x 167.30481pt.
<../images/23_likelihood/Rplot_ml2.png, id=4860, 867.24pt x 433.62pt>
File: ../images/23_likelihood/Rplot_ml2.png Graphic file (type png)
<use ../images/23_likelihood/Rplot_ml2.png>
Package luatex.def Info: ../images/23_likelihood/Rplot_ml2.png  used on input l
ine 155.
(luatex.def)             Requested size: 334.60422pt x 167.30481pt.
 [303<../images/23_likelihood/Rplot_ml1.png><../images/23_likelihood/Rplot_ml2.p
ng>]
<../images/23_likelihood/Rplot_ml3.png, id=4871, 867.24pt x 433.62pt>
File: ../images/23_likelihood/Rplot_ml3.png Graphic file (type png)
<use ../images/23_likelihood/Rplot_ml3.png>
Package luatex.def Info: ../images/23_likelihood/Rplot_ml3.png  used on input l
ine 188.
(luatex.def)             Requested size: 334.60422pt x 167.30481pt.
 [304]
<../images/24_ML/Rplot24_04.png, id=4882, 803.0pt x 702.625pt>
File: ../images/24_ML/Rplot24_04.png Graphic file (type png)
<use ../images/24_ML/Rplot24_04.png>
Package luatex.def Info: ../images/24_ML/Rplot24_04.png  used on input line 201
.
(luatex.def)             Requested size: 334.60422pt x 292.78471pt.
 [305<../images/23_likelihood/Rplot_ml3.png><../images/24_ML/Rplot24_04.png>]) 
[306]
\openout2 = m24_maximum_likelihood.aux
 (./m24_maximum_likelihood.tex
第24章
[307




]
<../images/24_ML/Rplot24_06.png, id=4913, 1156.32pt x 650.43pt>
File: ../images/24_ML/Rplot24_06.png Graphic file (type png)
<use ../images/24_ML/Rplot24_06.png>
Package luatex.def Info: ../images/24_ML/Rplot24_06.png  used on input line 86.

(luatex.def)             Requested size: 334.60422pt x 188.21295pt.
 [308] [309<../images/24_ML/Rplot24_06.png>] [310]
Removing  `ltj.process_input_buffer' from `process_input_buffer'.
Inserting `ltj.listings_unicode' in `process_input_buffer'.
Inserting `ltj.process_input_buffer' in `process_input_buffer'. [311]
Removing  `ltj.listings_unicode' from `process_input_buffer'. [312]) [313]
\openout2 = m25_bayesian.aux

(./m25_bayesian.tex [314




]
第25章
[315] [316] [317] [318] [319]
<../images/25_bayesian/slide25_06.png, id=5037, 1255.69125pt x 854.19125pt>
File: ../images/25_bayesian/slide25_06.png Graphic file (type png)
<use ../images/25_bayesian/slide25_06.png>
Package luatex.def Info: ../images/25_bayesian/slide25_06.png  used on input li
ne 164.
(luatex.def)             Requested size: 334.60422pt x 227.61086pt.
 [320<../images/25_bayesian/slide25_06.png>]
[321] [322]) [323]
\openout2 = m26_bayesian2.aux
 (./m26_bayesian2.tex [324




]
第26章
<../images/25_bayesian/slide25_01.png, id=5082, 1341.01pt x 763.85374pt>
File: ../images/25_bayesian/slide25_01.png Graphic file (type png)
<use ../images/25_bayesian/slide25_01.png>
Package luatex.def Info: ../images/25_bayesian/slide25_01.png  used on input li
ne 32.
(luatex.def)             Requested size: 334.60422pt x 190.58998pt.
[325] [326<../images/25_bayesian/slide25_01.png>]
<../images/25_bayesian/slide25_02.png, id=5107, 1082.0425pt x 683.55376pt>
File: ../images/25_bayesian/slide25_02.png Graphic file (type png)
<use ../images/25_bayesian/slide25_02.png>
Package luatex.def Info: ../images/25_bayesian/slide25_02.png  used on input li
ne 66.
(luatex.def)             Requested size: 334.60422pt x 211.37796pt.
<../images/25_bayesian/slide25_03.png, id=5109, 1196.47pt x 666.49pt>
File: ../images/25_bayesian/slide25_03.png Graphic file (type png)
<use ../images/25_bayesian/slide25_03.png>
Package luatex.def Info: ../images/25_bayesian/slide25_03.png  used on input li
ne 74.
(luatex.def)             Requested size: 334.60422pt x 186.39218pt.
 [327] [328<../images/25_bayesian/slide25_02.png><../images/25_bayesian/slide25_
03.png>]
<../images/25_bayesian/slide25_04.png, id=5128, 669.50125pt x 453.695pt>
File: ../images/25_bayesian/slide25_04.png Graphic file (type png)
<use ../images/25_bayesian/slide25_04.png>
Package luatex.def Info: ../images/25_bayesian/slide25_04.png  used on input li
ne 85.
(luatex.def)             Requested size: 334.60422pt x 226.75694pt.
 [329<../images/25_bayesian/slide25_04.png>]
<../images/26_bayesian2/slide26_07.png, id=5140, 832.10875pt x 592.2125pt>
File: ../images/26_bayesian2/slide26_07.png Graphic file (type png)
<use ../images/26_bayesian2/slide26_07.png>
Package luatex.def Info: ../images/26_bayesian2/slide26_07.png  used on input l
ine 102.
(luatex.def)             Requested size: 334.60422pt x 238.13686pt.
<../images/26_bayesian2/Rplot26_01.png, id=5143, 1156.32pt x 650.43pt>
File: ../images/26_bayesian2/Rplot26_01.png Graphic file (type png)
<use ../images/26_bayesian2/Rplot26_01.png>
Package luatex.def Info: ../images/26_bayesian2/Rplot26_01.png  used on input l
ine 114.
(luatex.def)             Requested size: 334.60422pt x 188.21295pt.
 [330<../images/26_bayesian2/slide26_07.png>]
<../images/26_bayesian2/slide26_01.png, id=5156, 1027.84pt x 770.88pt>
File: ../images/26_bayesian2/slide26_01.png Graphic file (type png)
<use ../images/26_bayesian2/slide26_01.png>
Package luatex.def Info: ../images/26_bayesian2/slide26_01.png  used on input l
ine 131.
(luatex.def)             Requested size: 334.60422pt x 250.95648pt.
 [331<../images/26_bayesian2/Rplot26_01.png>]
<../images/26_bayesian2/slide26_02.png, id=5166, 1027.84pt x 770.88pt>
File: ../images/26_bayesian2/slide26_02.png Graphic file (type png)
<use ../images/26_bayesian2/slide26_02.png>
Package luatex.def Info: ../images/26_bayesian2/slide26_02.png  used on input l
ine 140.
(luatex.def)             Requested size: 334.60422pt x 250.95648pt.
 [332<../images/26_bayesian2/slide26_01.png>]
<../images/26_bayesian2/slide26_03.png, id=5180, 1027.84pt x 770.88pt>
File: ../images/26_bayesian2/slide26_03.png Graphic file (type png)
<use ../images/26_bayesian2/slide26_03.png>
Package luatex.def Info: ../images/26_bayesian2/slide26_03.png  used on input l
ine 151.
(luatex.def)             Requested size: 334.60422pt x 250.95648pt.
[333<../images/26_bayesian2/slide26_02.png>]
<../images/26_bayesian2/slide26_04.png, id=5194, 1253.68375pt x 693.59125pt>
File: ../images/26_bayesian2/slide26_04.png Graphic file (type png)
<use ../images/26_bayesian2/slide26_04.png>
Package luatex.def Info: ../images/26_bayesian2/slide26_04.png  used on input l
ine 172.
(luatex.def)             Requested size: 334.60422pt x 185.11313pt.
 [334<../images/26_bayesian2/slide26_03.png><../images/26_bayesian2/slide26_04.p
ng>]) [335]
\openout2 = m27_bayesian3.aux
 (./m27_bayesian3.tex
[336




]
第27章
[337] [338]
<../images/26_bayesian2/slide26_06.png, id=5236, 1076.02pt x 601.24625pt>
File: ../images/26_bayesian2/slide26_06.png Graphic file (type png)
<use ../images/26_bayesian2/slide26_06.png>
Package luatex.def Info: ../images/26_bayesian2/slide26_06.png  used on input l
ine 54.
(luatex.def)             Requested size: 334.60422pt x 186.96239pt.
 [339] [340<../images/26_bayesian2/slide26_06.png>]
<../images/27_bayesian3/Krschke2018.png, id=5251, 969.6225pt x 621.32124pt>
File: ../images/27_bayesian3/Krschke2018.png Graphic file (type png)
<use ../images/27_bayesian3/Krschke2018.png>
Package luatex.def Info: ../images/27_bayesian3/Krschke2018.png  used on input 
line 76.
(luatex.def)             Requested size: 334.60422pt x 214.41295pt.
 [341<../images/27_bayesian3/Krschke2018.png>] [342] [343] [344]) [345]
\openout2 = m28_jasp.aux
 (./m28_
jasp.tex [346




]
第28章
[347]
<../images/28_JASP/slide28_01.png, id=5304, 985.6825pt x 299.1175pt>
File: ../images/28_JASP/slide28_01.png Graphic file (type png)
<use ../images/28_JASP/slide28_01.png>
Package luatex.def Info: ../images/28_JASP/slide28_01.png  used on input line 3
3.
(luatex.def)             Requested size: 334.60422pt x 101.53885pt.
<../images/07_probability/Rplot08_06.png, id=5309, 4818.0pt x 3613.5pt>
File: ../images/07_probability/Rplot08_06.png Graphic file (type png)
<use ../images/07_probability/Rplot08_06.png>
Package luatex.def Info: ../images/07_probability/Rplot08_06.png  used on input
 line 44.
(luatex.def)             Requested size: 271.86234pt x 203.84334pt.
 [348<../images/28_JASP/slide28_01.png>] [349<../images/07_probability/Rplot08_0
6.png>]
<../images/28_JASP/Rplot28_01.png, id=5331, 650.43pt x 650.43pt>
File: ../images/28_JASP/Rplot28_01.png Graphic file (type png)
<use ../images/28_JASP/Rplot28_01.png>
Package luatex.def Info: ../images/28_JASP/Rplot28_01.png  used on input line 6
0.
(luatex.def)             Requested size: 271.86234pt x 271.86867pt.
<../images/28_JASP/slide28_02.png, id=5335, 997.7275pt x 745.78625pt>
File: ../images/28_JASP/slide28_02.png Graphic file (type png)
<use ../images/28_JASP/slide28_02.png>
Package luatex.def Info: ../images/28_JASP/slide28_02.png  used on input line 7
0.
(luatex.def)             Requested size: 271.86234pt x 203.2085pt.
 [350<../images/28_JASP/Rplot28_01.png>]
<../images/28_JASP/JASP_web01.png, id=5347, 699.61375pt x 593.21625pt>
File: ../images/28_JASP/JASP_web01.png Graphic file (type png)
<use ../images/28_JASP/JASP_web01.png>
Package luatex.def Info: ../images/28_JASP/JASP_web01.png  used on input line 8
5.
(luatex.def)             Requested size: 271.86234pt x 230.52065pt.
<../images/28_JASP/JASP_web02.png, id=5349, 700.6175pt x 450.68375pt>
File: ../images/28_JASP/JASP_web02.png Graphic file (type png)
<use ../images/28_JASP/JASP_web02.png>
Package luatex.def Info: ../images/28_JASP/JASP_web02.png  used on input line 9
3.
(luatex.def)             Requested size: 271.86234pt x 174.87883pt.
<../images/28_JASP/JASP_wakeup.png, id=5350, 1365.1pt x 911.405pt>
File: ../images/28_JASP/JASP_wakeup.png Graphic file (type png)
<use ../images/28_JASP/JASP_wakeup.png>
Package luatex.def Info: ../images/28_JASP/JASP_wakeup.png  used on input line 
100.
(luatex.def)             Requested size: 271.86234pt x 181.49898pt.
 [351<../images/28_JASP/slide28_02.png>]
<../images/28_JASP/JASP_01.png, id=5367, 1365.1pt x 911.405pt>
File: ../images/28_JASP/JASP_01.png Graphic file (type png)
<use ../images/28_JASP/JASP_01.png>
Package luatex.def Info: ../images/28_JASP/JASP_01.png  used on input line 111.

(luatex.def)             Requested size: 313.69025pt x 209.42404pt.
<../images/28_JASP/JASP_02.png, id=5369, 1365.1pt x 911.405pt>
File: ../images/28_JASP/JASP_02.png Graphic file (type png)
<use ../images/28_JASP/JASP_02.png>
Package luatex.def Info: ../images/28_JASP/JASP_02.png  used on input line 118.

(luatex.def)             Requested size: 313.69025pt x 209.42404pt.
 [352<../images/28_JASP/JASP_web01.png><../images/28_JASP/JASP_web02.png>]
<../images/28_JASP/JASP_03.png, id=5382, 1532.72626pt x 938.50626pt>
File: ../images/28_JASP/JASP_03.png Graphic file (type png)
<use ../images/28_JASP/JASP_03.png>
Package luatex.def Info: ../images/28_JASP/JASP_03.png  used on input line 130.

(luatex.def)             Requested size: 334.60422pt x 204.88245pt.
<../images/28_JASP/JASP_04.png, id=5384, 1532.72626pt x 938.50626pt>
File: ../images/28_JASP/JASP_04.png Graphic file (type png)
<use ../images/28_JASP/JASP_04.png>
Package luatex.def Info: ../images/28_JASP/JASP_04.png  used on input line 139.

(luatex.def)             Requested size: 313.69025pt x 192.06566pt.
 [353<../images/28_JASP/JASP_wakeup.png><../images/28_JASP/JASP_01.png>]
<../images/28_JASP/JASP_plot01.png, id=5395, 1146.2825pt x 464.73625pt>
File: ../images/28_JASP/JASP_plot01.png Graphic file (type png)
<use ../images/28_JASP/JASP_plot01.png>
Package luatex.def Info: ../images/28_JASP/JASP_plot01.png  used on input line 
146.
(luatex.def)             Requested size: 334.60422pt x 135.65646pt.
<../images/28_JASP/JASP_plot02.png, id=5399, 324.21124pt x 370.38374pt>
File: ../images/28_JASP/JASP_plot02.png Graphic file (type png)
<use ../images/28_JASP/JASP_plot02.png>
Package luatex.def Info: ../images/28_JASP/JASP_plot02.png  used on input line 
155.
(luatex.def)             Requested size: 209.12683pt x 238.9098pt.
 [354<../images/28_JASP/JASP_02.png><../images/28_JASP/JASP_03.png>]
<../images/28_JASP/JASP_05.png, id=5412, 387.4475pt x 208.78pt>
File: ../images/28_JASP/JASP_05.png Graphic file (type png)
<use ../images/28_JASP/JASP_05.png>
Package luatex.def Info: ../images/28_JASP/JASP_05.png  used on input line 165.

(luatex.def)             Requested size: 271.86234pt x 146.4986pt.
<../images/28_JASP/JASP_06.png, id=5416, 398.48875pt x 329.23pt>
File: ../images/28_JASP/JASP_06.png Graphic file (type png)
<use ../images/28_JASP/JASP_06.png>
Package luatex.def Info: ../images/28_JASP/JASP_06.png  used on input line 173.

(luatex.def)             Requested size: 271.86234pt x 224.62195pt.
 [355<../images/28_JASP/JASP_04.png><../images/28_JASP/JASP_plot01.png>]
<../images/28_JASP/JASP_cor1.png, id=5429, 619.31375pt x 679.53876pt>
File: ../images/28_JASP/JASP_cor1.png Graphic file (type png)
<use ../images/28_JASP/JASP_cor1.png>
Package luatex.def Info: ../images/28_JASP/JASP_cor1.png  used on input line 18
4.
(luatex.def)             Requested size: 209.12683pt x 229.46405pt.
 [356<../images/28_JASP/JASP_plot02.png><../images/28_JASP/JASP_05.png>] [357<..
/images/28_JASP/JASP_06.png><../images/28_JASP/JASP_cor1.png>]
<../images/28_JASP/JASP_ttest.png, id=5446, 622.325pt x 712.6625pt>
File: ../images/28_JASP/JASP_ttest.png Graphic file (type png)
<use ../images/28_JASP/JASP_ttest.png>
Package luatex.def Info: ../images/28_JASP/JASP_ttest.png  used on input line 2
08.
(luatex.def)             Requested size: 209.12683pt x 239.4856pt.
 [358<../images/28_JASP/JASP_ttest.png>]
<../images/28_JASP/JASP_ttestPlot.png, id=5462, 531.9072pt x 401.5pt>
File: ../images/28_JASP/JASP_ttestPlot.png Graphic file (type png)
<use ../images/28_JASP/JASP_ttestPlot.png>
Package luatex.def Info: ../images/28_JASP/JASP_ttestPlot.png  used on input li
ne 299.
(luatex.def)             Requested size: 209.12683pt x 157.85864pt.
 [359]
<../images/28_JASP/JASP_ttestBF.png, id=5473, 531.9072pt x 401.5pt>
File: ../images/28_JASP/JASP_ttestBF.png Graphic file (type png)
<use ../images/28_JASP/JASP_ttestBF.png>
Package luatex.def Info: ../images/28_JASP/JASP_ttestBF.png  used on input line
 308.
(luatex.def)             Requested size: 334.60422pt x 252.57875pt.
 [360<../images/28_JASP/JASP_ttestPlot.png><../images/28_JASP/JASP_ttestBF.png>]) [361]
\openout2 = m29_brms.aux
 (./m29_brms.tex [362




]
第29章
[363]
Removing  `ltj.process_input_buffer' from `process_input_buffer'.
Inserting `ltj.listings_unicode' in `process_input_buffer'.
Inserting `ltj.process_input_buffer' in `process_input_buffer'.
Removing  `ltj.listings_unicode' from `process_input_buffer'.
Removing  `ltj.process_input_buffer' from `process_input_buffer'.
Inserting `ltj.listings_unicode' in `process_input_buffer'.
Inserting `ltj.process_input_buffer' in `process_input_buffer'.
Removing  `ltj.listings_unicode' from `process_input_buffer'.
Removing  `ltj.process_input_buffer' from `process_input_buffer'.
Inserting `ltj.listings_unicode' in `process_input_buffer'.
Inserting `ltj.process_input_buffer' in `process_input_buffer'. [364]
Removing  `ltj.listings_unicode' from `process_input_buffer'. [365]
Removing  `ltj.process_input_buffer' from `process_input_buffer'.
Inserting `ltj.listings_unicode' in `process_input_buffer'.
Inserting `ltj.process_input_buffer' in `process_input_buffer'.
Removing  `ltj.listings_unicode' from `process_input_buffer'. [366]
<../images/27_bayesian3/Rplot27_01.png, id=5571, 4818.0pt x 2409.0pt>
File: ../images/27_bayesian3/Rplot27_01.png Graphic file (type png)
<use ../images/27_bayesian3/Rplot27_01.png>
Package luatex.def Info: ../images/27_bayesian3/Rplot27_01.png  used on input l
ine 147.
(luatex.def)             Requested size: 334.60422pt x 167.28717pt.
Removing  `ltj.process_input_buffer' from `process_input_buffer'.
Inserting `ltj.listings_unicode' in `process_input_buffer'.
Inserting `ltj.process_input_buffer' in `process_input_buffer'.
Removing  `ltj.listings_unicode' from `process_input_buffer'. [367<../images/27_
bayesian3/Rplot27_01.png>]
<../images/27_bayesian3/slide27_02.png, id=5586, 1016.79875pt x 738.76pt>
File: ../images/27_bayesian3/slide27_02.png Graphic file (type png)
<use ../images/27_bayesian3/slide27_02.png>
Package luatex.def Info: ../images/27_bayesian3/slide27_02.png  used on input l
ine 180.
(luatex.def)             Requested size: 334.60422pt x 243.10391pt.
 [368]
<../images/27_bayesian3/slide27_01.png, id=5599, 1245.65375pt x 930.47626pt>
File: ../images/27_bayesian3/slide27_01.png Graphic file (type png)
<use ../images/27_bayesian3/slide27_01.png>
Package luatex.def Info: ../images/27_bayesian3/slide27_01.png  used on input l
ine 193.
(luatex.def)             Requested size: 334.60422pt x 249.93994pt.

[369<../images/27_bayesian3/slide27_02.png>]
Removing  `ltj.process_input_buffer' from `process_input_buffer'.
Inserting `ltj.listings_unicode' in `process_input_buffer'.
Inserting `ltj.process_input_buffer' in `process_input_buffer'.
Removing  `ltj.listings_unicode' from `process_input_buffer'. [370<../images/27_
bayesian3/slide27_01.png>]
Removing  `ltj.process_input_buffer' from `process_input_buffer'.
Inserting `ltj.listings_unicode' in `process_input_buffer'.
Inserting `ltj.process_input_buffer' in `process_input_buffer'.
Removing  `ltj.listings_unicode' from `process_input_buffer'.
<../images/27_bayesian3/slide27_03.png, id=5641, 1038.88126pt x 928.46875pt>
File: ../images/27_bayesian3/slide27_03.png Graphic file (type png)
<use ../images/27_bayesian3/slide27_03.png>
Package luatex.def Info: ../images/27_bayesian3/slide27_03.png  used on input l
ine 271.
(luatex.def)             Requested size: 334.60422pt x 299.04282pt.
 [371] [372<../images/27_bayesian3/slide27_03.png>]
Removing  `ltj.process_input_buffer' from `process_input_buffer'.
Inserting `ltj.listings_unicode' in `process_input_buffer'.
Inserting `ltj.process_input_buffer' in `process_input_buffer'.
Removing  `ltj.listings_unicode' from `process_input_buffer'. [373] [374]
Removing  `ltj.process_input_buffer' from `process_input_buffer'.
Inserting `ltj.listings_unicode' in `process_input_buffer'.
Inserting `ltj.process_input_buffer' in `process_input_buffer'.
Removing  `ltj.listings_unicode' from `process_input_buffer'.)
[375]
\openout2 = m30_SecondSemester.aux
 (./m30_SecondSemester.tex [376




]
第30章
[377] [378]) [379] (../../common_contents/Computer.tex [380



]
付録A
[381] [382]
<../../common_contents/figures/computer_01.png, id=5758, 1177.39874pt x 559.088
75pt>
File: ../../common_contents/figures/computer_01.png Graphic file (type png)
<use ../../common_contents/figures/computer_01.png>
Package luatex.def Info: ../../common_contents/figures/computer_01.png  used on
 input line 39.
(luatex.def)             Requested size: 334.60422pt x 158.8898pt.
 [383] [384<../../common_contents/figures/computer_01.png>] [385]
[386] [387]
<../../common_contents/figures/computer_06.png, id=5816, 837.1275pt x 476.78125
pt>
File: ../../common_contents/figures/computer_06.png Graphic file (type png)
<use ../../common_contents/figures/computer_06.png>
Package luatex.def Info: ../../common_contents/figures/computer_06.png  used on
 input line 92.
(luatex.def)             Requested size: 334.60422pt x 190.57089pt.
 [388<../../common_contents/figures/computer_06.png>] [389]
Removing  `ltj.process_input_buffer' from `process_input_buffer'.
Inserting `ltj.listings_unicode' in `process_input_buffer'.
Inserting `ltj.process_input_buffer' in `process_input_buffer'.
Removing  `ltj.listings_unicode' from `process_input_buffer'.
Removing  `ltj.process_input_buffer' from `process_input_buffer'.
Inserting `ltj.listings_unicode' in `process_input_buffer'.
Inserting `ltj.process_input_buffer' in `process_input_buffer'.
Removing  `ltj.listings_unicode' from `process_input_buffer'.
Removing  `ltj.process_input_buffer' from `process_input_buffer'.
Inserting `ltj.listings_unicode' in `process_input_buffer'.
Inserting `ltj.process_input_buffer' in `process_input_buffer'.
Removing  `ltj.listings_unicode' from `process_input_buffer'. [390]
[391]) (../../common_contents/FAQ.tex [392]
付録B
<../../common_contents/figures/RstudioFileEditor.png, id=5879, 569.12625pt x 50
8.90125pt>
File: ../../common_contents/figures/RstudioFileEditor.png Graphic file (type pn
g)
<use ../../common_contents/figures/RstudioFileEditor.png>
Package luatex.def Info: ../../common_contents/figures/RstudioFileEditor.png  u
sed on input line 22.
(luatex.def)             Requested size: 334.60422pt x 299.2086pt.
[393

]
<../../common_contents/figures/RmdFile.png, id=5892, 892.33376pt x 721.69624pt>

File: ../../common_contents/figures/RmdFile.png Graphic file (type png)
<use ../../common_contents/figures/RmdFile.png>
Package luatex.def Info: ../../common_contents/figures/RmdFile.png  used on inp
ut line 35.
(luatex.def)             Requested size: 334.60422pt x 270.62442pt.
 [394<../../common_contents/figures/RstudioFileEditor.png>]
<../../common_contents/figures/InsertChunk.png, id=5908, 1068.99374pt x 365.365
pt>
File: ../../common_contents/figures/InsertChunk.png Graphic file (type png)
<use ../../common_contents/figures/InsertChunk.png>
Package luatex.def Info: ../../common_contents/figures/InsertChunk.png  used on
 input line 47.
(luatex.def)             Requested size: 334.60422pt x 114.36024pt.
<../../common_contents/figures/RmdKnit.png, id=5911, 1128.215pt x 311.1625pt>
File: ../../common_contents/figures/RmdKnit.png Graphic file (type png)
<use ../../common_contents/figures/RmdKnit.png>
Package luatex.def Info: ../../common_contents/figures/RmdKnit.png  used on inp
ut line 57.
(luatex.def)             Requested size: 334.60422pt x 92.28592pt.
 [395<../../common_contents/figures/RmdFile.png><../../common_contents/figures/I
nsertChunk.png>]
Removing  `ltj.process_input_buffer' from `process_input_buffer'.
Inserting `ltj.listings_unicode' in `process_input_buffer'.
Inserting `ltj.process_input_buffer' in `process_input_buffer'.
Removing  `ltj.listings_unicode' from `process_input_buffer'. [396<../../common_
contents/figures/RmdKnit.png>] [397]
<../../common_contents/figures/FAQ01.png, id=5940, 1674.255pt x 1255.69125pt>
File: ../../common_contents/figures/FAQ01.png Graphic file (type png)
<use ../../common_contents/figures/FAQ01.png>
Package luatex.def Info: ../../common_contents/figures/FAQ01.png  used on input
 line 107.
(luatex.def)             Requested size: 334.60422pt x 250.9422pt.
 [398<../../common_contents/figures/FAQ01.png>] [399](load cache: extra_lmroman7
-italic.luc)
LaTeX Font Info:    Font shape `JT3/BIZUDPMinchoMedium(0)/m/it' will be
(Font)              scaled to size 6.47299pt on input line 183.
LaTeX Font Info:    Font shape `JY3/BIZUDPMinchoMedium(0)/m/it' will be
(Font)              scaled to size 6.47299pt on input line 183.
LaTeX Font Info:    Font shape `JT3/BIZUDPMinchoMedium(0)/m/it' will be
(Font)              scaled to size 5.54828pt on input line 183.
LaTeX Font Info:    Font shape `JY3/BIZUDPMinchoMedium(0)/m/it' will be
(Font)              scaled to size 5.54828pt on input line 183.
 [400] [401] [402])
(../../common_contents/Greeks.tex [403] [404

]
付録C
) (../../common_contents/keyboards.tex [405] [406

]
付録D
(load cache: extra_lmmono12-regular.luc)
Overfull \hbox (44.15285pt too wide) in paragraph at lines 34--65
 [][] 
 []

<../../common_contents/figures/JapaneseKeyChange.png, id=6008, 282.05376pt x 26
4.99pt>
File: ../../common_contents/figures/JapaneseKeyChange.png Graphic file (type pn
g)
<use ../../common_contents/figures/JapaneseKeyChange.png>
Package luatex.def Info: ../../common_contents/figures/JapaneseKeyChange.png  u
sed on input line 73.
(luatex.def)             Requested size: 113.81102pt x 106.9241pt.
<../../common_contents/figures/JPkeyAssign.png, id=6009, 925.4575pt x 517.935pt
>
File: ../../common_contents/figures/JPkeyAssign.png Graphic file (type png)
<use ../../common_contents/figures/JPkeyAssign.png>
Package luatex.def Info: ../../common_contents/figures/JPkeyAssign.png  used on
 input line 79.
(luatex.def)             Requested size: 334.60422pt x 187.26256pt.
<../../common_contents/figures/usKeyAssign.png, id=6010, 837.1275pt x 545.03625
pt>
File: ../../common_contents/figures/usKeyAssign.png Graphic file (type png)
<use ../../common_contents/figures/usKeyAssign.png>
Package luatex.def Info: ../../common_contents/figures/usKeyAssign.png  used on
 input line 85.
(luatex.def)             Requested size: 334.60422pt x 217.85262pt.
) [407] [408<../../common_contents/figures/JapaneseKeyChange.png>] [409<../../co
mmon_contents/figures/JPkeyAssign.png><../../common_contents/figures/usKeyAssign
.png>] [410

]
付録E
(../../syllabus/tex/s01_Introduction.tex [411])
(../../syllabus/tex/s02_Numbers.tex [412] [413])
(../../syllabus/tex/s03_introR.tex [414]) (../../syllabus/tex/s04_usingR.tex
[415] [416]) (../../syllabus/tex/s05_descriptives.tex [417] [418])
(../../syllabus/tex/s06_ctt.tex [419] [420])
(../../syllabus/tex/s07_probability.tex [421])
(../../syllabus/tex/s08_CorrelationCausation.tex [422] [423])
(../../syllabus/tex/s09_Regression.tex [424])
(../../syllabus/tex/s10_MultipleRegression.tex [425] [426])
(../../syllabus/tex/s11_Regression_onR.tex [427] [428])
(../../syllabus/tex/s12_design1.tex [429]) (../../syllabus/tex/s13_design2.tex
[430] [431]) (../../syllabus/tex/s14_design3.tex [432])
(../../syllabus/tex/s15_FirstSemester.tex [433])
(../../syllabus/tex/s16_inference.tex [434] [435])
(../../syllabus/tex/s17_estimation_and_test.tex [436])
(../../syllabus/tex/s18_NHST.tex [437] [438]) (../../syllabus/tex/s19_NHST2.tex
[439]) (../../syllabus/tex/s20_ttest.tex [440] [441])
(../../syllabus/tex/s21_anova.tex [442] [443])
(../../syllabus/tex/s22_anova_onR.tex [444])
(../../syllabus/tex/s23_likelihood.tex [445])
(../../syllabus/tex/s24_maximum_likelihood.tex [446] [447])
(../../syllabus/tex/s25_bayesian.tex [448])
(../../syllabus/tex/s26_bayesian2.tex [449] [450])
(../../syllabus/tex/s27_bayesian3.tex [451]) (../../syllabus/tex/s28_jasp.tex
[452] [453]) (../../syllabus/tex/s29_brms.tex [454])
(../../syllabus/tex/s30_SecondSemester.tex [455]) [456] [457

] [458] [459]
[460] (./tmp.ind [461]
LaTeX Font Info:    Font shape `JT3/gt/b/n' in size <8> not available
(Font)              Font shape `JT3/gt/m/n' tried instead on input line 2.
LaTeX Font Info:    Font shape `JT3/gt/m/n' will be
(Font)              scaled to size 7.3977pt on input line 2.
LaTeX Font Info:    Font shape `JY3/gt/b/n' in size <8> not available
(Font)              Font shape `JY3/gt/m/n' tried instead on input line 2.
LaTeX Font Info:    Font shape `JY3/gt/m/n' will be
(Font)              scaled to size 7.3977pt on input line 2.
(load cache: extra_lmroman12-bold.luc)
LaTeX Font Info:    Font shape `JT3/gt/b/n' in size <12> not available
(Font)              Font shape `JT3/gt/m/n' tried instead on input line 2.
LaTeX Font Info:    Font shape `JT3/gt/m/n' will be
(Font)              scaled to size 11.09656pt on input line 2.
LaTeX Font Info:    Font shape `JY3/gt/b/n' in size <12> not available
(Font)              Font shape `JY3/gt/m/n' tried instead on input line 2.
LaTeX Font Info:    Font shape `JY3/gt/m/n' will be
(Font)              scaled to size 11.09656pt on input line 2.
 [462


] [463] [464]) (./tmp.aux (./m01_introduction.aux)
(./m02_Numbers.aux) (./m03_introR.aux) (./m04_usingR.aux)
(./m05_descriptives.aux) (./m06_ctt.aux) (./m07_probability.aux)
(./m08_CorrelationCausation.aux) (./m09_Regression.aux)
(./m10_MultipleRegression.aux) (./m11_Regression_onR.aux) (./m12_design1.aux)
(./m13_design2.aux) (./m14_design3.aux) (./m15_FirstSemester.aux)
(./m16_inference.aux) (./m17_estimation_and_test.aux) (./m18_NHST.aux)
(./m19_NHST2.aux) (./m20_ttest.aux) (./m21_anova.aux) (./m22_anova_onR.aux)
(./m23_likelihood.aux) (./m24_maximum_likelihood.aux) (./m25_bayesian.aux)
(./m26_bayesian2.aux) (./m27_bayesian3.aux) (./m28_jasp.aux) (./m29_brms.aux)
(./m30_SecondSemester.aux))
 ***********
LaTeX2e <2023-11-01> patch level 1
L3 programming layer <2024-03-14>
 ***********


Package rerunfilecheck Warning: File `tmp.out' has changed.
(rerunfilecheck)                Rerun to get outlines right
(rerunfilecheck)                or use package `bookmark'.

Package rerunfilecheck Info: Checksums for `tmp.out':
(rerunfilecheck)             Before: C7A349CE2EB959ABE9C1C2E33F093E0F;31681
(rerunfilecheck)             After:  EDDD48ADAE127DEEF1AE70BA3A155B39;31751.
Package logreq Info: Writing requests to 'tmp.run.xml'.

\openout1 = tmp.run.xml
)

Here is how much of LuaTeX's memory you used:
 55800 strings out of 476435
 597245,2848258 words of node,token memory allocated
 132308 words of node memory still in use:
   11 hlist, 2 vlist, 5 rule, 465 glue, 4 kern, 1 glyph, 58791 attribute, 78 glu
e_spec, 5355 attribute_list, 4 write, 14 user_defined, 8 pdf_action nodes
   avail lists: 1:54,2:78536,3:1796,4:10091,5:2515,6:492,7:16380,8:82,9:9418,10:
49,11:226
 72822 multiletter control sequences out of 65536+600000
 153 fonts using 107481711 bytes
 125i,18n,133p,4285b,1973s stack positions out of 10000i,1000n,20000p,200000b,200000s

warning  (pdf backend): unreferenced destination with name 'Hfootnote.131'

warning  (pdf backend): unreferenced destination with name 'Hfootnote.130'

warning  (pdf backend): unreferenced destination with name 'Hfootnote.129'
</usr/local/texlive/2024/texmf-dist/fonts/opentype/public/lm/lmroman12-bold.otf>
</usr/local/texlive/2024/texmf-dist/fonts/opentype/public/lm/lmmono12-regular.ot
f></usr/local/texlive/2024/texmf-dist/fonts/opentype/public/lm/lmroman7-italic.o
tf></usr/local/texlive/2024/texmf-dist/fonts/opentype/public/lm/lmroman10-italic
.otf></usr/local/texlive/2024/texmf-dist/fonts/opentype/public/lm/lmroman8-bold.
otf></usr/local/texlive/2024/texmf-dist/fonts/opentype/public/lm/lmsans10-bold.o
tf></usr/local/texlive/2024/texmf-dist/fonts/opentype/public/lm/lmmono9-regular.
otf></usr/local/texlive/2024/texmf-dist/fonts/opentype/public/lm/lmmono8-regular
.otf></usr/local/texlive/2024/texmf-dist/fonts/opentype/public/lm/lmmono10-regul
ar.otf></Library/Fonts/BIZ-UDGothicB.ttc></usr/local/texlive/2024/texmf-dist/fon
ts/opentype/public/lm/lmromanslant10-regular.otf></usr/local/texlive/2024/texmf-
dist/fonts/opentype/public/lm/lmsans8-regular.otf></usr/local/texlive/2024/texmf
-dist/fonts/opentype/public/lm/lmsans17-regular.otf></usr/local/texlive/2024/tex
mf-dist/fonts/opentype/public/lm/lmsans12-regular.otf></usr/local/texlive/2024/t
exmf-dist/fonts/opentype/public/lm/lmroman10-bold.otf></usr/local/texlive/2024/t
exmf-dist/fonts/opentype/public/lm/lmroman9-regular.otf></usr/local/texlive/2024
/texmf-dist/fonts/opentype/public/lm/lmroman8-regular.otf></usr/local/texlive/20
24/texmf-dist/fonts/opentype/public/lm/lmroman6-regular.otf></usr/local/texlive/
2024/texmf-dist/fonts/opentype/public/lm/lmroman7-regular.otf></usr/local/texliv
e/2024/texmf-dist/fonts/opentype/public/lm/lmsans10-regular.otf></usr/local/texl
ive/2024/texmf-dist/fonts/opentype/public/haranoaji/HaranoAjiGothic-Medium.otf><
/usr/local/texlive/2024/texmf-dist/fonts/opentype/public/lm/lmroman12-regular.ot
f></Library/Fonts/BIZ-UDMinchoM.ttc></usr/local/texlive/2024/texmf-dist/fonts/op
entype/public/lm/lmroman10-regular.otf></usr/local/texlive/2024/texmf-dist/fonts
/type1/public/amsfonts/cm/cmex10.pfb></usr/local/texlive/2024/texmf-dist/fonts/t
ype1/public/amsfonts/cmextra/cmex8.pfb></usr/local/texlive/2024/texmf-dist/fonts
/type1/public/amsfonts/cm/cmmi10.pfb></usr/local/texlive/2024/texmf-dist/fonts/t
ype1/public/amsfonts/cm/cmmi12.pfb></usr/local/texlive/2024/texmf-dist/fonts/typ
e1/public/amsfonts/cm/cmmi5.pfb></usr/local/texlive/2024/texmf-dist/fonts/type1/
public/amsfonts/cm/cmmi6.pfb></usr/local/texlive/2024/texmf-dist/fonts/type1/pub
lic/amsfonts/cm/cmmi7.pfb></usr/local/texlive/2024/texmf-dist/fonts/type1/public
/amsfonts/cm/cmmi8.pfb></usr/local/texlive/2024/texmf-dist/fonts/type1/public/am
sfonts/cm/cmmi9.pfb></usr/local/texlive/2024/texmf-dist/fonts/type1/public/amsfo
nts/cm/cmmib10.pfb></usr/local/texlive/2024/texmf-dist/fonts/type1/public/amsfon
ts/cm/cmr10.pfb></usr/local/texlive/2024/texmf-dist/fonts/type1/public/amsfonts/
cm/cmr5.pfb></usr/local/texlive/2024/texmf-dist/fonts/type1/public/amsfonts/cm/c
mr6.pfb></usr/local/texlive/2024/texmf-dist/fonts/type1/public/amsfonts/cm/cmr7.
pfb></usr/local/texlive/2024/texmf-dist/fonts/type1/public/amsfonts/cm/cmr8.pfb>
</usr/local/texlive/2024/texmf-dist/fonts/type1/public/amsfonts/cm/cmr9.pfb></us
r/local/texlive/2024/texmf-dist/fonts/type1/public/amsfonts/cm/cmsy10.pfb></usr/
local/texlive/2024/texmf-dist/fonts/type1/public/amsfonts/cm/cmsy6.pfb></usr/loc
al/texlive/2024/texmf-dist/fonts/type1/public/amsfonts/cm/cmsy7.pfb></usr/local/
texlive/2024/texmf-dist/fonts/type1/public/amsfonts/cm/cmsy8.pfb></usr/local/tex
live/2024/texmf-dist/fonts/type1/public/amsfonts/cm/cmsy9.pfb>
Output written on tmp.pdf (466 pages, 62056674 bytes).

PDF statistics: 7526 PDF objects out of 8907 (max. 8388607)
 6548 compressed objects within 66 object streams
 2564 named destinations out of 2984 (max. 131072)
 1788 words of extra memory for PDF output out of 10000 (max. 100000000)

