This is LuaHBTeX, Version 1.15.0 (TeX Live 2022)  (format=lualatex 2022.8.8)  19 AUG 2022 12:42
 restricted system commands enabled.
**tmp
(./tmp.tex
LaTeX2e <2022-06-01> patch level 5
Lua module: luaotfload 2022-06-15 3.22 Lua based OpenType font support
Lua module: lualibs 2021-05-20 2.74 ConTeXt Lua standard libraries.
Lua module: lualibs-extended 2021-05-20 2.74 ConTeXt Lua libraries -- extended c
ollection.
luaotfload | conf : Root cache directory is "/Users/hermite/Library/texlive/2022
/texmf-var/luatex-cache/generic/names".
luaotfload | init : Loading fontloader "fontloader-2022-06-15.lua" from kpse-res
olved path "/usr/local/texlive/2022/texmf-dist/tex/luatex/luaotfload/fontloader-
2022-06-15.lua".
Lua-only attribute luaotfload@noligature = 1
luaotfload | init : Context OpenType loader version 3.120
Inserting `luaotfload.node_processor' at position 1 in `pre_linebreak_filter'.
Inserting `luaotfload.node_processor' at position 1 in `hpack_filter'.
Inserting `luaotfload.glyph_stream' at position 1 in `glyph_stream_provider'.
Inserting `luaotfload.define_font' at position 1 in `define_font'.
Lua-only attribute luaotfload_color_attribute = 2
luaotfload | conf : Root cache directory is "/Users/hermite/Library/texlive/2022
/texmf-var/luatex-cache/generic/names".
Inserting `luaotfload.harf.strip_prefix' at position 1 in `find_opentype_file'.
Inserting `luaotfload.harf.strip_prefix' at position 1 in `find_truetype_file'.
Removing  `luaotfload.glyph_stream' from `glyph_stream_provider'.
Inserting `luaotfload.harf.glyphstream' at position 1 in `glyph_stream_provider'
.
Inserting `luaotfload.harf.finalize_vlist' at position 1 in `post_linebreak_filt
er'.
Inserting `luaotfload.harf.finalize_hlist' at position 2 in `hpack_filter'.
Inserting `luaotfload.cleanup_files' at position 1 in `wrapup_run'.
Inserting `luaotfload.harf.finalize_unicode' at position 1 in `finish_pdffile'.
Inserting `luaotfload.glyphinfo' at position 1 in `glyph_info'.
Lua-only attribute luaotfload.letterspace_done = 3
Inserting `luaotfload.aux.set_sscale_dimens' at position 1 in `luaotfload.patch_
font'.
Inserting `luaotfload.aux.set_font_index' at position 2 in `luaotfload.patch_fon
t'.
Inserting `luaotfload.aux.patch_cambria_domh' at position 3 in `luaotfload.patch
_font'.
Inserting `luaotfload.aux.fixup_fontdata' at position 1 in `luaotfload.patch_fon
t_unsafe'.
Inserting `luaotfload.aux.set_capheight' at position 4 in `luaotfload.patch_font
'.
Inserting `luaotfload.aux.set_xheight' at position 5 in `luaotfload.patch_font'.
Inserting `luaotfload.rewrite_fontname' at position 6 in `luaotfload.patch_font'
. L3 programming layer <2022-08-05>
Inserting `tracingstacklevels' at position 1 in `input_level_string'.
(/usr/local/texlive/2022/texmf-dist/tex/luatex/luatexja/ltjsbook.cls
Document Class: ltjsbook 2022/04/11 ltjsclasses 
(/usr/local/texlive/2022/texmf-dist/tex/luatex/luatexja/luatexja.sty
Package: luatexja 2022-08-10 Japanese Typesetting with Lua(La)TeX

(/usr/local/texlive/2022/texmf-dist/tex/luatex/luatexja/luatexja-core.sty
Package: luatexja-core 2022-01-12 Core of LuaTeX-ja

(/usr/local/texlive/2022/texmf-dist/tex/luatex/luatexbase/luatexbase.sty
Package: luatexbase 2015/10/04 v1.3 luatexbase interface to LuaTeX 

(/usr/local/texlive/2022/texmf-dist/tex/luatex/ctablestack/ctablestack.sty
Package: ctablestack 2015/10/01 v1.0 Catcode table stable support
\@catcodetablestackcnt=\count183
)
\CatcodeTableOther=\catcodetable12
\CatcodeTableExpl=\catcodetable13
)
(/usr/local/texlive/2022/texmf-dist/tex/generic/ltxcmds/ltxcmds.sty
Package: ltxcmds 2020-05-10 v1.25 LaTeX kernel commands for general use (HO)
)
(/usr/local/texlive/2022/texmf-dist/tex/generic/pdftexcmds/pdftexcmds.sty
Package: pdftexcmds 2020-06-27 v0.33 Utility functions of pdfTeX for LuaTeX (HO
)

(/usr/local/texlive/2022/texmf-dist/tex/generic/infwarerr/infwarerr.sty
Package: infwarerr 2019/12/03 v1.5 Providing info/warning/error messages (HO)
)
(/usr/local/texlive/2022/texmf-dist/tex/generic/iftex/iftex.sty
Package: iftex 2022/02/03 v1.0f TeX engine tests
)
Package pdftexcmds Info: \pdf@primitive is available.
Package pdftexcmds Info: \pdf@ifprimitive is available.
Package pdftexcmds Info: \pdfdraftmode found.
\pdftexcmds@toks=\toks16
)
(/usr/local/texlive/2022/texmf-dist/tex/latex/xkeyval/xkeyval.sty
Package: xkeyval 2022/06/16 v2.9 package option processing (HA)

(/usr/local/texlive/2022/texmf-dist/tex/generic/xkeyval/xkeyval.tex
(/usr/local/texlive/2022/texmf-dist/tex/generic/xkeyval/xkvutils.tex
\XKV@toks=\toks17
\XKV@tempa@toks=\toks18

(/usr/local/texlive/2022/texmf-dist/tex/generic/xkeyval/keyval.tex))
\XKV@depth=\count184
File: xkeyval.tex 2014/12/03 v2.7a key=value parser (HA)
))
(/usr/local/texlive/2022/texmf-dist/tex/latex/etoolbox/etoolbox.sty
Package: etoolbox 2020/10/05 v2.5k e-TeX tools for LaTeX (JAW)
\etb@tempcnta=\count185
)
(/usr/local/texlive/2022/texmf-dist/tex/latex/everyhook/everyhook.sty
(/usr/local/texlive/2022/texmf-dist/tex/latex/svn-prov/svn-prov.sty
Package: svn-prov 2010/04/24 v3.1862 Package Date/Version from SVN Keywords
)
Package: everyhook 2014/11/26 v1.2 (SVN Rev: 12)\ Hooks for low level TeX every
X primitives.
\everypar=\toks19
\frozen@everymath=\toks20
\frozen@everydisplay=\toks21
\everyhbox=\toks22
\everyvbox=\toks23
\everycr=\toks24
)
\ltjlineendcomment=\count186
\ltj@dimen@zw=\dimen137
\ltj@dimen@zh=\dimen138
\ltj@dimen@jQ=\dimen139
\ltj@icflag=\attribute4
\ltj@curjfnt=\attribute5
\ltj@curtfnt=\attribute6
\ltj@charclass=\attribute7
\ltj@charcode=\attribute8
\ltj@autospc=\attribute9
\ltj@autoxspc=\attribute10
\ltj@yablshift=\attribute11
\ltj@ykblshift=\attribute12
\ltj@tablshift=\attribute13
\ltj@tkblshift=\attribute14
\jfam=\attribute15
\ltj@vert@ori=\attribute16
\ltj@dir=\attribute17
\ltj@@japanese=\language2
\ltj@tempcnta=\count187
\ltj@kcat0=\attribute18
\ltj@kcat1=\attribute19
\ltj@kcat2=\attribute20
\ltj@kcat3=\attribute21
\ltj@kcat4=\attribute22
\ltj@kcat5=\attribute23
\ltj@kcat6=\attribute24
Custom whatsit inhibitglue = 1
Custom whatsit stack_marker = 2
Custom whatsit begin_par = 3
Custom whatsit direction = 4
Custom whatsit box_boundary = 5
Custom whatsit ja_al_boundary = 6(load cache: ltj-cid-auto-adobe-japan1.luc)
Lua module: luatexja.charrange 2020-07-30 Handling the range of Japanese charact
ers
Lua module: luatexja.stack 2020-07-30 LuaTeX-ja stack system
Inserting `ltj.create_dir_whatsit' at position 3 in `hpack_filter'.
Inserting `ltj.create_dir_whatsit' at position 2 in `post_linebreak_filter'.
Inserting `ltj.direction' at position 1 in `vpack_filter'.
Inserting `ltj.direction' at position 1 in `pre_output_filter'.
Inserting `ltj.lineskip' at position 3 in `post_linebreak_filter'.
Inserting `ltj.lineskip' at position 1 in `append_to_vlist_filter'.
Lua module: luatexja.jfont 2021-11-06 Loader for Japanese fonts
Removing  `luaotfload.define_font' from `define_font'.
Inserting `luatexja.font_callback' at position 1 in `define_font'.
Removing  `luaotfload.aux.set_sscale_dimens' from `luaotfload.patch_font'.
Removing  `luaotfload.aux.set_font_index' from `luaotfload.patch_font'.
Removing  `luaotfload.aux.patch_cambria_domh' from `luaotfload.patch_font'.
Removing  `luaotfload.aux.set_capheight' from `luaotfload.patch_font'.
Removing  `luaotfload.aux.set_xheight' from `luaotfload.patch_font'.
Removing  `luaotfload.rewrite_fontname' from `luaotfload.patch_font'.
Inserting `ltj.prepare_extra_data' at position 1 in `luaotfload.patch_font'.
Inserting `luaotfload.aux.set_sscale_dimens' at position 2 in `luaotfload.patch_
font'.
Inserting `luaotfload.aux.set_font_index' at position 3 in `luaotfload.patch_fon
t'.
Inserting `luaotfload.aux.patch_cambria_domh' at position 4 in `luaotfload.patch
_font'.
Inserting `luaotfload.aux.set_capheight' at position 5 in `luaotfload.patch_font
'.
Inserting `luaotfload.aux.set_xheight' at position 6 in `luaotfload.patch_font'.
Inserting `luaotfload.rewrite_fontname' at position 7 in `luaotfload.patch_font'
.
Inserting `ltj.prepare_extra_data' at position 1 in `luatexja.define_font'.
Inserting `ltj.get_vert_form' at position 1 in `luatexja.define_jfont'.
Removing  `ltj.prepare_extra_data' from `luaotfload.patch_font'.
Removing  `luaotfload.aux.set_sscale_dimens' from `luaotfload.patch_font'.
Removing  `luaotfload.aux.set_font_index' from `luaotfload.patch_font'.
Removing  `luaotfload.aux.patch_cambria_domh' from `luaotfload.patch_font'.
Removing  `luaotfload.aux.set_capheight' from `luaotfload.patch_font'.
Removing  `luaotfload.aux.set_xheight' from `luaotfload.patch_font'.
Removing  `luaotfload.rewrite_fontname' from `luaotfload.patch_font'.
Inserting `ltj.supply_tounicode' at position 1 in `luaotfload.patch_font'.
Inserting `ltj.prepare_extra_data' at position 2 in `luaotfload.patch_font'.
Inserting `luaotfload.aux.set_sscale_dimens' at position 3 in `luaotfload.patch_
font'.
Inserting `luaotfload.aux.set_font_index' at position 4 in `luaotfload.patch_fon
t'.
Inserting `luaotfload.aux.patch_cambria_domh' at position 5 in `luaotfload.patch
_font'.
Inserting `luaotfload.aux.set_capheight' at position 6 in `luaotfload.patch_font
'.
Inserting `luaotfload.aux.set_xheight' at position 7 in `luaotfload.patch_font'.
Inserting `luaotfload.rewrite_fontname' at position 8 in `luaotfload.patch_font'
.
Inserting `ltj.process_input_buffer' at position 1 in `process_input_buffer'.
Inserting `ltj.hyphenate' at position 1 in `hyphenate'.
Removing  `luaotfload.node_processor' from `hpack_filter'.
Removing  `luaotfload.harf.finalize_hlist' from `hpack_filter'.
Removing  `ltj.create_dir_whatsit' from `hpack_filter'.
Inserting `ltj.set_stack_level' at position 1 in `hpack_filter'.
Inserting `luaotfload.node_processor' at position 2 in `hpack_filter'.
Inserting `luaotfload.harf.finalize_hlist' at position 3 in `hpack_filter'.
Inserting `ltj.create_dir_whatsit' at position 4 in `hpack_filter'.
Removing  `luaotfload.node_processor' from `pre_linebreak_filter'.
Inserting `ltj.set_stack_level' at position 1 in `pre_linebreak_filter'.
Inserting `luaotfload.node_processor' at position 2 in `pre_linebreak_filter'.
Lua module: luatexja.jfmglue 2022-02-09 Insertion process of JFM glues, [x]kanji
skip and others
Inserting `luatexja.beginpar.np_info' at position 1 in `luatexja.jfmglue.whatsit
_getinfo'.
Inserting `luatexja.beginpar.np_info_after' at position 1 in `luatexja.jfmglue.w
hatsit_after'.
Inserting `ltj.mlist_to_hlist_pre' at position 1 in `pre_mlist_to_hlist_filter'.
Inserting `ltj.main' at position 3 in `pre_linebreak_filter'.
Removing  `luaotfload.harf.finalize_hlist' from `hpack_filter'.
Removing  `ltj.create_dir_whatsit' from `hpack_filter'.
Inserting `ltj.main' at position 3 in `hpack_filter'.
Inserting `luaotfload.harf.finalize_hlist' at position 4 in `hpack_filter'.
Inserting `ltj.create_dir_whatsit' at position 5 in `hpack_filter'.
Removing  `ltj.set_stack_level' from `pre_linebreak_filter'.
Removing  `luaotfload.node_processor' from `pre_linebreak_filter'.
Removing  `ltj.main' from `pre_linebreak_filter'.
Inserting `ltj.adjust_icflag' at position 1 in `pre_linebreak_filter'.
Inserting `ltj.set_stack_level' at position 2 in `pre_linebreak_filter'.
Inserting `luaotfload.node_processor' at position 3 in `pre_linebreak_filter'.
Inserting `ltj.main' at position 4 in `pre_linebreak_filter'.
Removing  `ltj.set_stack_level' from `hpack_filter'.
Removing  `luaotfload.node_processor' from `hpack_filter'.
Removing  `ltj.main' from `hpack_filter'.
Removing  `luaotfload.harf.finalize_hlist' from `hpack_filter'.
Removing  `ltj.create_dir_whatsit' from `hpack_filter'.
Inserting `ltj.adjust_icflag' at position 1 in `hpack_filter'.
Inserting `ltj.set_stack_level' at position 2 in `hpack_filter'.
Inserting `luaotfload.node_processor' at position 3 in `hpack_filter'.
Inserting `ltj.main' at position 4 in `hpack_filter'.
Inserting `luaotfload.harf.finalize_hlist' at position 5 in `hpack_filter'.
Inserting `ltj.create_dir_whatsit' at position 6 in `hpack_filter'.
(/usr/local/texlive/2022/texmf-dist/tex/luatex/luatexja/ltj-base.sty
Package: ltj-base 2021-03-16
\ltj@tempcntb=\count188
\ltj@tempcntc=\count189
\ltj@tempdima=\dimen140
\ltj@afbox=\box51
)
\ltj@@italic@inner=\luafunction26
\ltj@@start@time@measure@inner=\luafunction27
\ltj@@stop@time@measure@inner=\luafunction28
\ltj@@jfont@inner=\luafunction29
\ltj@zw@inner=\luafunction30
\ltj@zh@inner=\luafunction31
\ltj@reset@globaldefs@inner=\luafunction32
\ltj@restore@globaldefs@inner=\luafunction33
\ltj@@disihb@inner=\luafunction34
\ltj@@ihb@inner=\luafunction35
\ltj@@fakeparbegin@inner=\luafunction36
\ltj@@fakeboxbdd@inner=\luafunction37
\ltj@@ins@xk@inner=\luafunction38
\ltj@@ins@k@inner=\luafunction39
\ltj@@stack=\count190
\ltj@@group@level=\count191
\ltjsetkanjiskip@inner=\luafunction40
\ltjsetxkanjiskip@inner=\luafunction41
\ltj@@getparam@one@inner=\luafunction42
\ltj@alljachar@inner=\luafunction43
\ltj@@lua@populate@insertwhatsit@inner=\luafunction44
\ltj@@vadjust@begin@inner=\luafunction45
\ltj@@vadjust@dirhook@inner=\luafunction46
\ltj@@vadjust@check@dir@inner=\luafunction47
\ltj@@box@dirhook@inner=\luafunction48
\ltj@@reset@badness@inner=\luafunction49
\ltj@@lua@raisebox@inner=\luafunction50
\ltj@@lua@unboxcheckdir@inner=\luafunction51
(load cache: ltj-kinsoku_default.luc)
(/usr/local/texlive/2022/texmf-dist/tex/luatex/luatexja/ltj-latex.sty
Package: ltj-latex 2021-10-24 LaTeX support of LuaTeX-ja
Inserting `ltj.direction' at position 1 in `pre_shipout_filter'.
(/usr/local/texlive/2022/texmf-dist/tex/luatex/luatexja/patches/lltjfont.sty
Package: lltjfont 2021-05-26 Patch to NFSS2 for LuaTeX-ja
\ltj@@latex@plv=\count192

(/usr/local/texlive/2022/texmf-dist/tex/latex/base/tuenc.def
File: tuenc.def 2021/04/29 v2.0v Standard LaTeX file
\@remove@tlig@@@=\luafunction52
LaTeX Font Info:    Redeclaring font encoding TU on input line 105.
)
\Cht=\dimen141
\cht=\dimen142
\Cdp=\dimen143
\cdp=\dimen144
\Cwd=\dimen145
\cwd=\dimen146
\Cvs=\dimen147
\cvs=\dimen148
\Chs=\dimen149
\chs=\dimen150
\cHT=\dimen151
\dstrutbox=\box52
\tstrutbox=\box53
\zstrutbox=\box54
LaTeX Info: Redefining \strut on input line 91.
\ltj@@add@fenc@@inner=\luafunction53
\ltj@@add@kyenc@@inner=\luafunction54
\ltj@@add@ktenc@@inner=\luafunction55
\ltj@@is@kyenc@@inner=\luafunction56
\ltj@@is@ktenc@@inner=\luafunction57
\ltj@@is@kenc@@inner=\luafunction58
\ltj@@is@ffam@@inner=\luafunction59
\ltj@@add@ffam@@inner=\luafunction60
\ltj@@add@kfam@@inner=\luafunction61
\ltj@@adjust@baseline@inner=\luafunction62
LaTeX Info: Redefining \fontencoding on input line 645.
LaTeX Info: Redefining \fontfamily on input line 688.
LaTeX Info: Redefining \fontseries on input line 922.
LaTeX Info: Redefining \fontseriesforce on input line 923.
LaTeX Info: Redefining \fontshape on input line 943.
LaTeX Info: Redefining \fontshapeforce on input line 954.
\ltj@@jfont@@jfmonly@@inner=\luafunction63
\ltj@@does@alt@set@@inner=\luafunction64
)
(/usr/local/texlive/2022/texmf-dist/tex/luatex/luatexja/patches/lltjdefs.sty
Package: lltjdefs 2022-01-23 Default font settings of LuaTeX-ja
luaotfload | db : Font names database loaded from /Users/hermite/Library/texlive
/2022/texmf-var/luatex-cache/generic/names/luaotfload-names.luc.gz(load cache: e
xtra_lmroman10-regular.luc)
LaTeX Font Info:    Font shape `JT3/mc/m/n' will be
(Font)              scaled to size 9.24713pt on input line 79.

(/usr/local/texlive/2022/texmf-dist/tex/luatex/luatexja/jfm-ujisv.lua)
LaTeX Font Info:    Font shape `JY3/mc/m/n' will be
(Font)              scaled to size 9.24713pt on input line 79.
(load cache: extra_haranoajimincho-regular.luc)
(/usr/local/texlive/2022/texmf-dist/tex/luatex/luatexja/jfm-ujis.lua)
\symmincho=\mathgroup4
LaTeX Font Info:    Overwriting symbol font `mincho' in version `bold'
(Font)                  JY3/mc/m/n --> JY3/gt/m/n on input line 88.
)
(/usr/local/texlive/2022/texmf-dist/tex/luatex/luatexja/patches/lltjcore.sty
Package: lltjcore 2022-05-30 Patch to LaTeX2e Kernel for LuaTeX-ja

(/usr/local/texlive/2022/texmf-dist/tex/latex/l3kernel/expl3.sty
Package: expl3 2022-08-05 L3 programming layer (loader) 

(/usr/local/texlive/2022/texmf-dist/tex/latex/l3backend/l3backend-luatex.def
File: l3backend-luatex.def 2022-08-05 L3 backend support: PDF output (LuaTeX)
\l__color_backend_stack_int=\count193
\l__pdf_internal_box=\box55
))
\@tombowwidth=\dimen152
\@TL=\box56
\@Tl=\box57
\@TC=\box58
\@TR=\box59
\@Tr=\box60
\@BL=\box61
\@Bl=\box62
\@BC=\box63
\@BR=\box64
\@Br=\box65
\@CL=\box66
\@CR=\box67
(load cache: extra_lmmono9-regular.luc)
\@bannertoken=\toks25
\@@paperheight=\dimen153
\@@paperwidth=\dimen154
\@@topmargin=\dimen155
LaTeX Info: Redefining \underline on input line 266.
)
(/usr/local/texlive/2022/texmf-dist/tex/luatex/luatexja/patches/lltjp-atbegshi.
sty
Package: lltjp-atbegshi 2021-04-29 Patching \shipout hooks for LuaTeX-ja
\l__platex_shipout_dummy_box=\box68
)
(/usr/local/texlive/2022/texmf-dist/tex/luatex/luatexja/patches/lltjp-geometry.
sty
Package: lltjp-geometry 2021-10-24 Patch to geometry for LuaTeX-ja with vertica
l writing mode
 (/usr/local/texlive/2022/texmf-dist/tex/generic/iftex/ifluatex.sty
Package: ifluatex 2019/10/25 v1.5 ifluatex legacy package. Use iftex instead.
)))
\ltj@temp@cctb=\catcodetable14
)
(/usr/local/texlive/2022/texmf-dist/tex/luatex/luatexja/luatexja-compat.sty
Package: luatexja-compat 2020-08-08 Compatibility with pTeX
(load cache: ltj-jisx0208.luc)
\hour=\count194
\minute=\count195
))
\jsc@mpt=\dimen156
\jsc@mmm=\dimen157
\jsc@smallskipamount=\skip47
LaTeX Font Info:    Font shape `JY3/mc/m/n' will be
(Font)              scaled to size 9.24713pt on input line 422.
\fullwidth=\dimen158
(load cache: extra_lmroman8-regular.luc)
LaTeX Font Info:    Font shape `JT3/mc/m/n' will be
(Font)              scaled to size 7.3977pt on input line 571.
LaTeX Font Info:    Font shape `JY3/mc/m/n' will be
(Font)              scaled to size 7.3977pt on input line 571.
\c@part=\count196
\c@chapter=\count197
\c@section=\count198
\c@subsection=\count199
\c@subsubsection=\count266
\c@paragraph=\count267
\c@subparagraph=\count268
\c@figure=\count269
\c@table=\count270
\abovecaptionskip=\skip48
\belowcaptionskip=\skip49
LaTeX Info: Redefining \mc on input line 1280.
LaTeX Info: Redefining \gt on input line 1281.
\jsc@tocl@width=\dimen159
\@lnumwidth=\dimen160
\bibindent=\dimen161

(/usr/local/texlive/2022/texmf-dist/tex/platex/jsclasses/jslogo.sty
Package: jslogo 2019/07/25 okumura, texjporg
LaTeX Info: Redefining \TeX on input line 82.
LaTeX Info: Redefining \LaTeX on input line 135.
LaTeX Info: Redefining \LaTeXe on input line 188.
)
\heisei=\count271

(/usr/local/texlive/2022/texmf-dist/tex/latex/sttools/stfloats.sty
Package: stfloats 2017/03/27 v3.3 Improve float mechanism and baselineskip sett
ings
\@dblbotnum=\count272
\c@dblbotnumber=\count273
)
(/usr/local/texlive/2022/texmf-dist/tex/luatex/luatexja/patches/lltjp-stfloats.
sty)) (../../myStyle.sty
(/usr/local/texlive/2022/texmf-dist/tex/latex/natbib/natbib.sty
Package: natbib 2010/09/13 8.31b (PWD, AO)
\bibhang=\skip50
\bibsep=\skip51
LaTeX Info: Redefining \cite on input line 694.
\c@NAT@ctr=\count274
)
(/usr/local/texlive/2022/texmf-dist/tex/latex/bxpapersize/bxpapersize.sty
Package: bxpapersize 2022/04/28 v0.6

(/usr/local/texlive/2022/texmf-dist/tex/generic/iftex/ifpdf.sty
Package: ifpdf 2019/10/25 v3.4 ifpdf legacy package. Use iftex instead.
)
(/usr/local/texlive/2022/texmf-dist/tex/generic/iftex/ifxetex.sty
Package: ifxetex 2019/10/25 v0.7 ifxetex legacy package. Use iftex instead.
)
(/usr/local/texlive/2022/texmf-dist/tex/generic/iftex/ifvtex.sty
Package: ifvtex 2019/10/25 v1.7 ifvtex legacy package. Use iftex instead.
)
(/usr/local/texlive/2022/texmf-dist/tex/generic/ifptex/ifptex.sty
Package: ifptex 2022/04/03 v2.2 pTeX checker
)
\bxpr@dima=\dimen162
Package bxpapersize Info: Detected the new LaTeX kernel (2020-10-01).

(/usr/local/texlive/2022/texmf-dist/tex/latex/base/atbegshi-ltx.sty
Package: atbegshi-ltx 2021/01/10 v1.0c Emulation of the original atbegshi
package with kernel methods
))
(/usr/local/texlive/2022/texmf-dist/tex/latex/geometry/geometry.sty
Package: geometry 2020/01/02 v5.9 Page Geometry
\Gm@cnth=\count275
\Gm@cntv=\count276
\c@Gm@tempcnt=\count277
\Gm@bindingoffset=\dimen163
\Gm@wd@mp=\dimen164
\Gm@odd@mp=\dimen165
\Gm@even@mp=\dimen166
\Gm@layoutwidth=\dimen167
\Gm@layoutheight=\dimen168
\Gm@layouthoffset=\dimen169
\Gm@layoutvoffset=\dimen170
\Gm@dimlist=\toks26
)
(/usr/local/texlive/2022/texmf-dist/tex/latex/url/url.sty
\Urlmuskip=\muskip16
Package: url 2013/09/16  ver 3.4  Verb mode for urls, etc.
)
(/usr/local/texlive/2022/texmf-dist/tex/latex/graphics/graphicx.sty
Package: graphicx 2021/09/16 v1.2d Enhanced LaTeX Graphics (DPC,SPQR)

(/usr/local/texlive/2022/texmf-dist/tex/latex/graphics/graphics.sty
Package: graphics 2022/03/10 v1.4e Standard LaTeX Graphics (DPC,SPQR)

(/usr/local/texlive/2022/texmf-dist/tex/latex/graphics/trig.sty
Package: trig 2021/08/11 v1.11 sin cos tan (DPC)
)
(/usr/local/texlive/2022/texmf-dist/tex/latex/graphics-cfg/graphics.cfg
File: graphics.cfg 2016/06/04 v1.11 sample graphics configuration
)
Package graphics Info: Driver file: luatex.def on input line 107.

(/usr/local/texlive/2022/texmf-dist/tex/latex/graphics-def/luatex.def
File: luatex.def 2021/06/01 v1.2c Graphics/color driver for luatex
))
\Gin@req@height=\dimen171
\Gin@req@width=\dimen172
)
(/usr/local/texlive/2022/texmf-dist/tex/latex/lineno/lineno.sty
Package: lineno 2005/11/02 line numbers on paragraphs v4.41
\linenopenalty=\count278
\output=\toks27
\linenoprevgraf=\count279
\linenumbersep=\dimen173
\linenumberwidth=\dimen174
\c@linenumber=\count280
\c@pagewiselinenumber=\count281
\c@LN@truepage=\count282
\c@internallinenumber=\count283
\c@internallinenumbers=\count284
\quotelinenumbersep=\dimen175
\bframerule=\dimen176
\bframesep=\dimen177
\bframebox=\box69
LaTeX Info: Redefining \\ on input line 3056.
)
(/usr/local/texlive/2022/texmf-dist/tex/latex/graphics/lscape.sty
Package: lscape 2020/05/28 v3.02 Landscape Pages (DPC)
)
(/usr/local/texlive/2022/texmf-dist/tex/luatex/luatexja/addons/luatexja-ruby.st
y
Package: luatexja-ruby 2022-07-03 v0.53
\ltj@rubyattr=\attribute25
Lua module: luatexja.ruby 2022-06-25 Ruby annotation
Custom whatsit ruby_pre = 7
Custom whatsit ruby_post = 8
Inserting `ltj.ruby.pre' at position 5 in `pre_linebreak_filter'.
Inserting `ltj.ruby.pre' at position 7 in `hpack_filter'.
Inserting `ltj.ruby.post_break' at position 4 in `post_linebreak_filter'.
Inserting `ltj.ruby.post_hbox' at position 8 in `hpack_filter'.
Removing  `luatexja.beginpar.np_info' from `luatexja.jfmglue.whatsit_getinfo'.
Inserting `luatexja.ruby.np_info' at position 1 in `luatexja.jfmglue.whatsit_get
info'.
Inserting `luatexja.beginpar.np_info' at position 2 in `luatexja.jfmglue.whatsit
_getinfo'.
Removing  `luatexja.beginpar.np_info_after' from `luatexja.jfmglue.whatsit_after
'.
Inserting `luatexja.ruby.np_info_after' at position 1 in `luatexja.jfmglue.whats
it_after'.
Inserting `luatexja.beginpar.np_info_after' at position 2 in `luatexja.jfmglue.w
hatsit_after'.
Inserting `luatexja.ruby.np_info_last_minute' at position 1 in `luatexja.jfmglue
.whatsit_last_minute'.) (/usr/local/texlive/2022/texmf-dist/tex/latex/epsdice/e
psdice.sty
Package: epsdice 2007/02/15 by Thomas Heim (v. 2.1)

(/usr/local/texlive/2022/texmf-dist/tex/latex/base/ifthen.sty
Package: ifthen 2022/04/13 v1.1d Standard LaTeX ifthen package (DPC)
)
(/usr/local/texlive/2022/texmf-dist/tex/latex/epsdice/epsdice.cfg)
\c@eps@face=\count285
)
(/usr/local/texlive/2022/texmf-dist/tex/latex/fancyvrb/fancyvrb.sty
Package: fancyvrb 2022/06/06 4.5 verbatim text (tvz,hv)
\FV@CodeLineNo=\count286
\FV@InFile=\read2
\FV@TabBox=\box70
\c@FancyVerbLine=\count287
\FV@StepNumber=\count288
\FV@OutFile=\write3
)
(/usr/local/texlive/2022/texmf-dist/tex/generic/ulem/ulem.sty
\UL@box=\box71
\UL@hyphenbox=\box72
\UL@skip=\skip52
\UL@hook=\toks28
\UL@height=\dimen178
\UL@pe=\count289
\UL@pixel=\dimen179
\ULC@box=\box73
Package: ulem 2019/11/18
\ULdepth=\dimen180
)
(/usr/local/texlive/2022/texmf-dist/tex/latex/tools/bm.sty
Package: bm 2022/01/05 v1.2f Bold Symbol Support (DPC/FMi)
\symboldoperators=\mathgroup5
\symboldletters=\mathgroup6
\symboldsymbols=\mathgroup7
Package bm Info: No bold for \OMX/cmex/m/n, using \pmb.
\symboldmincho=\mathgroup8
LaTeX Font Info:    Redeclaring math alphabet \mathbf on input line 149.
)
(/usr/local/texlive/2022/texmf-dist/tex/latex/pdfpages/pdfpages.sty
Package: pdfpages 2022/05/22 v0.5v Insert pages of external PDF documents (AM)

(/usr/local/texlive/2022/texmf-dist/tex/latex/tools/calc.sty
Package: calc 2017/05/25 v4.3 Infix arithmetic (KKT,FJ)
\calc@Acount=\count290
\calc@Bcount=\count291
\calc@Adimen=\dimen181
\calc@Bdimen=\dimen182
\calc@Askip=\skip53
\calc@Bskip=\skip54
LaTeX Info: Redefining \setlength on input line 80.
LaTeX Info: Redefining \addtolength on input line 81.
\calc@Ccount=\count292
\calc@Cskip=\skip55
)
(/usr/local/texlive/2022/texmf-dist/tex/latex/eso-pic/eso-pic.sty
Package: eso-pic 2020/10/14 v3.0a eso-pic (RN)
\ESO@tempdima=\dimen183
\ESO@tempdimb=\dimen184

(/usr/local/texlive/2022/texmf-dist/tex/latex/xcolor/xcolor.sty
Package: xcolor 2022/06/12 v2.14 LaTeX color extensions (UK)

(/usr/local/texlive/2022/texmf-dist/tex/latex/graphics-cfg/color.cfg
File: color.cfg 2016/01/02 v1.6 sample color configuration
)
Package xcolor Info: Driver file: luatex.def on input line 227.

(/usr/local/texlive/2022/texmf-dist/tex/latex/graphics/mathcolor.ltx)
Package xcolor Info: Model `cmy' substituted by `cmy0' on input line 1353.
Package xcolor Info: Model `hsb' substituted by `rgb' on input line 1357.
Package xcolor Info: Model `RGB' extended on input line 1369.
Package xcolor Info: Model `HTML' substituted by `rgb' on input line 1371.
Package xcolor Info: Model `Hsb' substituted by `hsb' on input line 1372.
Package xcolor Info: Model `tHsb' substituted by `hsb' on input line 1373.
Package xcolor Info: Model `HSB' substituted by `hsb' on input line 1374.
Package xcolor Info: Model `Gray' substituted by `gray' on input line 1375.
Package xcolor Info: Model `wave' substituted by `hsb' on input line 1376.

(/usr/local/texlive/2022/texmf-dist/tex/latex/graphics/dvipsnam.def
File: dvipsnam.def 2016/06/17 v3.0m Driver-dependent file (DPC,SPQR)
)))
\AM@pagewidth=\dimen185
\AM@pageheight=\dimen186
\AM@fboxrule=\dimen187

(/usr/local/texlive/2022/texmf-dist/tex/latex/pdfpages/ppluatex.def
File: ppluatex.def 2022/05/22 v0.5v Pdfpages driver for LuaTeX (AM)
)
\pdfpages@includegraphics@status=\count293
\AM@pagebox=\box74
\AM@global@opts=\toks29
\AM@pagecnt=\count294
\AM@toc@title=\toks30
\c@AM@survey=\count295
\AM@templatesizebox=\box75
)
(/usr/local/texlive/2022/texmf-dist/tex/latex/booktabs/booktabs.sty
Package: booktabs 2020/01/12 v1.61803398 Publication quality tables
\heavyrulewidth=\dimen188
\lightrulewidth=\dimen189
\cmidrulewidth=\dimen190
\belowrulesep=\dimen191
\belowbottomsep=\dimen192
\aboverulesep=\dimen193
\abovetopsep=\dimen194
\cmidrulesep=\dimen195
\cmidrulekern=\dimen196
\defaultaddspace=\dimen197
\@cmidla=\count296
\@cmidlb=\count297
\@aboverulesep=\dimen198
\@belowrulesep=\dimen199
\@thisruleclass=\count298
\@lastruleclass=\count299
\@thisrulewidth=\dimen256
)
(/usr/local/texlive/2022/texmf-dist/tex/latex/amsmath/amsmath.sty
Package: amsmath 2022/04/08 v2.17n AMS math features
\@mathmargin=\skip56

For additional information on amsmath, use the `?' option.
(/usr/local/texlive/2022/texmf-dist/tex/latex/amsmath/amstext.sty
Package: amstext 2021/08/26 v2.01 AMS text

(/usr/local/texlive/2022/texmf-dist/tex/latex/amsmath/amsgen.sty
File: amsgen.sty 1999/11/30 v2.0 generic functions
\@emptytoks=\toks31
\ex@=\dimen257
))
(/usr/local/texlive/2022/texmf-dist/tex/latex/amsmath/amsbsy.sty
Package: amsbsy 1999/11/29 v1.2d Bold Symbols
LaTeX Info: Redefining \boldsymbol on input line 28.
\pmbraise@=\dimen258
)
(/usr/local/texlive/2022/texmf-dist/tex/latex/amsmath/amsopn.sty
Package: amsopn 2022/04/08 v2.04 operator names
)
\inf@bad=\count300
LaTeX Info: Redefining \frac on input line 236.
\uproot@=\count301
\leftroot@=\count302
LaTeX Info: Redefining \overline on input line 399.
LaTeX Info: Redefining \colon on input line 410.
\classnum@=\count303
\DOTSCASE@=\count304
LaTeX Info: Redefining \ldots on input line 496.
LaTeX Info: Redefining \dots on input line 499.
LaTeX Info: Redefining \cdots on input line 620.
\Mathstrutbox@=\box76
\strutbox@=\box77
LaTeX Info: Redefining \big on input line 722.
LaTeX Info: Redefining \Big on input line 723.
LaTeX Info: Redefining \bigg on input line 724.
LaTeX Info: Redefining \Bigg on input line 725.
\big@size=\dimen259
LaTeX Font Info:    Redeclaring font encoding OML on input line 743.
LaTeX Font Info:    Redeclaring font encoding OMS on input line 744.
\macc@depth=\count305
LaTeX Info: Redefining \bmod on input line 905.
LaTeX Info: Redefining \pmod on input line 910.
LaTeX Info: Redefining \smash on input line 940.
LaTeX Info: Redefining \relbar on input line 970.
LaTeX Info: Redefining \Relbar on input line 971.
\c@MaxMatrixCols=\count306
\dotsspace@=\muskip17
\c@parentequation=\count307
\dspbrk@lvl=\count308
\tag@help=\toks32
\row@=\count309
\column@=\count310
\maxfields@=\count311
\andhelp@=\toks33
\eqnshift@=\dimen260
\alignsep@=\dimen261
\tagshift@=\dimen262
\tagwidth@=\dimen263
\totwidth@=\dimen264
\lineht@=\dimen265
\@envbody=\toks34
\multlinegap=\skip57
\multlinetaggap=\skip58
\mathdisplay@stack=\toks35
LaTeX Info: Redefining \[ on input line 2953.
LaTeX Info: Redefining \] on input line 2954.
)
(/usr/local/texlive/2022/texmf-dist/tex/latex/amsfonts/amssymb.sty
Package: amssymb 2013/01/14 v3.01 AMS font symbols

(/usr/local/texlive/2022/texmf-dist/tex/latex/amsfonts/amsfonts.sty
Package: amsfonts 2013/01/14 v3.01 Basic AMSFonts support
\symAMSa=\mathgroup9
\symAMSb=\mathgroup10
LaTeX Font Info:    Redeclaring math symbol \hbar on input line 98.
LaTeX Font Info:    Overwriting math alphabet `\mathfrak' in version `bold'
(Font)                  U/euf/m/n --> U/euf/b/n on input line 106.
))
(/usr/local/texlive/2022/texmf-dist/tex/latex/wrapfig/wrapfig.sty
\wrapoverhang=\dimen266
\WF@size=\dimen267
\c@WF@wrappedlines=\count312
\WF@box=\box78
\WF@everypar=\toks36
Package: wrapfig 2003/01/31  v 3.6
)
(/usr/local/texlive/2022/texmf-dist/tex/latex/multirow/multirow.sty
Package: multirow 2021/03/15 v2.8 Span multiple rows of a table
\multirow@colwidth=\skip59
\multirow@cntb=\count313
\multirow@dima=\skip60
\bigstrutjot=\dimen268
)
(/usr/local/texlive/2022/texmf-dist/tex/latex/pgf/frontendlayer/tikz.sty
(/usr/local/texlive/2022/texmf-dist/tex/latex/pgf/basiclayer/pgf.sty
(/usr/local/texlive/2022/texmf-dist/tex/latex/pgf/utilities/pgfrcs.sty
(/usr/local/texlive/2022/texmf-dist/tex/generic/pgf/utilities/pgfutil-common.te
x
\pgfutil@everybye=\toks37
\pgfutil@tempdima=\dimen269
\pgfutil@tempdimb=\dimen270

(/usr/local/texlive/2022/texmf-dist/tex/generic/pgf/utilities/pgfutil-common-li
sts.tex))
(/usr/local/texlive/2022/texmf-dist/tex/generic/pgf/utilities/pgfutil-latex.def
\pgfutil@abb=\box79
) (/usr/local/texlive/2022/texmf-dist/tex/generic/pgf/utilities/pgfrcs.code.tex
(/usr/local/texlive/2022/texmf-dist/tex/generic/pgf/pgf.revision.tex)
Package: pgfrcs 2021/05/15 v3.1.9a (3.1.9a)
))
Package: pgf 2021/05/15 v3.1.9a (3.1.9a)

(/usr/local/texlive/2022/texmf-dist/tex/latex/pgf/basiclayer/pgfcore.sty
(/usr/local/texlive/2022/texmf-dist/tex/latex/pgf/systemlayer/pgfsys.sty
(/usr/local/texlive/2022/texmf-dist/tex/generic/pgf/systemlayer/pgfsys.code.tex
Package: pgfsys 2021/05/15 v3.1.9a (3.1.9a)
(/usr/local/texlive/2022/texmf-dist/tex/generic/pgf/utilities/pgfkeys.code.tex
\pgfkeys@pathtoks=\toks38
\pgfkeys@temptoks=\toks39

(/usr/local/texlive/2022/texmf-dist/tex/generic/pgf/utilities/pgfkeysfiltered.c
ode.tex
\pgfkeys@tmptoks=\toks40
))
\pgf@x=\dimen271
\pgf@y=\dimen272
\pgf@xa=\dimen273
\pgf@ya=\dimen274
\pgf@xb=\dimen275
\pgf@yb=\dimen276
\pgf@xc=\dimen277
\pgf@yc=\dimen278
\pgf@xd=\dimen279
\pgf@yd=\dimen280
\w@pgf@writea=\write4
\r@pgf@reada=\read3
\c@pgf@counta=\count314
\c@pgf@countb=\count315
\c@pgf@countc=\count316
\c@pgf@countd=\count317
\t@pgf@toka=\toks41
\t@pgf@tokb=\toks42
\t@pgf@tokc=\toks43
\pgf@sys@id@count=\count318

(/usr/local/texlive/2022/texmf-dist/tex/generic/pgf/systemlayer/pgf.cfg
File: pgf.cfg 2021/05/15 v3.1.9a (3.1.9a)
)
Driver file for pgf: pgfsys-luatex.def

(/usr/local/texlive/2022/texmf-dist/tex/generic/pgf/systemlayer/pgfsys-luatex.d
ef
File: pgfsys-luatex.def 2021/05/15 v3.1.9a (3.1.9a)

(/usr/local/texlive/2022/texmf-dist/tex/generic/pgf/systemlayer/pgfsys-common-p
df.def
File: pgfsys-common-pdf.def 2021/05/15 v3.1.9a (3.1.9a)
)))
(/usr/local/texlive/2022/texmf-dist/tex/generic/pgf/systemlayer/pgfsyssoftpath.
code.tex
File: pgfsyssoftpath.code.tex 2021/05/15 v3.1.9a (3.1.9a)
\pgfsyssoftpath@smallbuffer@items=\count319
\pgfsyssoftpath@bigbuffer@items=\count320
)
(/usr/local/texlive/2022/texmf-dist/tex/generic/pgf/systemlayer/pgfsysprotocol.
code.tex
File: pgfsysprotocol.code.tex 2021/05/15 v3.1.9a (3.1.9a)
))
(/usr/local/texlive/2022/texmf-dist/tex/generic/pgf/basiclayer/pgfcore.code.tex
Package: pgfcore 2021/05/15 v3.1.9a (3.1.9a)
(/usr/local/texlive/2022/texmf-dist/tex/generic/pgf/math/pgfmath.code.tex
(/usr/local/texlive/2022/texmf-dist/tex/generic/pgf/math/pgfmathcalc.code.tex
(/usr/local/texlive/2022/texmf-dist/tex/generic/pgf/math/pgfmathutil.code.tex)
(/usr/local/texlive/2022/texmf-dist/tex/generic/pgf/math/pgfmathparser.code.tex
\pgfmath@dimen=\dimen281
\pgfmath@count=\count321
\pgfmath@box=\box80
\pgfmath@toks=\toks44
\pgfmath@stack@operand=\toks45
\pgfmath@stack@operation=\toks46
)
(/usr/local/texlive/2022/texmf-dist/tex/generic/pgf/math/pgfmathfunctions.code.
tex
(/usr/local/texlive/2022/texmf-dist/tex/generic/pgf/math/pgfmathfunctions.basic
.code.tex)
(/usr/local/texlive/2022/texmf-dist/tex/generic/pgf/math/pgfmathfunctions.trigo
nometric.code.tex)
(/usr/local/texlive/2022/texmf-dist/tex/generic/pgf/math/pgfmathfunctions.rando
m.code.tex)
(/usr/local/texlive/2022/texmf-dist/tex/generic/pgf/math/pgfmathfunctions.compa
rison.code.tex)
(/usr/local/texlive/2022/texmf-dist/tex/generic/pgf/math/pgfmathfunctions.base.
code.tex)
(/usr/local/texlive/2022/texmf-dist/tex/generic/pgf/math/pgfmathfunctions.round
.code.tex)
(/usr/local/texlive/2022/texmf-dist/tex/generic/pgf/math/pgfmathfunctions.misc.
code.tex)
(/usr/local/texlive/2022/texmf-dist/tex/generic/pgf/math/pgfmathfunctions.integ
erarithmetics.code.tex)))
(/usr/local/texlive/2022/texmf-dist/tex/generic/pgf/math/pgfmathfloat.code.tex
\c@pgfmathroundto@lastzeros=\count322
)) (/usr/local/texlive/2022/texmf-dist/tex/generic/pgf/math/pgfint.code.tex)
(/usr/local/texlive/2022/texmf-dist/tex/generic/pgf/basiclayer/pgfcorepoints.co
de.tex
File: pgfcorepoints.code.tex 2021/05/15 v3.1.9a (3.1.9a)
\pgf@picminx=\dimen282
\pgf@picmaxx=\dimen283
\pgf@picminy=\dimen284
\pgf@picmaxy=\dimen285
\pgf@pathminx=\dimen286
\pgf@pathmaxx=\dimen287
\pgf@pathminy=\dimen288
\pgf@pathmaxy=\dimen289
\pgf@xx=\dimen290
\pgf@xy=\dimen291
\pgf@yx=\dimen292
\pgf@yy=\dimen293
\pgf@zx=\dimen294
\pgf@zy=\dimen295
)
(/usr/local/texlive/2022/texmf-dist/tex/generic/pgf/basiclayer/pgfcorepathconst
ruct.code.tex
File: pgfcorepathconstruct.code.tex 2021/05/15 v3.1.9a (3.1.9a)
\pgf@path@lastx=\dimen296
\pgf@path@lasty=\dimen297
)
(/usr/local/texlive/2022/texmf-dist/tex/generic/pgf/basiclayer/pgfcorepathusage
.code.tex
File: pgfcorepathusage.code.tex 2021/05/15 v3.1.9a (3.1.9a)
\pgf@shorten@end@additional=\dimen298
\pgf@shorten@start@additional=\dimen299
)
(/usr/local/texlive/2022/texmf-dist/tex/generic/pgf/basiclayer/pgfcorescopes.co
de.tex
File: pgfcorescopes.code.tex 2021/05/15 v3.1.9a (3.1.9a)
\pgfpic=\box81
\pgf@hbox=\box82
\pgf@layerbox@main=\box83
\pgf@picture@serial@count=\count323
)
(/usr/local/texlive/2022/texmf-dist/tex/generic/pgf/basiclayer/pgfcoregraphicst
ate.code.tex
File: pgfcoregraphicstate.code.tex 2021/05/15 v3.1.9a (3.1.9a)
\pgflinewidth=\dimen300
)
(/usr/local/texlive/2022/texmf-dist/tex/generic/pgf/basiclayer/pgfcoretransform
ations.code.tex
File: pgfcoretransformations.code.tex 2021/05/15 v3.1.9a (3.1.9a)
\pgf@pt@x=\dimen301
\pgf@pt@y=\dimen302
\pgf@pt@temp=\dimen303
)
(/usr/local/texlive/2022/texmf-dist/tex/generic/pgf/basiclayer/pgfcorequick.cod
e.tex
File: pgfcorequick.code.tex 2021/05/15 v3.1.9a (3.1.9a)
)
(/usr/local/texlive/2022/texmf-dist/tex/generic/pgf/basiclayer/pgfcoreobjects.c
ode.tex
File: pgfcoreobjects.code.tex 2021/05/15 v3.1.9a (3.1.9a)
)
(/usr/local/texlive/2022/texmf-dist/tex/generic/pgf/basiclayer/pgfcorepathproce
ssing.code.tex
File: pgfcorepathprocessing.code.tex 2021/05/15 v3.1.9a (3.1.9a)
)
(/usr/local/texlive/2022/texmf-dist/tex/generic/pgf/basiclayer/pgfcorearrows.co
de.tex
File: pgfcorearrows.code.tex 2021/05/15 v3.1.9a (3.1.9a)
\pgfarrowsep=\dimen304
)
(/usr/local/texlive/2022/texmf-dist/tex/generic/pgf/basiclayer/pgfcoreshade.cod
e.tex
File: pgfcoreshade.code.tex 2021/05/15 v3.1.9a (3.1.9a)
\pgf@max=\dimen305
\pgf@sys@shading@range@num=\count324
\pgf@shadingcount=\count325
)
(/usr/local/texlive/2022/texmf-dist/tex/generic/pgf/basiclayer/pgfcoreimage.cod
e.tex
File: pgfcoreimage.code.tex 2021/05/15 v3.1.9a (3.1.9a)

(/usr/local/texlive/2022/texmf-dist/tex/generic/pgf/basiclayer/pgfcoreexternal.
code.tex
File: pgfcoreexternal.code.tex 2021/05/15 v3.1.9a (3.1.9a)
\pgfexternal@startupbox=\box84
))
(/usr/local/texlive/2022/texmf-dist/tex/generic/pgf/basiclayer/pgfcorelayers.co
de.tex
File: pgfcorelayers.code.tex 2021/05/15 v3.1.9a (3.1.9a)
)
(/usr/local/texlive/2022/texmf-dist/tex/generic/pgf/basiclayer/pgfcoretranspare
ncy.code.tex
File: pgfcoretransparency.code.tex 2021/05/15 v3.1.9a (3.1.9a)
)
(/usr/local/texlive/2022/texmf-dist/tex/generic/pgf/basiclayer/pgfcorepatterns.
code.tex
File: pgfcorepatterns.code.tex 2021/05/15 v3.1.9a (3.1.9a)
)
(/usr/local/texlive/2022/texmf-dist/tex/generic/pgf/basiclayer/pgfcorerdf.code.
tex
File: pgfcorerdf.code.tex 2021/05/15 v3.1.9a (3.1.9a)
)))
(/usr/local/texlive/2022/texmf-dist/tex/generic/pgf/modules/pgfmoduleshapes.cod
e.tex
File: pgfmoduleshapes.code.tex 2021/05/15 v3.1.9a (3.1.9a)
\pgfnodeparttextbox=\box85
)
(/usr/local/texlive/2022/texmf-dist/tex/generic/pgf/modules/pgfmoduleplot.code.
tex
File: pgfmoduleplot.code.tex 2021/05/15 v3.1.9a (3.1.9a)
)
(/usr/local/texlive/2022/texmf-dist/tex/latex/pgf/compatibility/pgfcomp-version
-0-65.sty
Package: pgfcomp-version-0-65 2021/05/15 v3.1.9a (3.1.9a)
\pgf@nodesepstart=\dimen306
\pgf@nodesepend=\dimen307
)
(/usr/local/texlive/2022/texmf-dist/tex/latex/pgf/compatibility/pgfcomp-version
-1-18.sty
Package: pgfcomp-version-1-18 2021/05/15 v3.1.9a (3.1.9a)
))
(/usr/local/texlive/2022/texmf-dist/tex/latex/pgf/utilities/pgffor.sty
(/usr/local/texlive/2022/texmf-dist/tex/latex/pgf/utilities/pgfkeys.sty
(/usr/local/texlive/2022/texmf-dist/tex/generic/pgf/utilities/pgfkeys.code.tex))
 (/usr/local/texlive/2022/texmf-dist/tex/latex/pgf/math/pgfmath.sty
(/usr/local/texlive/2022/texmf-dist/tex/generic/pgf/math/pgfmath.code.tex))
(/usr/local/texlive/2022/texmf-dist/tex/generic/pgf/utilities/pgffor.code.tex
Package: pgffor 2021/05/15 v3.1.9a (3.1.9a)

(/usr/local/texlive/2022/texmf-dist/tex/generic/pgf/math/pgfmath.code.tex)
\pgffor@iter=\dimen308
\pgffor@skip=\dimen309
\pgffor@stack=\toks47
\pgffor@toks=\toks48
))
(/usr/local/texlive/2022/texmf-dist/tex/generic/pgf/frontendlayer/tikz/tikz.cod
e.tex
Package: tikz 2021/05/15 v3.1.9a (3.1.9a)

(/usr/local/texlive/2022/texmf-dist/tex/generic/pgf/libraries/pgflibraryplothan
dlers.code.tex
File: pgflibraryplothandlers.code.tex 2021/05/15 v3.1.9a (3.1.9a)
\pgf@plot@mark@count=\count326
\pgfplotmarksize=\dimen310
)
\tikz@lastx=\dimen311
\tikz@lasty=\dimen312
\tikz@lastxsaved=\dimen313
\tikz@lastysaved=\dimen314
\tikz@lastmovetox=\dimen315
\tikz@lastmovetoy=\dimen316
\tikzleveldistance=\dimen317
\tikzsiblingdistance=\dimen318
\tikz@figbox=\box86
\tikz@figbox@bg=\box87
\tikz@tempbox=\box88
\tikz@tempbox@bg=\box89
\tikztreelevel=\count327
\tikznumberofchildren=\count328
\tikznumberofcurrentchild=\count329
\tikz@fig@count=\count330

(/usr/local/texlive/2022/texmf-dist/tex/generic/pgf/modules/pgfmodulematrix.cod
e.tex
File: pgfmodulematrix.code.tex 2021/05/15 v3.1.9a (3.1.9a)
\pgfmatrixcurrentrow=\count331
\pgfmatrixcurrentcolumn=\count332
\pgf@matrix@numberofcolumns=\count333
)
\tikz@expandcount=\count334

(/usr/local/texlive/2022/texmf-dist/tex/generic/pgf/frontendlayer/tikz/librarie
s/tikzlibrarytopaths.code.tex
File: tikzlibrarytopaths.code.tex 2021/05/15 v3.1.9a (3.1.9a)
)))
(/usr/local/texlive/2022/texmf-dist/tex/generic/pgf/frontendlayer/tikz/librarie
s/tikzlibrarypositioning.code.tex
File: tikzlibrarypositioning.code.tex 2021/05/15 v3.1.9a (3.1.9a)
)
(/usr/local/texlive/2022/texmf-dist/tex/generic/pgf/libraries/pgflibraryarrows.
meta.code.tex
File: pgflibraryarrows.meta.code.tex 2021/05/15 v3.1.9a (3.1.9a)
\pgfarrowinset=\dimen319
\pgfarrowlength=\dimen320
\pgfarrowwidth=\dimen321
\pgfarrowlinewidth=\dimen322
)
(/usr/local/texlive/2022/texmf-dist/tex/generic/pgf/frontendlayer/tikz/librarie
s/tikzlibraryintersections.code.tex
(/usr/local/texlive/2022/texmf-dist/tex/generic/pgf/libraries/pgflibraryinterse
ctions.code.tex
(/usr/local/texlive/2022/texmf-dist/tex/generic/pgf/libraries/pgflibraryfpu.cod
e.tex)
\pgf@intersect@solutions=\count335
))
(/usr/local/texlive/2022/texmf-dist/tex/generic/pgf/frontendlayer/tikz/librarie
s/tikzlibrarycalc.code.tex
File: tikzlibrarycalc.code.tex 2021/05/15 v3.1.9a (3.1.9a)
)
(/usr/local/texlive/2022/texmf-dist/tex/generic/pgf/frontendlayer/tikz/librarie
s/tikzlibraryshapes.code.tex
File: tikzlibraryshapes.code.tex 2021/05/15 v3.1.9a (3.1.9a)

(/usr/local/texlive/2022/texmf-dist/tex/generic/pgf/frontendlayer/tikz/librarie
s/tikzlibraryshapes.geometric.code.tex
File: tikzlibraryshapes.geometric.code.tex 2021/05/15 v3.1.9a (3.1.9a)

(/usr/local/texlive/2022/texmf-dist/tex/generic/pgf/libraries/shapes/pgflibrary
shapes.geometric.code.tex
File: pgflibraryshapes.geometric.code.tex 2021/05/15 v3.1.9a (3.1.9a)
))
(/usr/local/texlive/2022/texmf-dist/tex/generic/pgf/frontendlayer/tikz/librarie
s/tikzlibraryshapes.misc.code.tex
File: tikzlibraryshapes.misc.code.tex 2021/05/15 v3.1.9a (3.1.9a)

(/usr/local/texlive/2022/texmf-dist/tex/generic/pgf/libraries/shapes/pgflibrary
shapes.misc.code.tex
File: pgflibraryshapes.misc.code.tex 2021/05/15 v3.1.9a (3.1.9a)
))
(/usr/local/texlive/2022/texmf-dist/tex/generic/pgf/frontendlayer/tikz/librarie
s/tikzlibraryshapes.symbols.code.tex
File: tikzlibraryshapes.symbols.code.tex 2021/05/15 v3.1.9a (3.1.9a)

(/usr/local/texlive/2022/texmf-dist/tex/generic/pgf/libraries/shapes/pgflibrary
shapes.symbols.code.tex
File: pgflibraryshapes.symbols.code.tex 2021/05/15 v3.1.9a (3.1.9a)
))
(/usr/local/texlive/2022/texmf-dist/tex/generic/pgf/frontendlayer/tikz/librarie
s/tikzlibraryshapes.arrows.code.tex
File: tikzlibraryshapes.arrows.code.tex 2021/05/15 v3.1.9a (3.1.9a)

(/usr/local/texlive/2022/texmf-dist/tex/generic/pgf/libraries/shapes/pgflibrary
shapes.arrows.code.tex
File: pgflibraryshapes.arrows.code.tex 2021/05/15 v3.1.9a (3.1.9a)
))
(/usr/local/texlive/2022/texmf-dist/tex/generic/pgf/frontendlayer/tikz/librarie
s/tikzlibraryshapes.callouts.code.tex
(/usr/local/texlive/2022/texmf-dist/tex/generic/pgf/libraries/shapes/pgflibrary
shapes.callouts.code.tex))
(/usr/local/texlive/2022/texmf-dist/tex/generic/pgf/frontendlayer/tikz/librarie
s/tikzlibraryshapes.multipart.code.tex
File: tikzlibraryshapes.multipart.code.tex 2021/05/15 v3.1.9a (3.1.9a)

(/usr/local/texlive/2022/texmf-dist/tex/generic/pgf/libraries/shapes/pgflibrary
shapes.multipart.code.tex
File: pgflibraryshapes.multipart.code.tex 2021/05/15 v3.1.9a (3.1.9a)
\pgfnodepartlowerbox=\box90
\pgfnodeparttwobox=\box91
\pgfnodepartthreebox=\box92
\pgfnodepartfourbox=\box93
\pgfnodeparttwentybox=\box94
\pgfnodepartnineteenbox=\box95
\pgfnodeparteighteenbox=\box96
\pgfnodepartseventeenbox=\box97
\pgfnodepartsixteenbox=\box98
\pgfnodepartfifteenbox=\box99
\pgfnodepartfourteenbox=\box100
\pgfnodepartthirteenbox=\box101
\pgfnodeparttwelvebox=\box102
\pgfnodepartelevenbox=\box103
\pgfnodeparttenbox=\box104
\pgfnodepartninebox=\box105
\pgfnodeparteightbox=\box106
\pgfnodepartsevenbox=\box107
\pgfnodepartsixbox=\box108
\pgfnodepartfivebox=\box109
)))
(/usr/local/texlive/2022/texmf-dist/tex/generic/pgf/frontendlayer/tikz/librarie
s/tikzlibraryarrows.code.tex
File: tikzlibraryarrows.code.tex 2021/05/15 v3.1.9a (3.1.9a)

(/usr/local/texlive/2022/texmf-dist/tex/generic/pgf/libraries/pgflibraryarrows.
code.tex
File: pgflibraryarrows.code.tex 2021/05/15 v3.1.9a (3.1.9a)
\arrowsize=\dimen323
))
(/usr/local/texlive/2022/texmf-dist/tex/latex/tikz-3dplot/tikz-3dplot.sty
(/usr/local/texlive/2022/texmf-dist/tex/generic/pgf/frontendlayer/tikz/librarie
s/tikzlibrary3d.code.tex
File: tikzlibrary3d.code.tex 2021/05/15 v3.1.9a (3.1.9a)
))
(/usr/local/texlive/2022/texmf-dist/tex/luatex/luatexja/lltjext.sty
Package: lltjext 2021-04-20 v1.2k-ltj-13 Macros for vertical writing
\ltj@ext@dir=\count336
\@floatbox=\box110
\floatwidth=\dimen324
\floatheight=\dimen325
\floatruletick=\dimen326
\captionfloatsep=\dimen327
\captionwidth=\dimen328
\@captionbox=\box111
LaTeX Info: Redefining \parbox on input line 362.
\@picwd=\dimen329
\rensujiskip=\skip61
)
(/usr/local/texlive/2022/texmf-dist/tex/luatex/luatexja/addons/luatexja-fontspe
c.sty
Package: luatexja-fontspec 2020-09-14 fontspec support of LuaTeX-ja

(/usr/local/texlive/2022/texmf-dist/tex/latex/l3packages/l3keys2e/l3keys2e.sty
Package: l3keys2e 2022-06-22 LaTeX2e option processing using LaTeX3 keys
) (/usr/local/texlive/2022/texmf-dist/tex/latex/fontspec/fontspec.sty
(/usr/local/texlive/2022/texmf-dist/tex/latex/l3packages/xparse/xparse.sty
Package: xparse 2022-06-22 L3 Experimental document command parser
)
Package: fontspec 2022/01/15 v2.8a Font selection for XeLaTeX and LuaLaTeX
Lua module: fontspec 2022/01/15 2.8a Font selection for XeLaTeX and LuaLaTeX
(/usr/local/texlive/2022/texmf-dist/tex/latex/fontspec/fontspec-luatex.sty
Package: fontspec-luatex 2022/01/15 v2.8a Font selection for XeLaTeX and LuaLaT
eX
\l__fontspec_script_int=\count337
\l__fontspec_language_int=\count338
\l__fontspec_strnum_int=\count339
\l__fontspec_tmp_int=\count340
\l__fontspec_tmpa_int=\count341
\l__fontspec_tmpb_int=\count342
\l__fontspec_tmpc_int=\count343
\l__fontspec_em_int=\count344
\l__fontspec_emdef_int=\count345
\l__fontspec_strong_int=\count346
\l__fontspec_strongdef_int=\count347
\l__fontspec_tmpa_dim=\dimen330
\l__fontspec_tmpb_dim=\dimen331
\l__fontspec_tmpc_dim=\dimen332

(/usr/local/texlive/2022/texmf-dist/tex/latex/base/fontenc.sty
Package: fontenc 2021/04/29 v2.0v Standard LaTeX package
)
(/usr/local/texlive/2022/texmf-dist/tex/latex/fontspec/fontspec.cfg)(load cache:
 extra_lmroman10-bold.luc)
LaTeX Font Info:    Font shape `JT3/mc/b/n' in size <10> not available
(Font)              Font shape `JT3/gt/m/n' tried instead on input line 3901.
LaTeX Font Info:    Font shape `JT3/gt/m/n' will be
(Font)              scaled to size 9.24713pt on input line 3901.
LaTeX Font Info:    Font shape `JY3/mc/b/n' in size <10> not available
(Font)              Font shape `JY3/gt/m/n' tried instead on input line 3901.
LaTeX Font Info:    Font shape `JY3/gt/m/n' will be
(Font)              scaled to size 9.24713pt on input line 3901.
(load cache: extra_haranoajigothic-medium.luc)))
(/usr/local/texlive/2022/texmf-dist/tex/luatex/luatexja/patches/lltjp-fontspec.
sty)
(/usr/local/texlive/2022/texmf-dist/tex/luatex/luatexja/addons/luatexja-fontspe
c-27c.sty
Package: luatexja-fontspec-27c 2020-04-04 fontspec support of LuaTeX-ja
\g__ltj_fontspec_altnumber_int=\count348
))
luaotfload | cache : Lookup cache loaded from /Users/hermite/Library/texlive/202
2/texmf-var/luatex-cache/generic/names/luaotfload-lookup-cache.luc.(load cache: 
extra_biz-udmincho-medium.luc)

Package fontspec Info: Font family 'BIZUDMinchoMedium(0)' created for font
(fontspec)             'BIZ UDMincho Medium' with options
(fontspec)             [YokoFeatures={JFM=ujis},TateFeatures={JFM=ujisv},Scale=
0.924715,Kerning=Off,Script=CJK,BoldFont={},ItalicFont={},SmallCapsFont={},Yoko
Features={JFM=ujis}].
(fontspec)              
(fontspec)              This font family consists of the following NFSS
(fontspec)             series/shapes:
(fontspec)              

(load cache: extra_biz-udpmincho-medium.luc)(load cache: extra_biz-udpgothic-bol
d.luc)

Package fontspec Info: Font family 'BIZUDPMinchoMedium(0)' created for font
(fontspec)             'BIZ UDPMincho Medium' with options
(fontspec)             [YokoFeatures={JFM=ujis},TateFeatures={JFM=ujisv},Scale=
0.924715,Kerning=Off,Script=CJK,Ligatures={Common,TeX},ItalicFont={BIZ
(fontspec)             UDPMincho
(fontspec)             Medium},ItalicFeatures={FakeSlant=0.27},SlantedFont={BIZ

(fontspec)             UDPMincho
(fontspec)             Medium},SlantedFeatures={FakeSlant=0.18},BoldFont={BIZ
(fontspec)             UDPGothic Bold},BoldSlantedFont={BIZ UDPGothic
(fontspec)             Bold},BoldSlantedFeatures={FakeSlant=0.18},BoldItalicFon
t={BIZ
(fontspec)             UDPGothic
(fontspec)             Bold},BoldItalicFeatures={FakeSlant=0.27},YokoFeatures={
JFM=prop}].
(fontspec)              
(fontspec)              This font family consists of the following NFSS
(fontspec)             series/shapes:
(fontspec)              

LaTeX Font Info:    Redeclaring symbol font `mincho' on input line 40.
LaTeX Font Info:    Overwriting symbol font `mincho' in version `normal'
(Font)                  JY3/mc/m/n --> JY3/BIZUDPMinchoMedium(0)/m/n on input l
ine 40.
LaTeX Font Info:    Overwriting symbol font `mincho' in version `bold'
(Font)                  JY3/gt/m/n --> JY3/BIZUDPMinchoMedium(0)/m/n on input l
ine 40.
LaTeX Font Info:    Overwriting symbol font `mincho' in version `bold'
(Font)                  JY3/BIZUDPMinchoMedium(0)/m/n --> JY3/BIZUDPMinchoMediu
m(0)/b/n on input line 40.
LaTeX Font Info:    Font shape `JT3/BIZUDPMinchoMedium(0)/m/n' will be
(Font)              scaled to size 9.24713pt on input line 40.
LaTeX Font Info:    Font shape `JY3/BIZUDPMinchoMedium(0)/m/n' will be
(Font)              scaled to size 9.24713pt on input line 40.

(/usr/local/texlive/2022/texmf-dist/tex/luatex/luatexja/jfm-prop.lua)
(/usr/local/texlive/2022/texmf-dist/tex/latex/colortbl/colortbl.sty
Package: colortbl 2022/06/20 v1.0f Color table columns (DPC)

(/usr/local/texlive/2022/texmf-dist/tex/latex/tools/array.sty
Package: array 2022/03/10 v2.5f Tabular extension package (FMi)
\col@sep=\dimen333
\ar@mcellbox=\box112
\extrarowheight=\dimen334
\NC@list=\toks49
\extratabsurround=\skip62
\backup@length=\skip63
\ar@cellbox=\box113
)
\everycr=\toks50
\minrowclearance=\skip64
\rownum=\count349
)
(/usr/local/texlive/2022/texmf-dist/tex/latex/listingsutf8/listingsutf8.sty
Package: listingsutf8 2019-12-10 v1.5 Allow UTF-8 in listings input (HO)

(/usr/local/texlive/2022/texmf-dist/tex/latex/listings/listings.sty
\lst@mode=\count350
\lst@gtempboxa=\box114
\lst@token=\toks51
\lst@length=\count351
\lst@currlwidth=\dimen335
\lst@column=\count352
\lst@pos=\count353
\lst@lostspace=\dimen336
\lst@width=\dimen337
\lst@newlines=\count354
\lst@lineno=\count355
\lst@maxwidth=\dimen338

(/usr/local/texlive/2022/texmf-dist/tex/latex/listings/lstmisc.sty
File: lstmisc.sty 2020/03/24 1.8d (Carsten Heinz)
\c@lstnumber=\count356
\lst@skipnumbers=\count357
\lst@framebox=\box115
)
(/usr/local/texlive/2022/texmf-dist/tex/latex/listings/listings.cfg
File: listings.cfg 2020/03/24 1.8d listings configuration
))
Package: listings 2020/03/24 1.8d (Carsten Heinz)

(/usr/local/texlive/2022/texmf-dist/tex/luatex/luatexja/patches/lltjp-listings.
sty
(/usr/local/texlive/2022/texmf-dist/tex/luatex/luatexbase/luatexbase-cctb.sty
Package: luatexbase-cctb 2015/10/04 v1.3 luatexbase interface to LuaTeX (legacy
 subpackage) 
)
\ltj@lst@japanese@min=\count358
\CatcodeTableLTJlistings=\catcodetable15
\ltj@lst@frame@lslimit=\dimen339

(/usr/local/texlive/2022/texmf-dist/tex/latex/listings/lstmisc.sty
File: lstmisc.sty 2020/03/24 1.8d (Carsten Heinz)
\lst@WFtoken=\toks52
\lst@WF=\write5
))
(/usr/local/texlive/2022/texmf-dist/tex/generic/stringenc/stringenc.sty
Package: stringenc 2019/11/29 v1.12 Convert strings between diff. encodings (HO
)

(/usr/local/texlive/2022/texmf-dist/tex/generic/pdfescape/pdfescape.sty
Package: pdfescape 2019/12/09 v1.15 Implements pdfTeX's escape features (HO)
)))
(/usr/local/texlive/2022/texmf-dist/tex/latex/hyperref/hyperref.sty
Package: hyperref 2022-06-20 v7.00s Hypertext links for LaTeX

(/usr/local/texlive/2022/texmf-dist/tex/generic/kvsetkeys/kvsetkeys.sty
Package: kvsetkeys 2019/12/15 v1.18 Key value parser (HO)
)
(/usr/local/texlive/2022/texmf-dist/tex/generic/kvdefinekeys/kvdefinekeys.sty
Package: kvdefinekeys 2019-12-19 v1.6 Define keys (HO)
)
(/usr/local/texlive/2022/texmf-dist/tex/latex/hycolor/hycolor.sty
Package: hycolor 2020-01-27 v1.10 Color options for hyperref/bookmark (HO)
)
(/usr/local/texlive/2022/texmf-dist/tex/latex/letltxmacro/letltxmacro.sty
Package: letltxmacro 2019/12/03 v1.6 Let assignment for LaTeX macros (HO)
)
(/usr/local/texlive/2022/texmf-dist/tex/latex/auxhook/auxhook.sty
Package: auxhook 2019-12-17 v1.6 Hooks for auxiliary files (HO)
)
(/usr/local/texlive/2022/texmf-dist/tex/latex/hyperref/nameref.sty
Package: nameref 2022-05-17 v2.50 Cross-referencing by name of section

(/usr/local/texlive/2022/texmf-dist/tex/latex/refcount/refcount.sty
Package: refcount 2019/12/15 v3.6 Data extraction from label references (HO)
)
(/usr/local/texlive/2022/texmf-dist/tex/generic/gettitlestring/gettitlestring.s
ty
Package: gettitlestring 2019/12/15 v1.6 Cleanup title references (HO)
 (/usr/local/texlive/2022/texmf-dist/tex/latex/kvoptions/kvoptions.sty
Package: kvoptions 2022-06-15 v3.15 Key value format for package options (HO)
))
\c@section@level=\count359
)
\@linkdim=\dimen340
\Hy@linkcounter=\count360
\Hy@pagecounter=\count361

(/usr/local/texlive/2022/texmf-dist/tex/latex/hyperref/pd1enc.def
File: pd1enc.def 2022-06-20 v7.00s Hyperref: PDFDocEncoding definition (HO)
)
(/usr/local/texlive/2022/texmf-dist/tex/generic/intcalc/intcalc.sty
Package: intcalc 2019/12/15 v1.3 Expandable calculations with integers (HO)
)
(/usr/local/texlive/2022/texmf-dist/tex/generic/etexcmds/etexcmds.sty
Package: etexcmds 2019/12/15 v1.7 Avoid name clashes with e-TeX commands (HO)
)
\Hy@SavedSpaceFactor=\count362

(/usr/local/texlive/2022/texmf-dist/tex/latex/hyperref/puenc.def
File: puenc.def 2022-06-20 v7.00s Hyperref: PDF Unicode definition (HO)
)
Package hyperref Info: Hyper figures OFF on input line 4162.
Package hyperref Info: Link nesting OFF on input line 4167.
Package hyperref Info: Hyper index ON on input line 4170.
Package hyperref Info: Plain pages OFF on input line 4177.
Package hyperref Info: Backreferencing OFF on input line 4182.
Package hyperref Info: Implicit mode ON; LaTeX internals redefined.
Package hyperref Info: Bookmarks ON on input line 4408.
\c@Hy@tempcnt=\count363
LaTeX Info: Redefining \url on input line 4746.
\XeTeXLinkMargin=\dimen341

(/usr/local/texlive/2022/texmf-dist/tex/generic/bitset/bitset.sty
Package: bitset 2019/12/09 v1.3 Handle bit-vector datatype (HO)

(/usr/local/texlive/2022/texmf-dist/tex/generic/bigintcalc/bigintcalc.sty
Package: bigintcalc 2019/12/15 v1.5 Expandable calculations on big integers (HO
)
))
\Fld@menulength=\count364
\Field@Width=\dimen342
\Fld@charsize=\dimen343
Package hyperref Info: Hyper figures OFF on input line 6024.
Package hyperref Info: Link nesting OFF on input line 6029.
Package hyperref Info: Hyper index ON on input line 6032.
Package hyperref Info: backreferencing OFF on input line 6039.
Package hyperref Info: Link coloring OFF on input line 6044.
Package hyperref Info: Link coloring with OCG OFF on input line 6049.
Package hyperref Info: PDF/A mode OFF on input line 6054.
\Hy@abspage=\count365
\c@Item=\count366
\c@Hfootnote=\count367
)
Package hyperref Info: Driver (autodetected): hluatex.

(/usr/local/texlive/2022/texmf-dist/tex/latex/hyperref/hluatex.def
File: hluatex.def 2022-06-20 v7.00s Hyperref driver for luaTeX

(/usr/local/texlive/2022/texmf-dist/tex/latex/base/atveryend-ltx.sty
Package: atveryend-ltx 2020/08/19 v1.0a Emulation of the original atveryend pac
kage
with kernel methods
)
\Fld@listcount=\count368
\c@bookmark@seq@number=\count369

(/usr/local/texlive/2022/texmf-dist/tex/latex/rerunfilecheck/rerunfilecheck.sty
Package: rerunfilecheck 2022-07-10 v1.10 Rerun checks for auxiliary files (HO)

(/usr/local/texlive/2022/texmf-dist/tex/generic/uniquecounter/uniquecounter.sty
Package: uniquecounter 2019/12/15 v1.4 Provide unlimited unique counter (HO)
)
Package uniquecounter Info: New unique counter `rerunfilecheck' on input line 2
85.
)
\Hy@SectionHShift=\skip65
)
Package hyperref Info: Option `setpagesize' set `false' on input line 75.
Package hyperref Info: Option `bookmarksnumbered' set `true' on input line 75.
Package hyperref Info: Option `bookmarksopen' set `true' on input line 75.
Package hyperref Info: Option `colorlinks' set `true' on input line 75.
 (/usr/local/texlive/2022/texmf-dist/tex/latex/tcolorbox/tcolorbox.sty
Package: tcolorbox 2022/06/24 version 5.1.1 text color boxes

(/usr/local/texlive/2022/texmf-dist/tex/latex/tools/verbatim.sty
Package: verbatim 2020-07-07 v1.5u LaTeX2e package for verbatim enhancements
\every@verbatim=\toks53
\verbatim@line=\toks54
\verbatim@in@stream=\read4
)
(/usr/local/texlive/2022/texmf-dist/tex/latex/environ/environ.sty
Package: environ 2014/05/04 v0.3 A new way to define environments

(/usr/local/texlive/2022/texmf-dist/tex/latex/trimspaces/trimspaces.sty
Package: trimspaces 2009/09/17 v1.1 Trim spaces around a token list
))
\tcb@titlebox=\box116
\tcb@upperbox=\box117
\tcb@lowerbox=\box118
\tcb@phantombox=\box119
\c@tcbbreakpart=\count370
\c@tcblayer=\count371
\c@tcolorbox@number=\count372
\tcb@temp=\box120
\tcb@temp=\box121
\tcb@temp=\box122
\tcb@temp=\box123
)
(/usr/local/texlive/2022/texmf-dist/tex/latex/tcolorbox/tcbbreakable.code.tex
Library (tcolorbox): 'tcbbreakable.code.tex' version '5.1.1'
(/usr/local/texlive/2022/texmf-dist/tex/generic/oberdiek/pdfcol.sty
Package: pdfcol 2019/12/29 v1.6 Handle new color stacks for pdfTeX (HO)
)
Package pdfcol Info: New color stack `tcb@breakable' = 1 on input line 23.
\tcb@testbox=\box124
\tcb@totalupperbox=\box125
\tcb@totallowerbox=\box126
)
(/usr/local/texlive/2022/texmf-dist/tex/latex/tcolorbox/tcbskins.code.tex
Library (tcolorbox): 'tcbskins.code.tex' version '5.1.1'
\tcb@waterbox=\box127

(/usr/local/texlive/2022/texmf-dist/tex/latex/tcolorbox/tcbskinsjigsaw.code.tex
Library (tcolorbox): 'tcbskinsjigsaw.code.tex' version '5.1.1'
)) (/usr/local/texlive/2022/texmf-dist/tex/latex/tcolorbox/tcbtheorems.code.tex
Library (tcolorbox): 'tcbtheorems.code.tex' version '5.1.1'
)
\c@tcb@cnt@Rscreen=\count373
\c@tcb@cnt@SCrstan=\count374
\c@tcb@cnt@SCcmd=\count375
\c@tcb@cnt@reidai=\count376
\c@tcb@cnt@hinto=\count377
 (/usr/local/texlive/2022/texmf-dist/tex/latex/capt-of/capt-of.sty
Package: capt-of 2009/12/29 v0.2 standard captions outside of floats
)
\c@tcb@cnt@FAQ=\count378

(/usr/local/texlive/2022/texmf-dist/tex/latex/base/makeidx.sty
Package: makeidx 2021/10/04 v1.0m Standard LaTeX package
)
\@indexfile=\write6

\openout6 = tmp.idx

Writing index file tmp.idx
(/usr/local/texlive/2022/texmf-dist/tex/latex/fancyhdr/fancyhdr.sty
Package: fancyhdr 2022/05/18 v4.0.3 Extensive control of page headers and foote
rs
\f@nch@headwidth=\skip66
\f@nch@O@elh=\skip67
\f@nch@O@erh=\skip68
\f@nch@O@olh=\skip69
\f@nch@O@orh=\skip70
\f@nch@O@elf=\skip71
\f@nch@O@erf=\skip72
\f@nch@O@olf=\skip73
\f@nch@O@orf=\skip74
)
(/usr/local/texlive/2022/texmf-dist/tex/latex/nicematrix/nicematrix.sty
Package: nicematrix 2022/07/28 v6.12 Enhanced arrays with the help of PGF/TikZ
\g__nicematrix_env_int=\count379
\g__nicematrix_NiceMatrixBlock_int=\count380
\l__nicematrix_note_in_caption_int=\count381
\l__nicematrix_columns_width_dim=\dimen344
\l__nicematrix_col_width_dim=\dimen345
\g__nicematrix_row_total_int=\count382
\g__nicematrix_col_total_int=\count383
\g__nicematrix_last_row_node_int=\count384
\l__nicematrix_key_nb_rows_int=\count385
\g__nicematrix_blocks_wd_dim=\dimen346
\g__nicematrix_blocks_ht_dim=\dimen347
\g__nicematrix_blocks_dp_dim=\dimen348
\l__nicematrix_width_dim=\dimen349
\l__nicematrix_tabular_width_dim=\dimen350
\l__nicematrix_rule_width_dim=\dimen351
\l__nicematrix_old_iRow_int=\count386
\l__nicematrix_old_jCol_int=\count387
\g__nicematrix_total_X_weight_int=\count388
\l__nicematrix_X_columns_dim=\dimen352
\l__nicematrix_x_initial_dim=\dimen353
\l__nicematrix_y_initial_dim=\dimen354
\l__nicematrix_x_final_dim=\dimen355
\l__nicematrix_y_final_dim=\dimen356
\l__nicematrix_tmpc_dim=\dimen357
\l__nicematrix_tmpd_dim=\dimen358
\g__nicematrix_width_last_col_dim=\dimen359
\g__nicematrix_width_first_col_dim=\dimen360
\l__nicematrix_row_min_int=\count389
\l__nicematrix_row_max_int=\count390
\l__nicematrix_col_min_int=\count391
\l__nicematrix_col_max_int=\count392
\g__nicematrix_static_num_of_col_int=\count393
\l__nicematrix_rounded_corners_dim=\dimen361
\l__nicematrix_line_width_dim=\dimen362
\g__nicematrix_block_box_int=\count394
\l__nicematrix_submatrix_extra_height_dim=\dimen363
\l__nicematrix_submatrix_left_xshift_dim=\dimen364
\l__nicematrix_submatrix_right_xshift_dim=\dimen365
\l__nicematrix_first_row_int=\count395
\l__nicematrix_first_col_int=\count396
\l__nicematrix_last_row_int=\count397
\l__nicematrix_last_col_int=\count398
\c@tabularnote=\count399
\c@nicematrix_draft=\count400
\l__nicematrix_cell_space_top_limit_dim=\dimen366
\l__nicematrix_cell_space_bottom_limit_dim=\dimen367
\l__nicematrix_xdots_inter_dim=\dimen368
\l__nicematrix_xdots_shorten_start_dim=\dimen369
\l__nicematrix_xdots_shorten_end_dim=\dimen370
\l__nicematrix_xdots_radius_dim=\dimen371
\l__nicematrix_notes_above_space_dim=\dimen372
\l__nicematrix_left_margin_dim=\dimen373
\l__nicematrix_right_margin_dim=\dimen374
\l__nicematrix_extra_left_margin_dim=\dimen375
\l__nicematrix_extra_right_margin_dim=\dimen376
\c__nicematrix_max_l_dim=\dimen377
\l__nicematrix_position_int=\count401
\l__nicematrix_start_int=\count402
\l__nicematrix_multiplicity_int=\count403
\l__nicematrix_brace_yshift_dim=\dimen378
))
(/usr/local/texlive/2022/texmf-dist/tex/latex/docmute/docmute.sty
Package: docmute 2012/03/22 v1.4 Input stand-alone documents
)
(/usr/local/texlive/2022/texmf-dist/tex/luatex/luatexja/patches/lltjp-array.sty
Package: lltjp-array 2019-07-18 Patch to array for LuaTeX-ja
) (./tmp.aux (./L01_Basic.aux) (./L02_Data.aux) (./L03_Equation.aux)
(./L04_Space.aux) (./L05_Basis.aux) (./L06_DataSpace.aux) (./L07_Eigen.aux)
(./L08_FA.aux) (./L09_SEM.aux) (./L10_ASO.aux) (./LA01_Rcode.aux))
\openout1 = tmp.aux

LaTeX Font Info:    Checking defaults for OML/cmm/m/it on input line 7.
LaTeX Font Info:    ... okay on input line 7.
LaTeX Font Info:    Checking defaults for OMS/cmsy/m/n on input line 7.
LaTeX Font Info:    ... okay on input line 7.
LaTeX Font Info:    Checking defaults for OT1/cmr/m/n on input line 7.
LaTeX Font Info:    ... okay on input line 7.
LaTeX Font Info:    Checking defaults for T1/cmr/m/n on input line 7.
LaTeX Font Info:    ... okay on input line 7.
LaTeX Font Info:    Checking defaults for TS1/cmr/m/n on input line 7.
LaTeX Font Info:    Trying loading font information for TS1+cmr on input line 7
.

(/usr/local/texlive/2022/texmf-dist/tex/latex/base/ts1cmr.fd
File: ts1cmr.fd 2019/12/16 v2.5j Standard LaTeX font definitions
)
LaTeX Font Info:    ... okay on input line 7.
LaTeX Font Info:    Checking defaults for TU/lmr/m/n on input line 7.
LaTeX Font Info:    ... okay on input line 7.
LaTeX Font Info:    Checking defaults for OMX/cmex/m/n on input line 7.
LaTeX Font Info:    ... okay on input line 7.
LaTeX Font Info:    Checking defaults for U/cmr/m/n on input line 7.
LaTeX Font Info:    ... okay on input line 7.
LaTeX Font Info:    Checking defaults for JY3/mc/m/n on input line 7.
LaTeX Font Info:    ... okay on input line 7.
LaTeX Font Info:    Checking defaults for JT3/mc/m/n on input line 7.
LaTeX Font Info:    ... okay on input line 7.
LaTeX Font Info:    Checking defaults for PD1/pdf/m/n on input line 7.
LaTeX Font Info:    ... okay on input line 7.
LaTeX Font Info:    Checking defaults for PU/pdf/m/n on input line 7.
LaTeX Font Info:    ... okay on input line 7.

*geometry* driver: auto-detecting
*geometry* detected driver: luatex
*geometry* verbose mode - [ preamble ] result:
* driver: luatex
* paper: <default>
* layout: <same size as paper>
* layoutoffset:(h,v)=(0.0pt,0.0pt)
* modes: includehead includefoot twoside heightrounded 
* h-part:(L,W,R)=(71.70166pt, 418.25368pt, 107.55254pt)
* v-part:(T,H,B)=(85.35826pt, 674.33032pt, 85.35826pt)
* \paperwidth=597.50787pt
* \paperheight=845.04684pt
* \textwidth=418.25368pt
* \textheight=636.76108pt
* \oddsidemargin=-0.56833pt
* \evensidemargin=35.28255pt
* \topmargin=13.08827pt
* \headheight=20.0pt
* \headsep=14.31049pt
* \topskip=12.76108pt
* \footskip=0.0pt
* \marginparwidth=120.2127pt
* \marginparsep=18.49426pt
* \columnsep=18.49426pt
* \skip\footins=16.0pt plus 5.0pt minus 2.0pt
* \hoffset=0.0pt
* \voffset=0.0pt
* \mag=1000
* \@twocolumnfalse
* \@twosidetrue
* \@mparswitchtrue
* \@reversemarginfalse
* (1in=72.27pt=25.4mm, 1cm=28.453pt)

(/usr/local/texlive/2022/texmf-dist/tex/context/base/mkii/supp-pdf.mkii
[Loading MPS to PDF converter (version 2006.09.02).]
\scratchcounter=\count404
\scratchdimen=\dimen379
\scratchbox=\box128
\nofMPsegments=\count405
\nofMParguments=\count406
\everyMPshowfont=\toks55
\MPscratchCnt=\count407
\MPscratchDim=\dimen380
\MPnumerator=\count408
\makeMPintoPDFobject=\count409
\everyMPtoPDFconversion=\toks56
) (/usr/local/texlive/2022/texmf-dist/tex/latex/epstopdf-pkg/epstopdf-base.sty
Package: epstopdf-base 2020-01-24 v2.11 Base part for package epstopdf
Package epstopdf-base Info: Redefining graphics rule for `.eps' on input line 4
85.

(/usr/local/texlive/2022/texmf-dist/tex/latex/latexconfig/epstopdf-sys.cfg
File: epstopdf-sys.cfg 2010/07/13 v1.3 Configuration of (r)epstopdf for TeX Liv
e
))
(/usr/local/texlive/2022/texmf-dist/tex/latex/pdflscape/pdflscape.sty
Package: pdflscape 2019/12/05 v0.12 Display of landscape pages in PDF (HO)
Package pdflscape Info: Auto-detected driver: pdftex on input line 81.
)

Package fontspec Info: Adjusting the maths setup (use [no-math] to avoid
(fontspec)             this).

\symlegacymaths=\mathgroup11
LaTeX Font Info:    Overwriting symbol font `legacymaths' in version `bold'
(Font)                  OT1/cmr/m/n --> OT1/cmr/bx/n on input line 7.
LaTeX Font Info:    Redeclaring math accent \acute on input line 7.
LaTeX Font Info:    Redeclaring math accent \grave on input line 7.
LaTeX Font Info:    Redeclaring math accent \ddot on input line 7.
LaTeX Font Info:    Redeclaring math accent \tilde on input line 7.
LaTeX Font Info:    Redeclaring math accent \bar on input line 7.
LaTeX Font Info:    Redeclaring math accent \breve on input line 7.
LaTeX Font Info:    Redeclaring math accent \check on input line 7.
LaTeX Font Info:    Redeclaring math accent \hat on input line 7.
LaTeX Font Info:    Redeclaring math accent \dot on input line 7.
LaTeX Font Info:    Redeclaring math accent \mathring on input line 7.
LaTeX Font Info:    Redeclaring math symbol \Gamma on input line 7.
LaTeX Font Info:    Redeclaring math symbol \Delta on input line 7.
LaTeX Font Info:    Redeclaring math symbol \Theta on input line 7.
LaTeX Font Info:    Redeclaring math symbol \Lambda on input line 7.
LaTeX Font Info:    Redeclaring math symbol \Xi on input line 7.
LaTeX Font Info:    Redeclaring math symbol \Pi on input line 7.
LaTeX Font Info:    Redeclaring math symbol \Sigma on input line 7.
LaTeX Font Info:    Redeclaring math symbol \Upsilon on input line 7.
LaTeX Font Info:    Redeclaring math symbol \Phi on input line 7.
LaTeX Font Info:    Redeclaring math symbol \Psi on input line 7.
LaTeX Font Info:    Redeclaring math symbol \Omega on input line 7.
LaTeX Font Info:    Redeclaring math symbol \mathdollar on input line 7.
LaTeX Font Info:    Redeclaring symbol font `operators' on input line 7.
LaTeX Font Info:    Encoding `OT1' has changed to `TU' for symbol font
(Font)              `operators' in the math version `normal' on input line 7.
LaTeX Font Info:    Overwriting symbol font `operators' in version `normal'
(Font)                  OT1/cmr/m/n --> TU/lmr/m/n on input line 7.
LaTeX Font Info:    Encoding `OT1' has changed to `TU' for symbol font
(Font)              `operators' in the math version `bold' on input line 7.
LaTeX Font Info:    Overwriting symbol font `operators' in version `bold'
(Font)                  OT1/cmr/bx/n --> TU/lmr/m/n on input line 7.
LaTeX Font Info:    Overwriting symbol font `operators' in version `normal'
(Font)                  TU/lmr/m/n --> TU/lmr/m/n on input line 7.
LaTeX Font Info:    Overwriting math alphabet `\mathit' in version `normal'
(Font)                  OT1/cmr/m/it --> TU/lmr/m/it on input line 7.
LaTeX Font Info:    Overwriting math alphabet `\mathbf' in version `normal'
(Font)                  OT1/cmr/bx/n --> TU/lmr/b/n on input line 7.
LaTeX Font Info:    Overwriting math alphabet `\mathsf' in version `normal'
(Font)                  OT1/cmss/m/n --> TU/lmss/m/n on input line 7.
LaTeX Font Info:    Overwriting math alphabet `\mathtt' in version `normal'
(Font)                  OT1/cmtt/m/n --> TU/lmtt/m/n on input line 7.
LaTeX Font Info:    Overwriting symbol font `operators' in version `bold'
(Font)                  TU/lmr/m/n --> TU/lmr/b/n on input line 7.
LaTeX Font Info:    Overwriting math alphabet `\mathit' in version `bold'
(Font)                  OT1/cmr/bx/it --> TU/lmr/b/it on input line 7.
LaTeX Font Info:    Overwriting math alphabet `\mathsf' in version `bold'
(Font)                  OT1/cmss/bx/n --> TU/lmss/b/n on input line 7.
LaTeX Font Info:    Overwriting math alphabet `\mathtt' in version `bold'
(Font)                  OT1/cmtt/m/n --> TU/lmtt/b/n on input line 7.
\c@lstlisting=\count410

(/usr/local/texlive/2022/texmf-dist/tex/latex/base/inputenc.sty
Package: inputenc 2021/02/14 v1.3d Input encoding file
\inpenc@prehook=\toks57
\inpenc@posthook=\toks58
)
Package hyperref Info: Link coloring ON on input line 7.
 (./tmp.out)
(./tmp.out)
\@outlinefile=\write7

\openout7 = tmp.out
\docmute@nestinglevel=\count411
<../images/cover4.png, id=216, 1061.46562pt x 1693.82813pt>
File: ../images/cover4.png Graphic file (type png)
<use ../images/cover4.png>
Package luatex.def Info: ../images/cover4.png  used on input line 8.
(luatex.def)             Requested size: 1061.46303pt x 1693.824pt.
File: ../images/cover4.png Graphic file (type png)
<use ../images/cover4.png>
Package luatex.def Info: ../images/cover4.png  used on input line 8.
(luatex.def)             Requested size: 1061.46303pt x 1693.824pt.
File: ../images/cover4.png Graphic file (type png)
<use ../images/cover4.png>
Package luatex.def Info: ../images/cover4.png  used on input line 8.
(luatex.def)             Requested size: 1061.46303pt x 1693.824pt.
File: ../images/cover4.png Graphic file (type png)
<use ../images/cover4.png>
Package luatex.def Info: ../images/cover4.png  used on input line 8.
(luatex.def)             Requested size: 529.8083pt x 845.4388pt.
File: ../images/cover4.png Graphic file (type png)
<use ../images/cover4.png>
Package luatex.def Info: ../images/cover4.png  used on input line 8.
(luatex.def)             Requested size: 529.8083pt x 845.4388pt.
File: ../images/cover4.png Graphic file (type png)
<use ../images/cover4.png>
Package luatex.def Info: ../images/cover4.png  used on input line 8.
(luatex.def)             Requested size: 529.8083pt x 845.4388pt.
File: ../images/cover4.png Graphic file (type png)
<use ../images/cover4.png>
Package luatex.def Info: ../images/cover4.png  used on input line 8.
(luatex.def)             Requested size: 529.8083pt x 845.4388pt.
 [1

<../images/cover4.png>] (../../common_contents/copyright.tex(load cache: extra_l
mmono10-regular.luc)
LaTeX Font Info:    Font shape `JT3/gt/m/n' will be
(Font)              scaled to size 9.24713pt on input line 13.
(load cache: extra_lmroman7-regular.luc)(load cache: extra_lmroman5-regular.luc)
LaTeX Font Info:    Font shape `JY3/BIZUDPMinchoMedium(0)/m/n' will be
(Font)              scaled to size 6.47299pt on input line 13.
LaTeX Font Info:    Font shape `JY3/BIZUDPMinchoMedium(0)/m/n' will be
(Font)              scaled to size 4.62357pt on input line 13.
LaTeX Font Info:    Font shape `JY3/gt/m/n' will be
(Font)              scaled to size 6.47299pt on input line 13.
LaTeX Font Info:    Font shape `JY3/gt/m/n' will be
(Font)              scaled to size 4.62357pt on input line 13.
LaTeX Font Info:    Trying loading font information for U+msa on input line 13.


(/usr/local/texlive/2022/texmf-dist/tex/latex/amsfonts/umsa.fd
File: umsa.fd 2013/01/14 v3.01 AMS symbols A
)
LaTeX Font Info:    Trying loading font information for U+msb on input line 13.


(/usr/local/texlive/2022/texmf-dist/tex/latex/amsfonts/umsb.fd
File: umsb.fd 2013/01/14 v3.01 AMS symbols B
)(load cache: extra_lmromanslant10-regular.luc)
LaTeX Font Info:    Font shape `JT3/BIZUDPMinchoMedium(0)/m/sl' will be
(Font)              scaled to size 9.24713pt on input line 24.
LaTeX Font Info:    Font shape `JY3/BIZUDPMinchoMedium(0)/m/sl' will be
(Font)              scaled to size 9.24713pt on input line 24.


Package fancyhdr Warning: \footskip is too small (0.0pt): 
(fancyhdr)                Make it at least 16.0pt, for example:
(fancyhdr)                \setlength{\footskip}{16.0pt}.

[2{/usr/local/texlive/2022/texmf-var/fonts/map/pdftex/updmap/pdftex.map}

])(load cache: extra_lmroman17-regular.luc)
LaTeX Font Info:    Font shape `JT3/BIZUDPMinchoMedium(0)/m/n' will be
(Font)              scaled to size 15.97903pt on input line 15.
LaTeX Font Info:    Font shape `JY3/BIZUDPMinchoMedium(0)/m/n' will be
(Font)              scaled to size 15.97903pt on input line 15.
(load cache: extra_lmroman12-regular.luc)
LaTeX Font Info:    Font shape `JT3/BIZUDPMinchoMedium(0)/m/n' will be
(Font)              scaled to size 11.09656pt on input line 15.
LaTeX Font Info:    Font shape `JY3/BIZUDPMinchoMedium(0)/m/n' will be
(Font)              scaled to size 11.09656pt on input line 15.
(load cache: extra_lmroman6-regular.luc)
LaTeX Font Info:    Font shape `JY3/BIZUDPMinchoMedium(0)/m/n' will be
(Font)              scaled to size 7.3977pt on input line 15.
LaTeX Font Info:    Font shape `JY3/BIZUDPMinchoMedium(0)/m/n' will be
(Font)              scaled to size 5.54828pt on input line 15.
LaTeX Font Info:    Font shape `JY3/gt/m/n' will be
(Font)              scaled to size 11.09656pt on input line 15.
LaTeX Font Info:    Font shape `JY3/gt/m/n' will be
(Font)              scaled to size 7.3977pt on input line 15.
LaTeX Font Info:    Font shape `JY3/gt/m/n' will be
(Font)              scaled to size 5.54828pt on input line 15.

warning  (pdf backend): ignoring duplicate destination with the name 'page.1'
[1

](load cache: extra_lmsans10-regular.luc)
warning  (pdf backend): ignoring duplicate destination with the name 'page.2'
[2

]
LaTeX Font Info:    Font shape `JT3/BIZUDPMinchoMedium(0)/m/n' will be
(Font)              scaled to size 23.00687pt on input line 20.
LaTeX Font Info:    Font shape `JY3/BIZUDPMinchoMedium(0)/m/n' will be
(Font)              scaled to size 23.00687pt on input line 20.
LaTeX Font Info:    Font shape `JT3/gt/m/n' will be
(Font)              scaled to size 23.00687pt on input line 20.
LaTeX Font Info:    Font shape `JY3/gt/m/n' will be
(Font)              scaled to size 23.00687pt on input line 20.
(load cache: extra_lmsans17-regular.luc) (./tmp.toc
LaTeX Font Info:    Font shape `JT3/gt/m/n' will be
(Font)              scaled to size 11.09656pt on input line 1.
(load cache: extra_lmsans12-regular.luc)
LaTeX Font Info:    Font shape `JT3/BIZUDPMinchoMedium(0)/b/n' will be
(Font)              scaled to size 9.24713pt on input line 91.
LaTeX Font Info:    Font shape `JY3/BIZUDPMinchoMedium(0)/b/n' will be
(Font)              scaled to size 9.24713pt on input line 91.
 [3])
\tf@toc=\write8

\openout8 = tmp.toc


Package fancyhdr Warning: \footskip is too small (0.0pt): 
(fancyhdr)                Make it at least 16.0pt, for example:
(fancyhdr)                \setlength{\footskip}{16.0pt}.

[4]
LaTeX Font Info:    Font shape `JT3/BIZUDPMinchoMedium(0)/m/n' will be
(Font)              scaled to size 19.17854pt on input line 21.
LaTeX Font Info:    Font shape `JY3/BIZUDPMinchoMedium(0)/m/n' will be
(Font)              scaled to size 19.17854pt on input line 21.
LaTeX Font Info:    Font shape `JT3/gt/m/n' will be
(Font)              scaled to size 19.17854pt on input line 21.
LaTeX Font Info:    Font shape `JY3/gt/m/n' will be
(Font)              scaled to size 19.17854pt on input line 21.
 [5

] [6]
\openout2 = L01_Basic.aux
 (./L01_Basic.tex
第1章
LaTeX Font Info:    Font shape `JT3/BIZUDPMinchoMedium(0)/m/n' will be
(Font)              scaled to size 13.31586pt on input line 8.
LaTeX Font Info:    Font shape `JY3/BIZUDPMinchoMedium(0)/m/n' will be
(Font)              scaled to size 13.31586pt on input line 8.
LaTeX Font Info:    Font shape `JT3/gt/m/n' will be
(Font)              scaled to size 13.31586pt on input line 8.
LaTeX Font Info:    Font shape `JY3/gt/m/n' will be
(Font)              scaled to size 13.31586pt on input line 8.
LaTeX Font Info:    Font shape `JT3/BIZUDPMinchoMedium(0)/m/n' will be
(Font)              scaled to size 6.47299pt on input line 13.
LaTeX Font Info:    Font shape `JT3/BIZUDPMinchoMedium(0)/m/n' will be
(Font)              scaled to size 7.3977pt on input line 13.
LaTeX Font Info:    Font shape `JT3/BIZUDPMinchoMedium(0)/m/n' will be
(Font)              scaled to size 5.54828pt on input line 13.
(load cache: extra_lmroman8-bold.luc)
LaTeX Font Info:    Font shape `JT3/BIZUDPMinchoMedium(0)/b/n' will be
(Font)              scaled to size 7.3977pt on input line 13.
LaTeX Font Info:    Font shape `JY3/BIZUDPMinchoMedium(0)/b/n' will be
(Font)              scaled to size 7.3977pt on input line 13.
[7


](load cache: extra_lmmono8-regular.luc)
LaTeX Font Info:    Font shape `JT3/gt/m/n' will be
(Font)              scaled to size 7.3977pt on input line 29.


Package fancyhdr Warning: \footskip is too small (0.0pt): 
(fancyhdr)                Make it at least 16.0pt, for example:
(fancyhdr)                \setlength{\footskip}{16.0pt}.

[8]
<../images/LA01/RowColumn.png, id=351, 3206.98125pt x 1468.48625pt>
File: ../images/LA01/RowColumn.png Graphic file (type png)
<use ../images/LA01/RowColumn.png>
Package luatex.def Info: ../images/LA01/RowColumn.png  used on input line 74.
(luatex.def)             Requested size: 209.12683pt x 95.74625pt.
(load cache: extra_lmroman9-regular.luc)
LaTeX Font Info:    Font shape `JT3/BIZUDPMinchoMedium(0)/m/n' will be
(Font)              scaled to size 8.32242pt on input line 75.
LaTeX Font Info:    Font shape `JY3/BIZUDPMinchoMedium(0)/m/n' will be
(Font)              scaled to size 8.32242pt on input line 75.


LaTeX Warning: `h' float specifier changed to `ht'.

LaTeX Font Info:    Font shape `JT3/BIZUDPMinchoMedium(0)/m/n' will be
(Font)              scaled to size 4.62357pt on input line 80.

Package fancyhdr Warning: \footskip is too small (0.0pt): 
(fancyhdr)                Make it at least 16.0pt, for example:
(fancyhdr)                \setlength{\footskip}{16.0pt}.

[9]

Package fancyhdr Warning: \footskip is too small (0.0pt): 
(fancyhdr)                Make it at least 16.0pt, for example:
(fancyhdr)                \setlength{\footskip}{16.0pt}.

[10<../images/LA01/RowColumn.png>]

Package fancyhdr Warning: \footskip is too small (0.0pt): 
(fancyhdr)                Make it at least 16.0pt, for example:
(fancyhdr)                \setlength{\footskip}{16.0pt}.

[11]

Package fancyhdr Warning: \footskip is too small (0.0pt): 
(fancyhdr)                Make it at least 16.0pt, for example:
(fancyhdr)                \setlength{\footskip}{16.0pt}.

[12](load cache: extra_lmsans10-bold.luc)
LaTeX Font Info:    Font shape `JT3/gt/b/n' in size <10> not available
(Font)              Font shape `JT3/gt/m/n' tried instead on input line 400.
LaTeX Font Info:    Font shape `JT3/gt/m/n' will be
(Font)              scaled to size 9.24713pt on input line 400.
LaTeX Font Info:    Font shape `JY3/gt/b/n' in size <10> not available
(Font)              Font shape `JY3/gt/m/n' tried instead on input line 400.
LaTeX Font Info:    Font shape `JY3/gt/m/n' will be
(Font)              scaled to size 9.24713pt on input line 400.


Package fancyhdr Warning: \footskip is too small (0.0pt): 
(fancyhdr)                Make it at least 16.0pt, for example:
(fancyhdr)                \setlength{\footskip}{16.0pt}.

[13]
Overfull \hbox (6.41805pt too wide) detected at line 444
[] [] \OT1/cmr/m/n/10 = []
 []


Package fancyhdr Warning: \footskip is too small (0.0pt): 
(fancyhdr)                Make it at least 16.0pt, for example:
(fancyhdr)                \setlength{\footskip}{16.0pt}.

[14]

Package fancyhdr Warning: \footskip is too small (0.0pt): 
(fancyhdr)                Make it at least 16.0pt, for example:
(fancyhdr)                \setlength{\footskip}{16.0pt}.

[15]

LaTeX Warning: `h' float specifier changed to `ht'.


Package fancyhdr Warning: \footskip is too small (0.0pt): 
(fancyhdr)                Make it at least 16.0pt, for example:
(fancyhdr)                \setlength{\footskip}{16.0pt}.

[16]

Package fancyhdr Warning: \footskip is too small (0.0pt): 
(fancyhdr)                Make it at least 16.0pt, for example:
(fancyhdr)                \setlength{\footskip}{16.0pt}.

[17]

Package fancyhdr Warning: \footskip is too small (0.0pt): 
(fancyhdr)                Make it at least 16.0pt, for example:
(fancyhdr)                \setlength{\footskip}{16.0pt}.

[18]
LaTeX Font Info:    Font shape `JT3/BIZUDPMinchoMedium(0)/m/n' will be
(Font)              scaled to size 3.69885pt on input line 834.
LaTeX Font Info:    Font shape `JY3/BIZUDPMinchoMedium(0)/m/n' will be
(Font)              scaled to size 3.69885pt on input line 834.


Package fancyhdr Warning: \footskip is too small (0.0pt): 
(fancyhdr)                Make it at least 16.0pt, for example:
(fancyhdr)                \setlength{\footskip}{16.0pt}.

[19](load cache: extra_lmroman10-italic.luc)
LaTeX Font Info:    Font shape `JT3/BIZUDPMinchoMedium(0)/m/it' will be
(Font)              scaled to size 9.24713pt on input line 900.
LaTeX Font Info:    Font shape `JY3/BIZUDPMinchoMedium(0)/m/it' will be
(Font)              scaled to size 9.24713pt on input line 900.


Package fancyhdr Warning: \footskip is too small (0.0pt): 
(fancyhdr)                Make it at least 16.0pt, for example:
(fancyhdr)                \setlength{\footskip}{16.0pt}.

[20])

Package fancyhdr Warning: \footskip is too small (0.0pt): 
(fancyhdr)                Make it at least 16.0pt, for example:
(fancyhdr)                \setlength{\footskip}{16.0pt}.

[21]

Package fancyhdr Warning: \footskip is too small (0.0pt): 
(fancyhdr)                Make it at least 16.0pt, for example:
(fancyhdr)                \setlength{\footskip}{16.0pt}.

[22]
\openout2 = L02_Data.aux
 (./L02_Data.tex
第2章
[23




]

Package fancyhdr Warning: \footskip is too small (0.0pt): 
(fancyhdr)                Make it at least 16.0pt, for example:
(fancyhdr)                \setlength{\footskip}{16.0pt}.

[24](load cache: extra_lmromandemi10-regular.luc)
LaTeX Font Info:    Font shape `JY3/BIZUDPMinchoMedium(0)/b/n' will be
(Font)              scaled to size 6.47299pt on input line 86.
LaTeX Font Info:    Font shape `JY3/BIZUDPMinchoMedium(0)/b/n' will be
(Font)              scaled to size 4.62357pt on input line 86.


LaTeX Warning: `h' float specifier changed to `ht'.


Package fancyhdr Warning: \footskip is too small (0.0pt): 
(fancyhdr)                Make it at least 16.0pt, for example:
(fancyhdr)                \setlength{\footskip}{16.0pt}.

[25]

Package fancyhdr Warning: \footskip is too small (0.0pt): 
(fancyhdr)                Make it at least 16.0pt, for example:
(fancyhdr)                \setlength{\footskip}{16.0pt}.

[26]
LaTeX Font Info:    Font shape `JY3/BIZUDPMinchoMedium(0)/b/n' will be
(Font)              scaled to size 5.54828pt on input line 161.

Overfull \hbox (84.22508pt too wide) detected at line 232
[]
 []


Overfull \hbox (7.19377pt too wide) detected at line 257
[]
 []


Package fancyhdr Warning: \footskip is too small (0.0pt): 
(fancyhdr)                Make it at least 16.0pt, for example:
(fancyhdr)                \setlength{\footskip}{16.0pt}.

[27]

Package fancyhdr Warning: \footskip is too small (0.0pt): 
(fancyhdr)                Make it at least 16.0pt, for example:
(fancyhdr)                \setlength{\footskip}{16.0pt}.

[28]

Package fancyhdr Warning: \footskip is too small (0.0pt): 
(fancyhdr)                Make it at least 16.0pt, for example:
(fancyhdr)                \setlength{\footskip}{16.0pt}.

[29]

Package fancyhdr Warning: \footskip is too small (0.0pt): 
(fancyhdr)                Make it at least 16.0pt, for example:
(fancyhdr)                \setlength{\footskip}{16.0pt}.

[30]

Package fancyhdr Warning: \footskip is too small (0.0pt): 
(fancyhdr)                Make it at least 16.0pt, for example:
(fancyhdr)                \setlength{\footskip}{16.0pt}.

[31]

Package fancyhdr Warning: \footskip is too small (0.0pt): 
(fancyhdr)                Make it at least 16.0pt, for example:
(fancyhdr)                \setlength{\footskip}{16.0pt}.

[32]

Package fancyhdr Warning: \footskip is too small (0.0pt): 
(fancyhdr)                Make it at least 16.0pt, for example:
(fancyhdr)                \setlength{\footskip}{16.0pt}.

[33])

Package fancyhdr Warning: \footskip is too small (0.0pt): 
(fancyhdr)                Make it at least 16.0pt, for example:
(fancyhdr)                \setlength{\footskip}{16.0pt}.

[34]

Package fancyhdr Warning: \footskip is too small (0.0pt): 
(fancyhdr)                Make it at least 16.0pt, for example:
(fancyhdr)                \setlength{\footskip}{16.0pt}.

[35]
\openout2 = L03_Equation.aux
 (./L03_Equation.tex [36




]
第3章
[37]
Overfull \hbox (0.83627pt too wide) in paragraph at lines 135--136
[]\JY3/BIZUDPMinchoMedium(0)/m/n/10 最 後 の 形 を 見 れ ば お 分 
か り と 思 い ま す が ， 連 立 方 程 式 を 解 く こ と 
と は ，[]$[]$[]
 []


Package fancyhdr Warning: \footskip is too small (0.0pt): 
(fancyhdr)                Make it at least 16.0pt, for example:
(fancyhdr)                \setlength{\footskip}{16.0pt}.

[38]

Package fancyhdr Warning: \footskip is too small (0.0pt): 
(fancyhdr)                Make it at least 16.0pt, for example:
(fancyhdr)                \setlength{\footskip}{16.0pt}.

[39]

Package fancyhdr Warning: \footskip is too small (0.0pt): 
(fancyhdr)                Make it at least 16.0pt, for example:
(fancyhdr)                \setlength{\footskip}{16.0pt}.

[40]

Package fancyhdr Warning: \footskip is too small (0.0pt): 
(fancyhdr)                Make it at least 16.0pt, for example:
(fancyhdr)                \setlength{\footskip}{16.0pt}.

[41]
Overfull \hbox (9.90543pt too wide) detected at line 394
\OML/cmm/b/it/10 PI \OT1/cmr/m/n/10 = \OML/cmm/b/it/10 P[]\OT1/cmr/m/n/10 (\OMS
/cmsy/m/n/10 ^^@\OT1/cmr/m/n/10 2)\OML/cmm/b/it/10 P[]\OT1/cmr/m/n/10 (1)\OML/c
mm/b/it/10 P[]\OT1/cmr/m/n/10 (1/2)\OML/cmm/b/it/10 P[]\OT1/cmr/m/n/10 (\OMS/cm
sy/m/n/10 ^^@\OT1/cmr/m/n/10 7)\OML/cmm/b/it/10 P[]\OT1/cmr/m/n/10 (2)\OML/cmm/
b/it/10 P[]\OT1/cmr/m/n/10 (1/14)\OML/cmm/b/it/10 P[]\OT1/cmr/m/n/10 (\OMS/cmsy
/m/n/10 ^^@\OT1/cmr/m/n/10 3)\OML/cmm/b/it/10 P[]\OT1/cmr/m/n/10 (\OMS/cmsy/m/n
/10 ^^@\OT1/cmr/m/n/10 5)\OML/cmm/b/it/10 I \OT1/cmr/m/n/10 = [] []
 []


Package fancyhdr Warning: \footskip is too small (0.0pt): 
(fancyhdr)                Make it at least 16.0pt, for example:
(fancyhdr)                \setlength{\footskip}{16.0pt}.

[42]

Package fancyhdr Warning: \footskip is too small (0.0pt): 
(fancyhdr)                Make it at least 16.0pt, for example:
(fancyhdr)                \setlength{\footskip}{16.0pt}.

[43]

Package fancyhdr Warning: \footskip is too small (0.0pt): 
(fancyhdr)                Make it at least 16.0pt, for example:
(fancyhdr)                \setlength{\footskip}{16.0pt}.

[44]
\g__nicematrix_max_cell_width_dim=\dimen381
\c@iRow=\count412
\c@jCol=\count413
\l__nicematrix_cell_box=\box129
\l__nicematrix_the_array_box=\box130
\l__nicematrix_left_delim_dim=\dimen382
\l__nicematrix_right_delim_dim=\dimen383
\g__nicematrix_dp_row_zero_dim=\dimen384
\g__nicematrix_ht_row_zero_dim=\dimen385
\g__nicematrix_ht_row_one_dim=\dimen386
\g__nicematrix_dp_ante_last_row_dim=\dimen387
\g__nicematrix_ht_last_row_dim=\dimen388
\g__nicematrix_dp_last_row_dim=\dimen389
\g__nicematrix_ddots_int=\count414
\g__nicematrix_iddots_int=\count415
\g__nicematrix_delta_x_one_dim=\dimen390
\g__nicematrix_delta_y_one_dim=\dimen391
\g__nicematrix_delta_x_two_dim=\dimen392
\g__nicematrix_delta_y_two_dim=\dimen393
\l__nicematrix_initial_i_int=\count416
\l__nicematrix_initial_j_int=\count417
\l__nicematrix_final_i_int=\count418
\l__nicematrix_final_j_int=\count419


Package fancyhdr Warning: \footskip is too small (0.0pt): 
(fancyhdr)                Make it at least 16.0pt, for example:
(fancyhdr)                \setlength{\footskip}{16.0pt}.

[45]

Package fancyhdr Warning: \footskip is too small (0.0pt): 
(fancyhdr)                Make it at least 16.0pt, for example:
(fancyhdr)                \setlength{\footskip}{16.0pt}.

[46]

Package fancyhdr Warning: \footskip is too small (0.0pt): 
(fancyhdr)                Make it at least 16.0pt, for example:
(fancyhdr)                \setlength{\footskip}{16.0pt}.

[47]

Package fancyhdr Warning: \footskip is too small (0.0pt): 
(fancyhdr)                Make it at least 16.0pt, for example:
(fancyhdr)                \setlength{\footskip}{16.0pt}.

[48]

Package fancyhdr Warning: \footskip is too small (0.0pt): 
(fancyhdr)                Make it at least 16.0pt, for example:
(fancyhdr)                \setlength{\footskip}{16.0pt}.

[49])

Package fancyhdr Warning: \footskip is too small (0.0pt): 
(fancyhdr)                Make it at least 16.0pt, for example:
(fancyhdr)                \setlength{\footskip}{16.0pt}.

[50] [51



] [52]
\openout2 = L04_Space.aux
 (./L04_Space.tex
第4章
[53


]

Package fancyhdr Warning: \footskip is too small (0.0pt): 
(fancyhdr)                Make it at least 16.0pt, for example:
(fancyhdr)                \setlength{\footskip}{16.0pt}.

[54]

LaTeX Warning: `h' float specifier changed to `ht'.


Package fancyhdr Warning: \footskip is too small (0.0pt): 
(fancyhdr)                Make it at least 16.0pt, for example:
(fancyhdr)                \setlength{\footskip}{16.0pt}.

[55]

Package fancyhdr Warning: \footskip is too small (0.0pt): 
(fancyhdr)                Make it at least 16.0pt, for example:
(fancyhdr)                \setlength{\footskip}{16.0pt}.

[56]

Package fancyhdr Warning: \footskip is too small (0.0pt): 
(fancyhdr)                Make it at least 16.0pt, for example:
(fancyhdr)                \setlength{\footskip}{16.0pt}.

[57]

Package fancyhdr Warning: \footskip is too small (0.0pt): 
(fancyhdr)                Make it at least 16.0pt, for example:
(fancyhdr)                \setlength{\footskip}{16.0pt}.

[58]

Package fancyhdr Warning: \footskip is too small (0.0pt): 
(fancyhdr)                Make it at least 16.0pt, for example:
(fancyhdr)                \setlength{\footskip}{16.0pt}.

[59]

Package fancyhdr Warning: \footskip is too small (0.0pt): 
(fancyhdr)                Make it at least 16.0pt, for example:
(fancyhdr)                \setlength{\footskip}{16.0pt}.

[60]

Package fancyhdr Warning: \footskip is too small (0.0pt): 
(fancyhdr)                Make it at least 16.0pt, for example:
(fancyhdr)                \setlength{\footskip}{16.0pt}.

[61]

Package fancyhdr Warning: \footskip is too small (0.0pt): 
(fancyhdr)                Make it at least 16.0pt, for example:
(fancyhdr)                \setlength{\footskip}{16.0pt}.

[62]
LaTeX Font Info:    Font shape `JY3/gt/m/n' will be
(Font)              scaled to size 8.32242pt on input line 487.


Package fancyhdr Warning: \footskip is too small (0.0pt): 
(fancyhdr)                Make it at least 16.0pt, for example:
(fancyhdr)                \setlength{\footskip}{16.0pt}.

[63]

Package fancyhdr Warning: \footskip is too small (0.0pt): 
(fancyhdr)                Make it at least 16.0pt, for example:
(fancyhdr)                \setlength{\footskip}{16.0pt}.

[64]

Package fancyhdr Warning: \footskip is too small (0.0pt): 
(fancyhdr)                Make it at least 16.0pt, for example:
(fancyhdr)                \setlength{\footskip}{16.0pt}.

[65])

Package fancyhdr Warning: \footskip is too small (0.0pt): 
(fancyhdr)                Make it at least 16.0pt, for example:
(fancyhdr)                \setlength{\footskip}{16.0pt}.

[66]
\openout2 = L05_Basis.aux
 (./L05_Basis.tex
第5章

Overfull \hbox (0.6108pt too wide) in paragraph at lines 19--21
[][]$[]$[]
 []

[67




]

Package fancyhdr Warning: \footskip is too small (0.0pt): 
(fancyhdr)                Make it at least 16.0pt, for example:
(fancyhdr)                \setlength{\footskip}{16.0pt}.

[68]

Package fancyhdr Warning: \footskip is too small (0.0pt): 
(fancyhdr)                Make it at least 16.0pt, for example:
(fancyhdr)                \setlength{\footskip}{16.0pt}.

[69]

Package fancyhdr Warning: \footskip is too small (0.0pt): 
(fancyhdr)                Make it at least 16.0pt, for example:
(fancyhdr)                \setlength{\footskip}{16.0pt}.

[70]

Package fancyhdr Warning: \footskip is too small (0.0pt): 
(fancyhdr)                Make it at least 16.0pt, for example:
(fancyhdr)                \setlength{\footskip}{16.0pt}.

[71]

Package fancyhdr Warning: \footskip is too small (0.0pt): 
(fancyhdr)                Make it at least 16.0pt, for example:
(fancyhdr)                \setlength{\footskip}{16.0pt}.

[72]

Package fancyhdr Warning: \footskip is too small (0.0pt): 
(fancyhdr)                Make it at least 16.0pt, for example:
(fancyhdr)                \setlength{\footskip}{16.0pt}.

[73]

Package fancyhdr Warning: \footskip is too small (0.0pt): 
(fancyhdr)                Make it at least 16.0pt, for example:
(fancyhdr)                \setlength{\footskip}{16.0pt}.

[74]

Package fancyhdr Warning: \footskip is too small (0.0pt): 
(fancyhdr)                Make it at least 16.0pt, for example:
(fancyhdr)                \setlength{\footskip}{16.0pt}.

[75]

LaTeX Warning: `h' float specifier changed to `ht'.


Package fancyhdr Warning: \footskip is too small (0.0pt): 
(fancyhdr)                Make it at least 16.0pt, for example:
(fancyhdr)                \setlength{\footskip}{16.0pt}.

[76]

Package fancyhdr Warning: \footskip is too small (0.0pt): 
(fancyhdr)                Make it at least 16.0pt, for example:
(fancyhdr)                \setlength{\footskip}{16.0pt}.

[77]

Package fancyhdr Warning: \footskip is too small (0.0pt): 
(fancyhdr)                Make it at least 16.0pt, for example:
(fancyhdr)                \setlength{\footskip}{16.0pt}.

[78]

Package fancyhdr Warning: \footskip is too small (0.0pt): 
(fancyhdr)                Make it at least 16.0pt, for example:
(fancyhdr)                \setlength{\footskip}{16.0pt}.

[79]

Package fancyhdr Warning: \footskip is too small (0.0pt): 
(fancyhdr)                Make it at least 16.0pt, for example:
(fancyhdr)                \setlength{\footskip}{16.0pt}.

[80])

Package fancyhdr Warning: \footskip is too small (0.0pt): 
(fancyhdr)                Make it at least 16.0pt, for example:
(fancyhdr)                \setlength{\footskip}{16.0pt}.

[81]
\openout2 = L06_DataSpace.aux
 (./L06_DataSpace.tex [82




]
第6章

LaTeX Warning: `h' float specifier changed to `ht'.

[83]

Package fancyhdr Warning: \footskip is too small (0.0pt): 
(fancyhdr)                Make it at least 16.0pt, for example:
(fancyhdr)                \setlength{\footskip}{16.0pt}.

[84] (/usr/local/texlive/2022/texmf-dist/tex/latex/listings/lstlang1.sty
File: lstlang1.sty 2020/03/24 1.8d listings language file
)
(/usr/local/texlive/2022/texmf-dist/tex/latex/listings/lstlang1.sty
File: lstlang1.sty 2020/03/24 1.8d listings language file
)
(/usr/local/texlive/2022/texmf-dist/tex/latex/listings/lstmisc.sty
File: lstmisc.sty 2020/03/24 1.8d (Carsten Heinz)
)
Package hyperref Info: bookmark level for unknown lstlisting defaults to 0 on i
nput line 114.
LaTeX Font Info:    Font shape `JT3/gt/m/n' will be
(Font)              scaled to size 8.32242pt on input line 114.
Removing  `ltj.process_input_buffer' from `process_input_buffer'.
Inserting `ltj.listings_unicode' at position 1 in `process_input_buffer'.
Inserting `ltj.process_input_buffer' at position 2 in `process_input_buffer'.

Package fancyhdr Warning: \footskip is too small (0.0pt): 
(fancyhdr)                Make it at least 16.0pt, for example:
(fancyhdr)                \setlength{\footskip}{16.0pt}.

[85]
Removing  `ltj.listings_unicode' from `process_input_buffer'.
Removing  `ltj.process_input_buffer' from `process_input_buffer'.
Inserting `ltj.listings_unicode' at position 1 in `process_input_buffer'.
Inserting `ltj.process_input_buffer' at position 2 in `process_input_buffer'.
Removing  `ltj.listings_unicode' from `process_input_buffer'.
Removing  `ltj.process_input_buffer' from `process_input_buffer'.
Inserting `ltj.listings_unicode' at position 1 in `process_input_buffer'.
Inserting `ltj.process_input_buffer' at position 2 in `process_input_buffer'.
Removing  `ltj.listings_unicode' from `process_input_buffer'.

Package fancyhdr Warning: \footskip is too small (0.0pt): 
(fancyhdr)                Make it at least 16.0pt, for example:
(fancyhdr)                \setlength{\footskip}{16.0pt}.

[86]

Package fancyhdr Warning: \footskip is too small (0.0pt): 
(fancyhdr)                Make it at least 16.0pt, for example:
(fancyhdr)                \setlength{\footskip}{16.0pt}.

[87](load cache: extra_lmroman7-italic.luc)
LaTeX Font Info:    Font shape `JT3/BIZUDPMinchoMedium(0)/m/it' will be
(Font)              scaled to size 6.47299pt on input line 347.
LaTeX Font Info:    Font shape `JY3/BIZUDPMinchoMedium(0)/m/it' will be
(Font)              scaled to size 6.47299pt on input line 347.
LaTeX Font Info:    Font shape `JT3/BIZUDPMinchoMedium(0)/m/it' will be
(Font)              scaled to size 5.54828pt on input line 347.
LaTeX Font Info:    Font shape `JY3/BIZUDPMinchoMedium(0)/m/it' will be
(Font)              scaled to size 5.54828pt on input line 347.


Package fancyhdr Warning: \footskip is too small (0.0pt): 
(fancyhdr)                Make it at least 16.0pt, for example:
(fancyhdr)                \setlength{\footskip}{16.0pt}.

[88]

Package fancyhdr Warning: \footskip is too small (0.0pt): 
(fancyhdr)                Make it at least 16.0pt, for example:
(fancyhdr)                \setlength{\footskip}{16.0pt}.

[89]

Package fancyhdr Warning: \footskip is too small (0.0pt): 
(fancyhdr)                Make it at least 16.0pt, for example:
(fancyhdr)                \setlength{\footskip}{16.0pt}.

[90])

Package fancyhdr Warning: \footskip is too small (0.0pt): 
(fancyhdr)                Make it at least 16.0pt, for example:
(fancyhdr)                \setlength{\footskip}{16.0pt}.

[91] [92



] [93] [94]
\openout2 = L07_Eigen.aux
 (./L07_Eigen.tex
第7章
[95


]

Package fancyhdr Warning: \footskip is too small (0.0pt): 
(fancyhdr)                Make it at least 16.0pt, for example:
(fancyhdr)                \setlength{\footskip}{16.0pt}.

[96]

Package fancyhdr Warning: \footskip is too small (0.0pt): 
(fancyhdr)                Make it at least 16.0pt, for example:
(fancyhdr)                \setlength{\footskip}{16.0pt}.

[97]

Package fancyhdr Warning: \footskip is too small (0.0pt): 
(fancyhdr)                Make it at least 16.0pt, for example:
(fancyhdr)                \setlength{\footskip}{16.0pt}.

[98]

Package fancyhdr Warning: \footskip is too small (0.0pt): 
(fancyhdr)                Make it at least 16.0pt, for example:
(fancyhdr)                \setlength{\footskip}{16.0pt}.

[99]

Package fancyhdr Warning: \footskip is too small (0.0pt): 
(fancyhdr)                Make it at least 16.0pt, for example:
(fancyhdr)                \setlength{\footskip}{16.0pt}.

[100]

Package fancyhdr Warning: \footskip is too small (0.0pt): 
(fancyhdr)                Make it at least 16.0pt, for example:
(fancyhdr)                \setlength{\footskip}{16.0pt}.

[101])

Package fancyhdr Warning: \footskip is too small (0.0pt): 
(fancyhdr)                Make it at least 16.0pt, for example:
(fancyhdr)                \setlength{\footskip}{16.0pt}.

[102]
\openout2 = L08_FA.aux
 (./L08_FA.tex
第8章
[103




]

Package fancyhdr Warning: \footskip is too small (0.0pt): 
(fancyhdr)                Make it at least 16.0pt, for example:
(fancyhdr)                \setlength{\footskip}{16.0pt}.

[104]

Package fancyhdr Warning: \footskip is too small (0.0pt): 
(fancyhdr)                Make it at least 16.0pt, for example:
(fancyhdr)                \setlength{\footskip}{16.0pt}.

[105]
Overfull \hbox (15.03459pt too wide) detected at line 91
[][][]
 []


LaTeX Warning: Command \textcircled invalid in math mode on input line 102.

LaTeX Font Info:    Trying loading font information for OMS+lmr on input line 1
02.
(/usr/local/texlive/2022/texmf-dist/tex/latex/lm/omslmr.fd
File: omslmr.fd 2015/05/01 v1.6.1 Font defs for Latin Modern
)
LaTeX Font Info:    Trying loading font information for OMS+lmsy on input line 
102.

(/usr/local/texlive/2022/texmf-dist/tex/latex/lm/omslmsy.fd
File: omslmsy.fd 2015/05/01 v1.6.1 Font defs for Latin Modern
)
LaTeX Font Info:    Font shape `OMS/lmr/m/n' in size <10> not available
(Font)              Font shape `OMS/lmsy/m/n' tried instead on input line 102.


LaTeX Warning: Command \textcircled invalid in math mode on input line 102.


LaTeX Warning: Command \textcircled invalid in math mode on input line 102.


LaTeX Warning: Command \textcircled invalid in math mode on input line 102.


LaTeX Warning: Command \textcircled invalid in math mode on input line 103.


LaTeX Warning: Command \textcircled invalid in math mode on input line 103.


LaTeX Warning: Command \textcircled invalid in math mode on input line 104.


LaTeX Warning: Command \textcircled invalid in math mode on input line 104.


LaTeX Warning: Command \textcircled invalid in math mode on input line 106.


LaTeX Warning: Command \textcircled invalid in math mode on input line 106.


LaTeX Warning: Command \textcircled invalid in math mode on input line 106.


LaTeX Warning: Command \textcircled invalid in math mode on input line 106.

LaTeX Font Info:    Trying loading font information for OMS+lmss on input line 
116.
LaTeX Font Info:    No file OMSlmss.fd. on input line 116.

LaTeX Font Warning: Font shape `OMS/lmss/m/n' undefined
(Font)              using `OMS/cmsy/m/n' instead on input line 116.

(load cache: extra_lmsans8-regular.luc)
LaTeX Font Info:    Font shape `JT3/gt/m/n' will be
(Font)              scaled to size 6.47299pt on input line 116.

Package fancyhdr Warning: \footskip is too small (0.0pt): 
(fancyhdr)                Make it at least 16.0pt, for example:
(fancyhdr)                \setlength{\footskip}{16.0pt}.

[106]

Package fancyhdr Warning: \footskip is too small (0.0pt): 
(fancyhdr)                Make it at least 16.0pt, for example:
(fancyhdr)                \setlength{\footskip}{16.0pt}.

[107]

Package fancyhdr Warning: \footskip is too small (0.0pt): 
(fancyhdr)                Make it at least 16.0pt, for example:
(fancyhdr)                \setlength{\footskip}{16.0pt}.

[108]
Overfull \hbox (46.77382pt too wide) detected at line 215
[][][]
 []


Package fancyhdr Warning: \footskip is too small (0.0pt): 
(fancyhdr)                Make it at least 16.0pt, for example:
(fancyhdr)                \setlength{\footskip}{16.0pt}.

[109]

Package fancyhdr Warning: \footskip is too small (0.0pt): 
(fancyhdr)                Make it at least 16.0pt, for example:
(fancyhdr)                \setlength{\footskip}{16.0pt}.

[110]

Package fancyhdr Warning: \footskip is too small (0.0pt): 
(fancyhdr)                Make it at least 16.0pt, for example:
(fancyhdr)                \setlength{\footskip}{16.0pt}.

[111]
Overfull \hbox (4.38759pt too wide) detected at line 355
[]
 []


LaTeX Warning: `h' float specifier changed to `ht'.


Package fancyhdr Warning: \footskip is too small (0.0pt): 
(fancyhdr)                Make it at least 16.0pt, for example:
(fancyhdr)                \setlength{\footskip}{16.0pt}.

[112]

Package fancyhdr Warning: \footskip is too small (0.0pt): 
(fancyhdr)                Make it at least 16.0pt, for example:
(fancyhdr)                \setlength{\footskip}{16.0pt}.

[113]

Package fancyhdr Warning: \footskip is too small (0.0pt): 
(fancyhdr)                Make it at least 16.0pt, for example:
(fancyhdr)                \setlength{\footskip}{16.0pt}.

[114])

Package fancyhdr Warning: \footskip is too small (0.0pt): 
(fancyhdr)                Make it at least 16.0pt, for example:
(fancyhdr)                \setlength{\footskip}{16.0pt}.

[115]
\openout2 = L09_SEM.aux
 (./L09_SEM.tex [116




]
第9章
[117]

Package fancyhdr Warning: \footskip is too small (0.0pt): 
(fancyhdr)                Make it at least 16.0pt, for example:
(fancyhdr)                \setlength{\footskip}{16.0pt}.

[118]

Package fancyhdr Warning: \footskip is too small (0.0pt): 
(fancyhdr)                Make it at least 16.0pt, for example:
(fancyhdr)                \setlength{\footskip}{16.0pt}.

[119]

LaTeX Warning: `h' float specifier changed to `ht'.


Package fancyhdr Warning: \footskip is too small (0.0pt): 
(fancyhdr)                Make it at least 16.0pt, for example:
(fancyhdr)                \setlength{\footskip}{16.0pt}.

[120]

LaTeX Warning: `h' float specifier changed to `ht'.


Package fancyhdr Warning: \footskip is too small (0.0pt): 
(fancyhdr)                Make it at least 16.0pt, for example:
(fancyhdr)                \setlength{\footskip}{16.0pt}.

[121]

Package fancyhdr Warning: \footskip is too small (0.0pt): 
(fancyhdr)                Make it at least 16.0pt, for example:
(fancyhdr)                \setlength{\footskip}{16.0pt}.

[122]

Package fancyhdr Warning: \footskip is too small (0.0pt): 
(fancyhdr)                Make it at least 16.0pt, for example:
(fancyhdr)                \setlength{\footskip}{16.0pt}.

[123]

LaTeX Warning: `h' float specifier changed to `ht'.


Package fancyhdr Warning: \footskip is too small (0.0pt): 
(fancyhdr)                Make it at least 16.0pt, for example:
(fancyhdr)                \setlength{\footskip}{16.0pt}.

[124]

Package fancyhdr Warning: \footskip is too small (0.0pt): 
(fancyhdr)                Make it at least 16.0pt, for example:
(fancyhdr)                \setlength{\footskip}{16.0pt}.

[125])

Package fancyhdr Warning: \footskip is too small (0.0pt): 
(fancyhdr)                Make it at least 16.0pt, for example:
(fancyhdr)                \setlength{\footskip}{16.0pt}.

[126]
\openout2 = L10_ASO.aux
 (./L10_ASO.tex
第10章
[127




]

Package fancyhdr Warning: \footskip is too small (0.0pt): 
(fancyhdr)                Make it at least 16.0pt, for example:
(fancyhdr)                \setlength{\footskip}{16.0pt}.

[128])

Package fancyhdr Warning: \footskip is too small (0.0pt): 
(fancyhdr)                Make it at least 16.0pt, for example:
(fancyhdr)                \setlength{\footskip}{16.0pt}.

[129]
\openout2 = LA01_Rcode.aux
 (./LA01_Rcode.tex [130




]
付録A
Removing  `ltj.process_input_buffer' from `process_input_buffer'.
Inserting `ltj.listings_unicode' at position 1 in `process_input_buffer'.
Inserting `ltj.process_input_buffer' at position 2 in `process_input_buffer'.
Removing  `ltj.listings_unicode' from `process_input_buffer'.
Removing  `ltj.process_input_buffer' from `process_input_buffer'.
Inserting `ltj.listings_unicode' at position 1 in `process_input_buffer'.
Inserting `ltj.process_input_buffer' at position 2 in `process_input_buffer'.
Removing  `ltj.listings_unicode' from `process_input_buffer'.
Removing  `ltj.process_input_buffer' from `process_input_buffer'.
Inserting `ltj.listings_unicode' at position 1 in `process_input_buffer'.
Inserting `ltj.process_input_buffer' at position 2 in `process_input_buffer'.
Removing  `ltj.listings_unicode' from `process_input_buffer'. [131]
Removing  `ltj.process_input_buffer' from `process_input_buffer'.
Inserting `ltj.listings_unicode' at position 1 in `process_input_buffer'.
Inserting `ltj.process_input_buffer' at position 2 in `process_input_buffer'.
Removing  `ltj.listings_unicode' from `process_input_buffer'.
Removing  `ltj.process_input_buffer' from `process_input_buffer'.
Inserting `ltj.listings_unicode' at position 1 in `process_input_buffer'.
Inserting `ltj.process_input_buffer' at position 2 in `process_input_buffer'.
Removing  `ltj.listings_unicode' from `process_input_buffer'.

Package fancyhdr Warning: \footskip is too small (0.0pt): 
(fancyhdr)                Make it at least 16.0pt, for example:
(fancyhdr)                \setlength{\footskip}{16.0pt}.

[132]

Package fancyhdr Warning: \footskip is too small (0.0pt): 
(fancyhdr)                Make it at least 16.0pt, for example:
(fancyhdr)                \setlength{\footskip}{16.0pt}.

[133]

Package fancyhdr Warning: \footskip is too small (0.0pt): 
(fancyhdr)                Make it at least 16.0pt, for example:
(fancyhdr)                \setlength{\footskip}{16.0pt}.

[134]
Removing  `ltj.process_input_buffer' from `process_input_buffer'.
Inserting `ltj.listings_unicode' at position 1 in `process_input_buffer'.
Inserting `ltj.process_input_buffer' at position 2 in `process_input_buffer'.
Removing  `ltj.listings_unicode' from `process_input_buffer'.

Package fancyhdr Warning: \footskip is too small (0.0pt): 
(fancyhdr)                Make it at least 16.0pt, for example:
(fancyhdr)                \setlength{\footskip}{16.0pt}.

[135]

Package fancyhdr Warning: \footskip is too small (0.0pt): 
(fancyhdr)                Make it at least 16.0pt, for example:
(fancyhdr)                \setlength{\footskip}{16.0pt}.

[136]
Removing  `ltj.process_input_buffer' from `process_input_buffer'.
Inserting `ltj.listings_unicode' at position 1 in `process_input_buffer'.
Inserting `ltj.process_input_buffer' at position 2 in `process_input_buffer'.
Removing  `ltj.listings_unicode' from `process_input_buffer'.

Package fancyhdr Warning: \footskip is too small (0.0pt): 
(fancyhdr)                Make it at least 16.0pt, for example:
(fancyhdr)                \setlength{\footskip}{16.0pt}.

[137])

Package fancyhdr Warning: \footskip is too small (0.0pt): 
(fancyhdr)                Make it at least 16.0pt, for example:
(fancyhdr)                \setlength{\footskip}{16.0pt}.

[138] (../../common_contents/Greeks.tex
付録B
) (./tmp.bbl [139



] [140

]) (./tmp.ind [141]
LaTeX Font Info:    Font shape `JT3/gt/b/n' in size <8> not available
(Font)              Font shape `JT3/gt/m/n' tried instead on input line 2.
LaTeX Font Info:    Font shape `JT3/gt/m/n' will be
(Font)              scaled to size 7.3977pt on input line 2.
LaTeX Font Info:    Font shape `JY3/gt/b/n' in size <8> not available
(Font)              Font shape `JY3/gt/m/n' tried instead on input line 2.
LaTeX Font Info:    Font shape `JY3/gt/m/n' will be
(Font)              scaled to size 7.3977pt on input line 2.
(load cache: extra_lmroman12-bold.luc)
LaTeX Font Info:    Font shape `JT3/gt/b/n' in size <12> not available
(Font)              Font shape `JT3/gt/m/n' tried instead on input line 2.
LaTeX Font Info:    Font shape `JT3/gt/m/n' will be
(Font)              scaled to size 11.09656pt on input line 2.
LaTeX Font Info:    Font shape `JY3/gt/b/n' in size <12> not available
(Font)              Font shape `JY3/gt/m/n' tried instead on input line 2.
LaTeX Font Info:    Font shape `JY3/gt/m/n' will be
(Font)              scaled to size 11.09656pt on input line 2.
 [142


]

Package fancyhdr Warning: \footskip is too small (0.0pt): 
(fancyhdr)                Make it at least 12.0pt, for example:
(fancyhdr)                \setlength{\footskip}{12.0pt}.

[143

]) (./tmp.aux (./L01_Basic.aux) (./L02_Data.aux) (./L03_Equation.aux)
(./L04_Space.aux) (./L05_Basis.aux) (./L06_DataSpace.aux) (./L07_Eigen.aux)
(./L08_FA.aux) (./L09_SEM.aux) (./L10_ASO.aux) (./LA01_Rcode.aux))

LaTeX Font Warning: Some font shapes were not available, defaults substituted.


Package rerunfilecheck Warning: File `tmp.out' has changed.
(rerunfilecheck)                Rerun to get outlines right
(rerunfilecheck)                or use package `bookmark'.

Package rerunfilecheck Info: Checksums for `tmp.out':
(rerunfilecheck)             Before: 7DFC5AF8BD5BBE6B8E1B9E963FC8D493;7628
(rerunfilecheck)             After:  2520DB0A5E06C4AA65B146A435EFF2DB;7696.
)

Here is how much of LuaTeX's memory you used:
 46312 strings out of 477465
 597254,1648299 words of node,token memory allocated
 31341 words of node memory still in use:
   11 hlist, 2 vlist, 5 rule, 51 glue, 99 kern, 1 glyph, 14200 attribute, 64 glu
e_spec, 712 attribute_list, 4 write, 14 user_defined, 7 pdf_action nodes
   avail lists: 1:52,2:211866,3:4379,4:3930,5:738,6:314,7:9333,8:224,9:4351,10:4
8,11:78
 64725 multiletter control sequences out of 65536+600000
 155 fonts using 116549151 bytes
 118i,21n,113p,1763b,1242s stack positions out of 10000i,1000n,20000p,200000b,200000s
</usr/local/texlive/2022/texmf-dist/fonts/opentype/public/lm/lmroman12-bold.otf>
</usr/local/texlive/2022/texmf-dist/fonts/opentype/public/lm/lmsans8-regular.otf
>{/usr/local/texlive/2022/texmf-dist/fonts/enc/dvips/lm/lm-mathsy.enc}</usr/loca
l/texlive/2022/texmf-dist/fonts/opentype/public/lm/lmroman7-italic.otf></usr/loc
al/texlive/2022/texmf-dist/fonts/opentype/public/lm/lmmono9-regular.otf></usr/lo
cal/texlive/2022/texmf-dist/fonts/opentype/public/lm/lmroman10-italic.otf></usr/
local/texlive/2022/texmf-dist/fonts/opentype/public/lm/lmsans10-bold.otf></usr/l
ocal/texlive/2022/texmf-dist/fonts/opentype/public/lm/lmroman17-regular.otf></us
r/local/texlive/2022/texmf-dist/fonts/opentype/public/lm/lmroman9-regular.otf></
usr/local/texlive/2022/texmf-dist/fonts/opentype/public/lm/lmmono8-regular.otf><
/usr/local/texlive/2022/texmf-dist/fonts/opentype/public/lm/lmromanslant10-regul
ar.otf></usr/local/texlive/2022/texmf-dist/fonts/opentype/public/lm/lmroman8-bol
d.otf></usr/local/texlive/2022/texmf-dist/fonts/opentype/public/lm/lmroman8-regu
lar.otf></usr/local/texlive/2022/texmf-dist/fonts/opentype/public/lm/lmroman6-re
gular.otf></Library/Fonts/BIZ-UDGothicB.ttc></usr/local/texlive/2022/texmf-dist/
fonts/opentype/public/lm/lmroman7-regular.otf></usr/local/texlive/2022/texmf-dis
t/fonts/opentype/public/lm/lmsans17-regular.otf></usr/local/texlive/2022/texmf-d
ist/fonts/opentype/public/lm/lmsans10-regular.otf></usr/local/texlive/2022/texmf
-dist/fonts/opentype/public/lm/lmsans12-regular.otf></usr/local/texlive/2022/tex
mf-dist/fonts/opentype/public/haranoaji/HaranoAjiGothic-Medium.otf></usr/local/t
exlive/2022/texmf-dist/fonts/opentype/public/lm/lmroman10-bold.otf></usr/local/t
exlive/2022/texmf-dist/fonts/opentype/public/lm/lmroman12-regular.otf></usr/loca
l/texlive/2022/texmf-dist/fonts/opentype/public/lm/lmmono10-regular.otf></Librar
y/Fonts/BIZ-UDMinchoM.ttc></usr/local/texlive/2022/texmf-dist/fonts/opentype/pub
lic/lm/lmroman10-regular.otf></usr/local/texlive/2022/texmf-dist/fonts/type1/pub
lic/amsfonts/cm/cmbsy10.pfb></usr/local/texlive/2022/texmf-dist/fonts/type1/publ
ic/amsfonts/cmextra/cmbsy6.pfb></usr/local/texlive/2022/texmf-dist/fonts/type1/p
ublic/amsfonts/cmextra/cmbsy7.pfb></usr/local/texlive/2022/texmf-dist/fonts/type
1/public/amsfonts/cm/cmbx10.pfb></usr/local/texlive/2022/texmf-dist/fonts/type1/
public/amsfonts/cm/cmbx6.pfb></usr/local/texlive/2022/texmf-dist/fonts/type1/pub
lic/amsfonts/cm/cmbx7.pfb></usr/local/texlive/2022/texmf-dist/fonts/type1/public
/amsfonts/cm/cmbx8.pfb></usr/local/texlive/2022/texmf-dist/fonts/type1/public/am
sfonts/cm/cmex10.pfb></usr/local/texlive/2022/texmf-dist/fonts/type1/public/amsf
onts/cmextra/cmex8.pfb></usr/local/texlive/2022/texmf-dist/fonts/type1/public/am
sfonts/cm/cmmi10.pfb></usr/local/texlive/2022/texmf-dist/fonts/type1/public/amsf
onts/cm/cmmi5.pfb></usr/local/texlive/2022/texmf-dist/fonts/type1/public/amsfont
s/cm/cmmi6.pfb></usr/local/texlive/2022/texmf-dist/fonts/type1/public/amsfonts/c
m/cmmi7.pfb></usr/local/texlive/2022/texmf-dist/fonts/type1/public/amsfonts/cm/c
mmi8.pfb></usr/local/texlive/2022/texmf-dist/fonts/type1/public/amsfonts/cm/cmmi
9.pfb></usr/local/texlive/2022/texmf-dist/fonts/type1/public/amsfonts/cm/cmmib10
.pfb></usr/local/texlive/2022/texmf-dist/fonts/type1/public/amsfonts/cmextra/cmm
ib7.pfb></usr/local/texlive/2022/texmf-dist/fonts/type1/public/amsfonts/cmextra/
cmmib8.pfb></usr/local/texlive/2022/texmf-dist/fonts/type1/public/amsfonts/cmext
ra/cmmib9.pfb></usr/local/texlive/2022/texmf-dist/fonts/type1/public/amsfonts/cm
/cmr10.pfb></usr/local/texlive/2022/texmf-dist/fonts/type1/public/amsfonts/cm/cm
r5.pfb></usr/local/texlive/2022/texmf-dist/fonts/type1/public/amsfonts/cm/cmr6.p
fb></usr/local/texlive/2022/texmf-dist/fonts/type1/public/amsfonts/cm/cmr7.pfb><
/usr/local/texlive/2022/texmf-dist/fonts/type1/public/amsfonts/cm/cmr8.pfb></usr
/local/texlive/2022/texmf-dist/fonts/type1/public/amsfonts/cm/cmsy10.pfb></usr/l
ocal/texlive/2022/texmf-dist/fonts/type1/public/amsfonts/cm/cmsy5.pfb></usr/loca
l/texlive/2022/texmf-dist/fonts/type1/public/amsfonts/cm/cmsy6.pfb></usr/local/t
exlive/2022/texmf-dist/fonts/type1/public/amsfonts/cm/cmsy7.pfb></usr/local/texl
ive/2022/texmf-dist/fonts/type1/public/amsfonts/cm/cmsy8.pfb></usr/local/texlive
/2022/texmf-dist/fonts/type1/public/amsfonts/cm/cmsy9.pfb></usr/local/texlive/20
22/texmf-dist/fonts/type1/public/lm/lmsy10.pfb></usr/local/texlive/2022/texmf-di
st/fonts/type1/public/amsfonts/symbols/msbm10.pfb>
Output written on tmp.pdf (145 pages, 2490194 bytes).

PDF statistics: 1927 PDF objects out of 2073 (max. 8388607)
 1653 compressed objects within 17 object streams
 557 named destinations out of 1000 (max. 131072)
 432 words of extra memory for PDF output out of 10000 (max. 100000000)

