This is LuaHBTeX, Version 1.24.0 (TeX Live 2026)  (format=lualatex 2026.5.27)  27 MAY 2026 18:13
 restricted system commands enabled.
**tmp
(./tmp.tex
LaTeX2e <2025-11-01>
L3 programming layer <2026-05-15>
Lua module: luaotfload 2024-12-03 v3.29 Lua based OpenType font support
Lua module: lualibs 2023-07-13 v2.76 ConTeXt Lua standard libraries.
Lua module: lualibs-extended 2023-07-13 v2.76 ConTeXt Lua libraries -- extended 
collection.
luaotfload | conf : Root cache directory is "/Users/newton/Library/texlive/2026/
texmf-var/luatex-cache/generic/names".
luaotfload | init : Loading fontloader "fontloader-2023-12-28.lua" from kpse-res
olved path "/usr/local/texlive/2026/texmf-dist/tex/luatex/luaotfload/fontloader-
2023-12-28.lua".
Lua-only attribute luaotfload@noligature = 1
luaotfload | init : Context OpenType loader version 3.134
Inserting `luaotfload.node_processor' in `pre_linebreak_filter'.
Inserting `luaotfload.node_processor' in `hpack_filter'.
Inserting `luaotfload.glyph_stream' in `glyph_stream_provider'.
Inserting `luaotfload.define_font' in `define_font'.
Lua-only attribute luaotfload_color_attribute = 2
luaotfload | conf : Root cache directory is "/Users/newton/Library/texlive/2026/
texmf-var/luatex-cache/generic/names".
Inserting `luaotfload.harf.strip_prefix' in `find_opentype_file'.
Inserting `luaotfload.harf.strip_prefix' in `find_truetype_file'.
Removing  `luaotfload.glyph_stream' from `glyph_stream_provider'.
Inserting `luaotfload.harf.glyphstream' in `glyph_stream_provider'.
Inserting `luaotfload.harf.finalize_vlist' in `post_linebreak_filter'.
Inserting `luaotfload.harf.finalize_hlist' in `hpack_filter'.
Inserting `luaotfload.cleanup_files' in `wrapup_run'.
Inserting `luaotfload.harf.finalize_unicode' in `finish_pdffile'.
Inserting `luaotfload.glyphinfo' in `glyph_info'.
Lua-only attribute luaotfload.letterspace_done = 3
Inserting `luaotfload.aux.set_sscale_dimens' in `luaotfload.patch_font'.
Inserting `luaotfload.aux.set_font_index' in `luaotfload.patch_font'.
Inserting `luaotfload.aux.patch_cambria_domh' in `luaotfload.patch_font'.
Inserting `luaotfload.aux.fixup_fontdata' in `luaotfload.patch_font_unsafe'.
Inserting `luaotfload.aux.set_capheight' in `luaotfload.patch_font'.
Inserting `luaotfload.aux.set_xheight' in `luaotfload.patch_font'.
Inserting `luaotfload.rewrite_fontname' in `luaotfload.patch_font'.
Inserting `tracingstacklevels' in `input_level_string'. (/usr/local/texlive/202
6/texmf-dist/tex/luatex/luatexja/ltjsarticle.cls
Document Class: ltjsarticle 2026-05-17 ltjsclasses 
(/usr/local/texlive/2026/texmf-dist/tex/luatex/luatexja/luatexja.sty
Package: luatexja 2026-05-17 Japanese Typesetting with Lua(La)TeX

(/usr/local/texlive/2026/texmf-dist/tex/luatex/luatexja/luatexja-core.sty
Package: luatexja-core 2023-10-07 Core of LuaTeX-ja

(/usr/local/texlive/2026/texmf-dist/tex/generic/infwarerr/infwarerr.sty
Package: infwarerr 2019/12/03 v1.5 Providing info/warning/error messages (HO)
)
(/usr/local/texlive/2026/texmf-dist/tex/luatex/luatexbase/luatexbase.sty
Package: luatexbase 2015/10/04 v1.3 luatexbase interface to LuaTeX 

(/usr/local/texlive/2026/texmf-dist/tex/luatex/ctablestack/ctablestack.sty
Package: ctablestack 2015/10/01 v1.0 Catcode table stable support
\@catcodetablestackcnt=\count274
)
\CatcodeTableOther=\catcodetable14
\CatcodeTableExpl=\catcodetable15
)
(/usr/local/texlive/2026/texmf-dist/tex/generic/ltxcmds/ltxcmds.sty
Package: ltxcmds 2023-12-04 v1.26 LaTeX kernel commands for general use (HO)
)
(/usr/local/texlive/2026/texmf-dist/tex/generic/pdftexcmds/pdftexcmds.sty
Package: pdftexcmds 2020-06-27 v0.33 Utility functions of pdfTeX for LuaTeX (HO
)

(/usr/local/texlive/2026/texmf-dist/tex/generic/iftex/iftex.sty
Package: iftex 2024/12/12 v1.0g TeX engine tests
)
Package pdftexcmds Info: \pdf@primitive is available.
Package pdftexcmds Info: \pdf@ifprimitive is available.
Package pdftexcmds Info: \pdfdraftmode found.
\pdftexcmds@toks=\toks17
)
(/usr/local/texlive/2026/texmf-dist/tex/latex/xkeyval/xkeyval.sty
Package: xkeyval 2025/11/04 v2.10 package option processing (HA)

(/usr/local/texlive/2026/texmf-dist/tex/generic/xkeyval/xkeyval.tex
(/usr/local/texlive/2026/texmf-dist/tex/generic/xkeyval/xkvutils.tex
\XKV@toks=\toks18
\XKV@tempa@toks=\toks19
\XKV@tempb@toks=\toks20

(/usr/local/texlive/2026/texmf-dist/tex/generic/xkeyval/keyval.tex))
\XKV@depth=\count275
File: xkeyval.tex 2014/12/03 v2.7a key=value parser (HA)
))
(/usr/local/texlive/2026/texmf-dist/tex/latex/etoolbox/etoolbox.sty
Package: etoolbox 2025/10/02 v2.5m e-TeX tools for LaTeX (JAW)
\etb@tempcnta=\count276
)
(/usr/local/texlive/2026/texmf-dist/tex/latex/everyhook/everyhook.sty
(/usr/local/texlive/2026/texmf-dist/tex/latex/svn-prov/svn-prov.sty
Package: svn-prov 2010/04/24 v3.1862 Package Date/Version from SVN Keywords
)
Package: everyhook 2014/11/26 v1.2 (SVN Rev: 12)\ Hooks for low level TeX every
X primitives.
\everypar=\toks21
\frozen@everymath=\toks22
\frozen@everydisplay=\toks23
\everyhbox=\toks24
\everyvbox=\toks25
\everycr=\toks26
)
\ltjlineendcomment=\count277
\ltj@dimen@zw=\dimen149
\ltj@dimen@zh=\dimen150
\ltj@dimen@jQ=\dimen151
\ltj@icflag=\attribute4
\ltj@curjfnt=\attribute5
\ltj@curtfnt=\attribute6
\ltj@charclass=\attribute7
\ltj@charcode=\attribute8
\ltj@autospc=\attribute9
\ltj@autoxspc=\attribute10
\ltj@yablshift=\attribute11
\ltj@ykblshift=\attribute12
\ltj@tablshift=\attribute13
\ltj@tkblshift=\attribute14
\jfam=\attribute15
\ltj@vert@ori=\attribute16
\ltj@dir=\attribute17
\ltj@@japanese=\language2
\ltj@tempcnta=\count278
\ltj@tempdima=\dimen152
\ltj@@stack=\count279
\ltj@@group@level=\count280
\ltj@kcat0=\attribute18
\ltj@kcat1=\attribute19
\ltj@kcat2=\attribute20
\ltj@kcat3=\attribute21
\ltj@kcat4=\attribute22
\ltj@kcat5=\attribute23
\ltj@kcat6=\attribute24
Custom whatsit inhibitglue = 1
Custom whatsit stack_marker = 2
Custom whatsit begin_par = 3
Custom whatsit direction = 4
Custom whatsit box_boundary = 5
Custom whatsit ja_al_boundary = 6
Module luatexbase Info: Uninstalling kernel luatexbase code on input line 184
(load cache: ltj-cid-auto-adobe-japan1.luc)
Lua module: luatexja.charrange 2022-08-19 Handling the range of Japanese charact
ers
Lua module: luatexja.stack 2022-08-20 LuaTeX-ja stack system
Inserting `ltj.create_dir_whatsit' in `hpack_filter'.
Inserting `ltj.create_dir_whatsit' in `post_linebreak_filter'.
Inserting `ltj.direction' in `vpack_filter'.
Inserting `ltj.direction' in `pre_output_filter'.
Inserting `ltj.lineskip' in `post_linebreak_filter'.
Inserting `ltj.lineskip' in `append_to_vlist_filter'.
Lua module: luatexja.jfont 2025-05-04 Loader for Japanese fonts
Removing  `luaotfload.define_font' from `define_font'.
Inserting `luatexja.font_callback' in `define_font'.
Removing  `luaotfload.aux.set_sscale_dimens' from `luaotfload.patch_font'.
Removing  `luaotfload.aux.set_font_index' from `luaotfload.patch_font'.
Removing  `luaotfload.aux.patch_cambria_domh' from `luaotfload.patch_font'.
Removing  `luaotfload.aux.set_capheight' from `luaotfload.patch_font'.
Removing  `luaotfload.aux.set_xheight' from `luaotfload.patch_font'.
Removing  `luaotfload.rewrite_fontname' from `luaotfload.patch_font'.
Inserting `ltj.prepare_extra_data' in `luaotfload.patch_font'.
Inserting `luaotfload.aux.set_sscale_dimens' in `luaotfload.patch_font'.
Inserting `luaotfload.aux.set_font_index' in `luaotfload.patch_font'.
Inserting `luaotfload.aux.patch_cambria_domh' in `luaotfload.patch_font'.
Inserting `luaotfload.aux.set_capheight' in `luaotfload.patch_font'.
Inserting `luaotfload.aux.set_xheight' in `luaotfload.patch_font'.
Inserting `luaotfload.rewrite_fontname' in `luaotfload.patch_font'.
Inserting `ltj.prepare_extra_data' in `luatexja.define_font'.
Inserting `ltj.get_vert_form' in `luatexja.define_jfont'.
Removing  `ltj.prepare_extra_data' from `luaotfload.patch_font'.
Removing  `luaotfload.aux.set_sscale_dimens' from `luaotfload.patch_font'.
Removing  `luaotfload.aux.set_font_index' from `luaotfload.patch_font'.
Removing  `luaotfload.aux.patch_cambria_domh' from `luaotfload.patch_font'.
Removing  `luaotfload.aux.set_capheight' from `luaotfload.patch_font'.
Removing  `luaotfload.aux.set_xheight' from `luaotfload.patch_font'.
Removing  `luaotfload.rewrite_fontname' from `luaotfload.patch_font'.
Inserting `ltj.supply_tounicode' in `luaotfload.patch_font'.
Inserting `ltj.prepare_extra_data' in `luaotfload.patch_font'.
Inserting `luaotfload.aux.set_sscale_dimens' in `luaotfload.patch_font'.
Inserting `luaotfload.aux.set_font_index' in `luaotfload.patch_font'.
Inserting `luaotfload.aux.patch_cambria_domh' in `luaotfload.patch_font'.
Inserting `luaotfload.aux.set_capheight' in `luaotfload.patch_font'.
Inserting `luaotfload.aux.set_xheight' in `luaotfload.patch_font'.
Inserting `luaotfload.rewrite_fontname' in `luaotfload.patch_font'.
Inserting `ltj.process_input_buffer' in `process_input_buffer'.
Inserting `ltj.hyphenate' in `hyphenate'.
Removing  `luaotfload.node_processor' from `hpack_filter'.
Removing  `luaotfload.harf.finalize_hlist' from `hpack_filter'.
Removing  `ltj.create_dir_whatsit' from `hpack_filter'.
Inserting `ltj.set_stack_level' in `hpack_filter'.
Inserting `luaotfload.node_processor' in `hpack_filter'.
Inserting `luaotfload.harf.finalize_hlist' in `hpack_filter'.
Inserting `ltj.create_dir_whatsit' in `hpack_filter'.
Removing  `luaotfload.node_processor' from `pre_linebreak_filter'.
Inserting `ltj.set_stack_level' in `pre_linebreak_filter'.
Inserting `luaotfload.node_processor' in `pre_linebreak_filter'.
Lua module: luatexja.jfmglue 2026-01-07 Insertion process of JFM glues, [x]kanji
skip and others
Inserting `luatexja.beginpar.np_info' in `luatexja.jfmglue.whatsit_getinfo'.
Inserting `luatexja.beginpar.np_info_after' in `luatexja.jfmglue.whatsit_after'.
Inserting `ltj.mlist_to_hlist_pre' in `pre_mlist_to_hlist_filter'.
Inserting `ltj.main' in `pre_linebreak_filter'.
Removing  `luaotfload.harf.finalize_hlist' from `hpack_filter'.
Removing  `ltj.create_dir_whatsit' from `hpack_filter'.
Inserting `ltj.main' in `hpack_filter'.
Inserting `luaotfload.harf.finalize_hlist' in `hpack_filter'.
Inserting `ltj.create_dir_whatsit' in `hpack_filter'.
Removing  `ltj.set_stack_level' from `pre_linebreak_filter'.
Removing  `luaotfload.node_processor' from `pre_linebreak_filter'.
Removing  `ltj.main' from `pre_linebreak_filter'.
Inserting `ltj.adjust_icflag' in `pre_linebreak_filter'.
Inserting `ltj.set_stack_level' in `pre_linebreak_filter'.
Inserting `luaotfload.node_processor' in `pre_linebreak_filter'.
Inserting `ltj.main' in `pre_linebreak_filter'.
Removing  `ltj.set_stack_level' from `hpack_filter'.
Removing  `luaotfload.node_processor' from `hpack_filter'.
Removing  `ltj.main' from `hpack_filter'.
Removing  `luaotfload.harf.finalize_hlist' from `hpack_filter'.
Removing  `ltj.create_dir_whatsit' from `hpack_filter'.
Inserting `ltj.adjust_icflag' in `hpack_filter'.
Inserting `ltj.set_stack_level' in `hpack_filter'.
Inserting `luaotfload.node_processor' in `hpack_filter'.
Inserting `ltj.main' in `hpack_filter'.
Inserting `luaotfload.harf.finalize_hlist' in `hpack_filter'.
Inserting `ltj.create_dir_whatsit' in `hpack_filter'.
(/usr/local/texlive/2026/texmf-dist/tex/luatex/luatexja/ltj-base.sty
Package: ltj-base 2021-03-16
\ltj@tempcntb=\count281
\ltj@tempcntc=\count282
\ltj@afbox=\box53
)
\ltj@@italic@inner=\luafunction31
\ltj@@start@time@measure@inner=\luafunction32
\ltj@@stop@time@measure@inner=\luafunction33
\ltj@@jfont@inner=\luafunction34
\ltj@zw@inner=\luafunction35
\ltj@zh@inner=\luafunction36
\ltj@reset@globaldefs@inner=\luafunction37
\ltj@restore@globaldefs@inner=\luafunction38
\ltj@@disihb@inner=\luafunction39
\ltj@@ihb@inner=\luafunction40
\ltj@@fakeparbegin@inner=\luafunction41
\ltj@@fakeboxbdd@inner=\luafunction42
\ltj@@ins@xk@inner=\luafunction43
\ltj@@ins@k@inner=\luafunction44
\ltjsetkanjiskip@inner=\luafunction45
\ltjsetxkanjiskip@inner=\luafunction46
\ltj@@getparam@one@inner=\luafunction47
\ltj@alljachar@inner=\luafunction48
\ltj@@lua@populate@insertwhatsit@inner=\luafunction49
\ltj@@vadjust@begin@inner=\luafunction50
\ltj@@vadjust@dirhook@inner=\luafunction51
\ltj@@vadjust@check@dir@inner=\luafunction52
\ltj@@box@dirhook@inner=\luafunction53
\ltj@@reset@badness@inner=\luafunction54
\ltj@@lua@raisebox@inner=\luafunction55
\ltj@@vsplit@inner=\luafunction56
\ltj@@lua@unboxcheckdir@inner=\luafunction57
\ltj@@lua@uncopycheckdir@inner=\luafunction58
\ltj@@lua@uncopy@restore@whatsit@inner=\luafunction59
(load cache: ltj-kinsoku_default.luc)
(/usr/local/texlive/2026/texmf-dist/tex/luatex/luatexja/ltj-latex.sty
Package: ltj-latex 2026-05-17 LaTeX support of LuaTeX-ja
Inserting `ltj.direction' in `pre_shipout_filter'.
(/usr/local/texlive/2026/texmf-dist/tex/luatex/luatexja/patches/lltjfont.sty
Package: lltjfont 2026-03-15 Patch to NFSS2 for LuaTeX-ja
\ltj@@latex@plv=\count283

(/usr/local/texlive/2026/texmf-dist/tex/latex/base/tuenc.def
File: tuenc.def 2025/07/18 v2.1d Standard LaTeX file
\@remove@tlig@@@=\luafunction60
LaTeX Font Info:    Redeclaring font encoding TU on input line 105.
LaTeX Encoding Info:    Redeclaring text command \textquotesingle (encoding TU)
 on input line 148.
LaTeX Encoding Info:    Redeclaring text command \textasciigrave (encoding TU) 
on input line 149.
LaTeX Encoding Info:    Redeclaring text command \textquotedbl (encoding TU) on
 input line 150.
LaTeX Encoding Info:    Redeclaring text command \textdollar (encoding TU) on i
nput line 151.
LaTeX Encoding Info:    Redeclaring text command \textless (encoding TU) on inp
ut line 152.
LaTeX Encoding Info:    Redeclaring text command \textgreater (encoding TU) on 
input line 153.
LaTeX Encoding Info:    Redeclaring text command \textbackslash (encoding TU) o
n input line 154.
LaTeX Encoding Info:    Redeclaring text command \textasciicircum (encoding TU)
 on input line 155.
LaTeX Encoding Info:    Redeclaring text command \textunderscore (encoding TU) 
on input line 156.
LaTeX Encoding Info:    Redeclaring text command \textbraceleft (encoding TU) o
n input line 157.
LaTeX Encoding Info:    Redeclaring text command \textbar (encoding TU) on inpu
t line 158.
LaTeX Encoding Info:    Redeclaring text command \textbraceright (encoding TU) 
on input line 159.
LaTeX Encoding Info:    Redeclaring text command \textasciitilde (encoding TU) 
on input line 160.
LaTeX Encoding Info:    Redeclaring text command \textexclamdown (encoding TU) 
on input line 161.
LaTeX Encoding Info:    Redeclaring text command \textcent (encoding TU) on inp
ut line 162.
LaTeX Encoding Info:    Redeclaring text command \textsterling (encoding TU) on
 input line 163.
LaTeX Encoding Info:    Redeclaring text command \textcurrency (encoding TU) on
 input line 164.
LaTeX Encoding Info:    Redeclaring text command \textyen (encoding TU) on inpu
t line 165.
LaTeX Encoding Info:    Redeclaring text command \textbrokenbar (encoding TU) o
n input line 166.
LaTeX Encoding Info:    Redeclaring text command \textsection (encoding TU) on 
input line 167.
LaTeX Encoding Info:    Redeclaring text command \textasciidieresis (encoding T
U) on input line 168.
LaTeX Encoding Info:    Redeclaring text command \textcopyright (encoding TU) o
n input line 169.
LaTeX Encoding Info:    Redeclaring text command \textordfeminine (encoding TU)
 on input line 170.
LaTeX Encoding Info:    Redeclaring text command \guillemetleft (encoding TU) o
n input line 171.
LaTeX Encoding Info:    Redeclaring text command \guillemotleft (encoding TU) o
n input line 172.
LaTeX Encoding Info:    Redeclaring text command \textlnot (encoding TU) on inp
ut line 173.
LaTeX Encoding Info:    Redeclaring text command \textregistered (encoding TU) 
on input line 174.
LaTeX Encoding Info:    Redeclaring text command \textasciimacron (encoding TU)
 on input line 175.
LaTeX Encoding Info:    Redeclaring text command \textdegree (encoding TU) on i
nput line 176.
LaTeX Encoding Info:    Redeclaring text command \textpm (encoding TU) on input
 line 177.
LaTeX Encoding Info:    Redeclaring text command \texttwosuperior (encoding TU)
 on input line 178.
LaTeX Encoding Info:    Redeclaring text command \textthreesuperior (encoding T
U) on input line 179.
LaTeX Encoding Info:    Redeclaring text command \textasciiacute (encoding TU) 
on input line 180.
LaTeX Encoding Info:    Redeclaring text command \textmu (encoding TU) on input
 line 181.
LaTeX Encoding Info:    Redeclaring text command \textparagraph (encoding TU) o
n input line 182.
LaTeX Encoding Info:    Redeclaring text command \textperiodcentered (encoding 
TU) on input line 183.
LaTeX Encoding Info:    Redeclaring text command \textonesuperior (encoding TU)
 on input line 184.
LaTeX Encoding Info:    Redeclaring text command \textordmasculine (encoding TU
) on input line 185.
LaTeX Encoding Info:    Redeclaring text command \guillemetright (encoding TU) 
on input line 186.
LaTeX Encoding Info:    Redeclaring text command \guillemotright (encoding TU) 
on input line 187.
LaTeX Encoding Info:    Redeclaring text command \textonequarter (encoding TU) 
on input line 188.
LaTeX Encoding Info:    Redeclaring text command \textonehalf (encoding TU) on 
input line 189.
LaTeX Encoding Info:    Redeclaring text command \textthreequarters (encoding T
U) on input line 190.
LaTeX Encoding Info:    Redeclaring text command \textquestiondown (encoding TU
) on input line 191.
LaTeX Encoding Info:    Redeclaring text command \AE (encoding TU) on input lin
e 192.
LaTeX Encoding Info:    Redeclaring text command \DH (encoding TU) on input lin
e 193.
LaTeX Encoding Info:    Redeclaring text command \texttimes (encoding TU) on in
put line 194.
LaTeX Encoding Info:    Redeclaring text command \O (encoding TU) on input line
 195.
LaTeX Encoding Info:    Redeclaring text command \TH (encoding TU) on input lin
e 196.
LaTeX Encoding Info:    Redeclaring text command \ss (encoding TU) on input lin
e 197.
LaTeX Encoding Info:    Redeclaring text command \ae (encoding TU) on input lin
e 198.
LaTeX Encoding Info:    Redeclaring text command \dh (encoding TU) on input lin
e 199.
LaTeX Encoding Info:    Redeclaring text command \textdiv (encoding TU) on inpu
t line 200.
LaTeX Encoding Info:    Redeclaring text command \o (encoding TU) on input line
 201.
LaTeX Encoding Info:    Redeclaring text command \th (encoding TU) on input lin
e 202.
LaTeX Encoding Info:    Redeclaring text command \DJ (encoding TU) on input lin
e 203.
LaTeX Encoding Info:    Redeclaring text command \dj (encoding TU) on input lin
e 204.
LaTeX Encoding Info:    Redeclaring text command \i (encoding TU) on input line
 205.
LaTeX Encoding Info:    Redeclaring text command \IJ (encoding TU) on input lin
e 206.
LaTeX Encoding Info:    Redeclaring text command \ij (encoding TU) on input lin
e 207.
LaTeX Encoding Info:    Redeclaring text command \L (encoding TU) on input line
 208.
LaTeX Encoding Info:    Redeclaring text command \l (encoding TU) on input line
 209.
LaTeX Encoding Info:    Redeclaring text command \NG (encoding TU) on input lin
e 210.
LaTeX Encoding Info:    Redeclaring text command \ng (encoding TU) on input lin
e 211.
LaTeX Encoding Info:    Redeclaring text command \OE (encoding TU) on input lin
e 212.
LaTeX Encoding Info:    Redeclaring text command \oe (encoding TU) on input lin
e 213.
LaTeX Encoding Info:    Redeclaring text command \textflorin (encoding TU) on i
nput line 214.
LaTeX Encoding Info:    Redeclaring text command \j (encoding TU) on input line
 215.
LaTeX Encoding Info:    Redeclaring text command \textasciicaron (encoding TU) 
on input line 216.
LaTeX Encoding Info:    Redeclaring text command \textasciibreve (encoding TU) 
on input line 217.
LaTeX Encoding Info:    Redeclaring text command \textacutedbl (encoding TU) on
 input line 218.
LaTeX Encoding Info:    Redeclaring text command \textgravedbl (encoding TU) on
 input line 219.
LaTeX Encoding Info:    Redeclaring text command \texttildelow (encoding TU) on
 input line 220.
LaTeX Encoding Info:    Redeclaring text command \textbaht (encoding TU) on inp
ut line 221.
LaTeX Encoding Info:    Redeclaring text command \SS (encoding TU) on input lin
e 222.
LaTeX Encoding Info:    Redeclaring text command \textcompwordmark (encoding TU
) on input line 223.
LaTeX Encoding Info:    Redeclaring text command \textendash (encoding TU) on i
nput line 224.
LaTeX Encoding Info:    Redeclaring text command \textemdash (encoding TU) on i
nput line 225.
LaTeX Encoding Info:    Redeclaring text command \textnonbreakinghyphen (encodi
ng TU) on input line 226.
LaTeX Encoding Info:    Redeclaring text command \textfiguredash (encoding TU) 
on input line 228.
LaTeX Encoding Info:    Redeclaring text command \texthorizontalbar (encoding T
U) on input line 230.
LaTeX Encoding Info:    Redeclaring text command \textbardbl (encoding TU) on i
nput line 232.
LaTeX Encoding Info:    Redeclaring text command \textquoteleft (encoding TU) o
n input line 233.
LaTeX Encoding Info:    Redeclaring text command \textquoteright (encoding TU) 
on input line 234.
LaTeX Encoding Info:    Redeclaring text command \quotesinglbase (encoding TU) 
on input line 235.
LaTeX Encoding Info:    Redeclaring text command \textquotedblleft (encoding TU
) on input line 236.
LaTeX Encoding Info:    Redeclaring text command \textquotedblright (encoding T
U) on input line 237.
LaTeX Encoding Info:    Redeclaring text command \quotedblbase (encoding TU) on
 input line 238.
LaTeX Encoding Info:    Redeclaring text command \textdagger (encoding TU) on i
nput line 239.
LaTeX Encoding Info:    Redeclaring text command \textdaggerdbl (encoding TU) o
n input line 240.
LaTeX Encoding Info:    Redeclaring text command \textbullet (encoding TU) on i
nput line 241.
LaTeX Encoding Info:    Redeclaring text command \textellipsis (encoding TU) on
 input line 242.
LaTeX Encoding Info:    Redeclaring text command \textperthousand (encoding TU)
 on input line 243.
LaTeX Encoding Info:    Redeclaring text command \textpertenthousand (encoding 
TU) on input line 244.
LaTeX Encoding Info:    Redeclaring text command \guilsinglleft (encoding TU) o
n input line 245.
LaTeX Encoding Info:    Redeclaring text command \guilsinglright (encoding TU) 
on input line 246.
LaTeX Encoding Info:    Redeclaring text command \textreferencemark (encoding T
U) on input line 247.
LaTeX Encoding Info:    Redeclaring text command \textinterrobang (encoding TU)
 on input line 248.
LaTeX Encoding Info:    Redeclaring text command \textfractionsolidus (encoding
 TU) on input line 249.
LaTeX Encoding Info:    Redeclaring text command \textlquill (encoding TU) on i
nput line 250.
LaTeX Encoding Info:    Redeclaring text command \textrquill (encoding TU) on i
nput line 251.
LaTeX Encoding Info:    Redeclaring text command \textdiscount (encoding TU) on
 input line 252.
LaTeX Encoding Info:    Redeclaring text command \textcolonmonetary (encoding T
U) on input line 253.
LaTeX Encoding Info:    Redeclaring text command \textlira (encoding TU) on inp
ut line 254.
LaTeX Encoding Info:    Redeclaring text command \textnaira (encoding TU) on in
put line 255.
LaTeX Encoding Info:    Redeclaring text command \textwon (encoding TU) on inpu
t line 256.
LaTeX Encoding Info:    Redeclaring text command \textdong (encoding TU) on inp
ut line 257.
LaTeX Encoding Info:    Redeclaring text command \texteuro (encoding TU) on inp
ut line 258.
LaTeX Encoding Info:    Redeclaring text command \textpeso (encoding TU) on inp
ut line 259.
LaTeX Encoding Info:    Redeclaring text command \textcelsius (encoding TU) on 
input line 260.
LaTeX Encoding Info:    Redeclaring text command \textnumero (encoding TU) on i
nput line 261.
LaTeX Encoding Info:    Redeclaring text command \textcircledP (encoding TU) on
 input line 262.
LaTeX Encoding Info:    Redeclaring text command \textrecipe (encoding TU) on i
nput line 263.
LaTeX Encoding Info:    Redeclaring text command \textservicemark (encoding TU)
 on input line 264.
LaTeX Encoding Info:    Redeclaring text command \texttrademark (encoding TU) o
n input line 265.
LaTeX Encoding Info:    Redeclaring text command \textohm (encoding TU) on inpu
t line 266.
LaTeX Encoding Info:    Redeclaring text command \textmho (encoding TU) on inpu
t line 267.
LaTeX Encoding Info:    Redeclaring text command \textestimated (encoding TU) o
n input line 268.
LaTeX Encoding Info:    Redeclaring text command \textleftarrow (encoding TU) o
n input line 269.
LaTeX Encoding Info:    Redeclaring text command \textuparrow (encoding TU) on 
input line 270.
LaTeX Encoding Info:    Redeclaring text command \textrightarrow (encoding TU) 
on input line 271.
LaTeX Encoding Info:    Redeclaring text command \textdownarrow (encoding TU) o
n input line 272.
LaTeX Encoding Info:    Redeclaring text command \textminus (encoding TU) on in
put line 273.
LaTeX Encoding Info:    Redeclaring text command \Hwithstroke (encoding TU) on 
input line 275.
LaTeX Encoding Info:    Redeclaring text command \hwithstroke (encoding TU) on 
input line 276.
LaTeX Encoding Info:    Redeclaring text command \textasteriskcentered (encodin
g TU) on input line 277.
LaTeX Encoding Info:    Redeclaring text command \textsurd (encoding TU) on inp
ut line 288.
LaTeX Encoding Info:    Redeclaring text command \textlangle (encoding TU) on i
nput line 289.
LaTeX Encoding Info:    Redeclaring text command \textrangle (encoding TU) on i
nput line 290.
LaTeX Encoding Info:    Redeclaring text command \textblank (encoding TU) on in
put line 291.
LaTeX Encoding Info:    Redeclaring text command \textvisiblespace (encoding TU
) on input line 292.
LaTeX Encoding Info:    Redeclaring text command \textopenbullet (encoding TU) 
on input line 293.
LaTeX Encoding Info:    Redeclaring text command \textbigcircle (encoding TU) o
n input line 294.
LaTeX Encoding Info:    Redeclaring text command \textmusicalnote (encoding TU)
 on input line 295.
LaTeX Encoding Info:    Redeclaring text command \textmarried (encoding TU) on 
input line 296.
LaTeX Encoding Info:    Redeclaring text command \textdivorced (encoding TU) on
 input line 297.
LaTeX Encoding Info:    Redeclaring text command \textinterrobangdown (encoding
 TU) on input line 298.
LaTeX Encoding Info:    Redeclaring text command \` (encoding TU) on input line
 299.
LaTeX Encoding Info:    Redeclaring text command \' (encoding TU) on input line
 300.
LaTeX Encoding Info:    Redeclaring text command \^ (encoding TU) on input line
 301.
LaTeX Encoding Info:    Redeclaring text command \~ (encoding TU) on input line
 302.
LaTeX Encoding Info:    Redeclaring text command \= (encoding TU) on input line
 303.
LaTeX Encoding Info:    Redeclaring text command \u (encoding TU) on input line
 304.
LaTeX Encoding Info:    Redeclaring text command \. (encoding TU) on input line
 305.
LaTeX Encoding Info:    Redeclaring text command \" (encoding TU) on input line
 306.
LaTeX Encoding Info:    Redeclaring text command \r (encoding TU) on input line
 307.
LaTeX Encoding Info:    Redeclaring text command \H (encoding TU) on input line
 308.
LaTeX Encoding Info:    Redeclaring text command \v (encoding TU) on input line
 309.
LaTeX Encoding Info:    Redeclaring text command \b (encoding TU) on input line
 310.
LaTeX Encoding Info:    Redeclaring text command \d (encoding TU) on input line
 311.
LaTeX Encoding Info:    Redeclaring text command \c (encoding TU) on input line
 312.
LaTeX Encoding Info:    Redeclaring text command \k (encoding TU) on input line
 313.
LaTeX Encoding Info:    Redeclaring text command \textcommabelow (encoding TU) 
on input line 314.
)
\Cht=\dimen153
\cht=\dimen154
\Cdp=\dimen155
\cdp=\dimen156
\Cwd=\dimen157
\cwd=\dimen158
\Cvs=\dimen159
\cvs=\dimen160
\Chs=\dimen161
\chs=\dimen162
\cHT=\dimen163
\dstrutbox=\box54
\tstrutbox=\box55
\zstrutbox=\box56
LaTeX Info: Redefining \strut on input line 71.
\ltj@@add@fenc@@inner=\luafunction61
\ltj@@add@kyenc@@inner=\luafunction62
\ltj@@add@ktenc@@inner=\luafunction63
\ltj@@is@kyenc@@inner=\luafunction64
\ltj@@is@ktenc@@inner=\luafunction65
\ltj@@is@kenc@@inner=\luafunction66
\ltj@@is@ffam@@inner=\luafunction67
\ltj@@add@ffam@@inner=\luafunction68
\ltj@@add@kfam@@inner=\luafunction69
\ltj@@adjust@baseline@inner=\luafunction70
LaTeX Info: Redefining \fontencoding on input line 573.
LaTeX Info: Redefining \fontfamily on input line 619.
LaTeX Info: Redefining \fontseries on input line 813.
LaTeX Info: Redefining \fontseriesforce on input line 814.
LaTeX Info: Redefining \fontshape on input line 822.
LaTeX Info: Redefining \fontshapeforce on input line 833.
\ltj@@jfont@@jfmonly@@inner=\luafunction71
\ltj@@does@alt@set@@inner=\luafunction72
\ltj@@cipath@clear@inner=\luafunction73
)
(/usr/local/texlive/2026/texmf-dist/tex/luatex/luatexja/patches/lltjdefs.sty
Package: lltjdefs 2024-05-16 Default font settings of LuaTeX-ja
luaotfload | db : Font names database loaded from /Users/newton/Library/texlive/
2026/texmf-var/luatex-cache/generic/names/luaotfload-names.luc.gz(load cache: ex
tra_lmroman10-regular.luc)
LaTeX Font Info:    Font shape `JT3/mc/m/n' will be
(Font)              scaled to size 9.24713pt on input line 69.

(/usr/local/texlive/2026/texmf-dist/tex/luatex/luatexja/jfm-ujisv.lua)
LaTeX Font Info:    Font shape `JY3/mc/m/n' will be
(Font)              scaled to size 9.24713pt on input line 69.
(load cache: extra_haranoajimincho-regular.luc)
(/usr/local/texlive/2026/texmf-dist/tex/luatex/luatexja/jfm-ujis.lua)
\symmincho=\mathgroup4
LaTeX Font Info:    Overwriting symbol font `mincho' in version `bold'
(Font)                  JY3/mc/m/n --> JY3/gt/m/n on input line 78.
)
(/usr/local/texlive/2026/texmf-dist/tex/luatex/luatexja/patches/lltjcore.sty
Package: lltjcore 2026-05-17 Patch to LaTeX2e Kernel for LuaTeX-ja

(/usr/local/texlive/2026/texmf-dist/tex/latex/l3kernel/expl3.sty
Package: expl3 2026-05-15 L3 programming layer (loader) 

(/usr/local/texlive/2026/texmf-dist/tex/latex/l3backend/l3backend-luatex.def
File: l3backend-luatex.def 2026-02-18 L3 backend support: PDF output (LuaTeX)
\l__color_backend_stack_int=\count284
Inserting `l3color' in `luaotfload.parse_color'.))
\@tombowwidth=\dimen164
\@TL=\box57
\@Tl=\box58
\@TC=\box59
\@TR=\box60
\@Tr=\box61
\@BL=\box62
\@Bl=\box63
\@BC=\box64
\@BR=\box65
\@Br=\box66
\@CL=\box67
\@CR=\box68
(load cache: extra_lmmono9-regular.luc)
\@bannertoken=\toks27
\@@paperheight=\dimen165
\@@paperwidth=\dimen166
\@@topmargin=\dimen167
LaTeX Info: Redefining \underline on input line 311.
)
(/usr/local/texlive/2026/texmf-dist/tex/luatex/luatexja/patches/lltjp-atbegshi.
sty
Package: lltjp-atbegshi 2024-05-14 Patching \shipout hooks for LuaTeX-ja
\l__platex_shipout_dummy_box=\box69
)
(/usr/local/texlive/2026/texmf-dist/tex/luatex/luatexja/patches/lltjp-geometry.
sty
Package: lltjp-geometry 2024-05-16 Patch to geometry for LuaTeX-ja with vertica
l writing mode
 (/usr/local/texlive/2026/texmf-dist/tex/generic/iftex/ifluatex.sty
Package: ifluatex 2019/10/25 v1.5 ifluatex legacy package. Use iftex instead.
)))
\ltj@temp@cctb=\catcodetable16
)
(/usr/local/texlive/2026/texmf-dist/tex/luatex/luatexja/luatexja-compat.sty
Package: luatexja-compat 2025-09-21 Compatibility with pTeX
(load cache: ltj-jisx0208.luc)
\hour=\count285
\minute=\count286
))
\jsc@mpt=\dimen168
\jsc@mmm=\dimen169
\jsc@smallskipamount=\skip49
LaTeX Font Info:    Font shape `JY3/mc/m/n' will be
(Font)              scaled to size 9.24713pt on input line 417.
\fullwidth=\dimen170
(load cache: extra_lmroman8-regular.luc)
LaTeX Font Info:    Font shape `JT3/mc/m/n' will be
(Font)              scaled to size 7.3977pt on input line 558.
LaTeX Font Info:    Font shape `JY3/mc/m/n' will be
(Font)              scaled to size 7.3977pt on input line 558.
\c@part=\count287
\c@section=\count288
\c@subsection=\count289
\c@subsubsection=\count290
\c@paragraph=\count291
\c@subparagraph=\count292
\@abstractbox=\box70
\c@figure=\count293
\c@table=\count294
\abovecaptionskip=\skip50
\belowcaptionskip=\skip51
LaTeX Info: Redefining \mc on input line 1318.
LaTeX Info: Redefining \gt on input line 1319.
\jsc@tocl@width=\dimen171
\@lnumwidth=\dimen172
\bibindent=\dimen173

(/usr/local/texlive/2026/texmf-dist/tex/platex/jsclasses/jslogo.sty
Package: jslogo 2019/07/25 okumura, texjporg
LaTeX Info: Redefining \TeX on input line 82.
LaTeX Info: Redefining \LaTeX on input line 135.
LaTeX Info: Redefining \LaTeXe on input line 188.
)
\heisei=\count295
)
(../../myStyle.sty
(/usr/local/texlive/2026/texmf-dist/tex/latex/biblatex/biblatex.sty
Package: biblatex 2025/07/10 v3.21 programmable bibliographies (PK/MW)

(/usr/local/texlive/2026/texmf-dist/tex/latex/kvoptions/kvoptions.sty
Package: kvoptions 2022-06-15 v3.15 Key value format for package options (HO)

(/usr/local/texlive/2026/texmf-dist/tex/latex/kvsetkeys/kvsetkeys.sty
Package: kvsetkeys 2022-10-05 v1.19 Key value parser (HO)
))
(/usr/local/texlive/2026/texmf-dist/tex/latex/logreq/logreq.sty
Package: logreq 2010/08/04 v1.0 xml request logger
\lrq@indent=\count296

(/usr/local/texlive/2026/texmf-dist/tex/latex/logreq/logreq.def
File: logreq.def 2010/08/04 v1.0 logreq spec v1.0
))
(/usr/local/texlive/2026/texmf-dist/tex/latex/base/ifthen.sty
Package: ifthen 2024/03/16 v1.1e Standard LaTeX ifthen package (DPC)
)
(/usr/local/texlive/2026/texmf-dist/tex/latex/url/url.sty
\Urlmuskip=\muskip17
Package: url 2013/09/16  ver 3.4  Verb mode for urls, etc.
)
\c@tabx@nest=\count297
\c@listtotal=\count298
\c@listcount=\count299
\c@liststart=\count300
\c@liststop=\count301
\c@citecount=\count302
\c@citetotal=\count303
\c@multicitecount=\count304
\c@multicitetotal=\count305
\c@instcount=\count306
\c@maxnames=\count307
\c@minnames=\count308
\c@maxitems=\count309
\c@minitems=\count310
\c@citecounter=\count311
\c@maxcitecounter=\count312
\c@savedcitecounter=\count313
\c@uniquelist=\count314
\c@uniquename=\count315
\c@refsection=\count316
\c@refsegment=\count317
\c@maxextratitle=\count318
\c@maxextratitleyear=\count319
\c@maxextraname=\count320
\c@maxextradate=\count321
\c@maxextraalpha=\count322
\c@abbrvpenalty=\count323
\c@highnamepenalty=\count324
\c@lownamepenalty=\count325
\c@maxparens=\count326
\c@parenlevel=\count327
\blx@tempcnta=\count328
\blx@tempcntb=\count329
\blx@tempcntc=\count330
\c@blx@maxsection=\count331
\blx@maxsegment@0=\count332
\blx@notetype=\count333
\blx@parenlevel@text=\count334
\blx@parenlevel@foot=\count335
\blx@sectionciteorder@0=\count336
\blx@sectionciteorderinternal@0=\count337
\blx@entrysetcounter=\count338
\blx@biblioinstance=\count339
\labelnumberwidth=\skip52
\labelalphawidth=\skip53
\biblabelsep=\skip54
\bibitemsep=\skip55
\bibnamesep=\skip56
\bibinitsep=\skip57
\bibparsep=\skip58
\bibhang=\skip59
\blx@bcfin=\read2
\blx@bcfout=\write3
\blx@langwohyphens=\language3
\c@mincomprange=\count340
\c@maxcomprange=\count341
\c@mincompwidth=\count342
Package biblatex Info: Trying to load biblatex default data model...
Package biblatex Info: ... file 'blx-dm.def' found.

(/usr/local/texlive/2026/texmf-dist/tex/latex/biblatex/blx-dm.def
File: blx-dm.def 2025/07/10 v3.21 biblatex datamodel (PK/MW)
)
Package biblatex Info: Trying to load biblatex style data model...
Package biblatex Info: ... file 'jpa2.dbx' found.
 (./jpa2.dbx
File: jpa2.dbx 2026/03/24 v0.1 JPA 2022 biblatex data model
)
Package biblatex Info: Trying to load biblatex custom data model...
Package biblatex Info: ... file 'biblatex-dm.cfg' not found.
\c@afterword=\count343
\c@savedafterword=\count344
\c@annotator=\count345
\c@savedannotator=\count346
\c@author=\count347
\c@savedauthor=\count348
\c@bookauthor=\count349
\c@savedbookauthor=\count350
\c@commentator=\count351
\c@savedcommentator=\count352
\c@editor=\count353
\c@savededitor=\count354
\c@editora=\count355
\c@savededitora=\count356
\c@editorb=\count357
\c@savededitorb=\count358
\c@editorc=\count359
\c@savededitorc=\count360
\c@foreword=\count361
\c@savedforeword=\count362
\c@holder=\count363
\c@savedholder=\count364
\c@introduction=\count365
\c@savedintroduction=\count366
\c@namea=\count367
\c@savednamea=\count368
\c@nameb=\count369
\c@savednameb=\count370
\c@namec=\count371
\c@savednamec=\count372
\c@translator=\count373
\c@savedtranslator=\count374
\c@shortauthor=\count375
\c@savedshortauthor=\count376
\c@shorteditor=\count377
\c@savedshorteditor=\count378
\c@origauthor=\count379
\c@savedorigauthor=\count380
\c@translatora=\count381
\c@savedtranslatora=\count382
\c@labelname=\count383
\c@savedlabelname=\count384
\c@institution=\count385
\c@savedinstitution=\count386
\c@lista=\count387
\c@savedlista=\count388
\c@listb=\count389
\c@savedlistb=\count390
\c@listc=\count391
\c@savedlistc=\count392
\c@listd=\count393
\c@savedlistd=\count394
\c@liste=\count395
\c@savedliste=\count396
\c@listf=\count397
\c@savedlistf=\count398
\c@location=\count399
\c@savedlocation=\count400
\c@organization=\count401
\c@savedorganization=\count402
\c@origlocation=\count403
\c@savedoriglocation=\count404
\c@origpublisher=\count405
\c@savedorigpublisher=\count406
\c@publisher=\count407
\c@savedpublisher=\count408
\c@language=\count409
\c@savedlanguage=\count410
\c@origlanguage=\count411
\c@savedoriglanguage=\count412
\c@pageref=\count413
\c@savedpageref=\count414
\shorthandwidth=\skip60
\shortjournalwidth=\skip61
\shortserieswidth=\skip62
\shorttitlewidth=\skip63
\shortauthorwidth=\skip64
\shorteditorwidth=\skip65
\origauthorwidth=\skip66
\translatorawidth=\skip67
\locallabelnumberwidth=\skip68
\locallabelalphawidth=\skip69
\localshorthandwidth=\skip70
\localshortjournalwidth=\skip71
\localshortserieswidth=\skip72
\localshorttitlewidth=\skip73
\localshortauthorwidth=\skip74
\localshorteditorwidth=\skip75
\localorigauthorwidth=\skip76
\localtranslatorawidth=\skip77
Package biblatex Info: Trying to load enhanced support for Unicode engines...
Package biblatex Info: ... file 'blx-unicode.def' found.
(/usr/local/texlive/2026/texmf-dist/tex/latex/biblatex/blx-unicode.def)
Package biblatex Info: Trying to load compatibility code...
Package biblatex Info: ... file 'blx-compat.def' found.

(/usr/local/texlive/2026/texmf-dist/tex/latex/biblatex/blx-compat.def
File: blx-compat.def 2025/07/10 v3.21 biblatex compatibility (PK/MW)
)
Package biblatex Info: Trying to load generic definitions...
Package biblatex Info: ... file 'biblatex.def' found.

(/usr/local/texlive/2026/texmf-dist/tex/latex/biblatex/biblatex.def
File: biblatex.def 2025/07/10 v3.21 biblatex compatibility (PK/MW)
\c@textcitecount=\count415
\c@textcitetotal=\count416
\c@textcitemaxnames=\count417
\c@biburlbigbreakpenalty=\count418
\c@biburlbreakpenalty=\count419
\c@biburlnumpenalty=\count420
\c@biburlucpenalty=\count421
\c@biburllcpenalty=\count422
\biburlbigskip=\muskip18
\biburlnumskip=\muskip19
\biburlucskip=\muskip20
\biburllcskip=\muskip21
\c@smartand=\count423
)
Package biblatex Info: Trying to load bibliography style 'jpa2'...
Package biblatex Info: ... file 'jpa2.bbx' found.

(./jpa2.bbx
File: jpa2.bbx 2026/03/24 v0.1 JPA 2022 bibliography style
Package biblatex Info: Trying to load bibliography style 'authoryear'...
Package biblatex Info: ... file 'authoryear.bbx' found.

(/usr/local/texlive/2026/texmf-dist/tex/latex/biblatex/bbx/authoryear.bbx
File: authoryear.bbx 2025/07/10 v3.21 biblatex bibliography style (PK/MW)
Package biblatex Info: Trying to load bibliography style 'standard'...
Package biblatex Info: ... file 'standard.bbx' found.

(/usr/local/texlive/2026/texmf-dist/tex/latex/biblatex/bbx/standard.bbx
File: standard.bbx 2025/07/10 v3.21 biblatex bibliography style (PK/MW)
\c@bbx:relatedcount=\count424
\c@bbx:relatedtotal=\count425
))
Package biblatex Info: Delimiter 'multinamedelim' in context '' already defined
, overwriting.
\maxprtnames=\count426
)
Package biblatex Info: Trying to load citation style 'jpa2'...
Package biblatex Info: ... file 'jpa2.cbx' found.

(./jpa2.cbx
File: jpa2.cbx 2026/03/24 v0.1 JPA 2022 citation style
Package biblatex Info: Trying to load citation style 'authoryear-comp'...
Package biblatex Info: ... file 'authoryear-comp.cbx' found.

(/usr/local/texlive/2026/texmf-dist/tex/latex/biblatex/cbx/authoryear-comp.cbx
File: authoryear-comp.cbx 2025/07/10 v3.21 biblatex citation style (PK/MW)
Package biblatex Info: Redefining '\cite'.
Package biblatex Info: Redefining '\parencite'.
Package biblatex Info: Redefining '\footcite'.
Package biblatex Info: Redefining '\footcitetext'.
Package biblatex Info: Redefining '\smartcite'.
Package biblatex Info: Redefining '\textcite'.
Package biblatex Info: Redefining '\textcites'.
Package biblatex Info: Redefining '\cites'.
Package biblatex Info: Redefining '\parencites'.
Package biblatex Info: Redefining '\footcites'.
Package biblatex Info: Redefining '\footcitetexts'.
Package biblatex Info: Redefining '\smartcites'.
)
Package biblatex Info: Delimiter 'nameyeardelim' in context '' already defined,
 overwriting.
)
Package biblatex Info: Trying to load configuration file...
Package biblatex Info: ... file 'biblatex.cfg' found.
 (/usr/local/texlive/2026/texmf-dist/tex/latex/biblatex/biblatex.cfg
File: biblatex.cfg 
)
Package biblatex Info: LuaTeX detected.
(biblatex)             Assuming input encoding 'utf8'.
Package biblatex Info: Document encoding is UTF8 ....
Package biblatex Info: ... and expl3
(biblatex)             2026-05-15 L3 programming layer (loader) 
(biblatex)             is new enough (at least 2020/04/06),
(biblatex)             setting 'casechanger=expl3'.

(/usr/local/texlive/2026/texmf-dist/tex/latex/biblatex/blx-case-expl3.sty
(/usr/local/texlive/2026/texmf-dist/tex/latex/l3packages/xparse/xparse.sty
Package: xparse 2025-10-09 L3 Experimental document command parser
)
Package: blx-case-expl3 2025/07/10 v3.21 expl3 case changing code for biblatex
))
(/usr/local/texlive/2026/texmf-dist/tex/latex/bxpapersize/bxpapersize.sty
Package: bxpapersize 2022/04/28 v0.6

(/usr/local/texlive/2026/texmf-dist/tex/generic/iftex/ifpdf.sty
Package: ifpdf 2019/10/25 v3.4 ifpdf legacy package. Use iftex instead.
)
(/usr/local/texlive/2026/texmf-dist/tex/generic/iftex/ifxetex.sty
Package: ifxetex 2019/10/25 v0.7 ifxetex legacy package. Use iftex instead.
)
(/usr/local/texlive/2026/texmf-dist/tex/generic/iftex/ifvtex.sty
Package: ifvtex 2019/10/25 v1.7 ifvtex legacy package. Use iftex instead.
)
(/usr/local/texlive/2026/texmf-dist/tex/generic/ifptex/ifptex.sty
Package: ifptex 2023/04/08 v2.2c pTeX checker
)
\bxpr@dima=\dimen174
Package bxpapersize Info: Detected the new LaTeX kernel (2020-10-01).

(/usr/local/texlive/2026/texmf-dist/tex/latex/base/atbegshi-ltx.sty
Package: atbegshi-ltx 2021/01/10 v1.0c Emulation of the original atbegshi
package with kernel methods
))
(/usr/local/texlive/2026/texmf-dist/tex/latex/geometry/geometry.sty
Package: geometry 2026/03/07 v6.0 Page Geometry
\Gm@cnth=\count427
\Gm@cntv=\count428
\c@Gm@tempcnt=\count429
\Gm@bindingoffset=\dimen175
\Gm@wd@mp=\dimen176
\Gm@odd@mp=\dimen177
\Gm@even@mp=\dimen178
\Gm@layoutwidth=\dimen179
\Gm@layoutheight=\dimen180
\Gm@layouthoffset=\dimen181
\Gm@layoutvoffset=\dimen182
\Gm@dimlist=\toks28
)
(/usr/local/texlive/2026/texmf-dist/tex/latex/amsmath/amsmath.sty
Package: amsmath 2025/07/09 v2.17z AMS math features
\@mathmargin=\skip78

For additional information on amsmath, use the `?' option.
(/usr/local/texlive/2026/texmf-dist/tex/latex/amsmath/amstext.sty
Package: amstext 2024/11/17 v2.01 AMS text

(/usr/local/texlive/2026/texmf-dist/tex/latex/amsmath/amsgen.sty
File: amsgen.sty 1999/11/30 v2.0 generic functions
\@emptytoks=\toks29
\ex@=\dimen183
))
(/usr/local/texlive/2026/texmf-dist/tex/latex/amsmath/amsbsy.sty
Package: amsbsy 1999/11/29 v1.2d Bold Symbols
\pmbraise@=\dimen184
)
(/usr/local/texlive/2026/texmf-dist/tex/latex/amsmath/amsopn.sty
Package: amsopn 2022/04/08 v2.04 operator names
)
\inf@bad=\count430
LaTeX Info: Redefining \frac on input line 235.
\uproot@=\count431
\leftroot@=\count432
LaTeX Info: Redefining \overline on input line 398.
LaTeX Info: Redefining \colon on input line 409.
\classnum@=\count433
\DOTSCASE@=\count434
LaTeX Info: Redefining \ldots on input line 495.
LaTeX Info: Redefining \dots on input line 498.
LaTeX Info: Redefining \cdots on input line 619.
\Mathstrutbox@=\box71
\strutbox@=\box72
LaTeX Info: Redefining \big on input line 721.
LaTeX Info: Redefining \Big on input line 722.
LaTeX Info: Redefining \bigg on input line 723.
LaTeX Info: Redefining \Bigg on input line 724.
\big@size=\dimen185
LaTeX Font Info:    Redeclaring font encoding OML on input line 742.
LaTeX Font Info:    Redeclaring font encoding OMS on input line 743.
\macc@depth=\count435
LaTeX Info: Redefining \bmod on input line 904.
LaTeX Info: Redefining \pmod on input line 909.
LaTeX Info: Redefining \smash on input line 939.
LaTeX Info: Redefining \relbar on input line 969.
LaTeX Info: Redefining \Relbar on input line 970.
\c@MaxMatrixCols=\count436
\dotsspace@=\muskip22
\c@parentequation=\count437
\dspbrk@lvl=\count438
\tag@help=\toks30
\row@=\count439
\column@=\count440
\maxfields@=\count441
\andhelp@=\toks31
\eqnshift@=\dimen186
\alignsep@=\dimen187
\tagshift@=\dimen188
\tagwidth@=\dimen189
\totwidth@=\dimen190
\lineht@=\dimen191
\@envbody=\toks32
\multlinegap=\skip79
\multlinetaggap=\skip80
\mathdisplay@stack=\toks33
LaTeX Info: Redefining \[ on input line 2950.
LaTeX Info: Redefining \] on input line 2951.
)
(/usr/local/texlive/2026/texmf-dist/tex/latex/amsfonts/amssymb.sty
Package: amssymb 2013/01/14 v3.01 AMS font symbols

(/usr/local/texlive/2026/texmf-dist/tex/latex/amsfonts/amsfonts.sty
Package: amsfonts 2013/01/14 v3.01 Basic AMSFonts support
\symAMSa=\mathgroup5
\symAMSb=\mathgroup6
LaTeX Font Info:    Redeclaring math symbol \hbar on input line 98.
LaTeX Font Info:    Overwriting math alphabet `\mathfrak' in version `bold'
(Font)                  U/euf/m/n --> U/euf/b/n on input line 106.
))
(/usr/local/texlive/2026/texmf-dist/tex/latex/graphics/graphicx.sty
Package: graphicx 2024/12/31 v1.2e Enhanced LaTeX Graphics (DPC,SPQR)

(/usr/local/texlive/2026/texmf-dist/tex/latex/graphics/graphics.sty
Package: graphics 2024/08/06 v1.4g Standard LaTeX Graphics (DPC,SPQR)

(/usr/local/texlive/2026/texmf-dist/tex/latex/graphics/trig.sty
Package: trig 2023/12/02 v1.11 sin cos tan (DPC)
)
(/usr/local/texlive/2026/texmf-dist/tex/latex/graphics-cfg/graphics.cfg
File: graphics.cfg 2016/06/04 v1.11 sample graphics configuration
)
Package graphics Info: Driver file: luatex.def on input line 106.

(/usr/local/texlive/2026/texmf-dist/tex/latex/graphics-def/luatex.def
File: luatex.def 2025/09/29 v1.2f Graphics/color driver for luatex
))
\Gin@req@height=\dimen192
\Gin@req@width=\dimen193
)
(/usr/local/texlive/2026/texmf-dist/tex/latex/float/float.sty
Package: float 2001/11/08 v1.3d Float enhancements (AL)
\c@float@type=\count442
\float@exts=\toks34
\float@box=\box73
\@float@everytoks=\toks35
\@floatcapt=\box74
)
(/usr/local/texlive/2026/texmf-dist/tex/latex/lineno/lineno.sty
Package: lineno 2026/03/08 line numbers on paragraphs v5.9
\linenopenalty=\count443
\output=\toks36
\linenoprevgraf=\count444
\linenumbersep=\dimen194
\linenumberwidth=\dimen195
\c@linenumber=\count445
\c@pagewiselinenumber=\count446
\c@LN@truepage=\count447
\c@internallinenumber=\count448
\c@internallinenumbers=\count449
\quotelinenumbersep=\dimen196
\bframerule=\dimen197
\bframesep=\dimen198
\bframebox=\box75
\@LN@amsmath@ams@eqpen=\count450
)
(/usr/local/texlive/2026/texmf-dist/tex/latex/graphics/lscape.sty
Package: lscape 2020/05/28 v3.02 Landscape Pages (DPC)
)
(/usr/local/texlive/2026/texmf-dist/tex/luatex/luatexja/addons/luatexja-ruby.st
y
Package: luatexja-ruby 2024-09-09 v0.7
\ltj@rubyattr=\attribute25
Lua module: luatexja.ruby 2024-09-06 Ruby annotation
Custom whatsit ruby_pre = 7
Custom whatsit ruby_post = 8
Inserting `ltj.ruby.pre' in `pre_linebreak_filter'.
Inserting `ltj.ruby.post_break' in `pre_append_to_vlist_filter'.
Inserting `ltj.ruby' in `hpack_filter'.
Removing  `luatexja.beginpar.np_info' from `luatexja.jfmglue.whatsit_getinfo'.
Inserting `luatexja.ruby.np_info' in `luatexja.jfmglue.whatsit_getinfo'.
Inserting `luatexja.beginpar.np_info' in `luatexja.jfmglue.whatsit_getinfo'.
Removing  `luatexja.beginpar.np_info_after' from `luatexja.jfmglue.whatsit_after
'.
Inserting `luatexja.ruby.np_info_after' in `luatexja.jfmglue.whatsit_after'.
Inserting `luatexja.beginpar.np_info_after' in `luatexja.jfmglue.whatsit_after'.
Inserting `luatexja.ruby.np_info_last_minute' in `luatexja.jfmglue.whatsit_last_
minute'.) (/usr/local/texlive/2026/texmf-dist/tex/latex/epsdice/epsdice.sty
Package: epsdice 2007/02/15 by Thomas Heim (v. 2.1)

(/usr/local/texlive/2026/texmf-dist/tex/latex/epsdice/epsdice.cfg)
\c@eps@face=\count451
)
(/usr/local/texlive/2026/texmf-dist/tex/latex/fancyvrb/fancyvrb.sty
Package: fancyvrb 2026/04/16 4.6a verbatim text (tvz,hv)
\FV@CodeLineNo=\count452
\FV@InFile=\read3
\FV@TabBox=\box76
\c@FancyVerbLine=\count453
\FV@StepNumber=\count454
\FV@OutFile=\write4
)
(/usr/local/texlive/2026/texmf-dist/tex/luatex/luatexja/patches/lltjp-fancyvrb.
sty

LaTeX Warning: You have requested package `fancyvrb',
               but the package provides `lltjp-fancyvrb'.

Package: lltjp-fancyvrb 2026-04-18 Patch to fancyvrb for LuaTeX-ja
) (/usr/local/texlive/2026/texmf-dist/tex/generic/ulem/ulem.sty
\UL@box=\box77
\UL@hyphenbox=\box78
\UL@skip=\skip81
\UL@hook=\toks37
\UL@height=\dimen199
\UL@pe=\count455
\UL@pixel=\dimen256
\ULC@box=\box79
Package: ulem 2019/11/18
\ULdepth=\dimen257
)
(/usr/local/texlive/2026/texmf-dist/tex/latex/colortbl/colortbl.sty
Package: colortbl 2026/05/01 v1.0l Color table columns (DPC)

(/usr/local/texlive/2026/texmf-dist/tex/latex/tools/array.sty
Package: array 2025/09/25 v2.6n Tabular extension package (FMi)
\col@sep=\dimen258
\ar@mcellbox=\box80
\extrarowheight=\dimen259
\NC@list=\toks38
\extratabsurround=\skip82
\backup@length=\skip83
\ar@cellbox=\box81
)
(/usr/local/texlive/2026/texmf-dist/tex/latex/graphics/color.sty
Package: color 2025/01/14 v1.3e Standard LaTeX Color (DPC)

(/usr/local/texlive/2026/texmf-dist/tex/latex/graphics-cfg/color.cfg
File: color.cfg 2016/01/02 v1.6 sample color configuration
)
Package color Info: Driver file: luatex.def on input line 149.

(/usr/local/texlive/2026/texmf-dist/tex/latex/graphics/dvipsnam.def
File: dvipsnam.def 2016/06/17 v3.0m Driver-dependent file (DPC,SPQR)
)
(/usr/local/texlive/2026/texmf-dist/tex/latex/graphics/mathcolor.ltx))
\everycr=\toks39
\minrowclearance=\skip84
\rownum=\count456
)
(/usr/local/texlive/2026/texmf-dist/tex/latex/tools/bm.sty
Package: bm 2025/10/21 v1.2g Bold Symbol Support (DPC/FMi)
\symboldoperators=\mathgroup7
\symboldletters=\mathgroup8
\symboldsymbols=\mathgroup9
Package bm Info: No bold for \OMX/cmex/m/n, using \pmb.
\symboldmincho=\mathgroup10
Package bm Info: No bold for \U/msa/m/n, using \pmb.
Package bm Info: No bold for \U/msb/m/n, using \pmb.
LaTeX Font Info:    Redeclaring math alphabet \mathbf on input line 149.
)
(/usr/local/texlive/2026/texmf-dist/tex/latex/pdfpages/pdfpages.sty
Package: pdfpages 2026/03/30 v0.6h Insert pages of external PDF documents (AM)

(/usr/local/texlive/2026/texmf-dist/tex/latex/tools/calc.sty
Package: calc 2025/03/01 v4.3b Infix arithmetic (KKT,FJ)
\calc@Acount=\count457
\calc@Bcount=\count458
\calc@Adimen=\dimen260
\calc@Bdimen=\dimen261
\calc@Askip=\skip85
\calc@Bskip=\skip86
LaTeX Info: Redefining \setlength on input line 86.
LaTeX Info: Redefining \addtolength on input line 87.
\calc@Ccount=\count459
\calc@Cskip=\skip87
)
(/usr/local/texlive/2026/texmf-dist/tex/latex/eso-pic/eso-pic.sty
Package: eso-pic 2025/12/10 v3.0d eso-pic (RN)
\ESO@tempdima=\dimen262
\ESO@tempdimb=\dimen263
)
\AM@pagewidth=\dimen264
\AM@pageheight=\dimen265
\AM@fboxrule=\dimen266

(/usr/local/texlive/2026/texmf-dist/tex/latex/pdfpages/ppluatex.def
File: ppluatex.def 2026/03/30 v0.6h Pdfpages driver for LuaTeX (AM)
)
\pdfpages@includegraphics@status=\count460
\AM@pagebox=\box82
\AM@global@opts=\toks40
\AM@pagecnt=\count461
\AM@toc@title=\toks41
\AM@lof@heading=\toks42
\c@AM@survey=\count462
\AM@templatesizebox=\box83
)
(/usr/local/texlive/2026/texmf-dist/tex/latex/wrapfig/wrapfig.sty
\wrapoverhang=\dimen267
\WF@size=\dimen268
\c@WF@wrappedlines=\count463
\WF@box=\box84
\WF@everypar=\toks43
Package: wrapfig 2003/01/31  v 3.6
)
(/usr/local/texlive/2026/texmf-dist/tex/latex/multirow/multirow.sty
Package: multirow 2024/11/12 v2.9 Span multiple rows of a table
\multirow@colwidth=\skip88
\multirow@cntb=\count464
\multirow@dima=\skip89
\bigstrutjot=\dimen269
)
(/usr/local/texlive/2026/texmf-dist/tex/latex/pgf/frontendlayer/tikz.sty
(/usr/local/texlive/2026/texmf-dist/tex/latex/pgf/basiclayer/pgf.sty
(/usr/local/texlive/2026/texmf-dist/tex/latex/pgf/utilities/pgfrcs.sty
(/usr/local/texlive/2026/texmf-dist/tex/generic/pgf/utilities/pgfutil-common.te
x
\pgfutil@everybye=\toks44
\pgfutil@tempdima=\dimen270
\pgfutil@tempdimb=\dimen271
)
(/usr/local/texlive/2026/texmf-dist/tex/generic/pgf/utilities/pgfutil-latex.def
\pgfutil@abb=\box85
) (/usr/local/texlive/2026/texmf-dist/tex/generic/pgf/utilities/pgfrcs.code.tex
(/usr/local/texlive/2026/texmf-dist/tex/generic/pgf/pgf.revision.tex)
Package: pgfrcs 2025-08-29 v3.1.11a (3.1.11a)
))
Package: pgf 2025-08-29 v3.1.11a (3.1.11a)

(/usr/local/texlive/2026/texmf-dist/tex/latex/pgf/basiclayer/pgfcore.sty
(/usr/local/texlive/2026/texmf-dist/tex/latex/pgf/systemlayer/pgfsys.sty
(/usr/local/texlive/2026/texmf-dist/tex/generic/pgf/systemlayer/pgfsys.code.tex
Package: pgfsys 2025-08-29 v3.1.11a (3.1.11a)
(/usr/local/texlive/2026/texmf-dist/tex/generic/pgf/utilities/pgfkeys.code.tex
\pgfkeys@pathtoks=\toks45
\pgfkeys@temptoks=\toks46

(/usr/local/texlive/2026/texmf-dist/tex/generic/pgf/utilities/pgfkeyslibraryfil
tered.code.tex
\pgfkeys@tmptoks=\toks47
))
\pgf@x=\dimen272
\pgf@y=\dimen273
\pgf@xa=\dimen274
\pgf@ya=\dimen275
\pgf@xb=\dimen276
\pgf@yb=\dimen277
\pgf@xc=\dimen278
\pgf@yc=\dimen279
\pgf@xd=\dimen280
\pgf@yd=\dimen281
\w@pgf@writea=\write5
\r@pgf@reada=\read4
\c@pgf@counta=\count465
\c@pgf@countb=\count466
\c@pgf@countc=\count467
\c@pgf@countd=\count468
\t@pgf@toka=\toks48
\t@pgf@tokb=\toks49
\t@pgf@tokc=\toks50
\pgf@sys@id@count=\count469

(/usr/local/texlive/2026/texmf-dist/tex/generic/pgf/systemlayer/pgf.cfg
File: pgf.cfg 2025-08-29 v3.1.11a (3.1.11a)
)
Driver file for pgf: pgfsys-luatex.def

(/usr/local/texlive/2026/texmf-dist/tex/generic/pgf/systemlayer/pgfsys-luatex.d
ef
File: pgfsys-luatex.def 2025-08-29 v3.1.11a (3.1.11a)

(/usr/local/texlive/2026/texmf-dist/tex/generic/pgf/systemlayer/pgfsys-common-p
df.def
File: pgfsys-common-pdf.def 2025-08-29 v3.1.11a (3.1.11a)
)))
(/usr/local/texlive/2026/texmf-dist/tex/generic/pgf/systemlayer/pgfsyssoftpath.
code.tex
File: pgfsyssoftpath.code.tex 2025-08-29 v3.1.11a (3.1.11a)
\pgfsyssoftpath@smallbuffer@items=\count470
\pgfsyssoftpath@bigbuffer@items=\count471
)
(/usr/local/texlive/2026/texmf-dist/tex/generic/pgf/systemlayer/pgfsysprotocol.
code.tex
File: pgfsysprotocol.code.tex 2025-08-29 v3.1.11a (3.1.11a)
)) (/usr/local/texlive/2026/texmf-dist/tex/latex/xcolor/xcolor.sty
Package: xcolor 2024/09/29 v3.02 LaTeX color extensions (UK)

(/usr/local/texlive/2026/texmf-dist/tex/latex/graphics-cfg/color.cfg
File: color.cfg 2016/01/02 v1.6 sample color configuration
)
Package xcolor Info: Driver file: luatex.def on input line 274.
LaTeX Info: Redefining \color on input line 762.

(/usr/local/texlive/2026/texmf-dist/tex/latex/graphics/mathcolor.ltx)
Package xcolor Info: Model `cmy' substituted by `cmy0' on input line 1349.
Package xcolor Info: Model `hsb' substituted by `rgb' on input line 1353.
Package xcolor Info: Model `RGB' extended on input line 1365.
Package xcolor Info: Model `HTML' substituted by `rgb' on input line 1367.
Package xcolor Info: Model `Hsb' substituted by `hsb' on input line 1368.
Package xcolor Info: Model `tHsb' substituted by `hsb' on input line 1369.
Package xcolor Info: Model `HSB' substituted by `hsb' on input line 1370.
Package xcolor Info: Model `Gray' substituted by `gray' on input line 1371.
Package xcolor Info: Model `wave' substituted by `hsb' on input line 1372.
)
(/usr/local/texlive/2026/texmf-dist/tex/latex/graphics/dvipsnam.def
File: dvipsnam.def 2016/06/17 v3.0m Driver-dependent file (DPC,SPQR)
)
(/usr/local/texlive/2026/texmf-dist/tex/generic/pgf/basiclayer/pgfcore.code.tex
Package: pgfcore 2025-08-29 v3.1.11a (3.1.11a)
(/usr/local/texlive/2026/texmf-dist/tex/generic/pgf/math/pgfmath.code.tex
(/usr/local/texlive/2026/texmf-dist/tex/generic/pgf/math/pgfmathutil.code.tex)
(/usr/local/texlive/2026/texmf-dist/tex/generic/pgf/math/pgfmathparser.code.tex
\pgfmath@dimen=\dimen282
\pgfmath@count=\count472
\pgfmath@box=\box86
\pgfmath@toks=\toks51
\pgfmath@stack@operand=\toks52
\pgfmath@stack@operation=\toks53
)
(/usr/local/texlive/2026/texmf-dist/tex/generic/pgf/math/pgfmathfunctions.code.
tex)
(/usr/local/texlive/2026/texmf-dist/tex/generic/pgf/math/pgfmathfunctions.basic
.code.tex)
(/usr/local/texlive/2026/texmf-dist/tex/generic/pgf/math/pgfmathfunctions.trigo
nometric.code.tex)
(/usr/local/texlive/2026/texmf-dist/tex/generic/pgf/math/pgfmathfunctions.rando
m.code.tex)
(/usr/local/texlive/2026/texmf-dist/tex/generic/pgf/math/pgfmathfunctions.compa
rison.code.tex)
(/usr/local/texlive/2026/texmf-dist/tex/generic/pgf/math/pgfmathfunctions.base.
code.tex)
(/usr/local/texlive/2026/texmf-dist/tex/generic/pgf/math/pgfmathfunctions.round
.code.tex)
(/usr/local/texlive/2026/texmf-dist/tex/generic/pgf/math/pgfmathfunctions.misc.
code.tex)
(/usr/local/texlive/2026/texmf-dist/tex/generic/pgf/math/pgfmathfunctions.integ
erarithmetics.code.tex)
(/usr/local/texlive/2026/texmf-dist/tex/generic/pgf/math/pgfmathcalc.code.tex)
(/usr/local/texlive/2026/texmf-dist/tex/generic/pgf/math/pgfmathfloat.code.tex
\c@pgfmathroundto@lastzeros=\count473
)) (/usr/local/texlive/2026/texmf-dist/tex/generic/pgf/math/pgfint.code.tex)
(/usr/local/texlive/2026/texmf-dist/tex/generic/pgf/basiclayer/pgfcorepoints.co
de.tex
File: pgfcorepoints.code.tex 2025-08-29 v3.1.11a (3.1.11a)
\pgf@picminx=\dimen283
\pgf@picmaxx=\dimen284
\pgf@picminy=\dimen285
\pgf@picmaxy=\dimen286
\pgf@pathminx=\dimen287
\pgf@pathmaxx=\dimen288
\pgf@pathminy=\dimen289
\pgf@pathmaxy=\dimen290
\pgf@xx=\dimen291
\pgf@xy=\dimen292
\pgf@yx=\dimen293
\pgf@yy=\dimen294
\pgf@zx=\dimen295
\pgf@zy=\dimen296
)
(/usr/local/texlive/2026/texmf-dist/tex/generic/pgf/basiclayer/pgfcorepathconst
ruct.code.tex
File: pgfcorepathconstruct.code.tex 2025-08-29 v3.1.11a (3.1.11a)
\pgf@path@lastx=\dimen297
\pgf@path@lasty=\dimen298
)
(/usr/local/texlive/2026/texmf-dist/tex/generic/pgf/basiclayer/pgfcorepathusage
.code.tex
File: pgfcorepathusage.code.tex 2025-08-29 v3.1.11a (3.1.11a)
\pgf@shorten@end@additional=\dimen299
\pgf@shorten@start@additional=\dimen300
)
(/usr/local/texlive/2026/texmf-dist/tex/generic/pgf/basiclayer/pgfcorescopes.co
de.tex
File: pgfcorescopes.code.tex 2025-08-29 v3.1.11a (3.1.11a)
\pgfpic=\box87
\pgf@hbox=\box88
\pgf@layerbox@main=\box89
\pgf@picture@serial@count=\count474
)
(/usr/local/texlive/2026/texmf-dist/tex/generic/pgf/basiclayer/pgfcoregraphicst
ate.code.tex
File: pgfcoregraphicstate.code.tex 2025-08-29 v3.1.11a (3.1.11a)
\pgflinewidth=\dimen301
)
(/usr/local/texlive/2026/texmf-dist/tex/generic/pgf/basiclayer/pgfcoretransform
ations.code.tex
File: pgfcoretransformations.code.tex 2025-08-29 v3.1.11a (3.1.11a)
\pgf@pt@x=\dimen302
\pgf@pt@y=\dimen303
\pgf@pt@temp=\dimen304
)
(/usr/local/texlive/2026/texmf-dist/tex/generic/pgf/basiclayer/pgfcorequick.cod
e.tex
File: pgfcorequick.code.tex 2025-08-29 v3.1.11a (3.1.11a)
)
(/usr/local/texlive/2026/texmf-dist/tex/generic/pgf/basiclayer/pgfcoreobjects.c
ode.tex
File: pgfcoreobjects.code.tex 2025-08-29 v3.1.11a (3.1.11a)
)
(/usr/local/texlive/2026/texmf-dist/tex/generic/pgf/basiclayer/pgfcorepathproce
ssing.code.tex
File: pgfcorepathprocessing.code.tex 2025-08-29 v3.1.11a (3.1.11a)
)
(/usr/local/texlive/2026/texmf-dist/tex/generic/pgf/basiclayer/pgfcorearrows.co
de.tex
File: pgfcorearrows.code.tex 2025-08-29 v3.1.11a (3.1.11a)
\pgfarrowsep=\dimen305
)
(/usr/local/texlive/2026/texmf-dist/tex/generic/pgf/basiclayer/pgfcoreshade.cod
e.tex
File: pgfcoreshade.code.tex 2025-08-29 v3.1.11a (3.1.11a)
\pgf@max=\dimen306
\pgf@sys@shading@range@num=\count475
\pgf@shadingcount=\count476
)
(/usr/local/texlive/2026/texmf-dist/tex/generic/pgf/basiclayer/pgfcoreimage.cod
e.tex
File: pgfcoreimage.code.tex 2025-08-29 v3.1.11a (3.1.11a)
)
(/usr/local/texlive/2026/texmf-dist/tex/generic/pgf/basiclayer/pgfcoreexternal.
code.tex
File: pgfcoreexternal.code.tex 2025-08-29 v3.1.11a (3.1.11a)
\pgfexternal@startupbox=\box90
)
(/usr/local/texlive/2026/texmf-dist/tex/generic/pgf/basiclayer/pgfcorelayers.co
de.tex
File: pgfcorelayers.code.tex 2025-08-29 v3.1.11a (3.1.11a)
)
(/usr/local/texlive/2026/texmf-dist/tex/generic/pgf/basiclayer/pgfcoretranspare
ncy.code.tex
File: pgfcoretransparency.code.tex 2025-08-29 v3.1.11a (3.1.11a)
)
(/usr/local/texlive/2026/texmf-dist/tex/generic/pgf/basiclayer/pgfcorepatterns.
code.tex
File: pgfcorepatterns.code.tex 2025-08-29 v3.1.11a (3.1.11a)
)
(/usr/local/texlive/2026/texmf-dist/tex/generic/pgf/basiclayer/pgfcorerdf.code.
tex
File: pgfcorerdf.code.tex 2025-08-29 v3.1.11a (3.1.11a)
)))
(/usr/local/texlive/2026/texmf-dist/tex/generic/pgf/modules/pgfmoduleshapes.cod
e.tex
File: pgfmoduleshapes.code.tex 2025-08-29 v3.1.11a (3.1.11a)
\pgfnodeparttextbox=\box91
)
(/usr/local/texlive/2026/texmf-dist/tex/generic/pgf/modules/pgfmoduleplot.code.
tex
File: pgfmoduleplot.code.tex 2025-08-29 v3.1.11a (3.1.11a)
)
(/usr/local/texlive/2026/texmf-dist/tex/latex/pgf/compatibility/pgfcomp-version
-0-65.sty
Package: pgfcomp-version-0-65 2025-08-29 v3.1.11a (3.1.11a)
\pgf@nodesepstart=\dimen307
\pgf@nodesepend=\dimen308
)
(/usr/local/texlive/2026/texmf-dist/tex/latex/pgf/compatibility/pgfcomp-version
-1-18.sty
Package: pgfcomp-version-1-18 2025-08-29 v3.1.11a (3.1.11a)
))
(/usr/local/texlive/2026/texmf-dist/tex/latex/pgf/utilities/pgffor.sty
(/usr/local/texlive/2026/texmf-dist/tex/latex/pgf/utilities/pgfkeys.sty
(/usr/local/texlive/2026/texmf-dist/tex/generic/pgf/utilities/pgfkeys.code.tex))
 (/usr/local/texlive/2026/texmf-dist/tex/latex/pgf/math/pgfmath.sty
(/usr/local/texlive/2026/texmf-dist/tex/generic/pgf/math/pgfmath.code.tex))
(/usr/local/texlive/2026/texmf-dist/tex/generic/pgf/utilities/pgffor.code.tex
Package: pgffor 2025-08-29 v3.1.11a (3.1.11a)
\pgffor@iter=\dimen309
\pgffor@skip=\dimen310
\pgffor@stack=\toks54
\pgffor@toks=\toks55
))
(/usr/local/texlive/2026/texmf-dist/tex/generic/pgf/frontendlayer/tikz/tikz.cod
e.tex
Package: tikz 2025-08-29 v3.1.11a (3.1.11a)

(/usr/local/texlive/2026/texmf-dist/tex/generic/pgf/libraries/pgflibraryplothan
dlers.code.tex
File: pgflibraryplothandlers.code.tex 2025-08-29 v3.1.11a (3.1.11a)
\pgf@plot@mark@count=\count477
\pgfplotmarksize=\dimen311
)
\tikz@lastx=\dimen312
\tikz@lasty=\dimen313
\tikz@lastxsaved=\dimen314
\tikz@lastysaved=\dimen315
\tikz@lastmovetox=\dimen316
\tikz@lastmovetoy=\dimen317
\tikzleveldistance=\dimen318
\tikzsiblingdistance=\dimen319
\tikz@figbox=\box92
\tikz@figbox@bg=\box93
\tikz@tempbox=\box94
\tikz@tempbox@bg=\box95
\tikztreelevel=\count478
\tikznumberofchildren=\count479
\tikznumberofcurrentchild=\count480
\tikz@fig@count=\count481

(/usr/local/texlive/2026/texmf-dist/tex/generic/pgf/modules/pgfmodulematrix.cod
e.tex
File: pgfmodulematrix.code.tex 2025-08-29 v3.1.11a (3.1.11a)
\pgfmatrixcurrentrow=\count482
\pgfmatrixcurrentcolumn=\count483
\pgf@matrix@numberofcolumns=\count484
)
\tikz@expandcount=\count485

(/usr/local/texlive/2026/texmf-dist/tex/generic/pgf/frontendlayer/tikz/librarie
s/tikzlibrarytopaths.code.tex
File: tikzlibrarytopaths.code.tex 2025-08-29 v3.1.11a (3.1.11a)
)))
(/usr/local/texlive/2026/texmf-dist/tex/generic/pgf/frontendlayer/tikz/librarie
s/tikzlibrarypositioning.code.tex
File: tikzlibrarypositioning.code.tex 2025-08-29 v3.1.11a (3.1.11a)
)
(/usr/local/texlive/2026/texmf-dist/tex/generic/pgf/libraries/pgflibraryarrows.
meta.code.tex
File: pgflibraryarrows.meta.code.tex 2025-08-29 v3.1.11a (3.1.11a)
\pgfarrowinset=\dimen320
\pgfarrowlength=\dimen321
\pgfarrowwidth=\dimen322
\pgfarrowlinewidth=\dimen323
)
(/usr/local/texlive/2026/texmf-dist/tex/generic/pgf/frontendlayer/tikz/librarie
s/tikzlibraryintersections.code.tex
(/usr/local/texlive/2026/texmf-dist/tex/generic/pgf/libraries/pgflibraryinterse
ctions.code.tex
(/usr/local/texlive/2026/texmf-dist/tex/generic/pgf/libraries/pgflibraryfpu.cod
e.tex)
\pgf@intersect@solutions=\count486
))
(/usr/local/texlive/2026/texmf-dist/tex/generic/pgf/frontendlayer/tikz/librarie
s/tikzlibrarycalc.code.tex
File: tikzlibrarycalc.code.tex 2025-08-29 v3.1.11a (3.1.11a)
)
(/usr/local/texlive/2026/texmf-dist/tex/generic/pgf/frontendlayer/tikz/librarie
s/tikzlibraryshapes.code.tex
File: tikzlibraryshapes.code.tex 2025-08-29 v3.1.11a (3.1.11a)

(/usr/local/texlive/2026/texmf-dist/tex/generic/pgf/frontendlayer/tikz/librarie
s/tikzlibraryshapes.geometric.code.tex
File: tikzlibraryshapes.geometric.code.tex 2025-08-29 v3.1.11a (3.1.11a)

(/usr/local/texlive/2026/texmf-dist/tex/generic/pgf/libraries/shapes/pgflibrary
shapes.geometric.code.tex
File: pgflibraryshapes.geometric.code.tex 2025-08-29 v3.1.11a (3.1.11a)
))
(/usr/local/texlive/2026/texmf-dist/tex/generic/pgf/frontendlayer/tikz/librarie
s/tikzlibraryshapes.misc.code.tex
File: tikzlibraryshapes.misc.code.tex 2025-08-29 v3.1.11a (3.1.11a)

(/usr/local/texlive/2026/texmf-dist/tex/generic/pgf/libraries/shapes/pgflibrary
shapes.misc.code.tex
File: pgflibraryshapes.misc.code.tex 2025-08-29 v3.1.11a (3.1.11a)
))
(/usr/local/texlive/2026/texmf-dist/tex/generic/pgf/frontendlayer/tikz/librarie
s/tikzlibraryshapes.symbols.code.tex
File: tikzlibraryshapes.symbols.code.tex 2025-08-29 v3.1.11a (3.1.11a)

(/usr/local/texlive/2026/texmf-dist/tex/generic/pgf/libraries/shapes/pgflibrary
shapes.symbols.code.tex
File: pgflibraryshapes.symbols.code.tex 2025-08-29 v3.1.11a (3.1.11a)
))
(/usr/local/texlive/2026/texmf-dist/tex/generic/pgf/frontendlayer/tikz/librarie
s/tikzlibraryshapes.arrows.code.tex
File: tikzlibraryshapes.arrows.code.tex 2025-08-29 v3.1.11a (3.1.11a)

(/usr/local/texlive/2026/texmf-dist/tex/generic/pgf/libraries/shapes/pgflibrary
shapes.arrows.code.tex
File: pgflibraryshapes.arrows.code.tex 2025-08-29 v3.1.11a (3.1.11a)
))
(/usr/local/texlive/2026/texmf-dist/tex/generic/pgf/frontendlayer/tikz/librarie
s/tikzlibraryshapes.callouts.code.tex
(/usr/local/texlive/2026/texmf-dist/tex/generic/pgf/libraries/shapes/pgflibrary
shapes.callouts.code.tex))
(/usr/local/texlive/2026/texmf-dist/tex/generic/pgf/frontendlayer/tikz/librarie
s/tikzlibraryshapes.multipart.code.tex
File: tikzlibraryshapes.multipart.code.tex 2025-08-29 v3.1.11a (3.1.11a)

(/usr/local/texlive/2026/texmf-dist/tex/generic/pgf/libraries/shapes/pgflibrary
shapes.multipart.code.tex
File: pgflibraryshapes.multipart.code.tex 2025-08-29 v3.1.11a (3.1.11a)
\pgfnodepartlowerbox=\box96
\pgfnodeparttwobox=\box97
\pgfnodepartthreebox=\box98
\pgfnodepartfourbox=\box99
\pgfnodeparttwentybox=\box100
\pgfnodepartnineteenbox=\box101
\pgfnodeparteighteenbox=\box102
\pgfnodepartseventeenbox=\box103
\pgfnodepartsixteenbox=\box104
\pgfnodepartfifteenbox=\box105
\pgfnodepartfourteenbox=\box106
\pgfnodepartthirteenbox=\box107
\pgfnodeparttwelvebox=\box108
\pgfnodepartelevenbox=\box109
\pgfnodeparttenbox=\box110
\pgfnodepartninebox=\box111
\pgfnodeparteightbox=\box112
\pgfnodepartsevenbox=\box113
\pgfnodepartsixbox=\box114
\pgfnodepartfivebox=\box115
)))
(/usr/local/texlive/2026/texmf-dist/tex/generic/pgf/frontendlayer/tikz/librarie
s/tikzlibraryarrows.code.tex
File: tikzlibraryarrows.code.tex 2025-08-29 v3.1.11a (3.1.11a)

(/usr/local/texlive/2026/texmf-dist/tex/generic/pgf/libraries/pgflibraryarrows.
code.tex
File: pgflibraryarrows.code.tex 2025-08-29 v3.1.11a (3.1.11a)
\arrowsize=\dimen324
))
(/usr/local/texlive/2026/texmf-dist/tex/latex/tikz-3dplot/tikz-3dplot.sty
(/usr/local/texlive/2026/texmf-dist/tex/generic/pgf/frontendlayer/tikz/librarie
s/tikzlibrary3d.code.tex
File: tikzlibrary3d.code.tex 2025-08-29 v3.1.11a (3.1.11a)
))
(/usr/local/texlive/2026/texmf-dist/tex/luatex/luatexja/lltjext.sty
Package: lltjext 2026-05-10 v1.2k-ltj-20 Macros for vertical writing

(/usr/local/texlive/2026/texmf-dist/tex/luatex/luatexja/lltjext-251101.sty
Package: lltjext-251101 2026-05-16 v1.2k-ltj-19 Macros for vertical writing
\ltj@ext@dir=\count487
\@floatbox=\box116
\floatwidth=\dimen325
\floatheight=\dimen326
\floatruletick=\dimen327
\captionfloatsep=\dimen328
\captionwidth=\dimen329
\@captionbox=\box117
LaTeX Info: Redefining \parbox on input line 380.
\@picwd=\dimen330
\rensujiskip=\skip90
))
(/usr/local/texlive/2026/texmf-dist/tex/latex/tools/longtable.sty
Package: longtable 2025-10-13 v4.24 Multi-page Table package (DPC)
\LTleft=\skip91
\LTright=\skip92
\LTpre=\skip93
\LTpost=\skip94
\LTchunksize=\count488
\LTcapwidth=\dimen331
\LT@head=\box118
\LT@firsthead=\box119
\LT@foot=\box120
\LT@lastfoot=\box121
\LT@gbox=\box122
\LT@cols=\count489
\LT@rows=\count490
\c@LT@tables=\count491
\c@LT@chunks=\count492
\LT@p@ftn=\toks56
)
(/usr/local/texlive/2026/texmf-dist/tex/latex/tablefootnote/tablefootnote.sty
Package: tablefootnote 2014/01/26 v1.1c Table foot notes (HMM)

(/usr/local/texlive/2026/texmf-dist/tex/latex/letltxmacro/letltxmacro.sty
Package: letltxmacro 2019/12/03 v1.6 Let assignment for LaTeX macros (HO)
)
(/usr/local/texlive/2026/texmf-dist/tex/latex/xifthen/xifthen.sty
Package: xifthen 2015/11/05 v1.4.0 Extended ifthen features

(/usr/local/texlive/2026/texmf-dist/tex/latex/ifmtarg/ifmtarg.sty
Package: ifmtarg 2018/04/16 v1.2b check for an empty argument
)))
(/usr/local/texlive/2026/texmf-dist/tex/luatex/luatexja/addons/luatexja-fontspe
c.sty
Package: luatexja-fontspec 2025-09-30 fontspec support of LuaTeX-ja

(/usr/local/texlive/2026/texmf-dist/tex/latex/l3packages/l3keys2e/l3keys2e.sty
Package: l3keys2e 2025-10-09 LaTeX2e option processing using LaTeX3 keys
) (/usr/local/texlive/2026/texmf-dist/tex/latex/fontspec/fontspec.sty
Package: fontspec 2025/09/29 v2.9g Font selection for XeLaTeX and LuaLaTeX
Lua module: fontspec 2025/09/29 v2.9g Font selection for XeLaTeX and LuaLaTeX
(/usr/local/texlive/2026/texmf-dist/tex/latex/fontspec/fontspec-luatex.sty
Package: fontspec-luatex 2025/09/29 v2.9g Font selection for XeLaTeX and LuaLaT
eX
\l__fontspec_script_int=\count493
\l__fontspec_language_int=\count494
\l__fontspec_strnum_int=\count495
\l__fontspec_tmp_int=\count496
\l__fontspec_tmpa_int=\count497
\l__fontspec_tmpb_int=\count498
\l__fontspec_tmpc_int=\count499
\l__fontspec_em_int=\count500
\l__fontspec_emdef_int=\count501
\l__fontspec_strong_int=\count502
\l__fontspec_strongdef_int=\count503
\l__fontspec_tmpa_dim=\dimen332
\l__fontspec_tmpb_dim=\dimen333
\l__fontspec_tmpc_dim=\dimen334

(/usr/local/texlive/2026/texmf-dist/tex/latex/base/fontenc.sty
Package: fontenc 2025/07/18 v2.1d Standard LaTeX package
)
(/usr/local/texlive/2026/texmf-dist/tex/latex/fontspec/fontspec.cfg)(load cache:
 extra_lmroman10-bold.luc)
LaTeX Font Info:    Font shape `JT3/mc/b/n' in size <10> not available
(Font)              Font shape `JT3/gt/m/n' tried instead on input line 3974.
LaTeX Font Info:    Font shape `JT3/gt/m/n' will be
(Font)              scaled to size 9.24713pt on input line 3974.
LaTeX Font Info:    Font shape `JY3/mc/b/n' in size <10> not available
(Font)              Font shape `JY3/gt/m/n' tried instead on input line 3974.
LaTeX Font Info:    Font shape `JY3/gt/m/n' will be
(Font)              scaled to size 9.24713pt on input line 3974.
(load cache: extra_haranoajigothic-medium.luc)))
(/usr/local/texlive/2026/texmf-dist/tex/luatex/luatexja/patches/lltjp-fontspec.
sty)
(/usr/local/texlive/2026/texmf-dist/tex/luatex/luatexja/addons/luatexja-fontspe
c-29e.sty
Package: luatexja-fontspec-29e 2025-11-01 fontspec support of LuaTeX-ja
\g__ltj_fontspec_altnumber_int=\count504
))
luaotfload | cache : Lookup cache loaded from /Users/newton/Library/texlive/2026
/texmf-var/luatex-cache/generic/names/luaotfload-lookup-cache.luc.(load cache: e
xtra_texgyretermes-regular.luc)(load cache: extra_texgyretermes-bolditalic.luc)(
load cache: extra_texgyretermes-bold.luc)(load cache: extra_texgyretermes-italic
.luc)

Package fontspec Info: 
(fontspec)             Font family 'TeXGyreTermes(0)' created for font 'TeX
(fontspec)             Gyre Termes' with options [Ligatures=TeX].
(fontspec)              
(fontspec)              This font family consists of the following NFSS
(fontspec)             series/shapes:
(fontspec)              
(fontspec)             - 'normal' (m/n) with NFSS spec.: <->"name:TeX Gyre
(fontspec)             Termes:mode=node;script=latn;language=dflt;+tlig;"
(fontspec)             - 'small caps'  (m/sc) with NFSS spec.: <->"name:TeX
(fontspec)             Gyre
(fontspec)             Termes:mode=node;script=latn;language=dflt;+tlig;+smcp;"

(fontspec)             - 'bold' (b/n) with NFSS spec.: <->"name:TeX Gyre
(fontspec)             Termes/B:mode=node;script=latn;language=dflt;+tlig;"
(fontspec)             - 'bold small caps'  (b/sc) with NFSS spec.:
(fontspec)             <->"name:TeX Gyre
(fontspec)             Termes/B:mode=node;script=latn;language=dflt;+tlig;+smcp
;"
(fontspec)             - 'italic' (m/it) with NFSS spec.: <->"name:TeX Gyre
(fontspec)             Termes/I:mode=node;script=latn;language=dflt;+tlig;"
(fontspec)             - 'italic small caps'  (m/scit) with NFSS spec.:
(fontspec)             <->"name:TeX Gyre
(fontspec)             Termes/I:mode=node;script=latn;language=dflt;+tlig;+smcp
;"
(fontspec)             - 'bold italic' (b/it) with NFSS spec.: <->"name:TeX
(fontspec)             Gyre
(fontspec)             Termes/BI:mode=node;script=latn;language=dflt;+tlig;"
(fontspec)             - 'bold italic small caps'  (b/scit) with NFSS spec.:
(fontspec)             <->"name:TeX Gyre
(fontspec)             Termes/BI:mode=node;script=latn;language=dflt;+tlig;+smc
p;"


(/usr/local/texlive/2026/texmf-dist/tex/latex/nicematrix/nicematrix.sty
Package: nicematrix 2026/05/22 v7.9a Enhanced arrays with the help of PGF/TikZ
\l__nicematrix_tmpc_dim=\dimen335
\l__nicematrix_tmpd_dim=\dimen336
\l__nicematrix_tmpc_int=\count505
\g__nicematrix_env_int=\count506
\l__nicematrix_the_array_box=\box123
\g__nicematrix_NiceMatrixBlock_int=\count507
\g__nicematrix_notes_caption_int=\count508
\l__nicematrix_columns_width_dim=\dimen337
\l__nicematrix_col_width_dim=\dimen338
\g__nicematrix_row_total_int=\count509
\g__nicematrix_col_total_int=\count510
\g__nicematrix_last_row_node_int=\count511
\l__nicematrix_key_nb_rows_int=\count512
\g__nicematrix_blocks_wd_dim=\dimen339
\g__nicematrix_blocks_ht_dim=\dimen340
\g__nicematrix_blocks_dp_dim=\dimen341
\l__nicematrix_width_dim=\dimen342
\l__nicematrix_tabular_width_dim=\dimen343
\l__nicematrix_rule_width_before_dim=\dimen344
\l__nicematrix_rule_width_after_dim=\dimen345
\l__nicematrix_old_iRow_int=\count513
\l__nicematrix_old_jCol_int=\count514
\l__nicematrix_X_columns_dim=\dimen346
\l__nicematrix_x_initial_dim=\dimen347
\l__nicematrix_y_initial_dim=\dimen348
\l__nicematrix_x_final_dim=\dimen349
\l__nicematrix_y_final_dim=\dimen350
\g__nicematrix_dp_row_zero_dim=\dimen351
\g__nicematrix_ht_row_zero_dim=\dimen352
\g__nicematrix_ht_row_one_dim=\dimen353
\g__nicematrix_dp_ante_last_row_dim=\dimen354
\g__nicematrix_ht_last_row_dim=\dimen355
\g__nicematrix_dp_last_row_dim=\dimen356
\g__nicematrix_width_last_col_dim=\dimen357
\g__nicematrix_width_first_col_dim=\dimen358
\l__nicematrix_multiplicity_int=\count515
\g__nicematrix_ddots_int=\count516
\g__nicematrix_iddots_int=\count517
\g__nicematrix_delta_x_one_dim=\dimen359
\g__nicematrix_delta_y_one_dim=\dimen360
\g__nicematrix_delta_x_two_dim=\dimen361
\g__nicematrix_delta_y_two_dim=\dimen362
\l__nicematrix_row_min_int=\count518
\l__nicematrix_row_max_int=\count519
\l__nicematrix_col_min_int=\count520
\l__nicematrix_col_max_int=\count521
\l__nicematrix_initial_i_int=\count522
\l__nicematrix_initial_j_int=\count523
\l__nicematrix_final_i_int=\count524
\l__nicematrix_final_j_int=\count525
\l__nicematrix_segment_start_int=\count526
\l__nicematrix_segment_end_int=\count527
\g__nicematrix_static_num_of_col_int=\count528
\g__nicematrix_block_box_int=\count529
\l__nicematrix_first_row_int=\count530
\l__nicematrix_first_col_int=\count531
\l__nicematrix_last_row_int=\count532
\l__nicematrix_last_col_int=\count533
\c@tabularnote=\count534
\g__nicematrix_tabularnote_int=\count535
\c@nicematrix_draft=\count536
\l__nicematrix_xdots_inter_dim=\dimen363
\l__nicematrix_xdots_shorten_start_dim=\dimen364
\l__nicematrix_xdots_shorten_end_dim=\dimen365
\l__nicematrix_xdots_radius_dim=\dimen366
\l__nicematrix_brace_shift_dim=\dimen367
\l__nicematrix_trees_line_width_dim=\dimen368
\l__nicematrix_trees_rounded_corners_dim=\dimen369
\l__nicematrix_tab_rounded_corners_dim=\dimen370
\l__nicematrix_cell_space_top_limit_dim=\dimen371
\l__nicematrix_cell_space_bottom_limit_dim=\dimen372
\l__nicematrix_left_margin_dim=\dimen373
\l__nicematrix_right_margin_dim=\dimen374
\l__nicematrix_extra_left_margin_dim=\dimen375
\l__nicematrix_extra_right_margin_dim=\dimen376
\c__nicematrix_max_l_dim=\dimen377
\l__nicematrix_rounded_corners_dim=\dimen378
\l__nicematrix_position_int=\count537
\l__nicematrix_start_int=\count538
\l__nicematrix_end_int=\count539
\l__nicematrix_line_width_dim=\dimen379
\l__nicematrix_offset_dim=\dimen380
\l__nicematrix_submatrix_extra_height_dim=\dimen381
\l__nicematrix_submatrix_left_xshift_dim=\dimen382
\l__nicematrix_submatrix_right_xshift_dim=\dimen383
\l__nicematrix_brace_yshift_dim=\dimen384
)
(/usr/local/texlive/2026/texmf-dist/tex/latex/booktabs/booktabs.sty
Package: booktabs 2020/01/12 v1.61803398 Publication quality tables
\heavyrulewidth=\dimen385
\lightrulewidth=\dimen386
\cmidrulewidth=\dimen387
\belowrulesep=\dimen388
\belowbottomsep=\dimen389
\aboverulesep=\dimen390
\abovetopsep=\dimen391
\cmidrulesep=\dimen392
\cmidrulekern=\dimen393
\defaultaddspace=\dimen394
\@cmidla=\count540
\@cmidlb=\count541
\@aboverulesep=\dimen395
\@belowrulesep=\dimen396
\@thisruleclass=\count542
\@lastruleclass=\count543
\@thisrulewidth=\dimen397
)
(/usr/local/texlive/2026/texmf-dist/tex/latex/accents/accents.sty
Package: accents 2006/05/12 v1.4 Math Accent Tools
\cc@skew=\dimen398
\cc@wd=\dimen399
\cc@code=\count544
\cc@group=\count545
\cc@skewchar=\count546
)(load cache: extra_biz-udmincho-medium.luc)

Package fontspec Info: 
(fontspec)             BIZ UDMincho Medium scale = 0.924715.


Package fontspec Info: 
(fontspec)             BIZ UDMincho Medium scale = 0.924715.


Package fontspec Info: 
(fontspec)             BIZ UDMincho Medium scale = 0.924715.


Package fontspec Info: 
(fontspec)             Font family 'BIZUDMinchoMedium(0)' created for font
(fontspec)             'BIZ UDMincho Medium' with options
(fontspec)             [YokoFeatures={JFM=ujis},TateFeatures={JFM=ujisv},Scale=
0.924715,Kerning=Off,Script=CJK,BoldFont={},ItalicFont={},SmallCapsFont={},Yoko
Features={JFM=ujis}].
(fontspec)              
(fontspec)              This font family consists of the following NFSS
(fontspec)             series/shapes:
(fontspec)              

(load cache: extra_biz-udpmincho-medium.luc)

Package fontspec Info: 
(fontspec)             BIZ UDPMincho Medium scale = 0.924715.


Package fontspec Info: 
(fontspec)             BIZ UDPMincho Medium scale = 0.924715.


Package fontspec Info: 
(fontspec)             BIZ UDPMincho Medium scale = 0.924715.

(load cache: extra_biz-udpgothic-bold.luc)

Package fontspec Info: 
(fontspec)             BIZ UDPGothic Bold scale = 0.924715.


Package fontspec Info: 
(fontspec)             BIZ UDPGothic Bold scale = 0.924715.


Package fontspec Info: 
(fontspec)             BIZ UDPMincho Medium scale = 0.924715.


Package fontspec Info: 
(fontspec)             BIZ UDPMincho Medium scale = 0.924715.


Package fontspec Info: 
(fontspec)             BIZ UDPMincho Medium scale = 0.924715.


Package fontspec Info: 
(fontspec)             BIZ UDPMincho Medium scale = 0.924715.


Package fontspec Info: 
(fontspec)             BIZ UDPGothic Bold scale = 0.924715.


Package fontspec Info: 
(fontspec)             BIZ UDPGothic Bold scale = 0.924715.


Package fontspec Info: 
(fontspec)             BIZ UDPGothic Bold scale = 0.924715.


Package fontspec Info: 
(fontspec)             BIZ UDPGothic Bold scale = 0.924715.


Package fontspec Info: 
(fontspec)             Font family 'BIZUDPMinchoMedium(0)' created for font
(fontspec)             'BIZ UDPMincho Medium' with options
(fontspec)             [YokoFeatures={JFM=ujis},TateFeatures={JFM=ujisv},Scale=
0.924715,Kerning=Off,Script=CJK,Ligatures={Common,TeX},ItalicFont={BIZ
(fontspec)             UDPMincho
(fontspec)             Medium},ItalicFeatures={FakeSlant=0.27},SlantedFont={BIZ

(fontspec)             UDPMincho
(fontspec)             Medium},SlantedFeatures={FakeSlant=0.18},BoldFont={BIZ
(fontspec)             UDPGothic Bold},BoldSlantedFont={BIZ UDPGothic
(fontspec)             Bold},BoldSlantedFeatures={FakeSlant=0.18},BoldItalicFon
t={BIZ
(fontspec)             UDPGothic
(fontspec)             Bold},BoldItalicFeatures={FakeSlant=0.27},YokoFeatures={
JFM=prop}].
(fontspec)              
(fontspec)              This font family consists of the following NFSS
(fontspec)             series/shapes:
(fontspec)              

LaTeX Font Info:    Redeclaring symbol font `mincho' on input line 50.
LaTeX Font Info:    Overwriting symbol font `mincho' in version `normal'
(Font)                  JY3/mc/m/n --> JY3/BIZUDPMinchoMedium(0)/m/n on input l
ine 50.
LaTeX Font Info:    Overwriting symbol font `mincho' in version `bold'
(Font)                  JY3/gt/m/n --> JY3/BIZUDPMinchoMedium(0)/m/n on input l
ine 50.
LaTeX Font Info:    Overwriting symbol font `mincho' in version `bold'
(Font)                  JY3/BIZUDPMinchoMedium(0)/m/n --> JY3/BIZUDPMinchoMediu
m(0)/b/n on input line 50.
LaTeX Font Info:    Font shape `JT3/BIZUDPMinchoMedium(0)/m/n' will be
(Font)              scaled to size 9.24713pt on input line 50.
LaTeX Font Info:    Font shape `JY3/BIZUDPMinchoMedium(0)/m/n' will be
(Font)              scaled to size 9.24713pt on input line 50.

(/usr/local/texlive/2026/texmf-dist/tex/luatex/luatexja/jfm-prop.lua)
(/usr/local/texlive/2026/texmf-dist/tex/latex/listingsutf8/listingsutf8.sty
Package: listingsutf8 2019-12-10 v1.5 Allow UTF-8 in listings input (HO)

(/usr/local/texlive/2026/texmf-dist/tex/latex/listings/listings.sty
\lst@mode=\count547
\lst@gtempboxa=\box124
\lst@token=\toks57
\lst@length=\count548
\lst@currlwidth=\dimen400
\lst@column=\count549
\lst@pos=\count550
\lst@lostspace=\dimen401
\lst@width=\dimen402
\lst@newlines=\count551
\lst@lineno=\count552
\lst@maxwidth=\dimen403

(/usr/local/texlive/2026/texmf-dist/tex/latex/listings/lstpatch.sty
File: lstpatch.sty 2025/11/14 1.11b (Carsten Heinz)
)
(/usr/local/texlive/2026/texmf-dist/tex/latex/listings/lstmisc.sty
File: lstmisc.sty 2025/11/14 1.11b (Carsten Heinz)
\c@lstnumber=\count553
\lst@skipnumbers=\count554
\lst@framebox=\box125
)
(/usr/local/texlive/2026/texmf-dist/tex/latex/listings/listings.cfg
File: listings.cfg 2025/11/14 1.11b listings configuration
))
Package: listings 2025/11/14 1.11b (Carsten Heinz)

(/usr/local/texlive/2026/texmf-dist/tex/luatex/luatexja/patches/lltjp-listings.
sty
(/usr/local/texlive/2026/texmf-dist/tex/luatex/luatexbase/luatexbase-cctb.sty
Package: luatexbase-cctb 2015/10/04 v1.3 luatexbase interface to LuaTeX (legacy
 subpackage) 
)
\ltj@lst@japanese@min=\count555
\CatcodeTableLTJlistings=\catcodetable17
\ltj@lst@frame@lslimit@h=\dimen404
\ltj@lst@frame@lslimit@d=\dimen405
\@temptokenb=\toks58

(/usr/local/texlive/2026/texmf-dist/tex/latex/listings/lstmisc.sty
File: lstmisc.sty 2025/11/14 1.11b (Carsten Heinz)
\lst@WFtoken=\toks59
\lst@WF=\write6
))
==> First Aid for listings.sty no longer applied!
    Expected:
        2024/09/23 1.10c (Carsten Heinz)
    but found:
        2025/11/14 1.11b (Carsten Heinz)
    so I'm assuming it got fixed.
(/usr/local/texlive/2026/texmf-dist/tex/generic/stringenc/stringenc.sty
Package: stringenc 2019/11/29 v1.12 Convert strings between diff. encodings (HO
)

(/usr/local/texlive/2026/texmf-dist/tex/generic/pdfescape/pdfescape.sty
Package: pdfescape 2019/12/09 v1.15 Implements pdfTeX's escape features (HO)
)))
(/usr/local/texlive/2026/texmf-dist/tex/latex/hyperref/hyperref.sty
Package: hyperref 2026-04-24 v7.01q Hypertext links for LaTeX

(/usr/local/texlive/2026/texmf-dist/tex/generic/kvdefinekeys/kvdefinekeys.sty
Package: kvdefinekeys 2019-12-19 v1.6 Define keys (HO)
)
(/usr/local/texlive/2026/texmf-dist/tex/latex/hycolor/hycolor.sty
Package: hycolor 2020-01-27 v1.10 Color options for hyperref/bookmark (HO)
)
(/usr/local/texlive/2026/texmf-dist/tex/latex/hyperref/nameref.sty
Package: nameref 2026-01-29 v2.58 Cross-referencing by name of section

(/usr/local/texlive/2026/texmf-dist/tex/latex/refcount/refcount.sty
Package: refcount 2019/12/15 v3.6 Data extraction from label references (HO)
)
(/usr/local/texlive/2026/texmf-dist/tex/generic/gettitlestring/gettitlestring.s
ty
Package: gettitlestring 2019/12/15 v1.6 Cleanup title references (HO)
)
\c@section@level=\count556
)
\@linkdim=\dimen406
\Hy@linkcounter=\count557
\Hy@pagecounter=\count558
 (/usr/local/texlive/2026/texmf-dist/tex/latex/hyperref/pd1enc.def
File: pd1enc.def 2026-04-24 v7.01q Hyperref: PDFDocEncoding definition (HO)
)
(/usr/local/texlive/2026/texmf-dist/tex/generic/intcalc/intcalc.sty
Package: intcalc 2019/12/15 v1.3 Expandable calculations with integers (HO)
)
\Hy@SavedSpaceFactor=\count559

(/usr/local/texlive/2026/texmf-dist/tex/latex/hyperref/puenc.def
File: puenc.def 2026-04-24 v7.01q Hyperref: PDF Unicode definition (HO)
)
Package hyperref Info: Hyper figures OFF on input line 4199.
Package hyperref Info: Link nesting OFF on input line 4204.
Package hyperref Info: Hyper index ON on input line 4207.
Package hyperref Info: Plain pages OFF on input line 4214.
Package hyperref Info: Backreferencing OFF on input line 4219.
Package hyperref Info: Implicit mode ON; LaTeX internals redefined.
Package hyperref Info: Bookmarks ON on input line 4466.
\c@Hy@tempcnt=\count560
LaTeX Info: Redefining \url on input line 4805.
\XeTeXLinkMargin=\dimen407

(/usr/local/texlive/2026/texmf-dist/tex/generic/bitset/bitset.sty
Package: bitset 2019/12/09 v1.3 Handle bit-vector datatype (HO)

(/usr/local/texlive/2026/texmf-dist/tex/generic/bigintcalc/bigintcalc.sty
Package: bigintcalc 2019/12/15 v1.5 Expandable calculations on big integers (HO
)
))
\Fld@menulength=\count561
\Field@Width=\dimen408
\Fld@charsize=\dimen409
Package hyperref Info: Hyper figures OFF on input line 6091.
Package hyperref Info: Link nesting OFF on input line 6096.
Package hyperref Info: Hyper index ON on input line 6099.
Package hyperref Info: backreferencing OFF on input line 6106.
Package hyperref Info: Link coloring OFF on input line 6111.
Package hyperref Info: Link coloring with OCG OFF on input line 6116.
Package hyperref Info: PDF/A mode OFF on input line 6121.
\Hy@abspage=\count562
\c@Item=\count563
\c@Hfootnote=\count564
)
Package hyperref Info: Driver (autodetected): hluatex.

(/usr/local/texlive/2026/texmf-dist/tex/latex/hyperref/hluatex.def
File: hluatex.def 2026-04-24 v7.01q Hyperref driver for luaTeX
\Fld@listcount=\count565
\c@bookmark@seq@number=\count566

(/usr/local/texlive/2026/texmf-dist/tex/latex/rerunfilecheck/rerunfilecheck.sty
Package: rerunfilecheck 2025-06-21 v1.11 Rerun checks for auxiliary files (HO)

(/usr/local/texlive/2026/texmf-dist/tex/generic/uniquecounter/uniquecounter.sty
Package: uniquecounter 2019/12/15 v1.4 Provide unlimited unique counter (HO)
)
Package uniquecounter Info: New unique counter `rerunfilecheck' on input line 2
84.
)
\Hy@SectionHShift=\skip95
)
Package hyperref Info: Option `setpagesize' set `false' on input line 84.
Package hyperref Info: Option `bookmarksnumbered' set `true' on input line 84.
Package hyperref Info: Option `bookmarksopen' set `true' on input line 84.
Package hyperref Info: Option `colorlinks' set `true' on input line 84.
 (/usr/local/texlive/2026/texmf-dist/tex/latex/tcolorbox/tcolorbox.sty
Package: tcolorbox 2025/11/28 version 6.9.0 text color boxes

(/usr/local/texlive/2026/texmf-dist/tex/latex/tools/verbatim.sty
Package: verbatim 2024-01-22 v1.5x LaTeX2e package for verbatim enhancements
\every@verbatim=\toks60
\verbatim@line=\toks61
\verbatim@in@stream=\read5
)
(/usr/local/texlive/2026/texmf-dist/tex/latex/environ/environ.sty
Package: environ 2014/05/04 v0.3 A new way to define environments

(/usr/local/texlive/2026/texmf-dist/tex/latex/trimspaces/trimspaces.sty
Package: trimspaces 2009/09/17 v1.1 Trim spaces around a token list
))
\tcb@titlebox=\box126
\tcb@upperbox=\box127
\tcb@lowerbox=\box128
\tcb@phantombox=\box129
\c@tcbbreakpart=\count567
\c@tcblayer=\count568
\c@tcolorbox@number=\count569
\l__tcobox_tmpa_box=\box130
\l__tcobox_tmpa_dim=\dimen410
\tcb@temp=\box131
\tcb@temp=\box132
\tcb@temp=\box133
\tcb@temp=\box134
)
(/usr/local/texlive/2026/texmf-dist/tex/latex/tcolorbox/tcbbreakable.code.tex
Library (tcolorbox): 'tcbbreakable.code.tex' version '6.9.0'
(/usr/local/texlive/2026/texmf-dist/tex/latex/pdfcol/pdfcol.sty
Package: pdfcol 2022-09-21 v1.7 Handle new color stacks for pdfTeX (HO)
)
Package pdfcol Info: New color stack `tcb@breakable' = 1 on input line 23.
\tcb@testbox=\box135
\tcb@totalupperbox=\box136
\tcb@totallowerbox=\box137
)
(/usr/local/texlive/2026/texmf-dist/tex/latex/tcolorbox/tcbskins.code.tex
Library (tcolorbox): 'tcbskins.code.tex' version '6.9.0'
(/usr/local/texlive/2026/texmf-dist/tex/latex/tikzfill/tikzfill.image.sty
Package: tikzfill.image 2026/04/23 v1.2.0 Image filling library for TikZ

(/usr/local/texlive/2026/texmf-dist/tex/latex/tikzfill/tikzlibraryfill.image.co
de.tex
File: tikzlibraryfill.image.code.tex 2026/04/23 v1.2.0 Image filling library
\l__tikzfill_tmpa_dim=\dimen411
\l__tikzfill_tmpb_dim=\dimen412
\l__tikzfill_img_box=\box138
))
(/usr/local/texlive/2026/texmf-dist/tex/latex/tcolorbox/tcbskinsjigsaw.code.tex
Library (tcolorbox): 'tcbskinsjigsaw.code.tex' version '6.9.0'
)) (/usr/local/texlive/2026/texmf-dist/tex/latex/tcolorbox/tcbtheorems.code.tex
Library (tcolorbox): 'tcbtheorems.code.tex' version '6.9.0'
)
\c@tcb@cnt@Rscreen=\count570
\c@tcb@cnt@SCrstan=\count571
\c@tcb@cnt@SCcmd=\count572
\c@tcb@cnt@MCMCout=\count573
\c@tcb@cnt@reidai=\count574
\c@tcb@cnt@hinto=\count575
 (/usr/local/texlive/2026/texmf-dist/tex/latex/capt-of/capt-of.sty
Package: capt-of 2009/12/29 v0.2 standard captions outside of floats
)
\c@tcb@cnt@FAQ=\count576
\c@tcb@cnt@caution=\count577

(/usr/local/texlive/2026/texmf-dist/tex/latex/base/makeidx.sty
Package: makeidx 2021/10/04 v1.0m Standard LaTeX package
)
\@indexfile=\write7

\openout7 = tmp.idx

Writing index file tmp.idx
(/usr/local/texlive/2026/texmf-dist/tex/latex/fancyhdr/fancyhdr.sty
Package: fancyhdr 2025/02/07 v5.2 Extensive control of page headers and footers

\f@nch@headwidth=\skip96
\f@nch@offset@elh=\skip97
\f@nch@offset@erh=\skip98
\f@nch@offset@olh=\skip99
\f@nch@offset@orh=\skip100
\f@nch@offset@elf=\skip101
\f@nch@offset@erf=\skip102
\f@nch@offset@olf=\skip103
\f@nch@offset@orf=\skip104
\f@nch@height=\skip105
\f@nch@footalignment=\skip106
\f@nch@widthL=\skip107
\f@nch@widthC=\skip108
\f@nch@widthR=\skip109
))
(/usr/local/texlive/2026/texmf-dist/tex/luatex/luatexja/patches/lltjp-array.sty
Package: lltjp-array 2026-05-13 Patch to array for LuaTeX-ja
)
\@quotelevel=\count578
\@quotereset=\count579
 (./tmp.aux (./b01_Introduction.aux) (./b02_PCs.aux) (./b03_useR.aux)
(./b04_Number_and_data.aux) (./b05_descriptives.aux) (./b06_Corr.aux)
(./b07_regression.aux) (./b08_MultipleRegression.aux) (./b09_Regression_onR.aux
) (./b10_Probability.aux) (./b11_estimation.aux) (./b12_test.aux)
(./b13_NHST.aux) (./b14_NHST2.aux) (./b15_summary_exam.aux) (./b16_ttest.aux)
(./b17_RCT.aux) (./b18_BetweenDesign.aux) (./b19_Ftest.aux)
(./b20_BetweenDesign_onR.aux) (./b21_WithinDesign.aux)
(./b22_WithinDesign_onR.aux) (./b23_probabilistic_model.aux)
(./b24_linear_model.aux) (./b25_bayesian_intro.aux)
(./b26_bayesian_approach.aux) (./b27_bayes_judgement.aux)
(./b28_bayesian_with_jasp.aux) (./b29_bayesianModeling.aux)
(./b30_final_exam.aux))
\openout1 = tmp.aux

LaTeX Font Info:    Checking defaults for OML/cmm/m/it on input line 5.
LaTeX Font Info:    ... okay on input line 5.
LaTeX Font Info:    Checking defaults for OMS/cmsy/m/n on input line 5.
LaTeX Font Info:    ... okay on input line 5.
LaTeX Font Info:    Checking defaults for OT1/cmr/m/n on input line 5.
LaTeX Font Info:    ... okay on input line 5.
LaTeX Font Info:    Checking defaults for T1/cmr/m/n on input line 5.
LaTeX Font Info:    ... okay on input line 5.
LaTeX Font Info:    Checking defaults for TS1/cmr/m/n on input line 5.
LaTeX Font Info:    ... okay on input line 5.
LaTeX Font Info:    Checking defaults for TU/lmr/m/n on input line 5.
LaTeX Font Info:    ... okay on input line 5.
LaTeX Font Info:    Checking defaults for OMX/cmex/m/n on input line 5.
LaTeX Font Info:    ... okay on input line 5.
LaTeX Font Info:    Checking defaults for U/cmr/m/n on input line 5.
LaTeX Font Info:    ... okay on input line 5.
LaTeX Font Info:    Checking defaults for JY3/mc/m/n on input line 5.
LaTeX Font Info:    ... okay on input line 5.
LaTeX Font Info:    Checking defaults for JT3/mc/m/n on input line 5.
LaTeX Font Info:    ... okay on input line 5.
LaTeX Font Info:    Checking defaults for PD1/pdf/m/n on input line 5.
LaTeX Font Info:    ... okay on input line 5.
LaTeX Font Info:    Checking defaults for PU/pdf/m/n on input line 5.
LaTeX Font Info:    ... okay on input line 5.
Package biblatex Info: Trying to load language 'english'...
Package biblatex Info: ... file 'english.lbx' found.

(/usr/local/texlive/2026/texmf-dist/tex/latex/biblatex/lbx/english.lbx
File: english.lbx 2025/07/10 v3.21 biblatex localization (PK/MW)
)
Package biblatex Info: LuaTeX detected.
(biblatex)             Assuming input encoding 'utf8'.
Package biblatex Info: Automatic encoding selection.
(biblatex)             Assuming data encoding 'utf8'.

\openout3 = tmp.bcf
Package biblatex Info: Trying to load bibliographic data...
Package biblatex Info: ... file 'tmp.bbl' found.

(./tmp.bbl

Package biblatex Warning: The following entry could not be found
(biblatex)                in the database:
(biblatex)                aoki2021
(biblatex)                Please verify the spelling and rerun
(biblatex)                LaTeX afterwards.

)
Package biblatex Info: Reference section=0 on input line 5.
Package biblatex Info: Reference segment=0 on input line 5.

*geometry* driver: auto-detecting
*geometry* detected driver: luatex
*geometry* verbose mode - [ preamble ] result:
* driver: luatex
* paper: <default>
* layout: <same size as paper>
* layoutoffset:(h,v)=(0.0pt,0.0pt)
* modes: includehead includefoot heightrounded 
* h-part:(L,W,R)=(89.62709pt, 418.25368pt, 89.6271pt)
* v-part:(T,H,B)=(71.13188pt, 702.78308pt, 71.13188pt)
* \paperwidth=597.50787pt
* \paperheight=845.04684pt
* \textwidth=418.25368pt
* \textheight=636.76108pt
* \oddsidemargin=17.3571pt
* \evensidemargin=17.3571pt
* \topmargin=-1.1381pt
* \headheight=20.0pt
* \headsep=15.69684pt
* \topskip=12.76108pt
* \footskip=16.0pt
* \marginparwidth=18.49426pt
* \marginparsep=18.49426pt
* \columnsep=18.49426pt
* \skip\footins=16.0pt plus 5.0pt minus 2.0pt
* \hoffset=0.0pt
* \voffset=0.0pt
* \mag=1000
* \@twocolumnfalse
* \@twosidefalse
* \@mparswitchfalse
* \@reversemarginfalse
* (1in=72.27pt=25.4mm, 1cm=28.453pt)

(/usr/local/texlive/2026/texmf-dist/tex/context/base/mkii/supp-pdf.mkii
[Loading MPS to PDF converter (version 2006.09.02).]
\scratchcounter=\count580
\scratchdimen=\dimen413
\scratchbox=\box139
\nofMPsegments=\count581
\nofMParguments=\count582
\everyMPshowfont=\toks62
\MPscratchCnt=\count583
\MPscratchDim=\dimen414
\MPnumerator=\count584
\makeMPintoPDFobject=\count585
\everyMPtoPDFconversion=\toks63
) (/usr/local/texlive/2026/texmf-dist/tex/latex/epstopdf-pkg/epstopdf-base.sty
Package: epstopdf-base 2020-01-24 v2.11 Base part for package epstopdf
Package epstopdf-base Info: Redefining graphics rule for `.eps' on input line 4
85.

(/usr/local/texlive/2026/texmf-dist/tex/latex/latexconfig/epstopdf-sys.cfg
File: epstopdf-sys.cfg 2010/07/13 v1.3 Configuration of (r)epstopdf for TeX Liv
e
))
(/usr/local/texlive/2026/texmf-dist/tex/latex/pdflscape/pdflscape.sty
Package: pdflscape 2025-06-23 v0.14 Display of landscape pages in PDF

(/usr/local/texlive/2026/texmf-dist/tex/latex/pdflscape/pdflscape-nometadata.st
y
Package: pdflscape-nometadata 2025-06-23 v0.14 Display of landscape pages in PD
F (HO)
Package pdflscape Info: Auto-detected driver: pdftex on input line 81.
))

Package tablefootnote Warning: LuaTeX and hyperref package used:
(tablefootnote)                Hyperreferences in rotated content
(tablefootnote)                will be misplaced
(tablefootnote)                regardless of tablefootnote package.
(tablefootnote)                The text to be printed will be OK.


Package fontspec Info: 
(fontspec)             Adjusting the maths setup (use [no-math] to avoid
(fontspec)             this).

\symlegacymaths=\mathgroup11
LaTeX Font Info:    Overwriting symbol font `legacymaths' in version `bold'
(Font)                  OT1/cmr/m/n --> OT1/cmr/bx/n on input line 5.
LaTeX Font Info:    Redeclaring math accent \acute on input line 5.
LaTeX Font Info:    Redeclaring math accent \grave on input line 5.
LaTeX Font Info:    Redeclaring math accent \ddot on input line 5.
LaTeX Font Info:    Redeclaring math accent \tilde on input line 5.
LaTeX Font Info:    Redeclaring math accent \bar on input line 5.
LaTeX Font Info:    Redeclaring math accent \breve on input line 5.
LaTeX Font Info:    Redeclaring math accent \check on input line 5.
LaTeX Font Info:    Redeclaring math accent \hat on input line 5.
LaTeX Font Info:    Redeclaring math accent \dot on input line 5.
LaTeX Font Info:    Redeclaring math accent \mathring on input line 5.
LaTeX Font Info:    Redeclaring math symbol \Gamma on input line 5.
LaTeX Font Info:    Redeclaring math symbol \Delta on input line 5.
LaTeX Font Info:    Redeclaring math symbol \Theta on input line 5.
LaTeX Font Info:    Redeclaring math symbol \Lambda on input line 5.
LaTeX Font Info:    Redeclaring math symbol \Xi on input line 5.
LaTeX Font Info:    Redeclaring math symbol \Pi on input line 5.
LaTeX Font Info:    Redeclaring math symbol \Sigma on input line 5.
LaTeX Font Info:    Redeclaring math symbol \Upsilon on input line 5.
LaTeX Font Info:    Redeclaring math symbol \Phi on input line 5.
LaTeX Font Info:    Redeclaring math symbol \Psi on input line 5.
LaTeX Font Info:    Redeclaring math symbol \Omega on input line 5.
LaTeX Font Info:    Redeclaring math symbol \mathdollar on input line 5.
LaTeX Font Info:    Redeclaring symbol font `operators' on input line 5.
LaTeX Font Info:    Encoding `OT1' has changed to `TU' for symbol font
(Font)              `operators' in the math version `normal' on input line 5.
LaTeX Font Info:    Overwriting symbol font `operators' in version `normal'
(Font)                  OT1/cmr/m/n --> TU/TeXGyreTermes(0)/m/n on input line 5
.
LaTeX Font Info:    Encoding `OT1' has changed to `TU' for symbol font
(Font)              `operators' in the math version `bold' on input line 5.
LaTeX Font Info:    Overwriting symbol font `operators' in version `bold'
(Font)                  OT1/cmr/bx/n --> TU/TeXGyreTermes(0)/m/n on input line 
5.
LaTeX Font Info:    Overwriting symbol font `operators' in version `normal'
(Font)                  TU/TeXGyreTermes(0)/m/n --> TU/TeXGyreTermes(0)/m/n on 
input line 5.
LaTeX Font Info:    Overwriting math alphabet `\mathit' in version `normal'
(Font)                  OT1/cmr/m/it --> TU/TeXGyreTermes(0)/m/it on input line
 5.
LaTeX Font Info:    Overwriting math alphabet `\mathbf' in version `normal'
(Font)                  OT1/cmr/bx/n --> TU/TeXGyreTermes(0)/b/n on input line 
5.
LaTeX Font Info:    Overwriting math alphabet `\mathsf' in version `normal'
(Font)                  OT1/cmss/m/n --> TU/lmss/m/n on input line 5.
LaTeX Font Info:    Overwriting math alphabet `\mathtt' in version `normal'
(Font)                  OT1/cmtt/m/n --> TU/lmtt/m/n on input line 5.
LaTeX Font Info:    Overwriting symbol font `operators' in version `bold'
(Font)                  TU/TeXGyreTermes(0)/m/n --> TU/TeXGyreTermes(0)/b/n on 
input line 5.
LaTeX Font Info:    Overwriting math alphabet `\mathit' in version `bold'
(Font)                  OT1/cmr/bx/it --> TU/TeXGyreTermes(0)/b/it on input lin
e 5.
LaTeX Font Info:    Overwriting math alphabet `\mathsf' in version `bold'
(Font)                  OT1/cmss/bx/n --> TU/lmss/b/n on input line 5.
LaTeX Font Info:    Overwriting math alphabet `\mathtt' in version `bold'
(Font)                  OT1/cmtt/m/n --> TU/lmtt/b/n on input line 5.
\c__nicematrix_shift_Ldots_last_row_dim=\dimen415
\c__nicematrix_innersep_middle_dim=\dimen416
\c@lstlisting=\count586
(/usr/local/texlive/2026/texmf-dist/tex/latex/base/inputenc.sty
Package: inputenc 2024/02/08 v1.3d Input encoding file
\inpenc@prehook=\toks64
\inpenc@posthook=\toks65
)
Package hyperref Info: Link coloring ON on input line 5.
 (./tmp.out)
(./tmp.out)
\@outlinefile=\write8

\openout8 = tmp.out
LaTeX Font Info:    Font shape `JT3/BIZUDPMinchoMedium(0)/m/n' will be
(Font)              scaled to size 15.97903pt on input line 11.
LaTeX Font Info:    Font shape `JY3/BIZUDPMinchoMedium(0)/m/n' will be
(Font)              scaled to size 15.97903pt on input line 11.
LaTeX Font Info:    Font shape `JT3/BIZUDPMinchoMedium(0)/m/n' will be
(Font)              scaled to size 11.09656pt on input line 11.
LaTeX Font Info:    Font shape `JY3/BIZUDPMinchoMedium(0)/m/n' will be
(Font)              scaled to size 11.09656pt on input line 11.
LaTeX Font Info:    Font shape `JY3/BIZUDPMinchoMedium(0)/m/n' will be
(Font)              scaled to size 7.3977pt on input line 11.
LaTeX Font Info:    Font shape `JY3/BIZUDPMinchoMedium(0)/m/n' will be
(Font)              scaled to size 5.54828pt on input line 11.
LaTeX Font Info:    Trying loading font information for U+msa on input line 11.

 (/usr/local/texlive/2026/texmf-dist/tex/latex/amsfonts/umsa.fd
File: umsa.fd 2013/01/14 v3.01 AMS symbols A
)
LaTeX Font Info:    Trying loading font information for U+msb on input line 11.


(/usr/local/texlive/2026/texmf-dist/tex/latex/amsfonts/umsb.fd
File: umsb.fd 2013/01/14 v3.01 AMS symbols B
)
LaTeX Font Info:    Font shape `JY3/gt/m/n' will be
(Font)              scaled to size 11.09656pt on input line 11.
LaTeX Font Info:    Font shape `JY3/gt/m/n' will be
(Font)              scaled to size 7.3977pt on input line 11.
LaTeX Font Info:    Font shape `JY3/gt/m/n' will be
(Font)              scaled to size 5.54828pt on input line 11.
LaTeX Font Info:    Font shape `JT3/BIZUDPMinchoMedium(0)/b/n' will be
(Font)              scaled to size 9.24713pt on input line 13.
LaTeX Font Info:    Font shape `JY3/BIZUDPMinchoMedium(0)/b/n' will be
(Font)              scaled to size 9.24713pt on input line 13.
 [1{/usr/local/texlive/2026/texmf-var/fonts/map/pdftex/updmap/pdftex.map}

]
LaTeX Font Info:    Font shape `JT3/BIZUDPMinchoMedium(0)/m/n' will be
(Font)              scaled to size 13.31586pt on input line 14.
LaTeX Font Info:    Font shape `JY3/BIZUDPMinchoMedium(0)/m/n' will be
(Font)              scaled to size 13.31586pt on input line 14.
LaTeX Font Info:    Font shape `JT3/gt/m/n' will be
(Font)              scaled to size 13.31586pt on input line 14.
LaTeX Font Info:    Font shape `JY3/gt/m/n' will be
(Font)              scaled to size 13.31586pt on input line 14.
(load cache: extra_lmsans12-regular.luc)
LaTeX Font Info:    Font shape `JT3/gt/m/n' will be
(Font)              scaled to size 11.09656pt on input line 15.
LaTeX Font Info:    Font shape `JT3/gt/m/n' will be
(Font)              scaled to size 9.24713pt on input line 21.
(load cache: extra_lmsans10-regular.luc)
LaTeX Font Info:    Font shape `TU/TeXGyreTermes(0)/m/sl' in size <10> not avai
lable
(Font)              Font shape `TU/TeXGyreTermes(0)/m/it' tried instead on inpu
t line 28.
LaTeX Font Info:    Font shape `JT3/BIZUDPMinchoMedium(0)/m/sl' will be
(Font)              scaled to size 9.24713pt on input line 28.
LaTeX Font Info:    Font shape `JY3/BIZUDPMinchoMedium(0)/m/sl' will be
(Font)              scaled to size 9.24713pt on input line 28.
 [2] (./tmp.toc
[3])
\tf@toc=\write9

\openout9 = tmp.toc
 [4]
\openout2 = b01_Introduction.aux
 (./b01_Introduction.tex
LaTeX Font Info:    Font shape `JY3/BIZUDPMinchoMedium(0)/m/n' will be
(Font)              scaled to size 6.47299pt on input line 11.
LaTeX Font Info:    Font shape `JY3/BIZUDPMinchoMedium(0)/m/n' will be
(Font)              scaled to size 4.62357pt on input line 11.
LaTeX Font Info:    Font shape `JY3/gt/m/n' will be
(Font)              scaled to size 6.47299pt on input line 11.
LaTeX Font Info:    Font shape `JY3/gt/m/n' will be
(Font)              scaled to size 4.62357pt on input line 11.
 [5

]) [6]
\openout2 = b02_PCs.aux
 (./b02_PCs.tex [7



]) [8]
\openout2 = b03_useR.aux

(./b03_useR.tex [9



]) [10]
\openout2 = b04_Number_and_data.aux
 (./b04_Number_and_data.tex [11



]) [12]
\openout2 = b05_descriptives.aux

(./b05_descriptives.tex(load cache: extra_lmmono10-regular.luc) [13



]) [14]
\openout2 = b06_Corr.aux
 (./b06_Corr.tex [15



]) [16]
\openout2 = b07_regression.aux

(./b07_regression.tex [17



]) [18]
\openout2 = b08_MultipleRegression.aux
 (./b08_MultipleRegression.tex [19



]) [20]
\openout2 = b09_Regression_onR.aux

(./b09_Regression_onR.tex [21



]) [22]
\openout2 = b10_Probability.aux
 (./b10_Probability.tex [23



]) [24]
\openout2 = b11_estimation.aux

(./b11_estimation.tex
LaTeX Font Info:    Font shape `JT3/BIZUDPMinchoMedium(0)/m/n' will be
(Font)              scaled to size 6.47299pt on input line 10.
LaTeX Font Info:    Font shape `JT3/BIZUDPMinchoMedium(0)/m/n' will be
(Font)              scaled to size 7.3977pt on input line 10.
LaTeX Font Info:    Font shape `JT3/BIZUDPMinchoMedium(0)/m/n' will be
(Font)              scaled to size 5.54828pt on input line 10.
 [25



] [26]) [27]
\openout2 = b12_test.aux
 (./b12_test.tex [28



]) [29]
\openout2 = b13_NHST.aux

(./b13_NHST.tex [30



]) [31]
\openout2 = b14_NHST2.aux
 (./b14_NHST2.tex [32



]) [33] [34]
\openout2 = b15_summary_exam.aux

(./b15_summary_exam.tex [35



]) [36]
\openout2 = b16_ttest.aux
 (./b16_ttest.tex [37



]) [38]
\openout2 = b17_RCT.aux
 (./b17_RCT.tex
[39



]) [40]
\openout2 = b18_BetweenDesign.aux
 (./b18_BetweenDesign.tex [41



]) [42]
\openout2 = b19_Ftest.aux
 (./b19_Ftest.tex [43



]) [44]
\openout2 = b20_BetweenDesign_onR.aux

(./b20_BetweenDesign_onR.tex [45



]) [46]
\openout2 = b21_WithinDesign.aux
 (./b21_WithinDesign.tex [47



]) [48]
[49]
\openout2 = b22_WithinDesign_onR.aux
 (./b22_WithinDesign_onR.tex

LaTeX Warning: Citation 'aoki2021' on page 50 undefined on input line 13.


LaTeX Warning: Citation 'aoki2021' on page 50 undefined on input line 18.

[50



]) [51]
\openout2 = b23_probabilistic_model.aux
 (./b23_probabilistic_model.tex [52



]) [53]
\openout2 = b24_linear_model.aux
 (./b24_linear_model.tex
[54



]) [55]
\openout2 = b25_bayesian_intro.aux
 (./b25_bayesian_intro.tex [56



]) [57]
\openout2 = b26_bayesian_approach.aux
 (./b26_bayesian_approach.tex
[58



]) [59]
\openout2 = b27_bayes_judgement.aux
 (./b27_bayes_judgement.tex [60



]) [61]
\openout2 = b28_bayesian_with_jasp.aux
 (./b28_bayesian_with_jasp.tex
[62



]) [63]
\openout2 = b29_bayesianModeling.aux
 (./b29_bayesianModeling.tex [64



]) [65]
\openout2 = b30_final_exam.aux
 (./b30_final_exam.tex
[66



]) [67] [68


] [69] (./tmp.aux (./b01_Introduction.aux) (./b02_PCs.aux)
(./b03_useR.aux) (./b04_Number_and_data.aux) (./b05_descriptives.aux)
(./b06_Corr.aux) (./b07_regression.aux) (./b08_MultipleRegression.aux)
(./b09_Regression_onR.aux) (./b10_Probability.aux) (./b11_estimation.aux)
(./b12_test.aux) (./b13_NHST.aux) (./b14_NHST2.aux) (./b15_summary_exam.aux)
(./b16_ttest.aux) (./b17_RCT.aux) (./b18_BetweenDesign.aux) (./b19_Ftest.aux)
(./b20_BetweenDesign_onR.aux) (./b21_WithinDesign.aux)
(./b22_WithinDesign_onR.aux) (./b23_probabilistic_model.aux)
(./b24_linear_model.aux) (./b25_bayesian_intro.aux)
(./b26_bayesian_approach.aux) (./b27_bayes_judgement.aux)
(./b28_bayesian_with_jasp.aux) (./b29_bayesianModeling.aux)
(./b30_final_exam.aux))
 ***********
LaTeX2e <2025-11-01>
L3 programming layer <2026-05-15>
 ***********
Package rerunfilecheck Info: File `tmp.out' has not changed.
(rerunfilecheck)             Checksum: CEC5C2AFD7097D68F734CD2BBCC82596;4413.
Package logreq Info: Writing requests to 'tmp.run.xml'.

\openout1 = tmp.run.xml
)

Here is how much of LuaTeX's memory you used:
 50301 strings out of 475891
 156557,2373549 words of node,token memory allocated
 1264 words of node memory still in use:
   10 hlist, 2 vlist, 5 rule, 4 glue, 4 kern, 1 glyph, 240 attribute, 78 glue_sp
ec, 31 attribute_list, 2 write, 13 user_defined nodes
   avail lists: 1:38,2:47470,3:699,4:606,5:329,6:85,7:6202,8:26,9:753,10:43,11:8
6
 70643 multiletter control sequences out of 65536+600000
 123 fonts using 80157823 bytes
 119i,11n,135p,2074b,1815s stack positions out of 10000i,1000n,20000p,200000b,200000s
</usr/local/texlive/2026/texmf-dist/fonts/opentype/public/lm/lmmono10-regular.ot
f></usr/local/texlive/2026/texmf-dist/fonts/opentype/public/lm/lmsans12-regular.
otf></usr/local/texlive/2026/texmf-dist/fonts/opentype/public/tex-gyre/texgyrete
rmes-italic.otf></usr/local/texlive/2026/texmf-dist/fonts/opentype/public/lm/lms
ans10-regular.otf></usr/local/texlive/2026/texmf-dist/fonts/opentype/public/hara
noaji/HaranoAjiGothic-Medium.otf></usr/local/texlive/2026/texmf-dist/fonts/opent
ype/public/tex-gyre/texgyretermes-regular.otf></Library/Fonts/BIZ-UDMinchoM.ttc>
</usr/local/texlive/2026/texmf-dist/fonts/opentype/public/tex-gyre/texgyretermes
-bold.otf></usr/local/texlive/2026/texmf-dist/fonts/type1/public/amsfonts/cm/cme
x10.pfb></usr/local/texlive/2026/texmf-dist/fonts/type1/public/amsfonts/cm/cmmi1
0.pfb></usr/local/texlive/2026/texmf-dist/fonts/type1/public/amsfonts/cm/cmmi7.p
fb></usr/local/texlive/2026/texmf-dist/fonts/type1/public/amsfonts/cm/cmr10.pfb>
</usr/local/texlive/2026/texmf-dist/fonts/type1/public/amsfonts/cm/cmr7.pfb></us
r/local/texlive/2026/texmf-dist/fonts/type1/public/amsfonts/cm/cmsy10.pfb>
Output written on tmp.pdf (69 pages, 770786 bytes).

PDF statistics: 1006 PDF objects out of 1200 (max. 8388607)
 896 compressed objects within 9 object streams
 543 named destinations out of 1000 (max. 1048576)
 264 words of extra memory for PDF output out of 10000 (max. 100000000)

