This is LuaHBTeX, Version 1.13.2 (TeX Live 2021)  (format=lualatex 2021.10.19)  22 OCT 2021 12:19
 restricted system commands enabled.
**_main.tex
(./_main.tex
LaTeX2e <2021-06-01> patch level 1
Lua module: luaotfload 2021-05-21 3.18 Lua based OpenType font support
Lua module: lualibs 2021-05-20 2.74 ConTeXt Lua standard libraries.
Lua module: lualibs-extended 2021-05-20 2.74 ConTeXt Lua libraries -- extended c
ollection.
luaotfload | conf : Root cache directory is "/Users/Napier/Library/texlive/2021/
texmf-var/luatex-cache/generic/names".
luaotfload | init : Loading fontloader "fontloader-2021-05-20.lua" from kpse-res
olved path "/usr/local/texlive/2021/texmf-dist/tex/luatex/luaotfload/fontloader-
2021-05-20.lua".
Lua-only attribute luaotfload@noligature = 1
Lua-only attribute luaotfload@syllabe = 2
luaotfload | init : Context OpenType loader version 3.116
Inserting `luaotfload.node_processor' at position 1 in `pre_linebreak_filter'.
Inserting `luaotfload.node_processor' at position 1 in `hpack_filter'.
Inserting `luaotfload.glyph_stream' at position 1 in `glyph_stream_provider'.
Inserting `luaotfload.define_font' at position 1 in `define_font'.
Lua-only attribute luaotfload_color_attribute = 3
luaotfload | conf : Root cache directory is "/Users/Napier/Library/texlive/2021/
texmf-var/luatex-cache/generic/names".
Inserting `luaotfload.harf.strip_prefix' at position 1 in `find_opentype_file'.
Inserting `luaotfload.harf.strip_prefix' at position 1 in `find_truetype_file'.
Inserting `luaotfload.harf.finalize_vlist' at position 1 in `post_linebreak_filt
er'.
Inserting `luaotfload.harf.finalize_hlist' at position 2 in `hpack_filter'.
Inserting `luaotfload.cleanup_files' at position 1 in `wrapup_run'.
Inserting `luaotfload.harf.finalize_unicode' at position 1 in `finish_pdffile'.
Inserting `luaotfload.glyphinfo' at position 1 in `glyph_info'.
Lua-only attribute luaotfload.letterspace_done = 4
Inserting `luaotfload.aux.set_sscale_dimens' at position 1 in `luaotfload.patch_
font'.
Inserting `luaotfload.aux.set_font_index' at position 2 in `luaotfload.patch_fon
t'.
Inserting `luaotfload.aux.patch_cambria_domh' at position 3 in `luaotfload.patch
_font'.
Inserting `luaotfload.aux.fixup_fontdata' at position 1 in `luaotfload.patch_fon
t_unsafe'.
Inserting `luaotfload.aux.set_capheight' at position 4 in `luaotfload.patch_font
'.
Inserting `luaotfload.aux.set_xheight' at position 5 in `luaotfload.patch_font'.
Inserting `luaotfload.rewrite_fontname' at position 6 in `luaotfload.patch_font'
. L3 programming layer <2021-10-17>
Inserting `tracingstacklevels' at position 1 in `input_level_string'. (/usr/loc
al/texlive/2021/texmf-dist/tex/latex/base/book.cls
Document Class: book 2021/02/12 v1.4n Standard LaTeX document class
(/usr/local/texlive/2021/texmf-dist/tex/latex/base/bk10.clo
File: bk10.clo 2021/02/12 v1.4n Standard LaTeX file (size option)
luaotfload | db : Font names database loaded from /Users/Napier/Library/texlive/
2021/texmf-var/luatex-cache/generic/names/luaotfload-names.luc)
\c@part=\count179
\c@chapter=\count180
\c@section=\count181
\c@subsection=\count182
\c@subsubsection=\count183
\c@paragraph=\count184
\c@subparagraph=\count185
\c@figure=\count186
\c@table=\count187
\abovecaptionskip=\skip47
\belowcaptionskip=\skip48
\bibindent=\dimen138
) (/usr/local/texlive/2021/texmf-dist/tex/latex/amsmath/amsmath.sty
Package: amsmath 2021/04/20 v2.17j AMS math features
\@mathmargin=\skip49
For additional information on amsmath, use the `?' option.
(/usr/local/texlive/2021/texmf-dist/tex/latex/amsmath/amstext.sty
Package: amstext 2000/06/29 v2.01 AMS text
(/usr/local/texlive/2021/texmf-dist/tex/latex/amsmath/amsgen.sty
File: amsgen.sty 1999/11/30 v2.0 generic functions
\@emptytoks=\toks16
\ex@=\dimen139
)) (/usr/local/texlive/2021/texmf-dist/tex/latex/amsmath/amsbsy.sty
Package: amsbsy 1999/11/29 v1.2d Bold Symbols
\pmbraise@=\dimen140
) (/usr/local/texlive/2021/texmf-dist/tex/latex/amsmath/amsopn.sty
Package: amsopn 2016/03/08 v2.02 operator names
)
\inf@bad=\count188
LaTeX Info: Redefining \frac on input line 236.
\uproot@=\count189
\leftroot@=\count190
LaTeX Info: Redefining \overline on input line 399.
\classnum@=\count191
\DOTSCASE@=\count192
LaTeX Info: Redefining \ldots on input line 496.
LaTeX Info: Redefining \dots on input line 499.
LaTeX Info: Redefining \cdots on input line 620.
\Mathstrutbox@=\box50
\strutbox@=\box51
\big@size=\dimen141
LaTeX Font Info:    Redeclaring font encoding OML on input line 743.
LaTeX Font Info:    Redeclaring font encoding OMS on input line 744.
\macc@depth=\count193
\c@MaxMatrixCols=\count194
\dotsspace@=\muskip16
\c@parentequation=\count195
\dspbrk@lvl=\count196
\tag@help=\toks17
\row@=\count197
\column@=\count198
\maxfields@=\count199
\andhelp@=\toks18
\eqnshift@=\dimen142
\alignsep@=\dimen143
\tagshift@=\dimen144
\tagwidth@=\dimen145
\totwidth@=\dimen146
\lineht@=\dimen147
\@envbody=\toks19
\multlinegap=\skip50
\multlinetaggap=\skip51
\mathdisplay@stack=\toks20
LaTeX Info: Redefining \[ on input line 2923.
LaTeX Info: Redefining \] on input line 2924.
) (/usr/local/texlive/2021/texmf-dist/tex/latex/amsfonts/amssymb.sty
Package: amssymb 2013/01/14 v3.01 AMS font symbols
(/usr/local/texlive/2021/texmf-dist/tex/latex/amsfonts/amsfonts.sty
Package: amsfonts 2013/01/14 v3.01 Basic AMSFonts support
\symAMSa=\mathgroup4
\symAMSb=\mathgroup5
LaTeX Font Info:    Redeclaring math symbol \hbar on input line 98.
LaTeX Font Info:    Overwriting math alphabet `\mathfrak' in version `bold'
(Font)                  U/euf/m/n --> U/euf/b/n on input line 106.
)) (/usr/local/texlive/2021/texmf-dist/tex/latex/lm/lmodern.sty
Package: lmodern 2015/05/01 v1.6.1 Latin Modern Fonts
LaTeX Font Info:    Overwriting symbol font `operators' in version `normal'
(Font)                  OT1/cmr/m/n --> OT1/lmr/m/n on input line 22.
LaTeX Font Info:    Overwriting symbol font `letters' in version `normal'
(Font)                  OML/cmm/m/it --> OML/lmm/m/it on input line 23.
LaTeX Font Info:    Overwriting symbol font `symbols' in version `normal'
(Font)                  OMS/cmsy/m/n --> OMS/lmsy/m/n on input line 24.
LaTeX Font Info:    Overwriting symbol font `largesymbols' in version `normal'
(Font)                  OMX/cmex/m/n --> OMX/lmex/m/n on input line 25.
LaTeX Font Info:    Overwriting symbol font `operators' in version `bold'
(Font)                  OT1/cmr/bx/n --> OT1/lmr/bx/n on input line 26.
LaTeX Font Info:    Overwriting symbol font `letters' in version `bold'
(Font)                  OML/cmm/b/it --> OML/lmm/b/it on input line 27.
LaTeX Font Info:    Overwriting symbol font `symbols' in version `bold'
(Font)                  OMS/cmsy/b/n --> OMS/lmsy/b/n on input line 28.
LaTeX Font Info:    Overwriting symbol font `largesymbols' in version `bold'
(Font)                  OMX/cmex/m/n --> OMX/lmex/m/n on input line 29.
LaTeX Font Info:    Overwriting math alphabet `\mathbf' in version `normal'
(Font)                  OT1/cmr/bx/n --> OT1/lmr/bx/n on input line 31.
LaTeX Font Info:    Overwriting math alphabet `\mathsf' in version `normal'
(Font)                  OT1/cmss/m/n --> OT1/lmss/m/n on input line 32.
LaTeX Font Info:    Overwriting math alphabet `\mathit' in version `normal'
(Font)                  OT1/cmr/m/it --> OT1/lmr/m/it on input line 33.
LaTeX Font Info:    Overwriting math alphabet `\mathtt' in version `normal'
(Font)                  OT1/cmtt/m/n --> OT1/lmtt/m/n on input line 34.
LaTeX Font Info:    Overwriting math alphabet `\mathbf' in version `bold'
(Font)                  OT1/cmr/bx/n --> OT1/lmr/bx/n on input line 35.
LaTeX Font Info:    Overwriting math alphabet `\mathsf' in version `bold'
(Font)                  OT1/cmss/bx/n --> OT1/lmss/bx/n on input line 36.
LaTeX Font Info:    Overwriting math alphabet `\mathit' in version `bold'
(Font)                  OT1/cmr/bx/it --> OT1/lmr/bx/it on input line 37.
LaTeX Font Info:    Overwriting math alphabet `\mathtt' in version `bold'
(Font)                  OT1/cmtt/m/n --> OT1/lmtt/m/n on input line 38.
) (/usr/local/texlive/2021/texmf-dist/tex/generic/iftex/iftex.sty
Package: iftex 2020/03/06 v1.0d TeX engine tests
) (/usr/local/texlive/2021/texmf-dist/tex/latex/unicode-math/unicode-math.sty (/usr/local/texlive/2021/texmf-dist/tex/latex/l3kernel/expl3.sty
Package: expl3 2021-10-17 L3 programming layer (loader) 
(/usr/local/texlive/2021/texmf-dist/tex/latex/l3backend/l3backend-luatex.def
File: l3backend-luatex.def 2021-10-17 L3 backend support: PDF output (LuaTeX)
\l__color_backend_stack_int=\count266
\l__pdf_internal_box=\box52
))
Package: unicode-math 2020/01/31 v0.8q Unicode maths in XeLaTeX and LuaLaTeX

(/usr/local/texlive/2021/texmf-dist/tex/latex/unicode-math/unicode-math-luatex.
sty
Package: unicode-math-luatex 2020/01/31 v0.8q Unicode maths in XeLaTeX and LuaL
aTeX
(/usr/local/texlive/2021/texmf-dist/tex/latex/l3packages/xparse/xparse.sty
Package: xparse 2021-08-27 L3 Experimental document command parser
) (/usr/local/texlive/2021/texmf-dist/tex/latex/l3packages/l3keys2e/l3keys2e.st
y
Package: l3keys2e 2021-08-27 LaTeX2e option processing using LaTeX3 keys
) (/usr/local/texlive/2021/texmf-dist/tex/latex/fontspec/fontspec.sty
Package: fontspec 2020/02/21 v2.7i Font selection for XeLaTeX and LuaLaTeX
Lua module: fontspec 2020/02/21 2.7i Font selection for XeLaTeX and LuaLaTeX (/
usr/local/texlive/2021/texmf-dist/tex/latex/fontspec/fontspec-luatex.sty
Package: fontspec-luatex 2020/02/21 v2.7i Font selection for XeLaTeX and LuaLaT
eX
\l__fontspec_script_int=\count267
\l__fontspec_language_int=\count268
\l__fontspec_strnum_int=\count269
\l__fontspec_tmp_int=\count270
\l__fontspec_tmpa_int=\count271
\l__fontspec_tmpb_int=\count272
\l__fontspec_tmpc_int=\count273
\l__fontspec_em_int=\count274
\l__fontspec_emdef_int=\count275
\l__fontspec_strong_int=\count276
\l__fontspec_strongdef_int=\count277
\l__fontspec_tmpa_dim=\dimen148
\l__fontspec_tmpb_dim=\dimen149
\l__fontspec_tmpc_dim=\dimen150
(/usr/local/texlive/2021/texmf-dist/tex/latex/base/fontenc.sty
Package: fontenc 2021/04/29 v2.0v Standard LaTeX package
) (/usr/local/texlive/2021/texmf-dist/tex/latex/fontspec/fontspec.cfg))) (/usr/
local/texlive/2021/texmf-dist/tex/latex/base/fix-cm.sty
Package: fix-cm 2020/11/24 v1.1t fixes to LaTeX
(/usr/local/texlive/2021/texmf-dist/tex/latex/base/ts1enc.def
File: ts1enc.def 2001/06/05 v3.0e (jk/car/fm) Standard LaTeX file
LaTeX Font Info:    Redeclaring font encoding TS1 on input line 47.
))
(/usr/local/texlive/2021/texmf-dist/tex/lualatex/lualatex-math/lualatex-math.st
y
Package: lualatex-math 2021/07/05 v1.11 Patches for mathematics typesetting wit
h LuaLaTeX
(/usr/local/texlive/2021/texmf-dist/tex/latex/etoolbox/etoolbox.sty
Package: etoolbox 2020/10/05 v2.5k e-TeX tools for LaTeX (JAW)
\etb@tempcnta=\count278
)
Lua module: lualatex-math 2013/08/03 1.3 Patches for mathematics typesetting wit
h LuaLaTeX)
\g__um_fam_int=\count279
\g__um_fonts_used_int=\count280
\l__um_primecount_int=\count281
\g__um_primekern_muskip=\muskip17

(/usr/local/texlive/2021/texmf-dist/tex/latex/unicode-math/unicode-math-table.t
ex))) (/usr/local/texlive/2021/texmf-dist/tex/latex/upquote/upquote.sty
Package: upquote 2012/04/19 v1.3 upright-quote and grave-accent glyphs in verba
tim
(/usr/local/texlive/2021/texmf-dist/tex/latex/base/textcomp.sty
Package: textcomp 2020/02/02 v2.0n Standard LaTeX package
)) (/usr/local/texlive/2021/texmf-dist/tex/latex/microtype/microtype.sty
Package: microtype 2021/03/14 v2.8c Micro-typographical refinements (RS)
(/usr/local/texlive/2021/texmf-dist/tex/latex/graphics/keyval.sty
Package: keyval 2014/10/28 v1.15 key=value parser (DPC)
\KV@toks@=\toks21
)
\MT@toks=\toks22
\MT@count=\count282
LaTeX Info: Redefining \textls on input line 790.
\MT@outer@kern=\dimen151
LaTeX Info: Redefining \textmicrotypecontext on input line 1374.
\MT@listname@count=\count283
(/usr/local/texlive/2021/texmf-dist/tex/latex/microtype/microtype-luatex.def
File: microtype-luatex.def 2021/03/14 v2.8c Definitions specific to luatex (RS)

Module microtype Info: overwriting function `keepligature' on input line 62
LaTeX Info: Redefining \lsstyle on input line 710.
LaTeX Info: Redefining \lslig on input line 710.
\MT@outer@space=\skip52
)
Package microtype Info: Loading configuration file microtype.cfg.
(/usr/local/texlive/2021/texmf-dist/tex/latex/microtype/microtype.cfg
File: microtype.cfg 2021/03/14 v2.8c microtype main configuration file (RS)
)) (/usr/local/texlive/2021/texmf-dist/tex/latex/parskip/parskip.sty
Package: parskip 2021-03-14 v2.0h non-zero parskip adjustments
(/usr/local/texlive/2021/texmf-dist/tex/latex/kvoptions/kvoptions.sty
Package: kvoptions 2020-10-07 v3.14 Key value format for package options (HO)
(/usr/local/texlive/2021/texmf-dist/tex/generic/ltxcmds/ltxcmds.sty
Package: ltxcmds 2020-05-10 v1.25 LaTeX kernel commands for general use (HO)
) (/usr/local/texlive/2021/texmf-dist/tex/generic/kvsetkeys/kvsetkeys.sty
Package: kvsetkeys 2019/12/15 v1.18 Key value parser (HO)
))) (/usr/local/texlive/2021/texmf-dist/tex/latex/xcolor/xcolor.sty
Package: xcolor 2016/05/11 v2.12 LaTeX color extensions (UK)
(/usr/local/texlive/2021/texmf-dist/tex/latex/graphics-cfg/color.cfg
File: color.cfg 2016/01/02 v1.6 sample color configuration
)
Package xcolor Info: Driver file: luatex.def on input line 225.
(/usr/local/texlive/2021/texmf-dist/tex/latex/graphics-def/luatex.def
File: luatex.def 2021/06/01 v1.2c Graphics/color driver for luatex
)
Package xcolor Info: Model `cmy' substituted by `cmy0' on input line 1348.
Package xcolor Info: Model `hsb' substituted by `rgb' on input line 1352.
Package xcolor Info: Model `RGB' extended on input line 1364.
Package xcolor Info: Model `HTML' substituted by `rgb' on input line 1366.
Package xcolor Info: Model `Hsb' substituted by `hsb' on input line 1367.
Package xcolor Info: Model `tHsb' substituted by `hsb' on input line 1368.
Package xcolor Info: Model `HSB' substituted by `hsb' on input line 1369.
Package xcolor Info: Model `Gray' substituted by `gray' on input line 1370.
Package xcolor Info: Model `wave' substituted by `hsb' on input line 1371.
) (/usr/local/texlive/2021/texmf-dist/tex/latex/xurl/xurl.sty
Package: xurl 2020/12/30 v 0.09a modify URL breaks
(/usr/local/texlive/2021/texmf-dist/tex/latex/url/url.sty
\Urlmuskip=\muskip18
Package: url 2013/09/16  ver 3.4  Verb mode for urls, etc.
)) (/usr/local/texlive/2021/texmf-dist/tex/latex/bookmark/bookmark.sty
Package: bookmark 2020-11-06 v1.29 PDF bookmarks (HO)
(/usr/local/texlive/2021/texmf-dist/tex/latex/hyperref/hyperref.sty
Package: hyperref 2021-06-07 v7.00m Hypertext links for LaTeX
(/usr/local/texlive/2021/texmf-dist/tex/generic/pdftexcmds/pdftexcmds.sty
Package: pdftexcmds 2020-06-27 v0.33 Utility functions of pdfTeX for LuaTeX (HO
)
(/usr/local/texlive/2021/texmf-dist/tex/generic/infwarerr/infwarerr.sty
Package: infwarerr 2019/12/03 v1.5 Providing info/warning/error messages (HO)
)
Package pdftexcmds Info: \pdf@primitive is available.
Package pdftexcmds Info: \pdf@ifprimitive is available.
Package pdftexcmds Info: \pdfdraftmode found.
\pdftexcmds@toks=\toks23
) (/usr/local/texlive/2021/texmf-dist/tex/generic/kvdefinekeys/kvdefinekeys.sty
Package: kvdefinekeys 2019-12-19 v1.6 Define keys (HO)
) (/usr/local/texlive/2021/texmf-dist/tex/generic/pdfescape/pdfescape.sty
Package: pdfescape 2019/12/09 v1.15 Implements pdfTeX's escape features (HO)
) (/usr/local/texlive/2021/texmf-dist/tex/latex/hycolor/hycolor.sty
Package: hycolor 2020-01-27 v1.10 Color options for hyperref/bookmark (HO)
) (/usr/local/texlive/2021/texmf-dist/tex/latex/letltxmacro/letltxmacro.sty
Package: letltxmacro 2019/12/03 v1.6 Let assignment for LaTeX macros (HO)
) (/usr/local/texlive/2021/texmf-dist/tex/latex/auxhook/auxhook.sty
Package: auxhook 2019-12-17 v1.6 Hooks for auxiliary files (HO)
)
\@linkdim=\dimen152
\Hy@linkcounter=\count284
\Hy@pagecounter=\count285
(/usr/local/texlive/2021/texmf-dist/tex/latex/hyperref/pd1enc.def
File: pd1enc.def 2021-06-07 v7.00m Hyperref: PDFDocEncoding definition (HO)
)
(/usr/local/texlive/2021/texmf-dist/tex/latex/hyperref/hyperref-langpatches.def
File: hyperref-langpatches.def 2021-06-07 v7.00m Hyperref: patches for babel la
nguages
) (/usr/local/texlive/2021/texmf-dist/tex/generic/intcalc/intcalc.sty
Package: intcalc 2019/12/15 v1.3 Expandable calculations with integers (HO)
) (/usr/local/texlive/2021/texmf-dist/tex/generic/etexcmds/etexcmds.sty
Package: etexcmds 2019/12/15 v1.7 Avoid name clashes with e-TeX commands (HO)
)
\Hy@SavedSpaceFactor=\count286
(/usr/local/texlive/2021/texmf-dist/tex/latex/hyperref/puenc.def
File: puenc.def 2021-06-07 v7.00m Hyperref: PDF Unicode definition (HO)
)
Package hyperref Info: Option `unicode' set `true' on input line 4073.
Package hyperref Info: Hyper figures OFF on input line 4192.
Package hyperref Info: Link nesting OFF on input line 4197.
Package hyperref Info: Hyper index ON on input line 4200.
Package hyperref Info: Plain pages OFF on input line 4207.
Package hyperref Info: Backreferencing OFF on input line 4212.
Package hyperref Info: Implicit mode ON; LaTeX internals redefined.
Package hyperref Info: Bookmarks ON on input line 4445.
\c@Hy@tempcnt=\count287
LaTeX Info: Redefining \url on input line 4804.
\XeTeXLinkMargin=\dimen153
(/usr/local/texlive/2021/texmf-dist/tex/generic/bitset/bitset.sty
Package: bitset 2019/12/09 v1.3 Handle bit-vector datatype (HO)
(/usr/local/texlive/2021/texmf-dist/tex/generic/bigintcalc/bigintcalc.sty
Package: bigintcalc 2019/12/15 v1.5 Expandable calculations on big integers (HO
)
))
\Fld@menulength=\count288
\Field@Width=\dimen154
\Fld@charsize=\dimen155
Package hyperref Info: Hyper figures OFF on input line 6076.
Package hyperref Info: Link nesting OFF on input line 6081.
Package hyperref Info: Hyper index ON on input line 6084.
Package hyperref Info: backreferencing OFF on input line 6091.
Package hyperref Info: Link coloring OFF on input line 6096.
Package hyperref Info: Link coloring with OCG OFF on input line 6101.
Package hyperref Info: PDF/A mode OFF on input line 6106.
LaTeX Info: Redefining \ref on input line 6146.
LaTeX Info: Redefining \pageref on input line 6150.
(/usr/local/texlive/2021/texmf-dist/tex/latex/base/atbegshi-ltx.sty
Package: atbegshi-ltx 2021/01/10 v1.0c Emulation of the original atbegshi
package with kernel methods
)
\Hy@abspage=\count289
\c@Item=\count290
\c@Hfootnote=\count291
)
Package hyperref Info: Driver (autodetected): hluatex.
(/usr/local/texlive/2021/texmf-dist/tex/latex/hyperref/hluatex.def
File: hluatex.def 2021-06-07 v7.00m Hyperref driver for luaTeX
(/usr/local/texlive/2021/texmf-dist/tex/generic/stringenc/stringenc.sty
Package: stringenc 2019/11/29 v1.12 Convert strings between diff. encodings (HO
)
) (/usr/local/texlive/2021/texmf-dist/tex/latex/base/atveryend-ltx.sty
Package: atveryend-ltx 2020/08/19 v1.0a Emulation of the original atvery packag
e
with kernel methods
)
\Fld@listcount=\count292
\c@bookmark@seq@number=\count293

(/usr/local/texlive/2021/texmf-dist/tex/latex/rerunfilecheck/rerunfilecheck.sty
Package: rerunfilecheck 2019/12/05 v1.9 Rerun checks for auxiliary files (HO)

(/usr/local/texlive/2021/texmf-dist/tex/generic/uniquecounter/uniquecounter.sty
Package: uniquecounter 2019/12/15 v1.4 Provide unlimited unique counter (HO)
)
Package uniquecounter Info: New unique counter `rerunfilecheck' on input line 2
86.
)
\Hy@SectionHShift=\skip53
) (/usr/local/texlive/2021/texmf-dist/tex/latex/bookmark/bkm-pdftex.def
File: bkm-pdftex.def 2020-11-06 v1.29 bookmark driver for pdfTeX (HO)
\BKM@id=\count294
)) (/usr/local/texlive/2021/texmf-dist/tex/latex/fancyvrb/fancyvrb.sty
Package: fancyvrb 2021/10/15 v3.9 verbatim text (tvz,hv)
\FV@CodeLineNo=\count295
\FV@InFile=\read2
\FV@TabBox=\box53
\c@FancyVerbLine=\count296
\FV@StepNumber=\count297
\FV@OutFile=\write3
) (/usr/local/texlive/2021/texmf-dist/tex/latex/framed/framed.sty
Package: framed 2011/10/22 v 0.96: framed or shaded text with page breaks
\OuterFrameSep=\skip54
\fb@frw=\dimen156
\fb@frh=\dimen157
\FrameRule=\dimen158
\FrameSep=\dimen159
) (/usr/local/texlive/2021/texmf-dist/tex/latex/tools/longtable.sty
Package: longtable 2021-05-07 v4.16 Multi-page Table package (DPC)
\LTleft=\skip55
\LTright=\skip56
\LTpre=\skip57
\LTpost=\skip58
\LTchunksize=\count298
\LTcapwidth=\dimen160
\LT@head=\box54
\LT@firsthead=\box55
\LT@foot=\box56
\LT@lastfoot=\box57
\LT@gbox=\box58
\LT@cols=\count299
\LT@rows=\count300
\c@LT@tables=\count301
\c@LT@chunks=\count302
\LT@p@ftn=\toks24
) (/usr/local/texlive/2021/texmf-dist/tex/latex/booktabs/booktabs.sty
Package: booktabs 2020/01/12 v1.61803398 Publication quality tables
\heavyrulewidth=\dimen161
\lightrulewidth=\dimen162
\cmidrulewidth=\dimen163
\belowrulesep=\dimen164
\belowbottomsep=\dimen165
\aboverulesep=\dimen166
\abovetopsep=\dimen167
\cmidrulesep=\dimen168
\cmidrulekern=\dimen169
\defaultaddspace=\dimen170
\@cmidla=\count303
\@cmidlb=\count304
\@aboverulesep=\dimen171
\@belowrulesep=\dimen172
\@thisruleclass=\count305
\@lastruleclass=\count306
\@thisrulewidth=\dimen173
) (/usr/local/texlive/2021/texmf-dist/tex/latex/tools/array.sty
Package: array 2021/04/20 v2.5e Tabular extension package (FMi)
\col@sep=\dimen174
\ar@mcellbox=\box59
\extrarowheight=\dimen175
\NC@list=\toks25
\extratabsurround=\skip59
\backup@length=\skip60
\ar@cellbox=\box60
) (/usr/local/texlive/2021/texmf-dist/tex/latex/tools/calc.sty
Package: calc 2017/05/25 v4.3 Infix arithmetic (KKT,FJ)
\calc@Acount=\count307
\calc@Bcount=\count308
\calc@Adimen=\dimen176
\calc@Bdimen=\dimen177
\calc@Askip=\skip61
\calc@Bskip=\skip62
LaTeX Info: Redefining \setlength on input line 80.
LaTeX Info: Redefining \addtolength on input line 81.
\calc@Ccount=\count309
\calc@Cskip=\skip63
) (/usr/local/texlive/2021/texmf-dist/tex/latex/footnotehyper/footnotehyper.sty
Package: footnotehyper 2021/08/13 v1.1e hyperref aware footnote.sty (JFB)
\FNH@notes=\box61
\FNH@width=\dimen178
\FNH@toks=\toks26
) (/usr/local/texlive/2021/texmf-dist/tex/latex/graphics/graphicx.sty
Package: graphicx 2020/12/05 v1.2c Enhanced LaTeX Graphics (DPC,SPQR)
(/usr/local/texlive/2021/texmf-dist/tex/latex/graphics/graphics.sty
Package: graphics 2021/03/04 v1.4d Standard LaTeX Graphics (DPC,SPQR)
(/usr/local/texlive/2021/texmf-dist/tex/latex/graphics/trig.sty
Package: trig 2016/01/03 v1.10 sin cos tan (DPC)
) (/usr/local/texlive/2021/texmf-dist/tex/latex/graphics-cfg/graphics.cfg
File: graphics.cfg 2016/06/04 v1.11 sample graphics configuration
)
Package graphics Info: Driver file: luatex.def on input line 107.
)
\Gin@req@height=\dimen179
\Gin@req@width=\dimen180
) (/usr/local/texlive/2021/texmf-dist/tex/generic/ulem/ulem.sty
\UL@box=\box62
\UL@hyphenbox=\box63
\UL@skip=\skip64
\UL@hook=\toks27
\UL@height=\dimen181
\UL@pe=\count310
\UL@pixel=\dimen182
\ULC@box=\box64
Package: ulem 2019/11/18
\ULdepth=\dimen183
) (/usr/local/texlive/2021/texmf-dist/tex/latex/natbib/natbib.sty
Package: natbib 2010/09/13 8.31b (PWD, AO)
\bibhang=\skip65
\bibsep=\skip66
LaTeX Info: Redefining \cite on input line 694.
\c@NAT@ctr=\count311
) (/usr/local/texlive/2021/texmf-dist/tex/latex/geometry/geometry.sty
Package: geometry 2020/01/02 v5.9 Page Geometry
(/usr/local/texlive/2021/texmf-dist/tex/generic/iftex/ifvtex.sty
Package: ifvtex 2019/10/25 v1.7 ifvtex legacy package. Use iftex instead.
)
\Gm@cnth=\count312
\Gm@cntv=\count313
\c@Gm@tempcnt=\count314
\Gm@bindingoffset=\dimen184
\Gm@wd@mp=\dimen185
\Gm@odd@mp=\dimen186
\Gm@even@mp=\dimen187
\Gm@layoutwidth=\dimen188
\Gm@layoutheight=\dimen189
\Gm@layouthoffset=\dimen190
\Gm@layoutvoffset=\dimen191
\Gm@dimlist=\toks28
) (/usr/local/texlive/2021/texmf-dist/tex/latex/lineno/lineno.sty
Package: lineno 2005/11/02 line numbers on paragraphs v4.41
\linenopenalty=\count315
\output=\toks29
\linenoprevgraf=\count316
\linenumbersep=\dimen192
\linenumberwidth=\dimen193
\c@linenumber=\count317
\c@pagewiselinenumber=\count318
\c@LN@truepage=\count319
\c@internallinenumber=\count320
\c@internallinenumbers=\count321
\quotelinenumbersep=\dimen194
\bframerule=\dimen195
\bframesep=\dimen196
\bframebox=\box65
LaTeX Info: Redefining \\ on input line 3056.
)
(/usr/local/texlive/2021/texmf-dist/tex/luatex/luatexja/addons/luatexja-ruby.st
y
Package: luatexja-ruby 2021-05-04 v0.52
(/usr/local/texlive/2021/texmf-dist/tex/luatex/luatexja/luatexja.sty
Package: luatexja 2021-06-07 Japanese Typesetting with Lua(La)TeX
(/usr/local/texlive/2021/texmf-dist/tex/luatex/luatexja/luatexja-core.sty
Package: luatexja-core 2021-05-21 Core of LuaTeX-ja
(/usr/local/texlive/2021/texmf-dist/tex/luatex/luatexbase/luatexbase.sty
Package: luatexbase 2015/10/04 v1.3 luatexbase interface to LuaTeX 
(/usr/local/texlive/2021/texmf-dist/tex/luatex/ctablestack/ctablestack.sty
Package: ctablestack 2015/10/01 v1.0 Catcode table stable support
\@catcodetablestackcnt=\count322
)
\CatcodeTableOther=\catcodetable12
\CatcodeTableExpl=\catcodetable13
) (/usr/local/texlive/2021/texmf-dist/tex/latex/xkeyval/xkeyval.sty
Package: xkeyval 2020/11/20 v2.8 package option processing (HA)
(/usr/local/texlive/2021/texmf-dist/tex/generic/xkeyval/xkeyval.tex (/usr/local
/texlive/2021/texmf-dist/tex/generic/xkeyval/xkvutils.tex
\XKV@toks=\toks30
\XKV@tempa@toks=\toks31
)
\XKV@depth=\count323
File: xkeyval.tex 2014/12/03 v2.7a key=value parser (HA)
)) (/usr/local/texlive/2021/texmf-dist/tex/latex/everyhook/everyhook.sty (/usr/
local/texlive/2021/texmf-dist/tex/latex/svn-prov/svn-prov.sty
Package: svn-prov 2010/04/24 v3.1862 Package Date/Version from SVN Keywords
)
Package: everyhook 2014/11/26 v1.2 (SVN Rev: 12)\ Hooks for low level TeX every
X primitives.
\everypar=\toks32
\frozen@everymath=\toks33
\frozen@everydisplay=\toks34
\everyhbox=\toks35
\everyvbox=\toks36
\everycr=\toks37
)
\ltjlineendcomment=\count324
\ltj@dimen@zw=\dimen197
\ltj@dimen@zh=\dimen198
\ltj@dimen@jQ=\dimen199
\ltj@icflag=\attribute5
\ltj@curjfnt=\attribute6
\ltj@curtfnt=\attribute7
\ltj@charclass=\attribute8
\ltj@charcode=\attribute9
\ltj@autospc=\attribute10
\ltj@autoxspc=\attribute11
\ltj@yablshift=\attribute12
\ltj@ykblshift=\attribute13
\ltj@tablshift=\attribute14
\ltj@tkblshift=\attribute15
\jfam=\attribute16
\ltj@vert@ori=\attribute17
\ltj@dir=\attribute18
\ltj@@japanese=\language2
\ltj@tempcnta=\count325
\ltj@kcat0=\attribute19
\ltj@kcat1=\attribute20
\ltj@kcat2=\attribute21
\ltj@kcat3=\attribute22
\ltj@kcat4=\attribute23
\ltj@kcat5=\attribute24
\ltj@kcat6=\attribute25
Custom whatsit inhibitglue = 1
Custom whatsit stack_marker = 2
Custom whatsit begin_par = 3
Custom whatsit direction = 4
Custom whatsit box_boundary = 5
Custom whatsit ja_al_boundary = 6(load cache: ltj-cid-auto-adobe-japan1.luc)
Lua module: luatexja.charrange 2020-07-30 Handling the range of Japanese charact
ers
Lua module: luatexja.stack 2020-07-30 LuaTeX-ja stack system
Inserting `ltj.create_dir_whatsit' at position 3 in `hpack_filter'.
Inserting `ltj.create_dir_whatsit' at position 2 in `post_linebreak_filter'.
Inserting `ltj.direction' at position 1 in `vpack_filter'.
Inserting `ltj.direction' at position 1 in `pre_output_filter'.
Inserting `ltj.lineskip' at position 3 in `post_linebreak_filter'.
Inserting `ltj.lineskip' at position 1 in `append_to_vlist_filter'.
Lua module: luatexja.jfont 2021-09-18 Loader for Japanese fonts
Removing  `luaotfload.define_font' from `define_font'.
Inserting `luatexja.font_callback' at position 1 in `define_font'.
Removing  `luaotfload.aux.set_sscale_dimens' from `luaotfload.patch_font'.
Removing  `luaotfload.aux.set_font_index' from `luaotfload.patch_font'.
Removing  `luaotfload.aux.patch_cambria_domh' from `luaotfload.patch_font'.
Removing  `luaotfload.aux.set_capheight' from `luaotfload.patch_font'.
Removing  `luaotfload.aux.set_xheight' from `luaotfload.patch_font'.
Removing  `luaotfload.rewrite_fontname' from `luaotfload.patch_font'.
Inserting `ltj.prepare_extra_data' at position 1 in `luaotfload.patch_font'.
Inserting `luaotfload.aux.set_sscale_dimens' at position 2 in `luaotfload.patch_
font'.
Inserting `luaotfload.aux.set_font_index' at position 3 in `luaotfload.patch_fon
t'.
Inserting `luaotfload.aux.patch_cambria_domh' at position 4 in `luaotfload.patch
_font'.
Inserting `luaotfload.aux.set_capheight' at position 5 in `luaotfload.patch_font
'.
Inserting `luaotfload.aux.set_xheight' at position 6 in `luaotfload.patch_font'.
Inserting `luaotfload.rewrite_fontname' at position 7 in `luaotfload.patch_font'
.
Inserting `ltj.prepare_extra_data' at position 1 in `luatexja.define_font'.(load
 cache: extra_lmroman10-regular.luc)(load cache: extra_lmroman10-bold.luc)
Inserting `ltj.get_vert_form' at position 1 in `luatexja.define_jfont'.
Removing  `ltj.prepare_extra_data' from `luaotfload.patch_font'.
Removing  `luaotfload.aux.set_sscale_dimens' from `luaotfload.patch_font'.
Removing  `luaotfload.aux.set_font_index' from `luaotfload.patch_font'.
Removing  `luaotfload.aux.patch_cambria_domh' from `luaotfload.patch_font'.
Removing  `luaotfload.aux.set_capheight' from `luaotfload.patch_font'.
Removing  `luaotfload.aux.set_xheight' from `luaotfload.patch_font'.
Removing  `luaotfload.rewrite_fontname' from `luaotfload.patch_font'.
Inserting `ltj.supply_tounicode' at position 1 in `luaotfload.patch_font'.
Inserting `ltj.prepare_extra_data' at position 2 in `luaotfload.patch_font'.
Inserting `luaotfload.aux.set_sscale_dimens' at position 3 in `luaotfload.patch_
font'.
Inserting `luaotfload.aux.set_font_index' at position 4 in `luaotfload.patch_fon
t'.
Inserting `luaotfload.aux.patch_cambria_domh' at position 5 in `luaotfload.patch
_font'.
Inserting `luaotfload.aux.set_capheight' at position 6 in `luaotfload.patch_font
'.
Inserting `luaotfload.aux.set_xheight' at position 7 in `luaotfload.patch_font'.
Inserting `luaotfload.rewrite_fontname' at position 8 in `luaotfload.patch_font'
.
Inserting `ltj.process_input_buffer' at position 1 in `process_input_buffer'.
Inserting `ltj.hyphenate' at position 1 in `hyphenate'.
Removing  `luaotfload.node_processor' from `hpack_filter'.
Removing  `luaotfload.harf.finalize_hlist' from `hpack_filter'.
Removing  `ltj.create_dir_whatsit' from `hpack_filter'.
Inserting `ltj.set_stack_level' at position 1 in `hpack_filter'.
Inserting `luaotfload.node_processor' at position 2 in `hpack_filter'.
Inserting `luaotfload.harf.finalize_hlist' at position 3 in `hpack_filter'.
Inserting `ltj.create_dir_whatsit' at position 4 in `hpack_filter'.
Removing  `luaotfload.node_processor' from `pre_linebreak_filter'.
Inserting `ltj.set_stack_level' at position 1 in `pre_linebreak_filter'.
Inserting `luaotfload.node_processor' at position 2 in `pre_linebreak_filter'.
Lua module: luatexja.jfmglue 2021-09-18 Insertion process of JFM glues, [x]kanji
skip and others
Inserting `luatexja.beginpar.np_info' at position 1 in `luatexja.jfmglue.whatsit
_getinfo'.
Inserting `luatexja.beginpar.np_info_after' at position 1 in `luatexja.jfmglue.w
hatsit_after'.
Inserting `ltj.mlist_to_hlist_pre' at position 1 in `pre_mlist_to_hlist_filter'.
Inserting `ltj.main' at position 3 in `pre_linebreak_filter'.
Removing  `luaotfload.harf.finalize_hlist' from `hpack_filter'.
Removing  `ltj.create_dir_whatsit' from `hpack_filter'.
Inserting `ltj.main' at position 3 in `hpack_filter'.
Inserting `luaotfload.harf.finalize_hlist' at position 4 in `hpack_filter'.
Inserting `ltj.create_dir_whatsit' at position 5 in `hpack_filter'.
Removing  `ltj.set_stack_level' from `pre_linebreak_filter'.
Removing  `luaotfload.node_processor' from `pre_linebreak_filter'.
Removing  `ltj.main' from `pre_linebreak_filter'.
Inserting `ltj.adjust_icflag' at position 1 in `pre_linebreak_filter'.
Inserting `ltj.set_stack_level' at position 2 in `pre_linebreak_filter'.
Inserting `luaotfload.node_processor' at position 3 in `pre_linebreak_filter'.
Inserting `ltj.main' at position 4 in `pre_linebreak_filter'.
Removing  `ltj.set_stack_level' from `hpack_filter'.
Removing  `luaotfload.node_processor' from `hpack_filter'.
Removing  `ltj.main' from `hpack_filter'.
Removing  `luaotfload.harf.finalize_hlist' from `hpack_filter'.
Removing  `ltj.create_dir_whatsit' from `hpack_filter'.
Inserting `ltj.adjust_icflag' at position 1 in `hpack_filter'.
Inserting `ltj.set_stack_level' at position 2 in `hpack_filter'.
Inserting `luaotfload.node_processor' at position 3 in `hpack_filter'.
Inserting `ltj.main' at position 4 in `hpack_filter'.
Inserting `luaotfload.harf.finalize_hlist' at position 5 in `hpack_filter'.
Inserting `ltj.create_dir_whatsit' at position 6 in `hpack_filter'. (/usr/local
/texlive/2021/texmf-dist/tex/luatex/luatexja/ltj-base.sty
Package: ltj-base 2021-03-16
\ltj@tempcntb=\count326
\ltj@tempcntc=\count327
\ltj@tempdima=\dimen256
\ltj@afbox=\box66
)
\ltj@@italic@inner=\luafunction14
\ltj@@start@time@measure@inner=\luafunction15
\ltj@@stop@time@measure@inner=\luafunction16
\ltj@@jfont@inner=\luafunction17
\ltj@zw@inner=\luafunction18
\ltj@zh@inner=\luafunction19
\ltj@reset@globaldefs@inner=\luafunction20
\ltj@restore@globaldefs@inner=\luafunction21
\ltj@@disihb@inner=\luafunction22
\ltj@@ihb@inner=\luafunction23
\ltj@@fakeparbegin@inner=\luafunction24
\ltj@@fakeboxbdd@inner=\luafunction25
\ltj@@ins@xk@inner=\luafunction26
\ltj@@ins@k@inner=\luafunction27
\ltj@@stack=\count328
\ltj@@group@level=\count329
\ltjsetkanjiskip@inner=\luafunction28
\ltjsetxkanjiskip@inner=\luafunction29
\ltj@@getparam@one@inner=\luafunction30
\ltj@alljachar@inner=\luafunction31
\ltj@@lua@populate@insertwhatsit@inner=\luafunction32
\ltj@@vadjust@dirhook@inner=\luafunction33
\ltj@@vadjust@check@dir@inner=\luafunction34
\ltj@@box@dirhook@inner=\luafunction35
\ltj@@reset@badness@inner=\luafunction36
\ltj@@lua@raisebox@inner=\luafunction37
\ltj@@lua@unboxcheckdir@inner=\luafunction38
(load cache: ltj-kinsoku_default.luc) (/usr/local/texlive/2021/texmf-dist/tex/l
uatex/luatexja/ltj-latex.sty
Package: ltj-latex 2021-05-17 LaTeX support of LuaTeX-ja
Inserting `ltj.direction' at position 1 in `pre_shipout_filter'. (/usr/local/te
xlive/2021/texmf-dist/tex/luatex/luatexja/patches/lltjfont.sty
Package: lltjfont 2021-05-26 Patch to NFSS2 for LuaTeX-ja
\ltj@@latex@plv=\count330
(/usr/local/texlive/2021/texmf-dist/tex/latex/base/tuenc.def
File: tuenc.def 2021/04/29 v2.0v Standard LaTeX file
\@remove@tlig@@@@=\luafunction39
LaTeX Font Info:    Redeclaring font encoding TU on input line 106.
)
\Cht=\dimen257
\cht=\dimen258
\Cdp=\dimen259
\cdp=\dimen260
\Cwd=\dimen261
\cwd=\dimen262
\Cvs=\dimen263
\cvs=\dimen264
\Chs=\dimen265
\chs=\dimen266
\cHT=\dimen267
\dstrutbox=\box67
\tstrutbox=\box68
\zstrutbox=\box69
LaTeX Info: Redefining \strut on input line 91.
\ltj@@add@fenc@@inner=\luafunction40
\ltj@@add@kyenc@@inner=\luafunction41
\ltj@@add@ktenc@@inner=\luafunction42
\ltj@@is@kyenc@@inner=\luafunction43
\ltj@@is@ktenc@@inner=\luafunction44
\ltj@@is@kenc@@inner=\luafunction45
\ltj@@is@ffam@@inner=\luafunction46
\ltj@@add@ffam@@inner=\luafunction47
\ltj@@add@kfam@@inner=\luafunction48
\ltj@@adjust@baseline@inner=\luafunction49
LaTeX Info: Redefining \fontencoding on input line 645.
LaTeX Info: Redefining \fontfamily on input line 688.
LaTeX Info: Redefining \fontseries on input line 922.
LaTeX Info: Redefining \fontseriesforce on input line 923.
LaTeX Info: Redefining \fontshape on input line 943.
LaTeX Info: Redefining \fontshapeforce on input line 954.
\ltj@@jfont@@jfmonly@@inner=\luafunction50
\ltj@@does@alt@set@@inner=\luafunction51
) (/usr/local/texlive/2021/texmf-dist/tex/luatex/luatexja/patches/lltjdefs.sty
Package: lltjdefs 2021-01-24 Default font settings of LuaTeX-ja
LaTeX Font Info:    Font shape `JT3/mc/m/n' will be
(Font)              scaled to size 9.6222pt on input line 75.
(/usr/local/texlive/2021/texmf-dist/tex/luatex/luatexja/jfm-ujisv.lua)
LaTeX Font Info:    Font shape `JY3/mc/m/n' will be
(Font)              scaled to size 9.6222pt on input line 75.
(load cache: extra_haranoajimincho-regular.luc)
(/usr/local/texlive/2021/texmf-dist/tex/luatex/luatexja/jfm-ujis.lua)
\symmincho=\mathgroup6
LaTeX Font Info:    Overwriting symbol font `mincho' in version `bold'
(Font)                  JY3/mc/m/n --> JY3/gt/m/n on input line 84.
) (/usr/local/texlive/2021/texmf-dist/tex/luatex/luatexja/patches/lltjcore.sty
Package: lltjcore 2021-03-25 Patch to LaTeX2e Kernel for LuaTeX-ja
\@tombowwidth=\dimen268
\@TL=\box70
\@Tl=\box71
\@TC=\box72
\@TR=\box73
\@Tr=\box74
\@BL=\box75
\@Bl=\box76
\@BC=\box77
\@BR=\box78
\@Br=\box79
\@CL=\box80
\@CR=\box81
(load cache: extra_lmmono9-regular.luc)
\@bannertoken=\toks38
\@@paperheight=\dimen269
\@@paperwidth=\dimen270
\@@topmargin=\dimen271
LaTeX Info: Redefining \underline on input line 261.
)
(/usr/local/texlive/2021/texmf-dist/tex/luatex/luatexja/patches/lltjp-atbegshi.
sty
Package: lltjp-atbegshi 2021-03-14 Patching \shipout hooks for LuaTeX-ja
\l__platex_shipout_dummy_box=\box82
)
(/usr/local/texlive/2021/texmf-dist/tex/luatex/luatexja/patches/lltjp-fontspec.
sty)
(/usr/local/texlive/2021/texmf-dist/tex/luatex/luatexja/patches/lltjp-unicode-m
ath.sty)
(/usr/local/texlive/2021/texmf-dist/tex/luatex/luatexja/patches/lltjp-microtype
.sty

Package luatexja Warning: LuaTeX-ja's patch against the microtype package 
(luatexja)                (lltjp-microtype.sty, 2019-11-08) may not work.

)
(/usr/local/texlive/2021/texmf-dist/tex/luatex/luatexja/patches/lltjp-geometry.
sty
Package: lltjp-geometry 2020-12-29 Patch to geometry for LuaTeX-ja with vertica
l writing mode
(/usr/local/texlive/2021/texmf-dist/tex/generic/iftex/ifluatex.sty
Package: ifluatex 2019/10/25 v1.5 ifluatex legacy package. Use iftex instead.
)))
\ltj@temp@cctb=\catcodetable14
) (/usr/local/texlive/2021/texmf-dist/tex/luatex/luatexja/luatexja-compat.sty
Package: luatexja-compat 2020-08-08 Compatibility with pTeX
(load cache: ltj-jisx0208.luc)
\hour=\count331
\minute=\count332
))
\ltj@rubyattr=\attribute26
Lua module: luatexja.ruby 2021-05-04 Ruby annotation
Custom whatsit ruby_pre = 7
Custom whatsit ruby_post = 8
Inserting `ltj.ruby.pre' at position 5 in `pre_linebreak_filter'.
Inserting `ltj.ruby.pre' at position 7 in `hpack_filter'.
Inserting `ltj.ruby.post_break' at position 4 in `post_linebreak_filter'.
Inserting `ltj.ruby.post_hbox' at position 8 in `hpack_filter'.
Removing  `luatexja.beginpar.np_info' from `luatexja.jfmglue.whatsit_getinfo'.
Inserting `luatexja.ruby.np_info' at position 1 in `luatexja.jfmglue.whatsit_get
info'.
Inserting `luatexja.beginpar.np_info' at position 2 in `luatexja.jfmglue.whatsit
_getinfo'.
Removing  `luatexja.beginpar.np_info_after' from `luatexja.jfmglue.whatsit_after
'.
Inserting `luatexja.ruby.np_info_after' at position 1 in `luatexja.jfmglue.whats
it_after'.
Inserting `luatexja.beginpar.np_info_after' at position 2 in `luatexja.jfmglue.w
hatsit_after'.
Inserting `luatexja.ruby.np_info_last_minute' at position 1 in `luatexja.jfmglue
.whatsit_last_minute'.) (/usr/local/texlive/2021/texmf-dist/tex/latex/epsdice/e
psdice.sty
Package: epsdice 2007/02/15 by Thomas Heim (v. 2.1)
(/usr/local/texlive/2021/texmf-dist/tex/latex/base/ifthen.sty
Package: ifthen 2020/11/24 v1.1c Standard LaTeX ifthen package (DPC)
) (/usr/local/texlive/2021/texmf-dist/tex/latex/epsdice/epsdice.cfg)
\c@eps@face=\count333
) (/usr/local/texlive/2021/texmf-dist/tex/latex/tools/bm.sty
Package: bm 2021/04/25 v1.2e Bold Symbol Support (DPC/FMi)
\symboldoperators=\mathgroup7
\symboldletters=\mathgroup8
\symboldsymbols=\mathgroup9
Package bm Info: No bold for \OMX/lmex/m/n, using \pmb.
Package bm Info: No bold for \U/msa/m/n, using \pmb.
Package bm Info: No bold for \U/msb/m/n, using \pmb.
\symboldmincho=\mathgroup10
LaTeX Font Info:    Redeclaring math alphabet \mathbf on input line 149.
) (/usr/local/texlive/2021/texmf-dist/tex/latex/listingsutf8/listingsutf8.sty
Package: listingsutf8 2019-12-10 v1.5 Allow UTF-8 in listings input (HO)
(/usr/local/texlive/2021/texmf-dist/tex/latex/listings/listings.sty
\lst@mode=\count334
\lst@gtempboxa=\box83
\lst@token=\toks39
\lst@length=\count335
\lst@currlwidth=\dimen272
\lst@column=\count336
\lst@pos=\count337
\lst@lostspace=\dimen273
\lst@width=\dimen274
\lst@newlines=\count338
\lst@lineno=\count339
\lst@maxwidth=\dimen275
(/usr/local/texlive/2021/texmf-dist/tex/latex/listings/lstmisc.sty
File: lstmisc.sty 2020/03/24 1.8d (Carsten Heinz)
\c@lstnumber=\count340
\lst@skipnumbers=\count341
\lst@framebox=\box84
) (/usr/local/texlive/2021/texmf-dist/tex/latex/listings/listings.cfg
File: listings.cfg 2020/03/24 1.8d listings configuration
))
Package: listings 2020/03/24 1.8d (Carsten Heinz)

(/usr/local/texlive/2021/texmf-dist/tex/luatex/luatexja/patches/lltjp-listings.
sty (/usr/local/texlive/2021/texmf-dist/tex/luatex/luatexbase/luatexbase-cctb.s
ty
Package: luatexbase-cctb 2015/10/04 v1.3 luatexbase interface to LuaTeX (legacy
 subpackage) 
)
\CatcodeTableLTJlistings=\catcodetable15
\ltj@lst@frame@lslimit=\dimen276
(/usr/local/texlive/2021/texmf-dist/tex/latex/listings/lstmisc.sty
File: lstmisc.sty 2020/03/24 1.8d (Carsten Heinz)
\lst@WFtoken=\toks40
\lst@WF=\write4
)))
Package hyperref Info: Option `setpagesize' set `false' on input line 157.
Package hyperref Info: Option `bookmarksnumbered' set `true' on input line 157.

Package hyperref Info: Option `bookmarksopen' set `true' on input line 157.
Package hyperref Info: Option `colorlinks' set `true' on input line 157.
(/usr/local/texlive/2021/texmf-dist/tex/latex/wrapfig/wrapfig.sty
\wrapoverhang=\dimen277
\WF@size=\dimen278
\c@WF@wrappedlines=\count342
\WF@box=\box85
\WF@everypar=\toks41
Package: wrapfig 2003/01/31  v 3.6
) (/usr/local/texlive/2021/texmf-dist/tex/latex/multirow/multirow.sty
Package: multirow 2021/03/15 v2.8 Span multiple rows of a table
\multirow@colwidth=\skip67
\multirow@cntb=\count343
\multirow@dima=\skip68
\bigstrutjot=\dimen279
) (/usr/local/texlive/2021/texmf-dist/tex/latex/tcolorbox/tcolorbox.sty
Package: tcolorbox 2021/06/14 version 4.51 text color boxes
(/usr/local/texlive/2021/texmf-dist/tex/latex/pgf/basiclayer/pgf.sty (/usr/loca
l/texlive/2021/texmf-dist/tex/latex/pgf/utilities/pgfrcs.sty
(/usr/local/texlive/2021/texmf-dist/tex/generic/pgf/utilities/pgfutil-common.te
x
\pgfutil@everybye=\toks42
\pgfutil@tempdima=\dimen280
\pgfutil@tempdimb=\dimen281

(/usr/local/texlive/2021/texmf-dist/tex/generic/pgf/utilities/pgfutil-common-li
sts.tex))
(/usr/local/texlive/2021/texmf-dist/tex/generic/pgf/utilities/pgfutil-latex.def
\pgfutil@abb=\box86
) (/usr/local/texlive/2021/texmf-dist/tex/generic/pgf/utilities/pgfrcs.code.tex
(/usr/local/texlive/2021/texmf-dist/tex/generic/pgf/pgf.revision.tex)
Package: pgfrcs 2021/05/15 v3.1.9a (3.1.9a)
))
Package: pgf 2021/05/15 v3.1.9a (3.1.9a)
(/usr/local/texlive/2021/texmf-dist/tex/latex/pgf/basiclayer/pgfcore.sty (/usr/
local/texlive/2021/texmf-dist/tex/latex/pgf/systemlayer/pgfsys.sty
(/usr/local/texlive/2021/texmf-dist/tex/generic/pgf/systemlayer/pgfsys.code.tex
Package: pgfsys 2021/05/15 v3.1.9a (3.1.9a)
(/usr/local/texlive/2021/texmf-dist/tex/generic/pgf/utilities/pgfkeys.code.tex
\pgfkeys@pathtoks=\toks43
\pgfkeys@temptoks=\toks44

(/usr/local/texlive/2021/texmf-dist/tex/generic/pgf/utilities/pgfkeysfiltered.c
ode.tex
\pgfkeys@tmptoks=\toks45
))
\pgf@x=\dimen282
\pgf@y=\dimen283
\pgf@xa=\dimen284
\pgf@ya=\dimen285
\pgf@xb=\dimen286
\pgf@yb=\dimen287
\pgf@xc=\dimen288
\pgf@yc=\dimen289
\pgf@xd=\dimen290
\pgf@yd=\dimen291
\w@pgf@writea=\write5
\r@pgf@reada=\read3
\c@pgf@counta=\count344
\c@pgf@countb=\count345
\c@pgf@countc=\count346
\c@pgf@countd=\count347
\t@pgf@toka=\toks46
\t@pgf@tokb=\toks47
\t@pgf@tokc=\toks48
\pgf@sys@id@count=\count348
(/usr/local/texlive/2021/texmf-dist/tex/generic/pgf/systemlayer/pgf.cfg
File: pgf.cfg 2021/05/15 v3.1.9a (3.1.9a)
)
Driver file for pgf: pgfsys-luatex.def

(/usr/local/texlive/2021/texmf-dist/tex/generic/pgf/systemlayer/pgfsys-luatex.d
ef
File: pgfsys-luatex.def 2021/05/15 v3.1.9a (3.1.9a)

(/usr/local/texlive/2021/texmf-dist/tex/generic/pgf/systemlayer/pgfsys-common-p
df.def
File: pgfsys-common-pdf.def 2021/05/15 v3.1.9a (3.1.9a)
)))
(/usr/local/texlive/2021/texmf-dist/tex/generic/pgf/systemlayer/pgfsyssoftpath.
code.tex
File: pgfsyssoftpath.code.tex 2021/05/15 v3.1.9a (3.1.9a)
\pgfsyssoftpath@smallbuffer@items=\count349
\pgfsyssoftpath@bigbuffer@items=\count350
)
(/usr/local/texlive/2021/texmf-dist/tex/generic/pgf/systemlayer/pgfsysprotocol.
code.tex
File: pgfsysprotocol.code.tex 2021/05/15 v3.1.9a (3.1.9a)
))
(/usr/local/texlive/2021/texmf-dist/tex/generic/pgf/basiclayer/pgfcore.code.tex
Package: pgfcore 2021/05/15 v3.1.9a (3.1.9a)
(/usr/local/texlive/2021/texmf-dist/tex/generic/pgf/math/pgfmath.code.tex (/usr
/local/texlive/2021/texmf-dist/tex/generic/pgf/math/pgfmathcalc.code.tex (/usr/
local/texlive/2021/texmf-dist/tex/generic/pgf/math/pgfmathutil.code.tex)
(/usr/local/texlive/2021/texmf-dist/tex/generic/pgf/math/pgfmathparser.code.tex
\pgfmath@dimen=\dimen292
\pgfmath@count=\count351
\pgfmath@box=\box87
\pgfmath@toks=\toks49
\pgfmath@stack@operand=\toks50
\pgfmath@stack@operation=\toks51
)
(/usr/local/texlive/2021/texmf-dist/tex/generic/pgf/math/pgfmathfunctions.code.
tex
(/usr/local/texlive/2021/texmf-dist/tex/generic/pgf/math/pgfmathfunctions.basic
.code.tex)
(/usr/local/texlive/2021/texmf-dist/tex/generic/pgf/math/pgfmathfunctions.trigo
nometric.code.tex)
(/usr/local/texlive/2021/texmf-dist/tex/generic/pgf/math/pgfmathfunctions.rando
m.code.tex)
(/usr/local/texlive/2021/texmf-dist/tex/generic/pgf/math/pgfmathfunctions.compa
rison.code.tex)
(/usr/local/texlive/2021/texmf-dist/tex/generic/pgf/math/pgfmathfunctions.base.
code.tex)
(/usr/local/texlive/2021/texmf-dist/tex/generic/pgf/math/pgfmathfunctions.round
.code.tex)
(/usr/local/texlive/2021/texmf-dist/tex/generic/pgf/math/pgfmathfunctions.misc.
code.tex)
(/usr/local/texlive/2021/texmf-dist/tex/generic/pgf/math/pgfmathfunctions.integ
erarithmetics.code.tex))) (/usr/local/texlive/2021/texmf-dist/tex/generic/pgf/m
ath/pgfmathfloat.code.tex
\c@pgfmathroundto@lastzeros=\count352
)) (/usr/local/texlive/2021/texmf-dist/tex/generic/pgf/math/pgfint.code.tex)
(/usr/local/texlive/2021/texmf-dist/tex/generic/pgf/basiclayer/pgfcorepoints.co
de.tex
File: pgfcorepoints.code.tex 2021/05/15 v3.1.9a (3.1.9a)
\pgf@picminx=\dimen293
\pgf@picmaxx=\dimen294
\pgf@picminy=\dimen295
\pgf@picmaxy=\dimen296
\pgf@pathminx=\dimen297
\pgf@pathmaxx=\dimen298
\pgf@pathminy=\dimen299
\pgf@pathmaxy=\dimen300
\pgf@xx=\dimen301
\pgf@xy=\dimen302
\pgf@yx=\dimen303
\pgf@yy=\dimen304
\pgf@zx=\dimen305
\pgf@zy=\dimen306
LaTeX Font Info:    Font shape `JY3/mc/m/n' will be
(Font)              scaled to size 9.6222pt on input line 926.
)
(/usr/local/texlive/2021/texmf-dist/tex/generic/pgf/basiclayer/pgfcorepathconst
ruct.code.tex
File: pgfcorepathconstruct.code.tex 2021/05/15 v3.1.9a (3.1.9a)
\pgf@path@lastx=\dimen307
\pgf@path@lasty=\dimen308
)
(/usr/local/texlive/2021/texmf-dist/tex/generic/pgf/basiclayer/pgfcorepathusage
.code.tex
File: pgfcorepathusage.code.tex 2021/05/15 v3.1.9a (3.1.9a)
\pgf@shorten@end@additional=\dimen309
\pgf@shorten@start@additional=\dimen310
)
(/usr/local/texlive/2021/texmf-dist/tex/generic/pgf/basiclayer/pgfcorescopes.co
de.tex
File: pgfcorescopes.code.tex 2021/05/15 v3.1.9a (3.1.9a)
\pgfpic=\box88
\pgf@hbox=\box89
\pgf@layerbox@main=\box90
\pgf@picture@serial@count=\count353
)
(/usr/local/texlive/2021/texmf-dist/tex/generic/pgf/basiclayer/pgfcoregraphicst
ate.code.tex
File: pgfcoregraphicstate.code.tex 2021/05/15 v3.1.9a (3.1.9a)
\pgflinewidth=\dimen311
)
(/usr/local/texlive/2021/texmf-dist/tex/generic/pgf/basiclayer/pgfcoretransform
ations.code.tex
File: pgfcoretransformations.code.tex 2021/05/15 v3.1.9a (3.1.9a)
\pgf@pt@x=\dimen312
\pgf@pt@y=\dimen313
\pgf@pt@temp=\dimen314
)
(/usr/local/texlive/2021/texmf-dist/tex/generic/pgf/basiclayer/pgfcorequick.cod
e.tex
File: pgfcorequick.code.tex 2021/05/15 v3.1.9a (3.1.9a)
)
(/usr/local/texlive/2021/texmf-dist/tex/generic/pgf/basiclayer/pgfcoreobjects.c
ode.tex
File: pgfcoreobjects.code.tex 2021/05/15 v3.1.9a (3.1.9a)
)
(/usr/local/texlive/2021/texmf-dist/tex/generic/pgf/basiclayer/pgfcorepathproce
ssing.code.tex
File: pgfcorepathprocessing.code.tex 2021/05/15 v3.1.9a (3.1.9a)
)
(/usr/local/texlive/2021/texmf-dist/tex/generic/pgf/basiclayer/pgfcorearrows.co
de.tex
File: pgfcorearrows.code.tex 2021/05/15 v3.1.9a (3.1.9a)
\pgfarrowsep=\dimen315
)
(/usr/local/texlive/2021/texmf-dist/tex/generic/pgf/basiclayer/pgfcoreshade.cod
e.tex
File: pgfcoreshade.code.tex 2021/05/15 v3.1.9a (3.1.9a)
\pgf@max=\dimen316
\pgf@sys@shading@range@num=\count354
\pgf@shadingcount=\count355
)
(/usr/local/texlive/2021/texmf-dist/tex/generic/pgf/basiclayer/pgfcoreimage.cod
e.tex
File: pgfcoreimage.code.tex 2021/05/15 v3.1.9a (3.1.9a)

(/usr/local/texlive/2021/texmf-dist/tex/generic/pgf/basiclayer/pgfcoreexternal.
code.tex
File: pgfcoreexternal.code.tex 2021/05/15 v3.1.9a (3.1.9a)
\pgfexternal@startupbox=\box91
))
(/usr/local/texlive/2021/texmf-dist/tex/generic/pgf/basiclayer/pgfcorelayers.co
de.tex
File: pgfcorelayers.code.tex 2021/05/15 v3.1.9a (3.1.9a)
)
(/usr/local/texlive/2021/texmf-dist/tex/generic/pgf/basiclayer/pgfcoretranspare
ncy.code.tex
File: pgfcoretransparency.code.tex 2021/05/15 v3.1.9a (3.1.9a)
)
(/usr/local/texlive/2021/texmf-dist/tex/generic/pgf/basiclayer/pgfcorepatterns.
code.tex
File: pgfcorepatterns.code.tex 2021/05/15 v3.1.9a (3.1.9a)
)
(/usr/local/texlive/2021/texmf-dist/tex/generic/pgf/basiclayer/pgfcorerdf.code.
tex
File: pgfcorerdf.code.tex 2021/05/15 v3.1.9a (3.1.9a)
)))
(/usr/local/texlive/2021/texmf-dist/tex/generic/pgf/modules/pgfmoduleshapes.cod
e.tex
File: pgfmoduleshapes.code.tex 2021/05/15 v3.1.9a (3.1.9a)
\pgfnodeparttextbox=\box92
)
(/usr/local/texlive/2021/texmf-dist/tex/generic/pgf/modules/pgfmoduleplot.code.
tex
File: pgfmoduleplot.code.tex 2021/05/15 v3.1.9a (3.1.9a)
)
(/usr/local/texlive/2021/texmf-dist/tex/latex/pgf/compatibility/pgfcomp-version
-0-65.sty
Package: pgfcomp-version-0-65 2021/05/15 v3.1.9a (3.1.9a)
\pgf@nodesepstart=\dimen317
\pgf@nodesepend=\dimen318
)
(/usr/local/texlive/2021/texmf-dist/tex/latex/pgf/compatibility/pgfcomp-version
-1-18.sty
Package: pgfcomp-version-1-18 2021/05/15 v3.1.9a (3.1.9a)
)) (/usr/local/texlive/2021/texmf-dist/tex/latex/tools/verbatim.sty
Package: verbatim 2020-07-07 v1.5u LaTeX2e package for verbatim enhancements
\every@verbatim=\toks52
\verbatim@line=\toks53
\verbatim@in@stream=\read4
) (/usr/local/texlive/2021/texmf-dist/tex/latex/environ/environ.sty
Package: environ 2014/05/04 v0.3 A new way to define environments
(/usr/local/texlive/2021/texmf-dist/tex/latex/trimspaces/trimspaces.sty
Package: trimspaces 2009/09/17 v1.1 Trim spaces around a token list
))
\tcb@titlebox=\box93
\tcb@upperbox=\box94
\tcb@lowerbox=\box95
\tcb@phantombox=\box96
\c@tcbbreakpart=\count356
\c@tcblayer=\count357
\c@tcolorbox@number=\count358
\tcb@temp=\box97
\tcb@temp=\box98
\tcb@temp=\box99
\tcb@temp=\box100
) (/usr/local/texlive/2021/texmf-dist/tex/latex/tcolorbox/tcbbreakable.code.tex
Library (tcolorbox): 'tcbbreakable.code.tex' version '4.51'
(/usr/local/texlive/2021/texmf-dist/tex/generic/oberdiek/pdfcol.sty
Package: pdfcol 2019/12/29 v1.6 Handle new color stacks for pdfTeX (HO)
)
Package pdfcol Info: New color stack `tcb@breakable' = 1 on input line 23.
\tcb@testbox=\box101
\tcb@totalupperbox=\box102
\tcb@totallowerbox=\box103
) (/usr/local/texlive/2021/texmf-dist/tex/latex/tcolorbox/tcbskins.code.tex
Library (tcolorbox): 'tcbskins.code.tex' version '4.51'
(/usr/local/texlive/2021/texmf-dist/tex/latex/pgf/frontendlayer/tikz.sty (/usr/
local/texlive/2021/texmf-dist/tex/latex/pgf/utilities/pgffor.sty (/usr/local/te
xlive/2021/texmf-dist/tex/latex/pgf/utilities/pgfkeys.sty (/usr/local/texlive/2
021/texmf-dist/tex/generic/pgf/utilities/pgfkeys.code.tex)) (/usr/local/texlive
/2021/texmf-dist/tex/latex/pgf/math/pgfmath.sty (/usr/local/texlive/2021/texmf-
dist/tex/generic/pgf/math/pgfmath.code.tex)) (/usr/local/texlive/2021/texmf-dis
t/tex/generic/pgf/utilities/pgffor.code.tex
Package: pgffor 2021/05/15 v3.1.9a (3.1.9a)
(/usr/local/texlive/2021/texmf-dist/tex/generic/pgf/math/pgfmath.code.tex)
\pgffor@iter=\dimen319
\pgffor@skip=\dimen320
\pgffor@stack=\toks54
\pgffor@toks=\toks55
))
(/usr/local/texlive/2021/texmf-dist/tex/generic/pgf/frontendlayer/tikz/tikz.cod
e.tex
Package: tikz 2021/05/15 v3.1.9a (3.1.9a)

(/usr/local/texlive/2021/texmf-dist/tex/generic/pgf/libraries/pgflibraryplothan
dlers.code.tex
File: pgflibraryplothandlers.code.tex 2021/05/15 v3.1.9a (3.1.9a)
\pgf@plot@mark@count=\count359
\pgfplotmarksize=\dimen321
)
\tikz@lastx=\dimen322
\tikz@lasty=\dimen323
\tikz@lastxsaved=\dimen324
\tikz@lastysaved=\dimen325
\tikz@lastmovetox=\dimen326
\tikz@lastmovetoy=\dimen327
\tikzleveldistance=\dimen328
\tikzsiblingdistance=\dimen329
\tikz@figbox=\box104
\tikz@figbox@bg=\box105
\tikz@tempbox=\box106
\tikz@tempbox@bg=\box107
\tikztreelevel=\count360
\tikznumberofchildren=\count361
\tikznumberofcurrentchild=\count362
\tikz@fig@count=\count363

(/usr/local/texlive/2021/texmf-dist/tex/generic/pgf/modules/pgfmodulematrix.cod
e.tex
File: pgfmodulematrix.code.tex 2021/05/15 v3.1.9a (3.1.9a)
\pgfmatrixcurrentrow=\count364
\pgfmatrixcurrentcolumn=\count365
\pgf@matrix@numberofcolumns=\count366
)
\tikz@expandcount=\count367

(/usr/local/texlive/2021/texmf-dist/tex/generic/pgf/frontendlayer/tikz/librarie
s/tikzlibrarytopaths.code.tex
File: tikzlibrarytopaths.code.tex 2021/05/15 v3.1.9a (3.1.9a)
)))
\tcb@waterbox=\box108

(/usr/local/texlive/2021/texmf-dist/tex/latex/tcolorbox/tcbskinsjigsaw.code.tex
Library (tcolorbox): 'tcbskinsjigsaw.code.tex' version '4.51'
)) (/usr/local/texlive/2021/texmf-dist/tex/latex/tcolorbox/tcbtheorems.code.tex
Library (tcolorbox): 'tcbtheorems.code.tex' version '4.51'
)
\c@tcb@cnt@Rscreen=\count368
\c@tcb@cnt@SCrstan=\count369
\c@tcb@cnt@SCcmd=\count370
(/usr/local/texlive/2021/texmf-dist/tex/latex/base/makeidx.sty
Package: makeidx 2014/09/29 v1.0m Standard LaTeX package
)
\@indexfile=\write6

\openout6 = _main.idx
Writing index file _main.idx
(/usr/local/texlive/2021/texmf-dist/tex/latex/fancyhdr/fancyhdr.sty
Package: fancyhdr 2021/01/28 v4.0.1 Extensive control of page headers and foote
rs
\f@nch@headwidth=\skip69
\f@nch@O@elh=\skip70
\f@nch@O@erh=\skip71
\f@nch@O@olh=\skip72
\f@nch@O@orh=\skip73
\f@nch@O@elf=\skip74
\f@nch@O@erf=\skip75
\f@nch@O@olf=\skip76
\f@nch@O@orf=\skip77
) (/usr/local/texlive/2021/texmf-dist/tex/lualatex/selnolig/selnolig.sty
=== Package selnolig, Version 0.302, Date 2015/10/26 ===
Package: selnolig 2015/10/26
Inserting `Suppress ligatures selectively' at position 1 in `ligaturing'.)
(/usr/local/texlive/2021/texmf-dist/tex/luatex/luatexja/patches/lltjp-array.sty
Package: lltjp-array 2018/03/29 Patch to array for LuaTeX-ja
) (./_main.aux

LaTeX Warning: Label `fig::10_05' multiply defined.


LaTeX Warning: Label `eq13_04' multiply defined.


LaTeX Warning: Label `fig::18_02' multiply defined.

)
\openout1 = _main.aux

LaTeX Font Info:    Checking defaults for OML/cmm/m/it on input line 199.
LaTeX Font Info:    ... okay on input line 199.
LaTeX Font Info:    Checking defaults for OMS/cmsy/m/n on input line 199.
LaTeX Font Info:    ... okay on input line 199.
LaTeX Font Info:    Checking defaults for OT1/cmr/m/n on input line 199.
LaTeX Font Info:    ... okay on input line 199.
LaTeX Font Info:    Checking defaults for T1/cmr/m/n on input line 199.
LaTeX Font Info:    ... okay on input line 199.
LaTeX Font Info:    Checking defaults for TS1/cmr/m/n on input line 199.
LaTeX Font Info:    ... okay on input line 199.
LaTeX Font Info:    Checking defaults for TU/lmr/m/n on input line 199.
LaTeX Font Info:    ... okay on input line 199.
LaTeX Font Info:    Checking defaults for OMX/cmex/m/n on input line 199.
LaTeX Font Info:    ... okay on input line 199.
LaTeX Font Info:    Checking defaults for U/cmr/m/n on input line 199.
LaTeX Font Info:    ... okay on input line 199.
LaTeX Font Info:    Checking defaults for PD1/pdf/m/n on input line 199.
LaTeX Font Info:    ... okay on input line 199.
LaTeX Font Info:    Checking defaults for PU/pdf/m/n on input line 199.
LaTeX Font Info:    ... okay on input line 199.
LaTeX Font Info:    Checking defaults for JY3/mc/m/n on input line 199.
LaTeX Font Info:    ... okay on input line 199.
LaTeX Font Info:    Checking defaults for JT3/mc/m/n on input line 199.
LaTeX Font Info:    ... okay on input line 199.
LaTeX Font Info:    Overwriting math alphabet `\mathrm' in version `normal'
(Font)                  OT1/lmr/m/n --> TU/lmr/m/n on input line 199.
LaTeX Font Info:    Overwriting math alphabet `\mathit' in version `normal'
(Font)                  OT1/lmr/m/it --> TU/lmr/m/it on input line 199.
LaTeX Font Info:    Overwriting math alphabet `\mathbf' in version `normal'
(Font)                  OT1/lmr/bx/n --> TU/lmr/bx/n on input line 199.
LaTeX Font Info:    Overwriting math alphabet `\mathsf' in version `normal'
(Font)                  OT1/lmss/m/n --> TU/lmss/m/n on input line 199.
LaTeX Font Info:    Overwriting math alphabet `\mathsf' in version `bold'
(Font)                  OT1/lmss/bx/n --> TU/lmss/bx/n on input line 199.
LaTeX Font Info:    Overwriting math alphabet `\mathtt' in version `normal'
(Font)                  OT1/lmtt/m/n --> TU/lmtt/m/n on input line 199.
LaTeX Font Info:    Overwriting math alphabet `\mathtt' in version `bold'
(Font)                  OT1/lmtt/m/n --> TU/lmtt/bx/n on input line 199.
(load cache: extra_latinmodernmath-regular.luc)

Package fontspec Info: latinmodern-math scale = 0.9999964596882403.


Package fontspec Info: latinmodern-math scale = 0.9999964596882403.


Package fontspec Info: latinmodern-math scale = 0.9999964596882403.


Package fontspec Info: Font family 'latinmodern-math.otf(0)' created for font
(fontspec)             'latinmodern-math.otf' with options
(fontspec)             [Scale=MatchLowercase,Renderer=Basic,BoldItalicFont={},I
talicFont={},SmallCapsFont={},Script=Math,FontAdjustment={\__um_luatex_copy_fon
tdimens:
(fontspec)             },BoldFont={latinmodern-math.otf}].
(fontspec)              
(fontspec)              This font family consists of the following NFSS
(fontspec)             series/shapes:
(fontspec)              
(fontspec)             - 'normal' (m/n) with NFSS spec.:
(fontspec)             <->s*[0.9999964596882403]"[latinmodern-math.otf]:mode=ba
se;script=math;language=dflt;"
(fontspec)             - 'small caps'  (m/sc) with NFSS spec.: 
(fontspec)             and font adjustment code:
(fontspec)             \__um_luatex_copy_fontdimens: 
(fontspec)             - 'bold' (b/n) with NFSS spec.:
(fontspec)             <->s*[0.9999964596882403]"[latinmodern-math.otf]:mode=ba
se;script=math;language=dflt;"
(fontspec)             - 'bold small caps'  (b/sc) with NFSS spec.: 
(fontspec)             and font adjustment code:
(fontspec)             \__um_luatex_copy_fontdimens: 

LaTeX Font Info:    Font shape `TU/latinmodern-math.otf(0)/m/n' will be
(Font)              scaled to size 10.0pt on input line 199.

Package fontspec Info: latinmodern-math scale = 0.9999964596882403.


Package fontspec Info: latinmodern-math scale = 0.9999964596882403.


Package fontspec Info: latinmodern-math scale = 0.9999964596882403.


Package fontspec Info: latinmodern-math scale = 0.9999964596882403.


Package fontspec Info: latinmodern-math scale = 0.9999964596882403.


Package fontspec Info: Font family 'latinmodern-math.otf(1)' created for font
(fontspec)             'latinmodern-math.otf' with options
(fontspec)             [Scale=MatchLowercase,Renderer=Basic,BoldItalicFont={},I
talicFont={},SmallCapsFont={},Script=Math,SizeFeatures={{Size=8.5-},{Size=6-8.5
,Font=latinmodern-math.otf,Style=MathScript},{Size=-6,Font=latinmodern-math.otf
,Style=MathScriptScript}},FontAdjustment={\__um_luatex_copy_fontdimens:
(fontspec)             },BoldFont={latinmodern-math.otf}].
(fontspec)              
(fontspec)              This font family consists of the following NFSS
(fontspec)             series/shapes:
(fontspec)              
(fontspec)             - 'normal' (m/n) with NFSS spec.:
(fontspec)             <8.5->s*[0.9999964596882403]"[latinmodern-math.otf]:mode
=base;script=math;language=dflt;"<6-8.5>s*[0.9999964596882403]"[latinmodern-mat
h.otf]:mode=base;script=math;language=dflt;+ssty=0;"<-6>s*[0.9999964596882403]"
[latinmodern-math.otf]:mode=base;script=math;language=dflt;+ssty=1;"
(fontspec)             - 'small caps'  (m/sc) with NFSS spec.: 
(fontspec)             and font adjustment code:
(fontspec)             \__um_luatex_copy_fontdimens: 
(fontspec)             - 'bold' (b/n) with NFSS spec.:
(fontspec)             <->s*[0.9999964596882403]"[latinmodern-math.otf]:mode=ba
se;script=math;language=dflt;"
(fontspec)             - 'bold small caps'  (b/sc) with NFSS spec.: 
(fontspec)             and font adjustment code:
(fontspec)             \__um_luatex_copy_fontdimens: 

LaTeX Font Info:    Font shape `TU/latinmodern-math.otf(1)/m/n' will be
(Font)              scaled to size 10.0pt on input line 199.
LaTeX Font Info:    Encoding `OT1' has changed to `TU' for symbol font
(Font)              `operators' in the math version `normal' on input line 199.

LaTeX Font Info:    Overwriting symbol font `operators' in version `normal'
(Font)                  OT1/lmr/m/n --> TU/latinmodern-math.otf(1)/m/n on input
 line 199.
LaTeX Font Info:    Encoding `OT1' has changed to `TU' for symbol font
(Font)              `operators' in the math version `bold' on input line 199.
LaTeX Font Info:    Overwriting symbol font `operators' in version `bold'
(Font)                  OT1/lmr/bx/n --> TU/latinmodern-math.otf(1)/b/n on inpu
t line 199.

Package fontspec Info: latinmodern-math scale = 0.9999964596882403.


Package fontspec Info: latinmodern-math scale = 1.000096459334209.


Package fontspec Info: latinmodern-math scale = 0.9999964596882403.


Package fontspec Info: latinmodern-math scale = 1.000096459334209.


Package fontspec Info: latinmodern-math scale = 0.9999964596882403.


Package fontspec Info: latinmodern-math scale = 1.000096459334209.


Package fontspec Info: latinmodern-math scale = 0.9999964596882403.


Package fontspec Info: latinmodern-math scale = 1.000096459334209.


Package fontspec Info: latinmodern-math scale = 0.9999964596882403.


Package fontspec Info: latinmodern-math scale = 1.000096459334209.


Package fontspec Info: Font family 'latinmodern-math.otf(2)' created for font
(fontspec)             'latinmodern-math.otf' with options
(fontspec)             [Scale=MatchLowercase,Renderer=Basic,BoldItalicFont={},I
talicFont={},SmallCapsFont={},Script=Math,SizeFeatures={{Size=8.5-},{Size=6-8.5
,Font=latinmodern-math.otf,Style=MathScript},{Size=-6,Font=latinmodern-math.otf
,Style=MathScriptScript}},FontAdjustment={\__um_luatex_copy_fontdimens:
(fontspec)             },BoldFont={latinmodern-math.otf},ScaleAgain=1.0001,Font
Adjustment={\fontdimen
(fontspec)             8\font =6.76999pt\relax \fontdimen 9\font
(fontspec)             =3.93999pt\relax \fontdimen 10\font =4.43999pt\relax
(fontspec)             \fontdimen 11\font =6.85999pt\relax \fontdimen 12\font
(fontspec)             =3.45pt\relax \fontdimen 13\font =3.62999pt\relax
(fontspec)             \fontdimen 14\font =3.62999pt\relax \fontdimen 15\font
(fontspec)             =2.89pt\relax \fontdimen 16\font =2.46999pt\relax
(fontspec)             \fontdimen 17\font =2.46999pt\relax \fontdimen 18\font
(fontspec)             =2.5pt\relax \fontdimen 19\font =2.0pt\relax \fontdimen
(fontspec)             22\font =2.5pt\relax \fontdimen 20\font =0pt\relax
(fontspec)             \fontdimen 21\font =0pt\relax }].
(fontspec)              
(fontspec)              This font family consists of the following NFSS
(fontspec)             series/shapes:
(fontspec)              
(fontspec)             - 'normal' (m/n) with NFSS spec.:
(fontspec)             <8.5->s*[1.000096459334209]"[latinmodern-math.otf]:mode=
base;script=math;language=dflt;"<6-8.5>s*[1.000096459334209]"[latinmodern-math.
otf]:mode=base;script=math;language=dflt;+ssty=0;"<-6>s*[1.000096459334209]"[la
tinmodern-math.otf]:mode=base;script=math;language=dflt;+ssty=1;"
(fontspec)             - 'small caps'  (m/sc) with NFSS spec.: 
(fontspec)             and font adjustment code:
(fontspec)             \__um_luatex_copy_fontdimens: \fontdimen 8\font
(fontspec)             =6.76999pt\relax \fontdimen 9\font =3.93999pt\relax
(fontspec)             \fontdimen 10\font =4.43999pt\relax \fontdimen 11\font
(fontspec)             =6.85999pt\relax \fontdimen 12\font =3.45pt\relax
(fontspec)             \fontdimen 13\font =3.62999pt\relax \fontdimen 14\font
(fontspec)             =3.62999pt\relax \fontdimen 15\font =2.89pt\relax
(fontspec)             \fontdimen 16\font =2.46999pt\relax \fontdimen 17\font
(fontspec)             =2.46999pt\relax \fontdimen 18\font =2.5pt\relax
(fontspec)             \fontdimen 19\font =2.0pt\relax \fontdimen 22\font
(fontspec)             =2.5pt\relax \fontdimen 20\font =0pt\relax \fontdimen
(fontspec)             21\font =0pt\relax 
(fontspec)             - 'bold' (b/n) with NFSS spec.:
(fontspec)             <->s*[1.000096459334209]"[latinmodern-math.otf]:mode=bas
e;script=math;language=dflt;"
(fontspec)             - 'bold small caps'  (b/sc) with NFSS spec.: 
(fontspec)             and font adjustment code:
(fontspec)             \__um_luatex_copy_fontdimens: \fontdimen 8\font
(fontspec)             =6.76999pt\relax \fontdimen 9\font =3.93999pt\relax
(fontspec)             \fontdimen 10\font =4.43999pt\relax \fontdimen 11\font
(fontspec)             =6.85999pt\relax \fontdimen 12\font =3.45pt\relax
(fontspec)             \fontdimen 13\font =3.62999pt\relax \fontdimen 14\font
(fontspec)             =3.62999pt\relax \fontdimen 15\font =2.89pt\relax
(fontspec)             \fontdimen 16\font =2.46999pt\relax \fontdimen 17\font
(fontspec)             =2.46999pt\relax \fontdimen 18\font =2.5pt\relax
(fontspec)             \fontdimen 19\font =2.0pt\relax \fontdimen 22\font
(fontspec)             =2.5pt\relax \fontdimen 20\font =0pt\relax \fontdimen
(fontspec)             21\font =0pt\relax 

LaTeX Font Info:    Encoding `OMS' has changed to `TU' for symbol font
(Font)              `symbols' in the math version `normal' on input line 199.
LaTeX Font Info:    Overwriting symbol font `symbols' in version `normal'
(Font)                  OMS/lmsy/m/n --> TU/latinmodern-math.otf(2)/m/n on inpu
t line 199.
LaTeX Font Info:    Encoding `OMS' has changed to `TU' for symbol font
(Font)              `symbols' in the math version `bold' on input line 199.
LaTeX Font Info:    Overwriting symbol font `symbols' in version `bold'
(Font)                  OMS/lmsy/b/n --> TU/latinmodern-math.otf(2)/b/n on inpu
t line 199.

Package fontspec Info: latinmodern-math scale = 0.9999964596882403.


Package fontspec Info: latinmodern-math scale = 0.9998964600422715.


Package fontspec Info: latinmodern-math scale = 0.9999964596882403.


Package fontspec Info: latinmodern-math scale = 0.9998964600422715.


Package fontspec Info: latinmodern-math scale = 0.9999964596882403.


Package fontspec Info: latinmodern-math scale = 0.9998964600422715.


Package fontspec Info: latinmodern-math scale = 0.9999964596882403.


Package fontspec Info: latinmodern-math scale = 0.9998964600422715.


Package fontspec Info: latinmodern-math scale = 0.9999964596882403.


Package fontspec Info: latinmodern-math scale = 0.9998964600422715.


Package fontspec Info: Font family 'latinmodern-math.otf(3)' created for font
(fontspec)             'latinmodern-math.otf' with options
(fontspec)             [Scale=MatchLowercase,Renderer=Basic,BoldItalicFont={},I
talicFont={},SmallCapsFont={},Script=Math,SizeFeatures={{Size=8.5-},{Size=6-8.5
,Font=latinmodern-math.otf,Style=MathScript},{Size=-6,Font=latinmodern-math.otf
,Style=MathScriptScript}},FontAdjustment={\__um_luatex_copy_fontdimens:
(fontspec)             },BoldFont={latinmodern-math.otf},ScaleAgain=0.9999,Font
Adjustment={\fontdimen
(fontspec)             8\font =0.4pt\relax \fontdimen 9\font =2.0pt\relax
(fontspec)             \fontdimen 10\font =1.67pt\relax \fontdimen 11\font
(fontspec)             =1.10999pt\relax \fontdimen 12\font =6.0pt\relax
(fontspec)             \fontdimen 13\font =0pt\relax }].
(fontspec)              
(fontspec)              This font family consists of the following NFSS
(fontspec)             series/shapes:
(fontspec)              
(fontspec)             - 'normal' (m/n) with NFSS spec.:
(fontspec)             <8.5->s*[0.9998964600422715]"[latinmodern-math.otf]:mode
=base;script=math;language=dflt;"<6-8.5>s*[0.9998964600422715]"[latinmodern-mat
h.otf]:mode=base;script=math;language=dflt;+ssty=0;"<-6>s*[0.9998964600422715]"
[latinmodern-math.otf]:mode=base;script=math;language=dflt;+ssty=1;"
(fontspec)             - 'small caps'  (m/sc) with NFSS spec.: 
(fontspec)             and font adjustment code:
(fontspec)             \__um_luatex_copy_fontdimens: \fontdimen 8\font
(fontspec)             =0.4pt\relax \fontdimen 9\font =2.0pt\relax \fontdimen
(fontspec)             10\font =1.67pt\relax \fontdimen 11\font
(fontspec)             =1.10999pt\relax \fontdimen 12\font =6.0pt\relax
(fontspec)             \fontdimen 13\font =0pt\relax 
(fontspec)             - 'bold' (b/n) with NFSS spec.:
(fontspec)             <->s*[0.9998964600422715]"[latinmodern-math.otf]:mode=ba
se;script=math;language=dflt;"
(fontspec)             - 'bold small caps'  (b/sc) with NFSS spec.: 
(fontspec)             and font adjustment code:
(fontspec)             \__um_luatex_copy_fontdimens: \fontdimen 8\font
(fontspec)             =0.4pt\relax \fontdimen 9\font =2.0pt\relax \fontdimen
(fontspec)             10\font =1.67pt\relax \fontdimen 11\font
(fontspec)             =1.10999pt\relax \fontdimen 12\font =6.0pt\relax
(fontspec)             \fontdimen 13\font =0pt\relax 

LaTeX Font Info:    Encoding `OMX' has changed to `TU' for symbol font
(Font)              `largesymbols' in the math version `normal' on input line 1
99.
LaTeX Font Info:    Overwriting symbol font `largesymbols' in version `normal'
(Font)                  OMX/lmex/m/n --> TU/latinmodern-math.otf(3)/m/n on inpu
t line 199.
LaTeX Font Info:    Encoding `OMX' has changed to `TU' for symbol font
(Font)              `largesymbols' in the math version `bold' on input line 199
.
LaTeX Font Info:    Overwriting symbol font `largesymbols' in version `bold'
(Font)                  OMX/lmex/m/n --> TU/latinmodern-math.otf(3)/b/n on inpu
t line 199.
LaTeX Font Info:    Font shape `TU/latinmodern-math.otf(1)/m/n' will be
(Font)              scaled to size 7.0pt on input line 199.
LaTeX Font Info:    Font shape `TU/latinmodern-math.otf(1)/m/n' will be
(Font)              scaled to size 5.0pt on input line 199.
LaTeX Font Info:    Trying to load font information for OML+lmm on input line 1
99.
(/usr/local/texlive/2021/texmf-dist/tex/latex/lm/omllmm.fd
File: omllmm.fd 2015/05/01 v1.6.1 Font defs for Latin Modern
)
LaTeX Font Info:    Font shape `TU/latinmodern-math.otf(2)/m/n' will be
(Font)              scaled to size 10.00092pt on input line 199.
LaTeX Font Info:    Font shape `TU/latinmodern-math.otf(2)/m/n' will be
(Font)              scaled to size 7.00064pt on input line 199.
LaTeX Font Info:    Font shape `TU/latinmodern-math.otf(2)/m/n' will be
(Font)              scaled to size 5.00046pt on input line 199.
LaTeX Font Info:    Font shape `TU/latinmodern-math.otf(3)/m/n' will be
(Font)              scaled to size 9.99893pt on input line 199.
LaTeX Font Info:    Font shape `TU/latinmodern-math.otf(3)/m/n' will be
(Font)              scaled to size 6.99925pt on input line 199.
LaTeX Font Info:    Font shape `TU/latinmodern-math.otf(3)/m/n' will be
(Font)              scaled to size 4.99947pt on input line 199.
LaTeX Font Info:    Trying to load font information for U+msa on input line 199
.
(/usr/local/texlive/2021/texmf-dist/tex/latex/amsfonts/umsa.fd
File: umsa.fd 2013/01/14 v3.01 AMS symbols A
)
LaTeX Font Info:    Trying to load font information for U+msb on input line 199
.
(/usr/local/texlive/2021/texmf-dist/tex/latex/amsfonts/umsb.fd
File: umsb.fd 2013/01/14 v3.01 AMS symbols B
)
LaTeX Font Info:    Font shape `JY3/mc/m/n' will be
(Font)              scaled to size 6.73553pt on input line 199.
LaTeX Font Info:    Font shape `JY3/mc/m/n' will be
(Font)              scaled to size 4.8111pt on input line 199.
LaTeX Font Info:    Trying to load font information for OT1+lmr on input line 1
99.
(/usr/local/texlive/2021/texmf-dist/tex/latex/lm/ot1lmr.fd
File: ot1lmr.fd 2015/05/01 v1.6.1 Font defs for Latin Modern
)
LaTeX Font Info:    Trying to load font information for OMS+lmsy on input line 
199.
(/usr/local/texlive/2021/texmf-dist/tex/latex/lm/omslmsy.fd
File: omslmsy.fd 2015/05/01 v1.6.1 Font defs for Latin Modern
)
LaTeX Font Info:    Font shape `JY3/gt/m/n' will be
(Font)              scaled to size 9.6222pt on input line 199.
(load cache: extra_haranoajigothic-medium.luc)
LaTeX Font Info:    Font shape `JY3/gt/m/n' will be
(Font)              scaled to size 6.73553pt on input line 199.
LaTeX Font Info:    Font shape `JY3/gt/m/n' will be
(Font)              scaled to size 4.8111pt on input line 199.
LaTeX Info: Redefining \microtypecontext on input line 199.
Package microtype Info: Generating PDF output.
Package microtype Info: Character protrusion enabled (level 2).
Package microtype Info: Using protrusion set `basicmath'.
Package microtype Info: Automatic font expansion enabled (level 2),
(microtype)             stretch: 20, shrink: 20, step: 1, non-selected.
Package microtype Info: Using default expansion set `alltext-nott'.
LaTeX Info: Redefining \showhyphens on input line 199.
Package microtype Info: No adjustment of tracking.
Package microtype Info: No adjustment of spacing.
Package microtype Info: No adjustment of kerning.

(/usr/local/texlive/2021/texmf-dist/tex/latex/microtype/mt-LatinModernRoman.cfg
File: mt-LatinModernRoman.cfg 2021/02/21 v1.1 microtype config. file: Latin Mod
ern Roman (RS)
) (/usr/local/texlive/2021/texmf-dist/tex/context/base/mkii/supp-pdf.mkii
[Loading MPS to PDF converter (version 2006.09.02).]
\scratchcounter=\count371
\scratchdimen=\dimen330
\scratchbox=\box109
\nofMPsegments=\count372
\nofMParguments=\count373
\everyMPshowfont=\toks56
\MPscratchCnt=\count374
\MPscratchDim=\dimen331
\MPnumerator=\count375
\makeMPintoPDFobject=\count376
\everyMPtoPDFconversion=\toks57
) (/usr/local/texlive/2021/texmf-dist/tex/latex/epstopdf-pkg/epstopdf-base.sty
Package: epstopdf-base 2020-01-24 v2.11 Base part for package epstopdf
Package epstopdf-base Info: Redefining graphics rule for `.eps' on input line 4
85.
(/usr/local/texlive/2021/texmf-dist/tex/latex/latexconfig/epstopdf-sys.cfg
File: epstopdf-sys.cfg 2010/07/13 v1.3 Configuration of (r)epstopdf for TeX Liv
e
))
Package hyperref Info: Link coloring ON on input line 199.
(/usr/local/texlive/2021/texmf-dist/tex/latex/hyperref/nameref.sty
Package: nameref 2021-04-02 v2.47 Cross-referencing by name of section
(/usr/local/texlive/2021/texmf-dist/tex/latex/refcount/refcount.sty
Package: refcount 2019/12/15 v3.6 Data extraction from label references (HO)
)
(/usr/local/texlive/2021/texmf-dist/tex/generic/gettitlestring/gettitlestring.s
ty
Package: gettitlestring 2019/12/15 v1.6 Cleanup title references (HO)
)
\c@section@level=\count377
)
LaTeX Info: Redefining \ref on input line 199.
LaTeX Info: Redefining \pageref on input line 199.
LaTeX Info: Redefining \nameref on input line 199.
*geometry* driver: auto-detecting
*geometry* detected driver: luatex
*geometry* verbose mode - [ preamble ] result:
* driver: luatex
* paper: <default>
* layout: <same size as paper>
* layoutoffset:(h,v)=(0.0pt,0.0pt)
* modes: twoside 
* h-part:(L,W,R)=(71.13188pt, 472.03123pt, 71.13188pt)
* v-part:(T,H,B)=(85.35826pt, 624.25346pt, 85.35826pt)
* \paperwidth=614.295pt
* \paperheight=794.96999pt
* \textwidth=472.03123pt
* \textheight=624.25346pt
* \oddsidemargin=-1.1381pt
* \evensidemargin=-1.1381pt
* \topmargin=-16.97922pt
* \headheight=12.0pt
* \headsep=18.06749pt
* \topskip=10.0pt
* \footskip=25.29494pt
* \marginparwidth=125.0pt
* \marginparsep=7.0pt
* \columnsep=10.0pt
* \skip\footins=9.0pt plus 4.0pt minus 2.0pt
* \hoffset=0.0pt
* \voffset=0.0pt
* \mag=1000
* \@twocolumnfalse
* \@twosidetrue
* \@mparswitchtrue
* \@reversemarginfalse
* (1in=72.27pt=25.4mm, 1cm=28.453pt)

\c@lstlisting=\count378
(/usr/local/texlive/2021/texmf-dist/tex/latex/base/inputenc.sty
Package: inputenc 2021/02/14 v1.3d Input encoding file
\inpenc@prehook=\toks58
\inpenc@posthook=\toks59
)(load cache: extra_lmroman17-regular.luc)
LaTeX Font Info:    Font shape `JT3/mc/m/n' will be
(Font)              scaled to size 16.62714pt on input line 201.
LaTeX Font Info:    Font shape `JY3/mc/m/n' will be
(Font)              scaled to size 16.62714pt on input line 201.
(load cache: extra_lmroman12-regular.luc)
LaTeX Font Info:    Font shape `JT3/mc/m/n' will be
(Font)              scaled to size 11.54663pt on input line 201.
LaTeX Font Info:    Font shape `JY3/mc/m/n' will be
(Font)              scaled to size 11.54663pt on input line 201.
LaTeX Font Info:    Font shape `TU/latinmodern-math.otf(1)/m/n' will be
(Font)              scaled to size 12.0pt on input line 201.
LaTeX Font Info:    Font shape `TU/latinmodern-math.otf(1)/m/n' will be
(Font)              scaled to size 8.0pt on input line 201.
LaTeX Font Info:    Font shape `TU/latinmodern-math.otf(1)/m/n' will be
(Font)              scaled to size 6.0pt on input line 201.
LaTeX Font Info:    Font shape `TU/latinmodern-math.otf(2)/m/n' will be
(Font)              scaled to size 12.0011pt on input line 201.
LaTeX Font Info:    Font shape `TU/latinmodern-math.otf(2)/m/n' will be
(Font)              scaled to size 8.00073pt on input line 201.
LaTeX Font Info:    Font shape `TU/latinmodern-math.otf(2)/m/n' will be
(Font)              scaled to size 6.00055pt on input line 201.
LaTeX Font Info:    Font shape `TU/latinmodern-math.otf(3)/m/n' will be
(Font)              scaled to size 11.99872pt on input line 201.
LaTeX Font Info:    Font shape `TU/latinmodern-math.otf(3)/m/n' will be
(Font)              scaled to size 7.99915pt on input line 201.
LaTeX Font Info:    Font shape `TU/latinmodern-math.otf(3)/m/n' will be
(Font)              scaled to size 5.99936pt on input line 201.
(/usr/local/texlive/2021/texmf-dist/tex/latex/microtype/mt-msa.cfg
File: mt-msa.cfg 2006/02/04 v1.1 microtype config. file: AMS symbols (a) (RS)
) (/usr/local/texlive/2021/texmf-dist/tex/latex/microtype/mt-msb.cfg
File: mt-msb.cfg 2005/06/01 v1.0 microtype config. file: AMS symbols (b) (RS)
)
LaTeX Font Info:    Font shape `JY3/mc/m/n' will be
(Font)              scaled to size 7.69775pt on input line 201.
LaTeX Font Info:    Font shape `JY3/mc/m/n' will be
(Font)              scaled to size 5.77332pt on input line 201.
LaTeX Font Info:    Font shape `JY3/gt/m/n' will be
(Font)              scaled to size 11.54663pt on input line 201.
LaTeX Font Info:    Font shape `JY3/gt/m/n' will be
(Font)              scaled to size 7.69775pt on input line 201.
LaTeX Font Info:    Font shape `JY3/gt/m/n' will be
(Font)              scaled to size 5.77332pt on input line 201.
[1


{/usr/local/texlive/2021/texmf-var/fonts/map/pdftex/updmap/pdftex.map}] [2

]
LaTeX Font Info:    Font shape `JT3/mc/m/n' will be
(Font)              scaled to size 23.94002pt on input line 204.
LaTeX Font Info:    Font shape `JY3/mc/m/n' will be
(Font)              scaled to size 23.94002pt on input line 204.
(load cache: extra_lmroman12-bold.luc)
LaTeX Font Info:    Font shape `JT3/mc/b/n' in size <24.88> not available
(Font)              Font shape `JT3/gt/m/n' tried instead on input line 204.
LaTeX Font Info:    Font shape `JT3/gt/m/n' will be
(Font)              scaled to size 23.94002pt on input line 204.
LaTeX Font Info:    Font shape `JY3/mc/b/n' in size <24.88> not available
(Font)              Font shape `JY3/gt/m/n' tried instead on input line 204.
LaTeX Font Info:    Font shape `JY3/gt/m/n' will be
(Font)              scaled to size 23.94002pt on input line 204.
(./_main.toc
LaTeX Font Info:    Font shape `JT3/mc/b/n' in size <10> not available
(Font)              Font shape `JT3/gt/m/n' tried instead on input line 1.
LaTeX Font Info:    Font shape `JT3/gt/m/n' will be
(Font)              scaled to size 9.6222pt on input line 1.
LaTeX Font Info:    Font shape `JY3/mc/b/n' in size <10> not available
(Font)              Font shape `JY3/gt/m/n' tried instead on input line 1.
LaTeX Font Info:    Font shape `JY3/gt/m/n' will be
(Font)              scaled to size 9.6222pt on input line 1.
[3](load cache: extra_lmromanslant10-regular.luc)
LaTeX Font Info:    Kanji font shape `JY3/mc/m/sl' undefined
(Font)              No change on input line 156.
LaTeX Font Info:    Kanji font shape `JY3/mc/m/sl' undefined
(Font)              No change on input line 156.
[4]
LaTeX Font Info:    Kanji font shape `JY3/mc/m/sl' undefined
(Font)              No change on input line 242.
LaTeX Font Info:    Kanji font shape `JY3/mc/m/sl' undefined
(Font)              No change on input line 242.
[5])
\tf@toc=\write7

\openout7 = _main.toc
LaTeX Font Info:    Kanji font shape `JY3/mc/m/sl' undefined
(Font)              No change on input line 207.
LaTeX Font Info:    Kanji font shape `JY3/mc/m/sl' undefined
(Font)              No change on input line 207.
[6]
Chapter 1.
LaTeX Font Info:    Font shape `JT3/mc/m/n' will be
(Font)              scaled to size 19.95642pt on input line 207.
LaTeX Font Info:    Font shape `JY3/mc/m/n' will be
(Font)              scaled to size 19.95642pt on input line 207.
LaTeX Font Info:    Font shape `JT3/mc/b/n' in size <20.74> not available
(Font)              Font shape `JT3/gt/m/n' tried instead on input line 207.
LaTeX Font Info:    Font shape `JT3/gt/m/n' will be
(Font)              scaled to size 19.95642pt on input line 207.
LaTeX Font Info:    Font shape `JY3/mc/b/n' in size <20.74> not available
(Font)              Font shape `JY3/gt/m/n' tried instead on input line 207.
LaTeX Font Info:    Font shape `JY3/gt/m/n' will be
(Font)              scaled to size 19.95642pt on input line 207.
LaTeX Font Info:    Font shape `JT3/mc/m/n' will be
(Font)              scaled to size 13.85594pt on input line 216.
LaTeX Font Info:    Font shape `JY3/mc/m/n' will be
(Font)              scaled to size 13.85594pt on input line 216.
LaTeX Font Info:    Font shape `JT3/mc/b/n' in size <14.4> not available
(Font)              Font shape `JT3/gt/m/n' tried instead on input line 216.
LaTeX Font Info:    Font shape `JT3/gt/m/n' will be
(Font)              scaled to size 13.85594pt on input line 216.
LaTeX Font Info:    Font shape `JY3/mc/b/n' in size <14.4> not available
(Font)              Font shape `JY3/gt/m/n' tried instead on input line 216.
LaTeX Font Info:    Font shape `JY3/gt/m/n' will be
(Font)              scaled to size 13.85594pt on input line 216.
(load cache: extra_lmroman7-regular.luc)
LaTeX Font Info:    Font shape `JT3/mc/m/n' will be
(Font)              scaled to size 6.73553pt on input line 224.
(load cache: extra_lmroman8-regular.luc)
LaTeX Font Info:    Font shape `JT3/mc/m/n' will be
(Font)              scaled to size 7.69775pt on input line 224.
(load cache: extra_lmroman6-regular.luc)
LaTeX Font Info:    Font shape `JT3/mc/m/n' will be
(Font)              scaled to size 5.77332pt on input line 224.

Package natbib Warning: Citation `道又200903には' on page 7 undefined on in
put line 229.

[7

]

Package natbib Warning: Citation `下山2001は次の表' on page 8 undefined o
n input line 245.


Package natbib Warning: Citation `下山2001による心理学の分類' on pag
e 8 undefined on input line 249.

LaTeX Font Info:    Kanji font shape `JY3/mc/m/sl' undefined
(Font)              No change on input line 273.
LaTeX Font Info:    Kanji font shape `JY3/mc/m/sl' undefined
(Font)              No change on input line 273.

Package fancyhdr Warning: \headheight is too small (12.0pt): 
(fancyhdr)                Make it at least 12.06757pt, for example:
(fancyhdr)                \setlength{\headheight}{12.06757pt}.
(fancyhdr)                You might also make \topmargin smaller to compensate:

(fancyhdr)                \addtolength{\topmargin}{-0.06757pt}.

[8
warning  (pdf backend): ignoring duplicate destination with the name 'tbl01_01'
](load cache: extra_lmroman8-bold.luc)
LaTeX Font Info:    Font shape `JT3/mc/b/n' in size <8> not available
(Font)              Font shape `JT3/gt/m/n' tried instead on input line 275.
LaTeX Font Info:    Font shape `JT3/gt/m/n' will be
(Font)              scaled to size 7.69775pt on input line 275.
LaTeX Font Info:    Font shape `JY3/mc/b/n' in size <8> not available
(Font)              Font shape `JY3/gt/m/n' tried instead on input line 275.
LaTeX Font Info:    Font shape `JY3/gt/m/n' will be
(Font)              scaled to size 7.69775pt on input line 275.

Package natbib Warning: Citation `kosugi2018のPp.133をみてください' on 
page 9 undefined on input line 275.

LaTeX Font Info:    Kanji font shape `JY3/mc/m/sl' undefined
(Font)              No change on input line 303.
LaTeX Font Info:    Kanji font shape `JY3/mc/m/sl' undefined
(Font)              No change on input line 303.

Package fancyhdr Warning: \headheight is too small (12.0pt): 
(fancyhdr)                Make it at least 12.06757pt, for example:
(fancyhdr)                \setlength{\headheight}{12.06757pt}.
(fancyhdr)                You might also make \topmargin smaller to compensate:

(fancyhdr)                \addtolength{\topmargin}{-0.06757pt}.

[9]

Package natbib Warning: Citation `デカルト1997' on page 10 undefined on inp
ut line 304.

<../images/text01/slide01_01.png, id=418, 550.055pt x 152.57pt>
File: ../images/text01/slide01_01.png Graphic file (type png)
<use ../images/text01/slide01_01.png>
Package luatex.def Info: ../images/text01/slide01_01.png  used on input line 33
5.
(luatex.def)             Requested size: 227.62228pt x 63.13611pt.
LaTeX Font Info:    Kanji font shape `JY3/mc/m/sl' undefined
(Font)              No change on input line 340.
LaTeX Font Info:    Kanji font shape `JY3/mc/m/sl' undefined
(Font)              No change on input line 340.

Package fancyhdr Warning: \headheight is too small (12.0pt): 
(fancyhdr)                Make it at least 12.06757pt, for example:
(fancyhdr)                \setlength{\headheight}{12.06757pt}.
(fancyhdr)                You might also make \topmargin smaller to compensate:

(fancyhdr)                \addtolength{\topmargin}{-0.06757pt}.

[10]
LaTeX Font Info:    Kanji font shape `JY3/mc/m/sl' undefined
(Font)              No change on input line 358.
LaTeX Font Info:    Kanji font shape `JY3/mc/m/sl' undefined
(Font)              No change on input line 358.

Package fancyhdr Warning: \headheight is too small (12.0pt): 
(fancyhdr)                Make it at least 12.06757pt, for example:
(fancyhdr)                \setlength{\headheight}{12.06757pt}.
(fancyhdr)                You might also make \topmargin smaller to compensate:

(fancyhdr)                \addtolength{\topmargin}{-0.06757pt}.

[11<../images/text01/slide01_01.png>]
LaTeX Font Info:    Kanji font shape `JY3/mc/m/sl' undefined
(Font)              No change on input line 365.
LaTeX Font Info:    Kanji font shape `JY3/mc/m/sl' undefined
(Font)              No change on input line 365.

Package fancyhdr Warning: \headheight is too small (12.0pt): 
(fancyhdr)                Make it at least 12.06757pt, for example:
(fancyhdr)                \setlength{\headheight}{12.06757pt}.
(fancyhdr)                You might also make \topmargin smaller to compensate:

(fancyhdr)                \addtolength{\topmargin}{-0.06757pt}.

[12]
Chapter 2.
<../images/text10/Rplot10_01.png, id=455, 1204.5pt x 803.0pt>
File: ../images/text10/Rplot10_01.png Graphic file (type png)
<use ../images/text10/Rplot10_01.png>
Package luatex.def Info: ../images/text10/Rplot10_01.png  used on input line 39
2.
(luatex.def)             Requested size: 227.60759pt x 151.73839pt.
[13

]
<../images/text10/Rplot10_02.png, id=467, 4818.0pt x 3613.5pt>
File: ../images/text10/Rplot10_02.png Graphic file (type png)
<use ../images/text10/Rplot10_02.png>
Package luatex.def Info: ../images/text10/Rplot10_02.png  used on input line 43
7.
(luatex.def)             Requested size: 227.60759pt x 170.70569pt.

Overfull \vbox (155.90372pt too high) has occurred while \output is active []

LaTeX Font Info:    Kanji font shape `JY3/mc/m/sl' undefined
(Font)              No change on input line 449.
LaTeX Font Info:    Kanji font shape `JY3/mc/m/sl' undefined
(Font)              No change on input line 449.

Package fancyhdr Warning: \headheight is too small (12.0pt): 
(fancyhdr)                Make it at least 12.06757pt, for example:
(fancyhdr)                \setlength{\headheight}{12.06757pt}.
(fancyhdr)                You might also make \topmargin smaller to compensate:

(fancyhdr)                \addtolength{\topmargin}{-0.06757pt}.

[14
warning  (pdf backend): ignoring duplicate destination with the name 'tbl::10_01
'
<../images/text10/Rplot10_01.png>](load cache: extra_lmmono10-regular.luc)
LaTeX Font Info:    Kanji font shape `JY3/mc/m/sl' undefined
(Font)              No change on input line 489.
LaTeX Font Info:    Kanji font shape `JY3/mc/m/sl' undefined
(Font)              No change on input line 489.

Package fancyhdr Warning: \headheight is too small (12.0pt): 
(fancyhdr)                Make it at least 12.06757pt, for example:
(fancyhdr)                \setlength{\headheight}{12.06757pt}.
(fancyhdr)                You might also make \topmargin smaller to compensate:

(fancyhdr)                \addtolength{\topmargin}{-0.06757pt}.

[15
warning  (pdf backend): ignoring duplicate destination with the name 'tbl::10_02
'
<../images/text10/Rplot10_02.png>]
<../images/text10/Rplot10_03.png, id=498, 4818.0pt x 4818.0pt>
File: ../images/text10/Rplot10_03.png Graphic file (type png)
<use ../images/text10/Rplot10_03.png>
Package luatex.def Info: ../images/text10/Rplot10_03.png  used on input line 50
7.
(luatex.def)             Requested size: 284.50949pt x 284.50949pt.
LaTeX Font Info:    Kanji font shape `JY3/mc/m/sl' undefined
(Font)              No change on input line 511.
LaTeX Font Info:    Kanji font shape `JY3/mc/m/sl' undefined
(Font)              No change on input line 511.

Package fancyhdr Warning: \headheight is too small (12.0pt): 
(fancyhdr)                Make it at least 12.06757pt, for example:
(fancyhdr)                \setlength{\headheight}{12.06757pt}.
(fancyhdr)                You might also make \topmargin smaller to compensate:

(fancyhdr)                \addtolength{\topmargin}{-0.06757pt}.

[16<../images/text10/Rplot10_03.png>]
<../images/text10/Slide10_01.png, id=512, 1086.0575pt x 355.3275pt>
File: ../images/text10/Slide10_01.png Graphic file (type png)
<use ../images/text10/Slide10_01.png>
Package luatex.def Info: ../images/text10/Slide10_01.png  used on input line 51
9.
(luatex.def)             Requested size: 284.52263pt x 93.0878pt.
<../images/text10/Slide10_02.png, id=514, 1121.18875pt x 328.22626pt>
File: ../images/text10/Slide10_02.png Graphic file (type png)
<use ../images/text10/Slide10_02.png>
Package luatex.def Info: ../images/text10/Slide10_02.png  used on input line 52
9.
(luatex.def)             Requested size: 284.52216pt x 83.29341pt.
<../images/text10/Slide10_03.png, id=516, 1165.35374pt x 421.575pt>
File: ../images/text10/Slide10_03.png Graphic file (type png)
<use ../images/text10/Slide10_03.png>
Package luatex.def Info: ../images/text10/Slide10_03.png  used on input line 54
1.
(luatex.def)             Requested size: 284.52727pt x 102.92975pt.
LaTeX Font Info:    Kanji font shape `JY3/mc/m/sl' undefined
(Font)              No change on input line 546.
LaTeX Font Info:    Kanji font shape `JY3/mc/m/sl' undefined
(Font)              No change on input line 546.

Package fancyhdr Warning: \headheight is too small (12.0pt): 
(fancyhdr)                Make it at least 12.06757pt, for example:
(fancyhdr)                \setlength{\headheight}{12.06757pt}.
(fancyhdr)                You might also make \topmargin smaller to compensate:

(fancyhdr)                \addtolength{\topmargin}{-0.06757pt}.

[17<../images/text10/Slide10_01.png><../images/text10/Slide10_02.png>]
<../images/text10/Slide10_04.png, id=531, 1158.3275pt x 436.63126pt>
File: ../images/text10/Slide10_04.png Graphic file (type png)
<use ../images/text10/Slide10_04.png>
Package luatex.def Info: ../images/text10/Slide10_04.png  used on input line 55
6.
(luatex.def)             Requested size: 284.52621pt x 107.25208pt.
<../images/text10/Slide10_05.png, id=533, 427.5975pt x 414.54875pt>
File: ../images/text10/Slide10_05.png Graphic file (type png)
<use ../images/text10/Slide10_05.png>
Package luatex.def Info: ../images/text10/Slide10_05.png  used on input line 56
6.
(luatex.def)             Requested size: 284.52493pt x 275.84224pt.

Package natbib Warning: Citation `kosugi2018のPp.133をみてください' on 
page 18 undefined on input line 570.

LaTeX Font Info:    Kanji font shape `JY3/mc/m/sl' undefined
(Font)              No change on input line 572.
LaTeX Font Info:    Kanji font shape `JY3/mc/m/sl' undefined
(Font)              No change on input line 572.

Package fancyhdr Warning: \headheight is too small (12.0pt): 
(fancyhdr)                Make it at least 12.06757pt, for example:
(fancyhdr)                \setlength{\headheight}{12.06757pt}.
(fancyhdr)                You might also make \topmargin smaller to compensate:

(fancyhdr)                \addtolength{\topmargin}{-0.06757pt}.

[18
warning  (pdf backend): ignoring duplicate destination with the name 'fig::10_05
'
<../images/text10/Slide10_03.png><../images/text10/Slide10_04.png>]
LaTeX Font Info:    Kanji font shape `JY3/mc/m/sl' undefined
(Font)              No change on input line 586.
LaTeX Font Info:    Kanji font shape `JY3/mc/m/sl' undefined
(Font)              No change on input line 586.

Package fancyhdr Warning: \headheight is too small (12.0pt): 
(fancyhdr)                Make it at least 12.06757pt, for example:
(fancyhdr)                \setlength{\headheight}{12.06757pt}.
(fancyhdr)                You might also make \topmargin smaller to compensate:

(fancyhdr)                \addtolength{\topmargin}{-0.06757pt}.

[19<../images/text10/Slide10_05.png>]
LaTeX Font Info:    Kanji font shape `JY3/mc/m/sl' undefined
(Font)              No change on input line 630.
LaTeX Font Info:    Kanji font shape `JY3/mc/m/sl' undefined
(Font)              No change on input line 630.

Package fancyhdr Warning: \headheight is too small (12.0pt): 
(fancyhdr)                Make it at least 12.06757pt, for example:
(fancyhdr)                \setlength{\headheight}{12.06757pt}.
(fancyhdr)                You might also make \topmargin smaller to compensate:

(fancyhdr)                \addtolength{\topmargin}{-0.06757pt}.

[20]
LaTeX Font Info:    Kanji font shape `JY3/mc/m/sl' undefined
(Font)              No change on input line 660.
LaTeX Font Info:    Kanji font shape `JY3/mc/m/sl' undefined
(Font)              No change on input line 660.

Package fancyhdr Warning: \headheight is too small (12.0pt): 
(fancyhdr)                Make it at least 12.06757pt, for example:
(fancyhdr)                \setlength{\headheight}{12.06757pt}.
(fancyhdr)                You might also make \topmargin smaller to compensate:

(fancyhdr)                \addtolength{\topmargin}{-0.06757pt}.

[21
warning  (pdf backend): ignoring duplicate destination with the name 'tbl::10_03
'
]
<../images/text10/Rplot10_04.png, id=575, 4818.0pt x 3613.5pt>
File: ../images/text10/Rplot10_04.png Graphic file (type png)
<use ../images/text10/Rplot10_04.png>
Package luatex.def Info: ../images/text10/Rplot10_04.png  used on input line 68
8.
(luatex.def)             Requested size: 227.60759pt x 170.70569pt.
LaTeX Font Info:    Kanji font shape `JY3/mc/m/sl' undefined
(Font)              No change on input line 714.
LaTeX Font Info:    Kanji font shape `JY3/mc/m/sl' undefined
(Font)              No change on input line 714.

Package fancyhdr Warning: \headheight is too small (12.0pt): 
(fancyhdr)                Make it at least 12.06757pt, for example:
(fancyhdr)                \setlength{\headheight}{12.06757pt}.
(fancyhdr)                You might also make \topmargin smaller to compensate:

(fancyhdr)                \addtolength{\topmargin}{-0.06757pt}.

[22<../images/text10/Rplot10_04.png>]
LaTeX Font Info:    Kanji font shape `JY3/mc/m/sl' undefined
(Font)              No change on input line 750.
LaTeX Font Info:    Kanji font shape `JY3/mc/m/sl' undefined
(Font)              No change on input line 750.

Package fancyhdr Warning: \headheight is too small (12.0pt): 
(fancyhdr)                Make it at least 12.06757pt, for example:
(fancyhdr)                \setlength{\headheight}{12.06757pt}.
(fancyhdr)                You might also make \topmargin smaller to compensate:

(fancyhdr)                \addtolength{\topmargin}{-0.06757pt}.

[23] [24

]
Chapter 3.
LaTeX Font Info:    Font shape `JT3/mc/b/n' in size <12> not available
(Font)              Font shape `JT3/gt/m/n' tried instead on input line 760.
LaTeX Font Info:    Font shape `JT3/gt/m/n' will be
(Font)              scaled to size 11.54663pt on input line 760.
LaTeX Font Info:    Font shape `JY3/mc/b/n' in size <12> not available
(Font)              Font shape `JY3/gt/m/n' tried instead on input line 760.
LaTeX Font Info:    Font shape `JY3/gt/m/n' will be
(Font)              scaled to size 11.54663pt on input line 760.
[25]
Overfull \hbox (39.95192pt too wide) in paragraph at lines 790--791
|\JY3/mc/m/n/10 ル |の |読 |み |込 |み\TU/lmtt/m/n/10 "} rm(list=ls())   
  library(tidyverse)     dat <- read_csv("baseball2020.csv",na="NA")
 []


Overfull \hbox (21.9463pt too wide) in paragraph at lines 812--813
|\JY3/mc/m/n/10 ル |の |読 |み |込 |み\TU/lmtt/m/n/10 "} batter <- dat %>%
   dplyr::filter(position != "|\JY3/mc/m/n/10 投 |手\TU/lmtt/m/n/10 ") %>%   
dplyr::select(height,
 []

<../images/text11/Rplot11_01.png, id=623, 3613.5pt x 3613.5pt>
File: ../images/text11/Rplot11_01.png Graphic file (type png)
<use ../images/text11/Rplot11_01.png>
Package luatex.def Info: ../images/text11/Rplot11_01.png  used on input line 83
5.
(luatex.def)             Requested size: 227.60759pt x 227.60759pt.

Package natbib Warning: Citation `kosugi2018のPp.133をみてください' on 
page 26 undefined on input line 841.

LaTeX Font Info:    Kanji font shape `JY3/mc/m/sl' undefined
(Font)              No change on input line 842.
LaTeX Font Info:    Kanji font shape `JY3/mc/m/sl' undefined
(Font)              No change on input line 842.

Package fancyhdr Warning: \headheight is too small (12.0pt): 
(fancyhdr)                Make it at least 12.06757pt, for example:
(fancyhdr)                \setlength{\headheight}{12.06757pt}.
(fancyhdr)                You might also make \topmargin smaller to compensate:

(fancyhdr)                \addtolength{\topmargin}{-0.06757pt}.

[26]
<../images/text11/Slide11_01.png, id=643, 1153.30875pt x 569.12625pt>
File: ../images/text11/Slide11_01.png Graphic file (type png)
<use ../images/text11/Slide11_01.png>
Package luatex.def Info: ../images/text11/Slide11_01.png  used on input line 85
1.
(luatex.def)             Requested size: 341.4374pt x 168.48999pt.
LaTeX Font Info:    Kanji font shape `JY3/mc/m/sl' undefined
(Font)              No change on input line 862.
LaTeX Font Info:    Kanji font shape `JY3/mc/m/sl' undefined
(Font)              No change on input line 862.

Package fancyhdr Warning: \headheight is too small (12.0pt): 
(fancyhdr)                Make it at least 12.06757pt, for example:
(fancyhdr)                \setlength{\headheight}{12.06757pt}.
(fancyhdr)                You might also make \topmargin smaller to compensate:

(fancyhdr)                \addtolength{\topmargin}{-0.06757pt}.

[27<../images/text11/Rplot11_01.png>]
LaTeX Font Info:    Kanji font shape `JY3/mc/m/sl' undefined
(Font)              No change on input line 896.
LaTeX Font Info:    Kanji font shape `JY3/mc/m/sl' undefined
(Font)              No change on input line 896.

Package fancyhdr Warning: \headheight is too small (12.0pt): 
(fancyhdr)                Make it at least 12.06757pt, for example:
(fancyhdr)                \setlength{\headheight}{12.06757pt}.
(fancyhdr)                You might also make \topmargin smaller to compensate:

(fancyhdr)                \addtolength{\topmargin}{-0.06757pt}.

[28<../images/text11/Slide11_01.png>]
Overfull \hbox (21.46877pt too wide) in paragraph at lines 935--936
\TU/lmtt/m/n/10 batter <- batter %>%      dplyr::mutate(residuals = result$resid
uals,                     yhat
 []

LaTeX Font Info:    Kanji font shape `JY3/mc/m/sl' undefined
(Font)              No change on input line 943.
LaTeX Font Info:    Kanji font shape `JY3/mc/m/sl' undefined
(Font)              No change on input line 943.

Package fancyhdr Warning: \headheight is too small (12.0pt): 
(fancyhdr)                Make it at least 12.06757pt, for example:
(fancyhdr)                \setlength{\headheight}{12.06757pt}.
(fancyhdr)                You might also make \topmargin smaller to compensate:

(fancyhdr)                \addtolength{\topmargin}{-0.06757pt}.

[29]
Overfull \hbox (31.96877pt too wide) in paragraph at lines 979--980
\TU/lmtt/m/n/10 Hit, salary) %>%     na.omit() g1 <- ggplot(batter2, aes(x = HR,
 y = salary)) +     geom_point()
 []

LaTeX Font Info:    Kanji font shape `JY3/mc/m/sl' undefined
(Font)              No change on input line 980.
LaTeX Font Info:    Kanji font shape `JY3/mc/m/sl' undefined
(Font)              No change on input line 980.

Package fancyhdr Warning: \headheight is too small (12.0pt): 
(fancyhdr)                Make it at least 12.06757pt, for example:
(fancyhdr)                \setlength{\headheight}{12.06757pt}.
(fancyhdr)                You might also make \topmargin smaller to compensate:

(fancyhdr)                \addtolength{\topmargin}{-0.06757pt}.

[30]
<../images/text11/Rplot11_02.png, id=702, 4818.0pt x 3613.5pt>
File: ../images/text11/Rplot11_02.png Graphic file (type png)
<use ../images/text11/Rplot11_02.png>
Package luatex.def Info: ../images/text11/Rplot11_02.png  used on input line 10
02.
(luatex.def)             Requested size: 341.41139pt x 256.05855pt.
LaTeX Font Info:    Kanji font shape `JY3/mc/m/sl' undefined
(Font)              No change on input line 1011.
LaTeX Font Info:    Kanji font shape `JY3/mc/m/sl' undefined
(Font)              No change on input line 1011.

Package fancyhdr Warning: \headheight is too small (12.0pt): 
(fancyhdr)                Make it at least 12.06757pt, for example:
(fancyhdr)                \setlength{\headheight}{12.06757pt}.
(fancyhdr)                You might also make \topmargin smaller to compensate:

(fancyhdr)                \addtolength{\topmargin}{-0.06757pt}.

[31<../images/text11/Rplot11_02.png>]
LaTeX Font Info:    Kanji font shape `JY3/mc/m/sl' undefined
(Font)              No change on input line 1064.
LaTeX Font Info:    Kanji font shape `JY3/mc/m/sl' undefined
(Font)              No change on input line 1064.

Package fancyhdr Warning: \headheight is too small (12.0pt): 
(fancyhdr)                Make it at least 12.06757pt, for example:
(fancyhdr)                \setlength{\headheight}{12.06757pt}.
(fancyhdr)                You might also make \topmargin smaller to compensate:

(fancyhdr)                \addtolength{\topmargin}{-0.06757pt}.

[32]
LaTeX Font Info:    Kanji font shape `JY3/mc/m/sl' undefined
(Font)              No change on input line 1126.
LaTeX Font Info:    Kanji font shape `JY3/mc/m/sl' undefined
(Font)              No change on input line 1126.

Package fancyhdr Warning: \headheight is too small (12.0pt): 
(fancyhdr)                Make it at least 12.06757pt, for example:
(fancyhdr)                \setlength{\headheight}{12.06757pt}.
(fancyhdr)                You might also make \topmargin smaller to compensate:

(fancyhdr)                \addtolength{\topmargin}{-0.06757pt}.

[33]
warning  (pdf backend): ignoring duplicate destination with the name 'tbl::ex11_
01'
LaTeX Font Info:    Kanji font shape `JY3/mc/m/sl' undefined
(Font)              No change on input line 1156.
LaTeX Font Info:    Kanji font shape `JY3/mc/m/sl' undefined
(Font)              No change on input line 1156.

Package fancyhdr Warning: \headheight is too small (12.0pt): 
(fancyhdr)                Make it at least 12.06757pt, for example:
(fancyhdr)                \setlength{\headheight}{12.06757pt}.
(fancyhdr)                You might also make \topmargin smaller to compensate:

(fancyhdr)                \addtolength{\topmargin}{-0.06757pt}.

[34]
Chapter 4.
[35

]

Package natbib Warning: Citation `kosugi2018のPp.133をみてください' on 
page 36 undefined on input line 1184.

<../images/text12/slide12_01.png, id=769, 1167.36125pt x 413.545pt>
File: ../images/text12/slide12_01.png Graphic file (type png)
<use ../images/text12/slide12_01.png>
Package luatex.def Info: ../images/text12/slide12_01.png  used on input line 11
91.
(luatex.def)             Requested size: 341.42953pt x 120.95352pt.
LaTeX Font Info:    Kanji font shape `JY3/mc/m/sl' undefined
(Font)              No change on input line 1197.
LaTeX Font Info:    Kanji font shape `JY3/mc/m/sl' undefined
(Font)              No change on input line 1197.

Package fancyhdr Warning: \headheight is too small (12.0pt): 
(fancyhdr)                Make it at least 12.06757pt, for example:
(fancyhdr)                \setlength{\headheight}{12.06757pt}.
(fancyhdr)                You might also make \topmargin smaller to compensate:

(fancyhdr)                \addtolength{\topmargin}{-0.06757pt}.

[36]
LaTeX Font Info:    Kanji font shape `JY3/mc/m/sl' undefined
(Font)              No change on input line 1221.
LaTeX Font Info:    Kanji font shape `JY3/mc/m/sl' undefined
(Font)              No change on input line 1221.

Package fancyhdr Warning: \headheight is too small (12.0pt): 
(fancyhdr)                Make it at least 12.06757pt, for example:
(fancyhdr)                \setlength{\headheight}{12.06757pt}.
(fancyhdr)                You might also make \topmargin smaller to compensate:

(fancyhdr)                \addtolength{\topmargin}{-0.06757pt}.

[37<../images/text12/slide12_01.png>]
<../images/text12/slide12_02.png, id=792, 996.72375pt x 369.38pt>
File: ../images/text12/slide12_02.png Graphic file (type png)
<use ../images/text12/slide12_02.png>
Package luatex.def Info: ../images/text12/slide12_02.png  used on input line 12
33.
(luatex.def)             Requested size: 341.42146pt x 126.5288pt.
<../images/text12/slide12_03.png, id=794, 994.71625pt x 353.32pt>
File: ../images/text12/slide12_03.png Graphic file (type png)
<use ../images/text12/slide12_03.png>
Package luatex.def Info: ../images/text12/slide12_03.png  used on input line 12
46.
(luatex.def)             Requested size: 341.43199pt x 121.27553pt.
LaTeX Font Info:    Kanji font shape `JY3/mc/m/sl' undefined
(Font)              No change on input line 1253.
LaTeX Font Info:    Kanji font shape `JY3/mc/m/sl' undefined
(Font)              No change on input line 1253.

Package fancyhdr Warning: \headheight is too small (12.0pt): 
(fancyhdr)                Make it at least 12.06757pt, for example:
(fancyhdr)                \setlength{\headheight}{12.06757pt}.
(fancyhdr)                You might also make \topmargin smaller to compensate:

(fancyhdr)                \addtolength{\topmargin}{-0.06757pt}.

[38<../images/text12/slide12_02.png><../images/text12/slide12_03.png>]
<../images/text12/slide12_04.png, id=810, 1013.7875pt x 417.56pt>
File: ../images/text12/slide12_04.png Graphic file (type png)
<use ../images/text12/slide12_04.png>
Package luatex.def Info: ../images/text12/slide12_04.png  used on input line 12
59.
(luatex.def)             Requested size: 341.4192pt x 140.62413pt.
LaTeX Font Info:    Kanji font shape `JY3/mc/m/sl' undefined
(Font)              No change on input line 1306.
LaTeX Font Info:    Kanji font shape `JY3/mc/m/sl' undefined
(Font)              No change on input line 1306.

Package fancyhdr Warning: \headheight is too small (12.0pt): 
(fancyhdr)                Make it at least 12.06757pt, for example:
(fancyhdr)                \setlength{\headheight}{12.06757pt}.
(fancyhdr)                You might also make \topmargin smaller to compensate:

(fancyhdr)                \addtolength{\topmargin}{-0.06757pt}.

[39<../images/text12/slide12_04.png>]
LaTeX Font Info:    Kanji font shape `JY3/mc/m/sl' undefined
(Font)              No change on input line 1321.
LaTeX Font Info:    Kanji font shape `JY3/mc/m/sl' undefined
(Font)              No change on input line 1321.

Package fancyhdr Warning: \headheight is too small (12.0pt): 
(fancyhdr)                Make it at least 12.06757pt, for example:
(fancyhdr)                \setlength{\headheight}{12.06757pt}.
(fancyhdr)                You might also make \topmargin smaller to compensate:

(fancyhdr)                \addtolength{\topmargin}{-0.06757pt}.

[40
warning  (pdf backend): ignoring duplicate destination with the name 'table::21_
02'
]
LaTeX Font Info:    Kanji font shape `JY3/mc/m/sl' undefined
(Font)              No change on input line 1370.
LaTeX Font Info:    Kanji font shape `JY3/mc/m/sl' undefined
(Font)              No change on input line 1370.

Package fancyhdr Warning: \headheight is too small (12.0pt): 
(fancyhdr)                Make it at least 12.06757pt, for example:
(fancyhdr)                \setlength{\headheight}{12.06757pt}.
(fancyhdr)                You might also make \topmargin smaller to compensate:

(fancyhdr)                \addtolength{\topmargin}{-0.06757pt}.

[41
warning  (pdf backend): ignoring duplicate destination with the name 'table::21_
03'
]
<../images/text12/slide12_05.png, id=838, 730.73pt x 356.33125pt>
File: ../images/text12/slide12_05.png Graphic file (type png)
<use ../images/text12/slide12_05.png>
Package luatex.def Info: ../images/text12/slide12_05.png  used on input line 13
76.
(luatex.def)             Requested size: 341.43614pt x 166.49701pt.
<../images/text21/slide21_08.png, id=841, 1199.48125pt x 591.20876pt>
File: ../images/text21/slide21_08.png Graphic file (type png)
<use ../images/text21/slide21_08.png>
Package luatex.def Info: ../images/text21/slide21_08.png  used on input line 13
92.
(luatex.def)             Requested size: 341.43475pt x 168.28876pt.
LaTeX Font Info:    Kanji font shape `JY3/mc/m/sl' undefined
(Font)              No change on input line 1396.
LaTeX Font Info:    Kanji font shape `JY3/mc/m/sl' undefined
(Font)              No change on input line 1396.

Package fancyhdr Warning: \headheight is too small (12.0pt): 
(fancyhdr)                Make it at least 12.06757pt, for example:
(fancyhdr)                \setlength{\headheight}{12.06757pt}.
(fancyhdr)                You might also make \topmargin smaller to compensate:

(fancyhdr)                \addtolength{\topmargin}{-0.06757pt}.

[42<../images/text12/slide12_05.png><../images/text21/slide21_08.png>]
LaTeX Font Info:    Kanji font shape `JY3/mc/m/sl' undefined
(Font)              No change on input line 1409.
LaTeX Font Info:    Kanji font shape `JY3/mc/m/sl' undefined
(Font)              No change on input line 1409.

Package fancyhdr Warning: \headheight is too small (12.0pt): 
(fancyhdr)                Make it at least 12.06757pt, for example:
(fancyhdr)                \setlength{\headheight}{12.06757pt}.
(fancyhdr)                You might also make \topmargin smaller to compensate:

(fancyhdr)                \addtolength{\topmargin}{-0.06757pt}.

[43] [44

]
Chapter 5.
[45]
Missing character: There is no 𝑥 (U+1D465) in font rm-lmbx10!
Missing character: There is no 𝑦 (U+1D466) in font rm-lmbx10!
Missing character: There is no 𝑋 (U+1D44B) in font rm-lmbx10!
Missing character: There is no 𝑋 (U+1D44B) in font rm-lmbx10!
Missing character: There is no 𝑏 (U+1D44F) in font rm-lmbx10!
Missing character: There is no 𝑒 (U+1D452) in font rm-lmbx10!
Missing character: There is no 𝑋 (U+1D44B) in font rm-lmbx10!
LaTeX Font Info:    Kanji font shape `JY3/mc/m/sl' undefined
(Font)              No change on input line 1488.
LaTeX Font Info:    Kanji font shape `JY3/mc/m/sl' undefined
(Font)              No change on input line 1488.

Package fancyhdr Warning: \headheight is too small (12.0pt): 
(fancyhdr)                Make it at least 12.06757pt, for example:
(fancyhdr)                \setlength{\headheight}{12.06757pt}.
(fancyhdr)                You might also make \topmargin smaller to compensate:

(fancyhdr)                \addtolength{\topmargin}{-0.06757pt}.

[46]
LaTeX Font Info:    Kanji font shape `JY3/mc/m/sl' undefined
(Font)              No change on input line 1528.
LaTeX Font Info:    Kanji font shape `JY3/mc/m/sl' undefined
(Font)              No change on input line 1528.

Package fancyhdr Warning: \headheight is too small (12.0pt): 
(fancyhdr)                Make it at least 12.06757pt, for example:
(fancyhdr)                \setlength{\headheight}{12.06757pt}.
(fancyhdr)                You might also make \topmargin smaller to compensate:

(fancyhdr)                \addtolength{\topmargin}{-0.06757pt}.

[47]
<../images/text22/Rplot22_01.png, id=888, 3613.5pt x 2409.0pt>
File: ../images/text22/Rplot22_01.png Graphic file (type png)
<use ../images/text22/Rplot22_01.png>
Package luatex.def Info: ../images/text22/Rplot22_01.png  used on input line 15
29.
(luatex.def)             Requested size: 170.70569pt x 113.80379pt.
LaTeX Font Info:    Kanji font shape `JY3/mc/m/sl' undefined
(Font)              No change on input line 1568.
LaTeX Font Info:    Kanji font shape `JY3/mc/m/sl' undefined
(Font)              No change on input line 1568.

Package fancyhdr Warning: \headheight is too small (12.0pt): 
(fancyhdr)                Make it at least 12.06757pt, for example:
(fancyhdr)                \setlength{\headheight}{12.06757pt}.
(fancyhdr)                You might also make \topmargin smaller to compensate:

(fancyhdr)                \addtolength{\topmargin}{-0.06757pt}.

[48
warning  (pdf backend): ignoring duplicate destination with the name 'tbl::13_01
'
<../images/text22/Rplot22_01.png>]
LaTeX Font Info:    Kanji font shape `JY3/mc/m/sl' undefined
(Font)              No change on input line 1601.
LaTeX Font Info:    Kanji font shape `JY3/mc/m/sl' undefined
(Font)              No change on input line 1601.

Package fancyhdr Warning: \headheight is too small (12.0pt): 
(fancyhdr)                Make it at least 12.06757pt, for example:
(fancyhdr)                \setlength{\headheight}{12.06757pt}.
(fancyhdr)                You might also make \topmargin smaller to compensate:

(fancyhdr)                \addtolength{\topmargin}{-0.06757pt}.

[49]
<../images/text22/Rplot22_02.png, id=925, 4818.0pt x 2409.0pt>
File: ../images/text22/Rplot22_02.png Graphic file (type png)
<use ../images/text22/Rplot22_02.png>
Package luatex.def Info: ../images/text22/Rplot22_02.png  used on input line 16
13.
(luatex.def)             Requested size: 341.41139pt x 170.70569pt.
LaTeX Font Info:    Kanji font shape `JY3/mc/m/sl' undefined
(Font)              No change on input line 1641.
LaTeX Font Info:    Kanji font shape `JY3/mc/m/sl' undefined
(Font)              No change on input line 1641.

Package fancyhdr Warning: \headheight is too small (12.0pt): 
(fancyhdr)                Make it at least 12.06757pt, for example:
(fancyhdr)                \setlength{\headheight}{12.06757pt}.
(fancyhdr)                You might also make \topmargin smaller to compensate:

(fancyhdr)                \addtolength{\topmargin}{-0.06757pt}.

[50<../images/text22/Rplot22_02.png>]
LaTeX Font Info:    Kanji font shape `JY3/mc/m/sl' undefined
(Font)              No change on input line 1657.
LaTeX Font Info:    Kanji font shape `JY3/mc/m/sl' undefined
(Font)              No change on input line 1657.

Package fancyhdr Warning: \headheight is too small (12.0pt): 
(fancyhdr)                Make it at least 12.06757pt, for example:
(fancyhdr)                \setlength{\headheight}{12.06757pt}.
(fancyhdr)                You might also make \topmargin smaller to compensate:

(fancyhdr)                \addtolength{\topmargin}{-0.06757pt}.

[51]
<../images/text13/slide13_01.png, id=960, 944.52875pt x 608.2725pt>
File: ../images/text13/slide13_01.png Graphic file (type png)
<use ../images/text13/slide13_01.png>
Package luatex.def Info: ../images/text13/slide13_01.png  used on input line 16
81.
(luatex.def)             Requested size: 170.71404pt x 109.93912pt.
<../images/text13/slide13_02.png, id=961, 966.61125pt x 613.29124pt>
File: ../images/text13/slide13_02.png Graphic file (type png)
<use ../images/text13/slide13_02.png>
Package luatex.def Info: ../images/text13/slide13_02.png  used on input line 16
81.
(luatex.def)             Requested size: 170.70818pt x 108.31017pt.
LaTeX Font Info:    Kanji font shape `JY3/mc/m/sl' undefined
(Font)              No change on input line 1712.
LaTeX Font Info:    Kanji font shape `JY3/mc/m/sl' undefined
(Font)              No change on input line 1712.

Package fancyhdr Warning: \headheight is too small (12.0pt): 
(fancyhdr)                Make it at least 12.06757pt, for example:
(fancyhdr)                \setlength{\headheight}{12.06757pt}.
(fancyhdr)                You might also make \topmargin smaller to compensate:

(fancyhdr)                \addtolength{\topmargin}{-0.06757pt}.

[52<../images/text13/slide13_01.png><../images/text13/slide13_02.png>]
warning  (pdf backend): ignoring duplicate destination with the name 'tbl::13_04
'
LaTeX Font Info:    Kanji font shape `JY3/mc/m/sl' undefined
(Font)              No change on input line 1739.
LaTeX Font Info:    Kanji font shape `JY3/mc/m/sl' undefined
(Font)              No change on input line 1739.

Package fancyhdr Warning: \headheight is too small (12.0pt): 
(fancyhdr)                Make it at least 12.06757pt, for example:
(fancyhdr)                \setlength{\headheight}{12.06757pt}.
(fancyhdr)                You might also make \topmargin smaller to compensate:

(fancyhdr)                \addtolength{\topmargin}{-0.06757pt}.

[53]
LaTeX Font Info:    Kanji font shape `JY3/mc/m/sl' undefined
(Font)              No change on input line 1778.
LaTeX Font Info:    Kanji font shape `JY3/mc/m/sl' undefined
(Font)              No change on input line 1778.

Package fancyhdr Warning: \headheight is too small (12.0pt): 
(fancyhdr)                Make it at least 12.06757pt, for example:
(fancyhdr)                \setlength{\headheight}{12.06757pt}.
(fancyhdr)                You might also make \topmargin smaller to compensate:

(fancyhdr)                \addtolength{\topmargin}{-0.06757pt}.

[54
warning  (pdf backend): ignoring duplicate destination with the name 'tbl::13_05
'
]
Chapter 6.
<../images/text22/Rplot22_03.png, id=1000, 3613.5pt x 2409.0pt>
File: ../images/text22/Rplot22_03.png Graphic file (type png)
<use ../images/text22/Rplot22_03.png>
Package luatex.def Info: ../images/text22/Rplot22_03.png  used on input line 18
19.
(luatex.def)             Requested size: 227.60759pt x 151.73839pt.
[55


warning  (pdf backend): ignoring duplicate destination with the name 'tbl::22_05
'
]
<../images/text14/slide14_01.png, id=1011, 1254.6875pt x 789.95125pt>
File: ../images/text14/slide14_01.png Graphic file (type png)
<use ../images/text14/slide14_01.png>
Package luatex.def Info: ../images/text14/slide14_01.png  used on input line 18
47.
(luatex.def)             Requested size: 341.4313pt x 214.96513pt.
LaTeX Font Info:    Kanji font shape `JY3/mc/m/sl' undefined
(Font)              No change on input line 1857.
LaTeX Font Info:    Kanji font shape `JY3/mc/m/sl' undefined
(Font)              No change on input line 1857.

Package fancyhdr Warning: \headheight is too small (12.0pt): 
(fancyhdr)                Make it at least 12.06757pt, for example:
(fancyhdr)                \setlength{\headheight}{12.06757pt}.
(fancyhdr)                You might also make \topmargin smaller to compensate:

(fancyhdr)                \addtolength{\topmargin}{-0.06757pt}.

[56<../images/text22/Rplot22_03.png>]
LaTeX Font Info:    Kanji font shape `JY3/mc/m/sl' undefined
(Font)              No change on input line 1906.
LaTeX Font Info:    Kanji font shape `JY3/mc/m/sl' undefined
(Font)              No change on input line 1906.

Package fancyhdr Warning: \headheight is too small (12.0pt): 
(fancyhdr)                Make it at least 12.06757pt, for example:
(fancyhdr)                \setlength{\headheight}{12.06757pt}.
(fancyhdr)                You might also make \topmargin smaller to compensate:

(fancyhdr)                \addtolength{\topmargin}{-0.06757pt}.

[57
warning  (pdf backend): ignoring duplicate destination with the name 'tbl::22_06
'
<../images/text14/slide14_01.png>]
warning  (pdf backend): ignoring duplicate destination with the name 'tbl::22_07
'
<../images/text22/slide22_04.png, id=1037, 925.4575pt x 343.2825pt>
File: ../images/text22/slide22_04.png Graphic file (type png)
<use ../images/text22/slide22_04.png>
Package luatex.def Info: ../images/text22/slide22_04.png  used on input line 19
30.
(luatex.def)             Requested size: 341.43954pt x 126.6511pt.
LaTeX Font Info:    Kanji font shape `JY3/mc/m/sl' undefined
(Font)              No change on input line 1942.
LaTeX Font Info:    Kanji font shape `JY3/mc/m/sl' undefined
(Font)              No change on input line 1942.

Package fancyhdr Warning: \headheight is too small (12.0pt): 
(fancyhdr)                Make it at least 12.06757pt, for example:
(fancyhdr)                \setlength{\headheight}{12.06757pt}.
(fancyhdr)                You might also make \topmargin smaller to compensate:

(fancyhdr)                \addtolength{\topmargin}{-0.06757pt}.

[58]
<../images/text14/slide14_02.png, id=1049, 612.2875pt x 183.68625pt>
File: ../images/text14/slide14_02.png Graphic file (type png)
<use ../images/text14/slide14_02.png>
Package luatex.def Info: ../images/text14/slide14_02.png  used on input line 19
46.
(luatex.def)             Requested size: 113.80394pt x 34.14117pt.
<../images/text14/slide14_03.png, id=1050, 764.8575pt x 149.55875pt>
File: ../images/text14/slide14_03.png Graphic file (type png)
<use ../images/text14/slide14_03.png>
Package luatex.def Info: ../images/text14/slide14_03.png  used on input line 19
65.
(luatex.def)             Requested size: 170.70836pt x 33.37997pt.
LaTeX Font Info:    Kanji font shape `JY3/mc/m/sl' undefined
(Font)              No change on input line 1971.
LaTeX Font Info:    Kanji font shape `JY3/mc/m/sl' undefined
(Font)              No change on input line 1971.

Package fancyhdr Warning: \headheight is too small (12.0pt): 
(fancyhdr)                Make it at least 12.06757pt, for example:
(fancyhdr)                \setlength{\headheight}{12.06757pt}.
(fancyhdr)                You might also make \topmargin smaller to compensate:

(fancyhdr)                \addtolength{\topmargin}{-0.06757pt}.

[59<../images/text22/slide22_04.png><../images/text14/slide14_02.png>]
LaTeX Font Info:    Kanji font shape `JY3/mc/m/sl' undefined
(Font)              No change on input line 1980.
LaTeX Font Info:    Kanji font shape `JY3/mc/m/sl' undefined
(Font)              No change on input line 1980.

Package fancyhdr Warning: \headheight is too small (12.0pt): 
(fancyhdr)                Make it at least 12.06757pt, for example:
(fancyhdr)                \setlength{\headheight}{12.06757pt}.
(fancyhdr)                You might also make \topmargin smaller to compensate:

(fancyhdr)                \addtolength{\topmargin}{-0.06757pt}.

[60<../images/text14/slide14_03.png>]
Chapter 7.
[61

] [62

]
Chapter 8.
<../images/text16/slide16_01.png, id=1080, 1027.84pt x 770.88pt>
File: ../images/text16/slide16_01.png Graphic file (type png)
<use ../images/text16/slide16_01.png>
Package luatex.def Info: ../images/text16/slide16_01.png  used on input line 20
22.
(luatex.def)             Requested size: 455.23088pt x 341.42316pt.
[63]
LaTeX Font Info:    Kanji font shape `JY3/mc/m/sl' undefined
(Font)              No change on input line 2026.
LaTeX Font Info:    Kanji font shape `JY3/mc/m/sl' undefined
(Font)              No change on input line 2026.

Package fancyhdr Warning: \headheight is too small (12.0pt): 
(fancyhdr)                Make it at least 12.06757pt, for example:
(fancyhdr)                \setlength{\headheight}{12.06757pt}.
(fancyhdr)                You might also make \topmargin smaller to compensate:

(fancyhdr)                \addtolength{\topmargin}{-0.06757pt}.

[64<../images/text16/slide16_01.png>]
<../images/text16/slide16_02.png, id=1101, 1027.84pt x 770.88pt>
File: ../images/text16/slide16_02.png Graphic file (type png)
<use ../images/text16/slide16_02.png>
Package luatex.def Info: ../images/text16/slide16_02.png  used on input line 20
47.
(luatex.def)             Requested size: 455.23088pt x 341.42316pt.
LaTeX Font Info:    Kanji font shape `JY3/mc/m/sl' undefined
(Font)              No change on input line 2056.
LaTeX Font Info:    Kanji font shape `JY3/mc/m/sl' undefined
(Font)              No change on input line 2056.

Package fancyhdr Warning: \headheight is too small (12.0pt): 
(fancyhdr)                Make it at least 12.06757pt, for example:
(fancyhdr)                \setlength{\headheight}{12.06757pt}.
(fancyhdr)                You might also make \topmargin smaller to compensate:

(fancyhdr)                \addtolength{\topmargin}{-0.06757pt}.

[65]
LaTeX Font Info:    Kanji font shape `JY3/mc/m/sl' undefined
(Font)              No change on input line 2056.
LaTeX Font Info:    Kanji font shape `JY3/mc/m/sl' undefined
(Font)              No change on input line 2056.

Package fancyhdr Warning: \headheight is too small (12.0pt): 
(fancyhdr)                Make it at least 12.06757pt, for example:
(fancyhdr)                \setlength{\headheight}{12.06757pt}.
(fancyhdr)                You might also make \topmargin smaller to compensate:

(fancyhdr)                \addtolength{\topmargin}{-0.06757pt}.

[66<../images/text16/slide16_02.png>]

Package natbib Warning: Citation `kosugi2018のPp.133をみてください' on 
page 67 undefined on input line 2057.

LaTeX Font Info:    Kanji font shape `JY3/mc/m/sl' undefined
(Font)              No change on input line 2088.
LaTeX Font Info:    Kanji font shape `JY3/mc/m/sl' undefined
(Font)              No change on input line 2088.

Package fancyhdr Warning: \headheight is too small (12.0pt): 
(fancyhdr)                Make it at least 12.06757pt, for example:
(fancyhdr)                \setlength{\headheight}{12.06757pt}.
(fancyhdr)                You might also make \topmargin smaller to compensate:

(fancyhdr)                \addtolength{\topmargin}{-0.06757pt}.

[67]
warning  (pdf backend): ignoring duplicate destination with the name 'tbl::16_01
'
<../images/text16/Rplot16_01.png, id=1141, 4818.0pt x 2409.0pt>
File: ../images/text16/Rplot16_01.png Graphic file (type png)
<use ../images/text16/Rplot16_01.png>
Package luatex.def Info: ../images/text16/Rplot16_01.png  used on input line 21
01.
(luatex.def)             Requested size: 284.50949pt x 142.25475pt.
LaTeX Font Info:    Kanji font shape `JY3/mc/m/sl' undefined
(Font)              No change on input line 2140.
LaTeX Font Info:    Kanji font shape `JY3/mc/m/sl' undefined
(Font)              No change on input line 2140.

Package fancyhdr Warning: \headheight is too small (12.0pt): 
(fancyhdr)                Make it at least 12.06757pt, for example:
(fancyhdr)                \setlength{\headheight}{12.06757pt}.
(fancyhdr)                You might also make \topmargin smaller to compensate:

(fancyhdr)                \addtolength{\topmargin}{-0.06757pt}.

[68<../images/text16/Rplot16_01.png>]
warning  (pdf backend): ignoring duplicate destination with the name 'tbl::16_02
'
LaTeX Font Info:    Kanji font shape `JY3/mc/m/sl' undefined
(Font)              No change on input line 2181.
LaTeX Font Info:    Kanji font shape `JY3/mc/m/sl' undefined
(Font)              No change on input line 2181.

Package fancyhdr Warning: \headheight is too small (12.0pt): 
(fancyhdr)                Make it at least 12.06757pt, for example:
(fancyhdr)                \setlength{\headheight}{12.06757pt}.
(fancyhdr)                You might also make \topmargin smaller to compensate:

(fancyhdr)                \addtolength{\topmargin}{-0.06757pt}.

[69
warning  (pdf backend): ignoring duplicate destination with the name 'tbl::16_03
'
]
<../images/text16/slide16_03.png, id=1170, 1141.26375pt x 927.465pt>
File: ../images/text16/slide16_03.png Graphic file (type png)
<use ../images/text16/slide16_03.png>
Package luatex.def Info: ../images/text16/slide16_03.png  used on input line 21
97.
(luatex.def)             Requested size: 420.13644pt x 341.43015pt.
<../images/text16/Rplot16_03.png, id=1172, 4818.0pt x 2409.0pt>
File: ../images/text16/Rplot16_03.png Graphic file (type png)
<use ../images/text16/Rplot16_03.png>
Package luatex.def Info: ../images/text16/Rplot16_03.png  used on input line 22
08.
(luatex.def)             Requested size: 455.2152pt x 227.60759pt.
LaTeX Font Info:    Kanji font shape `JY3/mc/m/sl' undefined
(Font)              No change on input line 2230.
LaTeX Font Info:    Kanji font shape `JY3/mc/m/sl' undefined
(Font)              No change on input line 2230.

Package fancyhdr Warning: \headheight is too small (12.0pt): 
(fancyhdr)                Make it at least 12.06757pt, for example:
(fancyhdr)                \setlength{\headheight}{12.06757pt}.
(fancyhdr)                You might also make \topmargin smaller to compensate:

(fancyhdr)                \addtolength{\topmargin}{-0.06757pt}.

[70]
LaTeX Font Info:    Kanji font shape `JY3/mc/m/sl' undefined
(Font)              No change on input line 2230.
LaTeX Font Info:    Kanji font shape `JY3/mc/m/sl' undefined
(Font)              No change on input line 2230.

Package fancyhdr Warning: \headheight is too small (12.0pt): 
(fancyhdr)                Make it at least 12.06757pt, for example:
(fancyhdr)                \setlength{\headheight}{12.06757pt}.
(fancyhdr)                You might also make \topmargin smaller to compensate:

(fancyhdr)                \addtolength{\topmargin}{-0.06757pt}.

[71<../images/text16/slide16_03.png>]
LaTeX Font Info:    Kanji font shape `JY3/mc/m/sl' undefined
(Font)              No change on input line 2242.
LaTeX Font Info:    Kanji font shape `JY3/mc/m/sl' undefined
(Font)              No change on input line 2242.

Package fancyhdr Warning: \headheight is too small (12.0pt): 
(fancyhdr)                Make it at least 12.06757pt, for example:
(fancyhdr)                \setlength{\headheight}{12.06757pt}.
(fancyhdr)                You might also make \topmargin smaller to compensate:

(fancyhdr)                \addtolength{\topmargin}{-0.06757pt}.

[72<../images/text16/Rplot16_03.png>]
Chapter 9.
<../images/text16/Rplot16_04.png, id=1202, 4818.0pt x 2409.0pt>
File: ../images/text16/Rplot16_04.png Graphic file (type png)
<use ../images/text16/Rplot16_04.png>
Package luatex.def Info: ../images/text16/Rplot16_04.png  used on input line 22
64.
(luatex.def)             Requested size: 455.2152pt x 227.60759pt.
[73

]
<../images/text16/Rplot16_05.png, id=1212, 4818.0pt x 2409.0pt>
File: ../images/text16/Rplot16_05.png Graphic file (type png)
<use ../images/text16/Rplot16_05.png>
Package luatex.def Info: ../images/text16/Rplot16_05.png  used on input line 22
93.
(luatex.def)             Requested size: 455.2152pt x 227.60759pt.
LaTeX Font Info:    Kanji font shape `JY3/mc/m/sl' undefined
(Font)              No change on input line 2294.
LaTeX Font Info:    Kanji font shape `JY3/mc/m/sl' undefined
(Font)              No change on input line 2294.

Package fancyhdr Warning: \headheight is too small (12.0pt): 
(fancyhdr)                Make it at least 12.06757pt, for example:
(fancyhdr)                \setlength{\headheight}{12.06757pt}.
(fancyhdr)                You might also make \topmargin smaller to compensate:

(fancyhdr)                \addtolength{\topmargin}{-0.06757pt}.

[74<../images/text16/Rplot16_04.png>]
<../images/text17/slide17_1.png, id=1225, 1104.125pt x 836.12375pt>
File: ../images/text17/slide17_1.png Graphic file (type png)
<use ../images/text17/slide17_1.png>
Package luatex.def Info: ../images/text17/slide17_1.png  used on input line 231
4.
(luatex.def)             Requested size: 450.87465pt x 341.43507pt.

! LaTeX Error: Bad math environment delimiter.

See the LaTeX manual or LaTeX Companion for explanation.
Type  H <return>  for immediate help.
 ...                                              
                                                  
l.2314 }
      

Here is how much of LuaTeX's memory you used:
 39520 strings out of 478112
 745625,1648299 words of node,token memory allocated
 224216 words of node memory still in use:
   111 hlist, 4 vlist, 505 rule, 1 ins, 1 mark, 1 disc, 10 local_par, 4 dir, 26 
math, 952 glue, 585 kern, 102 penalty, 638 glyph, 1 page_insert, 76348 attribute
, 7834 glue_spec, 3839 attribute_list, 3 temp, 4 if_stack, 6 write, 995 user_def
ined, 5 pdf_start_link, 4 pdf_end_link, 7 pdf_dest, 30 pdf_action, 15 pdf_colors
tack, 2 pdf_setmatrix, 2 pdf_save, 2 pdf_restore nodes
   avail lists: 1:49,2:145000,3:567,4:280,5:119,6:109,7:9432,8:82,9:4509,10:50,1
1:47
 57627 multiletter control sequences out of 65536+600000
 117 fonts using 95283643 bytes
 106i,12n,120p,2548b,563s stack positions out of 5000i,500n,10000p,200000b,80000s
!  ==> Fatal error occurred, no output PDF file produced!
