This is LuaHBTeX, Version 1.17.0 (TeX Live 2023)  (format=lualatex 2023.11.15)  16 NOV 2023 09:31
 restricted system commands enabled.
**Dkiso1_bookE.tex
(./Dkiso1_bookE.tex
LaTeX2e <2023-11-01>
L3 programming layer <2023-11-09>
Lua module: luaotfload 2023-08-31 3.26 Lua based OpenType font support
Lua module: lualibs 2023-07-13 2.76 ConTeXt Lua standard libraries.
Lua module: lualibs-extended 2023-07-13 2.76 ConTeXt Lua libraries -- extended c
ollection.
luaotfload | conf : Root cache directory is "/Users/hermite/Library/texlive/2023
/texmf-var/luatex-cache/generic/names".
luaotfload | init : Loading fontloader "fontloader-2023-08-19.lua" from kpse-res
olved path "/usr/local/texlive/2023/texmf-dist/tex/luatex/luaotfload/fontloader-
2023-08-19.lua".
Lua-only attribute luaotfload@noligature = 1
luaotfload | init : Context OpenType loader version 3.133
Inserting `luaotfload.node_processor' in `pre_linebreak_filter'.
Inserting `luaotfload.node_processor' in `hpack_filter'.
Inserting `luaotfload.glyph_stream' in `glyph_stream_provider'.
Inserting `luaotfload.define_font' in `define_font'.
Lua-only attribute luaotfload_color_attribute = 2
luaotfload | conf : Root cache directory is "/Users/hermite/Library/texlive/2023
/texmf-var/luatex-cache/generic/names".
Inserting `luaotfload.harf.strip_prefix' in `find_opentype_file'.
Inserting `luaotfload.harf.strip_prefix' in `find_truetype_file'.
Removing  `luaotfload.glyph_stream' from `glyph_stream_provider'.
Inserting `luaotfload.harf.glyphstream' in `glyph_stream_provider'.
Inserting `luaotfload.harf.finalize_vlist' in `post_linebreak_filter'.
Inserting `luaotfload.harf.finalize_hlist' in `hpack_filter'.
Inserting `luaotfload.cleanup_files' in `wrapup_run'.
Inserting `luaotfload.harf.finalize_unicode' in `finish_pdffile'.
Inserting `luaotfload.glyphinfo' in `glyph_info'.
Lua-only attribute luaotfload.letterspace_done = 3
Inserting `luaotfload.aux.set_sscale_dimens' in `luaotfload.patch_font'.
Inserting `luaotfload.aux.set_font_index' in `luaotfload.patch_font'.
Inserting `luaotfload.aux.patch_cambria_domh' in `luaotfload.patch_font'.
Inserting `luaotfload.aux.fixup_fontdata' in `luaotfload.patch_font_unsafe'.
Inserting `luaotfload.aux.set_capheight' in `luaotfload.patch_font'.
Inserting `luaotfload.aux.set_xheight' in `luaotfload.patch_font'.
Inserting `luaotfload.rewrite_fontname' in `luaotfload.patch_font'.
Inserting `tracingstacklevels' in `input_level_string'. (/usr/local/texlive/202
3/texmf-dist/tex/luatex/luatexja/ltjsbook.cls
Document Class: ltjsbook 2022/09/12 ltjsclasses 
(/usr/local/texlive/2023/texmf-dist/tex/luatex/luatexja/luatexja.sty
Package: luatexja 2023-10-10 Japanese Typesetting with Lua(La)TeX

(/usr/local/texlive/2023/texmf-dist/tex/luatex/luatexja/luatexja-core.sty
Package: luatexja-core 2023-04-06 Core of LuaTeX-ja

(/usr/local/texlive/2023/texmf-dist/tex/generic/infwarerr/infwarerr.sty
Package: infwarerr 2019/12/03 v1.5 Providing info/warning/error messages (HO)
)
(/usr/local/texlive/2023/texmf-dist/tex/luatex/luatexbase/luatexbase.sty
Package: luatexbase 2015/10/04 v1.3 luatexbase interface to LuaTeX 

(/usr/local/texlive/2023/texmf-dist/tex/luatex/ctablestack/ctablestack.sty
Package: ctablestack 2015/10/01 v1.0 Catcode table stable support
\@catcodetablestackcnt=\count184
)
\CatcodeTableOther=\catcodetable14
\CatcodeTableExpl=\catcodetable15
)
(/usr/local/texlive/2023/texmf-dist/tex/generic/ltxcmds/ltxcmds.sty
Package: ltxcmds 2020-05-10 v1.25 LaTeX kernel commands for general use (HO)
)
(/usr/local/texlive/2023/texmf-dist/tex/generic/pdftexcmds/pdftexcmds.sty
Package: pdftexcmds 2020-06-27 v0.33 Utility functions of pdfTeX for LuaTeX (HO
)

(/usr/local/texlive/2023/texmf-dist/tex/generic/iftex/iftex.sty
Package: iftex 2022/02/03 v1.0f TeX engine tests
)
Package pdftexcmds Info: \pdf@primitive is available.
Package pdftexcmds Info: \pdf@ifprimitive is available.
Package pdftexcmds Info: \pdfdraftmode found.
\pdftexcmds@toks=\toks17
)
(/usr/local/texlive/2023/texmf-dist/tex/latex/xkeyval/xkeyval.sty
Package: xkeyval 2022/06/16 v2.9 package option processing (HA)

(/usr/local/texlive/2023/texmf-dist/tex/generic/xkeyval/xkeyval.tex
(/usr/local/texlive/2023/texmf-dist/tex/generic/xkeyval/xkvutils.tex
\XKV@toks=\toks18
\XKV@tempa@toks=\toks19

(/usr/local/texlive/2023/texmf-dist/tex/generic/xkeyval/keyval.tex))
\XKV@depth=\count185
File: xkeyval.tex 2014/12/03 v2.7a key=value parser (HA)
))
(/usr/local/texlive/2023/texmf-dist/tex/latex/etoolbox/etoolbox.sty
Package: etoolbox 2020/10/05 v2.5k e-TeX tools for LaTeX (JAW)
\etb@tempcnta=\count186
)
(/usr/local/texlive/2023/texmf-dist/tex/latex/everyhook/everyhook.sty
(/usr/local/texlive/2023/texmf-dist/tex/latex/svn-prov/svn-prov.sty
Package: svn-prov 2010/04/24 v3.1862 Package Date/Version from SVN Keywords
)
Package: everyhook 2014/11/26 v1.2 (SVN Rev: 12)\ Hooks for low level TeX every
X primitives.
\everypar=\toks20
\frozen@everymath=\toks21
\frozen@everydisplay=\toks22
\everyhbox=\toks23
\everyvbox=\toks24
\everycr=\toks25
)
\ltjlineendcomment=\count187
\ltj@dimen@zw=\dimen139
\ltj@dimen@zh=\dimen140
\ltj@dimen@jQ=\dimen141
\ltj@icflag=\attribute4
\ltj@curjfnt=\attribute5
\ltj@curtfnt=\attribute6
\ltj@charclass=\attribute7
\ltj@charcode=\attribute8
\ltj@autospc=\attribute9
\ltj@autoxspc=\attribute10
\ltj@yablshift=\attribute11
\ltj@ykblshift=\attribute12
\ltj@tablshift=\attribute13
\ltj@tkblshift=\attribute14
\jfam=\attribute15
\ltj@vert@ori=\attribute16
\ltj@dir=\attribute17
\ltj@@japanese=\language2
\ltj@tempcnta=\count188
\ltj@tempdima=\dimen142
\ltj@@stack=\count189
\ltj@@group@level=\count190
\ltj@kcat0=\attribute18
\ltj@kcat1=\attribute19
\ltj@kcat2=\attribute20
\ltj@kcat3=\attribute21
\ltj@kcat4=\attribute22
\ltj@kcat5=\attribute23
\ltj@kcat6=\attribute24
Custom whatsit inhibitglue = 1
Custom whatsit stack_marker = 2
Custom whatsit begin_par = 3
Custom whatsit direction = 4
Custom whatsit box_boundary = 5
Custom whatsit ja_al_boundary = 6(load cache: ltj-cid-auto-adobe-japan1.luc)
Lua module: luatexja.charrange 2022-08-19 Handling the range of Japanese charact
ers
Lua module: luatexja.stack 2022-08-20 LuaTeX-ja stack system
Inserting `ltj.create_dir_whatsit' in `hpack_filter'.
Inserting `ltj.create_dir_whatsit' in `post_linebreak_filter'.
Inserting `ltj.direction' in `vpack_filter'.
Inserting `ltj.direction' in `pre_output_filter'.
Inserting `ltj.lineskip' in `post_linebreak_filter'.
Inserting `ltj.lineskip' in `append_to_vlist_filter'.
Lua module: luatexja.jfont 2023-04-06 Loader for Japanese fonts
Removing  `luaotfload.define_font' from `define_font'.
Inserting `luatexja.font_callback' in `define_font'.
Removing  `luaotfload.aux.set_sscale_dimens' from `luaotfload.patch_font'.
Removing  `luaotfload.aux.set_font_index' from `luaotfload.patch_font'.
Removing  `luaotfload.aux.patch_cambria_domh' from `luaotfload.patch_font'.
Removing  `luaotfload.aux.set_capheight' from `luaotfload.patch_font'.
Removing  `luaotfload.aux.set_xheight' from `luaotfload.patch_font'.
Removing  `luaotfload.rewrite_fontname' from `luaotfload.patch_font'.
Inserting `ltj.prepare_extra_data' in `luaotfload.patch_font'.
Inserting `luaotfload.aux.set_sscale_dimens' in `luaotfload.patch_font'.
Inserting `luaotfload.aux.set_font_index' in `luaotfload.patch_font'.
Inserting `luaotfload.aux.patch_cambria_domh' in `luaotfload.patch_font'.
Inserting `luaotfload.aux.set_capheight' in `luaotfload.patch_font'.
Inserting `luaotfload.aux.set_xheight' in `luaotfload.patch_font'.
Inserting `luaotfload.rewrite_fontname' in `luaotfload.patch_font'.
Inserting `ltj.prepare_extra_data' in `luatexja.define_font'.
Inserting `ltj.get_vert_form' in `luatexja.define_jfont'.
Removing  `ltj.prepare_extra_data' from `luaotfload.patch_font'.
Removing  `luaotfload.aux.set_sscale_dimens' from `luaotfload.patch_font'.
Removing  `luaotfload.aux.set_font_index' from `luaotfload.patch_font'.
Removing  `luaotfload.aux.patch_cambria_domh' from `luaotfload.patch_font'.
Removing  `luaotfload.aux.set_capheight' from `luaotfload.patch_font'.
Removing  `luaotfload.aux.set_xheight' from `luaotfload.patch_font'.
Removing  `luaotfload.rewrite_fontname' from `luaotfload.patch_font'.
Inserting `ltj.supply_tounicode' in `luaotfload.patch_font'.
Inserting `ltj.prepare_extra_data' in `luaotfload.patch_font'.
Inserting `luaotfload.aux.set_sscale_dimens' in `luaotfload.patch_font'.
Inserting `luaotfload.aux.set_font_index' in `luaotfload.patch_font'.
Inserting `luaotfload.aux.patch_cambria_domh' in `luaotfload.patch_font'.
Inserting `luaotfload.aux.set_capheight' in `luaotfload.patch_font'.
Inserting `luaotfload.aux.set_xheight' in `luaotfload.patch_font'.
Inserting `luaotfload.rewrite_fontname' in `luaotfload.patch_font'.
Inserting `ltj.process_input_buffer' in `process_input_buffer'.
Inserting `ltj.hyphenate' in `hyphenate'.
Removing  `luaotfload.node_processor' from `hpack_filter'.
Removing  `luaotfload.harf.finalize_hlist' from `hpack_filter'.
Removing  `ltj.create_dir_whatsit' from `hpack_filter'.
Inserting `ltj.set_stack_level' in `hpack_filter'.
Inserting `luaotfload.node_processor' in `hpack_filter'.
Inserting `luaotfload.harf.finalize_hlist' in `hpack_filter'.
Inserting `ltj.create_dir_whatsit' in `hpack_filter'.
Removing  `luaotfload.node_processor' from `pre_linebreak_filter'.
Inserting `ltj.set_stack_level' in `pre_linebreak_filter'.
Inserting `luaotfload.node_processor' in `pre_linebreak_filter'.
Lua module: luatexja.jfmglue 2022-08-29 Insertion process of JFM glues, [x]kanji
skip and others
Inserting `luatexja.beginpar.np_info' in `luatexja.jfmglue.whatsit_getinfo'.
Inserting `luatexja.beginpar.np_info_after' in `luatexja.jfmglue.whatsit_after'.
Inserting `ltj.mlist_to_hlist_pre' in `pre_mlist_to_hlist_filter'.
Inserting `ltj.main' in `pre_linebreak_filter'.
Removing  `luaotfload.harf.finalize_hlist' from `hpack_filter'.
Removing  `ltj.create_dir_whatsit' from `hpack_filter'.
Inserting `ltj.main' in `hpack_filter'.
Inserting `luaotfload.harf.finalize_hlist' in `hpack_filter'.
Inserting `ltj.create_dir_whatsit' in `hpack_filter'.
Removing  `ltj.set_stack_level' from `pre_linebreak_filter'.
Removing  `luaotfload.node_processor' from `pre_linebreak_filter'.
Removing  `ltj.main' from `pre_linebreak_filter'.
Inserting `ltj.adjust_icflag' in `pre_linebreak_filter'.
Inserting `ltj.set_stack_level' in `pre_linebreak_filter'.
Inserting `luaotfload.node_processor' in `pre_linebreak_filter'.
Inserting `ltj.main' in `pre_linebreak_filter'.
Removing  `ltj.set_stack_level' from `hpack_filter'.
Removing  `luaotfload.node_processor' from `hpack_filter'.
Removing  `ltj.main' from `hpack_filter'.
Removing  `luaotfload.harf.finalize_hlist' from `hpack_filter'.
Removing  `ltj.create_dir_whatsit' from `hpack_filter'.
Inserting `ltj.adjust_icflag' in `hpack_filter'.
Inserting `ltj.set_stack_level' in `hpack_filter'.
Inserting `luaotfload.node_processor' in `hpack_filter'.
Inserting `ltj.main' in `hpack_filter'.
Inserting `luaotfload.harf.finalize_hlist' in `hpack_filter'.
Inserting `ltj.create_dir_whatsit' in `hpack_filter'.
(/usr/local/texlive/2023/texmf-dist/tex/luatex/luatexja/ltj-base.sty
Package: ltj-base 2021-03-16
\ltj@tempcntb=\count191
\ltj@tempcntc=\count192
\ltj@afbox=\box51
)
\ltj@@italic@inner=\luafunction25
\ltj@@start@time@measure@inner=\luafunction26
\ltj@@stop@time@measure@inner=\luafunction27
\ltj@@jfont@inner=\luafunction28
\ltj@zw@inner=\luafunction29
\ltj@zh@inner=\luafunction30
\ltj@reset@globaldefs@inner=\luafunction31
\ltj@restore@globaldefs@inner=\luafunction32
\ltj@@disihb@inner=\luafunction33
\ltj@@ihb@inner=\luafunction34
\ltj@@fakeparbegin@inner=\luafunction35
\ltj@@fakeboxbdd@inner=\luafunction36
\ltj@@ins@xk@inner=\luafunction37
\ltj@@ins@k@inner=\luafunction38
\ltjsetkanjiskip@inner=\luafunction39
\ltjsetxkanjiskip@inner=\luafunction40
\ltj@@getparam@one@inner=\luafunction41
\ltj@alljachar@inner=\luafunction42
\ltj@@lua@populate@insertwhatsit@inner=\luafunction43
\ltj@@vadjust@begin@inner=\luafunction44
\ltj@@vadjust@dirhook@inner=\luafunction45
\ltj@@vadjust@check@dir@inner=\luafunction46
\ltj@@box@dirhook@inner=\luafunction47
\ltj@@reset@badness@inner=\luafunction48
\ltj@@lua@raisebox@inner=\luafunction49
\ltj@@vsplit@inner=\luafunction50
\ltj@@lua@unboxcheckdir@inner=\luafunction51
\ltj@@lua@uncopycheckdir@inner=\luafunction52
\ltj@@lua@uncopy@restore@whatsit@inner=\luafunction53
(load cache: ltj-kinsoku_default.luc)
(/usr/local/texlive/2023/texmf-dist/tex/luatex/luatexja/ltj-latex.sty
Package: ltj-latex 2022-10-15 LaTeX support of LuaTeX-ja
Inserting `ltj.direction' in `pre_shipout_filter'.
(/usr/local/texlive/2023/texmf-dist/tex/luatex/luatexja/patches/lltjfont.sty
Package: lltjfont 2023-04-13 Patch to NFSS2 for LuaTeX-ja
\ltj@@latex@plv=\count193

(/usr/local/texlive/2023/texmf-dist/tex/latex/base/tuenc.def
File: tuenc.def 2021/04/29 v2.0v Standard LaTeX file
\@remove@tlig@@@=\luafunction54
LaTeX Font Info:    Redeclaring font encoding TU on input line 105.
)
\Cht=\dimen143
\cht=\dimen144
\Cdp=\dimen145
\cdp=\dimen146
\Cwd=\dimen147
\cwd=\dimen148
\Cvs=\dimen149
\cvs=\dimen150
\Chs=\dimen151
\chs=\dimen152
\cHT=\dimen153
\dstrutbox=\box52
\tstrutbox=\box53
\zstrutbox=\box54
LaTeX Info: Redefining \strut on input line 91.
\ltj@@add@fenc@@inner=\luafunction55
\ltj@@add@kyenc@@inner=\luafunction56
\ltj@@add@ktenc@@inner=\luafunction57
\ltj@@is@kyenc@@inner=\luafunction58
\ltj@@is@ktenc@@inner=\luafunction59
\ltj@@is@kenc@@inner=\luafunction60
\ltj@@is@ffam@@inner=\luafunction61
\ltj@@add@ffam@@inner=\luafunction62
\ltj@@add@kfam@@inner=\luafunction63
\ltj@@adjust@baseline@inner=\luafunction64
LaTeX Info: Redefining \fontencoding on input line 646.
LaTeX Info: Redefining \fontfamily on input line 689.
LaTeX Info: Redefining \fontseries on input line 923.
LaTeX Info: Redefining \fontseriesforce on input line 924.
LaTeX Info: Redefining \fontshape on input line 944.
LaTeX Info: Redefining \fontshapeforce on input line 955.
\ltj@@jfont@@jfmonly@@inner=\luafunction65
\ltj@@does@alt@set@@inner=\luafunction66
\ltj@@cipath@clear@inner=\luafunction67
)
(/usr/local/texlive/2023/texmf-dist/tex/luatex/luatexja/patches/lltjdefs.sty
Package: lltjdefs 2022-01-23 Default font settings of LuaTeX-ja
luaotfload | db : Font names database loaded from /Users/hermite/Library/texlive
/2023/texmf-var/luatex-cache/generic/names/luaotfload-names.luc.gz(load cache: e
xtra_lmroman10-regular.luc)
LaTeX Font Info:    Font shape `JT3/mc/m/n' will be
(Font)              scaled to size 9.24713pt on input line 79.

(/usr/local/texlive/2023/texmf-dist/tex/luatex/luatexja/jfm-ujisv.lua)
LaTeX Font Info:    Font shape `JY3/mc/m/n' will be
(Font)              scaled to size 9.24713pt on input line 79.
(load cache: extra_haranoajimincho-regular.luc)
(/usr/local/texlive/2023/texmf-dist/tex/luatex/luatexja/jfm-ujis.lua)
\symmincho=\mathgroup4
LaTeX Font Info:    Overwriting symbol font `mincho' in version `bold'
(Font)                  JY3/mc/m/n --> JY3/gt/m/n on input line 88.
)
(/usr/local/texlive/2023/texmf-dist/tex/luatex/luatexja/patches/lltjcore.sty
Package: lltjcore 2023-02-26 Patch to LaTeX2e Kernel for LuaTeX-ja

(/usr/local/texlive/2023/texmf-dist/tex/latex/l3kernel/expl3.sty
Package: expl3 2023-11-09 L3 programming layer (loader) 

(/usr/local/texlive/2023/texmf-dist/tex/latex/l3backend/l3backend-luatex.def
File: l3backend-luatex.def 2023-11-09 L3 backend support: PDF output (LuaTeX)
\l__color_backend_stack_int=\count194
Inserting `l3color' in `luaotfload.parse_color'.
\l__pdf_internal_box=\box55
))
\@tombowwidth=\dimen154
\@TL=\box56
\@Tl=\box57
\@TC=\box58
\@TR=\box59
\@Tr=\box60
\@BL=\box61
\@Bl=\box62
\@BC=\box63
\@BR=\box64
\@Br=\box65
\@CL=\box66
\@CR=\box67
(load cache: extra_lmmono9-regular.luc)
\@bannertoken=\toks26
\@@paperheight=\dimen155
\@@paperwidth=\dimen156
\@@topmargin=\dimen157
LaTeX Info: Redefining \underline on input line 280.
)
(/usr/local/texlive/2023/texmf-dist/tex/luatex/luatexja/patches/lltjp-atbegshi.
sty
Package: lltjp-atbegshi 2022-08-12 Patching \shipout hooks for LuaTeX-ja
\l__platex_shipout_dummy_box=\box68
)
(/usr/local/texlive/2023/texmf-dist/tex/luatex/luatexja/patches/lltjp-geometry.
sty
Package: lltjp-geometry 2021-10-24 Patch to geometry for LuaTeX-ja with vertica
l writing mode
 (/usr/local/texlive/2023/texmf-dist/tex/generic/iftex/ifluatex.sty
Package: ifluatex 2019/10/25 v1.5 ifluatex legacy package. Use iftex instead.
)))
\ltj@temp@cctb=\catcodetable16
)
(/usr/local/texlive/2023/texmf-dist/tex/luatex/luatexja/luatexja-compat.sty
Package: luatexja-compat 2020-08-08 Compatibility with pTeX
(load cache: ltj-jisx0208.luc)
\hour=\count195
\minute=\count196
))
\jsc@mpt=\dimen158
\jsc@mmm=\dimen159
\jsc@smallskipamount=\skip48
LaTeX Font Info:    Font shape `JY3/mc/m/n' will be
(Font)              scaled to size 9.24713pt on input line 424.
\fullwidth=\dimen160
(load cache: extra_lmroman8-regular.luc)
LaTeX Font Info:    Font shape `JT3/mc/m/n' will be
(Font)              scaled to size 7.3977pt on input line 573.
LaTeX Font Info:    Font shape `JY3/mc/m/n' will be
(Font)              scaled to size 7.3977pt on input line 573.
\c@part=\count197
\c@chapter=\count198
\c@section=\count199
\c@subsection=\count266
\c@subsubsection=\count267
\c@paragraph=\count268
\c@subparagraph=\count269
\c@figure=\count270
\c@table=\count271
\abovecaptionskip=\skip49
\belowcaptionskip=\skip50
LaTeX Info: Redefining \mc on input line 1282.
LaTeX Info: Redefining \gt on input line 1283.
\jsc@tocl@width=\dimen161
\@lnumwidth=\dimen162
\bibindent=\dimen163

(/usr/local/texlive/2023/texmf-dist/tex/platex/jsclasses/jslogo.sty
Package: jslogo 2019/07/25 okumura, texjporg
LaTeX Info: Redefining \TeX on input line 82.
LaTeX Info: Redefining \LaTeX on input line 135.
LaTeX Info: Redefining \LaTeXe on input line 188.
)
\heisei=\count272

(/usr/local/texlive/2023/texmf-dist/tex/latex/sttools/stfloats.sty
Package: stfloats 2017/03/27 v3.3 Improve float mechanism and baselineskip sett
ings
\@dblbotnum=\count273
\c@dblbotnumber=\count274
)
(/usr/local/texlive/2023/texmf-dist/tex/luatex/luatexja/patches/lltjp-stfloats.
sty)) (../../myStyle.sty
(/usr/local/texlive/2023/texmf-dist/tex/latex/natbib/natbib.sty
Package: natbib 2010/09/13 8.31b (PWD, AO)
\bibhang=\skip51
\bibsep=\skip52
LaTeX Info: Redefining \cite on input line 694.
\c@NAT@ctr=\count275
)
(/usr/local/texlive/2023/texmf-dist/tex/latex/bxpapersize/bxpapersize.sty
Package: bxpapersize 2022/04/28 v0.6

(/usr/local/texlive/2023/texmf-dist/tex/generic/iftex/ifpdf.sty
Package: ifpdf 2019/10/25 v3.4 ifpdf legacy package. Use iftex instead.
)
(/usr/local/texlive/2023/texmf-dist/tex/generic/iftex/ifxetex.sty
Package: ifxetex 2019/10/25 v0.7 ifxetex legacy package. Use iftex instead.
)
(/usr/local/texlive/2023/texmf-dist/tex/generic/iftex/ifvtex.sty
Package: ifvtex 2019/10/25 v1.7 ifvtex legacy package. Use iftex instead.
)
(/usr/local/texlive/2023/texmf-dist/tex/generic/ifptex/ifptex.sty
Package: ifptex 2023/04/08 v2.2c pTeX checker
)
\bxpr@dima=\dimen164
Package bxpapersize Info: Detected the new LaTeX kernel (2020-10-01).

(/usr/local/texlive/2023/texmf-dist/tex/latex/base/atbegshi-ltx.sty
Package: atbegshi-ltx 2021/01/10 v1.0c Emulation of the original atbegshi
package with kernel methods
))
(/usr/local/texlive/2023/texmf-dist/tex/latex/geometry/geometry.sty
Package: geometry 2020/01/02 v5.9 Page Geometry
\Gm@cnth=\count276
\Gm@cntv=\count277
\c@Gm@tempcnt=\count278
\Gm@bindingoffset=\dimen165
\Gm@wd@mp=\dimen166
\Gm@odd@mp=\dimen167
\Gm@even@mp=\dimen168
\Gm@layoutwidth=\dimen169
\Gm@layoutheight=\dimen170
\Gm@layouthoffset=\dimen171
\Gm@layoutvoffset=\dimen172
\Gm@dimlist=\toks27
)
(/usr/local/texlive/2023/texmf-dist/tex/latex/amsmath/amsmath.sty
Package: amsmath 2023/05/13 v2.17o AMS math features
\@mathmargin=\skip53

For additional information on amsmath, use the `?' option.
(/usr/local/texlive/2023/texmf-dist/tex/latex/amsmath/amstext.sty
Package: amstext 2021/08/26 v2.01 AMS text

(/usr/local/texlive/2023/texmf-dist/tex/latex/amsmath/amsgen.sty
File: amsgen.sty 1999/11/30 v2.0 generic functions
\@emptytoks=\toks28
\ex@=\dimen173
))
(/usr/local/texlive/2023/texmf-dist/tex/latex/amsmath/amsbsy.sty
Package: amsbsy 1999/11/29 v1.2d Bold Symbols
\pmbraise@=\dimen174
)
(/usr/local/texlive/2023/texmf-dist/tex/latex/amsmath/amsopn.sty
Package: amsopn 2022/04/08 v2.04 operator names
)
\inf@bad=\count279
LaTeX Info: Redefining \frac on input line 236.
\uproot@=\count280
\leftroot@=\count281
LaTeX Info: Redefining \overline on input line 399.
LaTeX Info: Redefining \colon on input line 410.
\classnum@=\count282
\DOTSCASE@=\count283
LaTeX Info: Redefining \ldots on input line 496.
LaTeX Info: Redefining \dots on input line 499.
LaTeX Info: Redefining \cdots on input line 620.
\Mathstrutbox@=\box69
\strutbox@=\box70
LaTeX Info: Redefining \big on input line 722.
LaTeX Info: Redefining \Big on input line 723.
LaTeX Info: Redefining \bigg on input line 724.
LaTeX Info: Redefining \Bigg on input line 725.
\big@size=\dimen175
LaTeX Font Info:    Redeclaring font encoding OML on input line 743.
LaTeX Font Info:    Redeclaring font encoding OMS on input line 744.
\macc@depth=\count284
LaTeX Info: Redefining \bmod on input line 905.
LaTeX Info: Redefining \pmod on input line 910.
LaTeX Info: Redefining \smash on input line 940.
LaTeX Info: Redefining \relbar on input line 970.
LaTeX Info: Redefining \Relbar on input line 971.
\c@MaxMatrixCols=\count285
\dotsspace@=\muskip16
\c@parentequation=\count286
\dspbrk@lvl=\count287
\tag@help=\toks29
\row@=\count288
\column@=\count289
\maxfields@=\count290
\andhelp@=\toks30
\eqnshift@=\dimen176
\alignsep@=\dimen177
\tagshift@=\dimen178
\tagwidth@=\dimen179
\totwidth@=\dimen180
\lineht@=\dimen181
\@envbody=\toks31
\multlinegap=\skip54
\multlinetaggap=\skip55
\mathdisplay@stack=\toks32
LaTeX Info: Redefining \[ on input line 2953.
LaTeX Info: Redefining \] on input line 2954.
)
(/usr/local/texlive/2023/texmf-dist/tex/latex/amsfonts/amssymb.sty
Package: amssymb 2013/01/14 v3.01 AMS font symbols

(/usr/local/texlive/2023/texmf-dist/tex/latex/amsfonts/amsfonts.sty
Package: amsfonts 2013/01/14 v3.01 Basic AMSFonts support
\symAMSa=\mathgroup5
\symAMSb=\mathgroup6
LaTeX Font Info:    Redeclaring math symbol \hbar on input line 98.
LaTeX Font Info:    Overwriting math alphabet `\mathfrak' in version `bold'
(Font)                  U/euf/m/n --> U/euf/b/n on input line 106.
))
(/usr/local/texlive/2023/texmf-dist/tex/latex/url/url.sty
\Urlmuskip=\muskip17
Package: url 2013/09/16  ver 3.4  Verb mode for urls, etc.
)
(/usr/local/texlive/2023/texmf-dist/tex/latex/graphics/graphicx.sty
Package: graphicx 2021/09/16 v1.2d Enhanced LaTeX Graphics (DPC,SPQR)

(/usr/local/texlive/2023/texmf-dist/tex/latex/graphics/graphics.sty
Package: graphics 2022/03/10 v1.4e Standard LaTeX Graphics (DPC,SPQR)

(/usr/local/texlive/2023/texmf-dist/tex/latex/graphics/trig.sty
Package: trig 2021/08/11 v1.11 sin cos tan (DPC)
)
(/usr/local/texlive/2023/texmf-dist/tex/latex/graphics-cfg/graphics.cfg
File: graphics.cfg 2016/06/04 v1.11 sample graphics configuration
)
Package graphics Info: Driver file: luatex.def on input line 107.

(/usr/local/texlive/2023/texmf-dist/tex/latex/graphics-def/luatex.def
File: luatex.def 2022/09/22 v1.2d Graphics/color driver for luatex
))
\Gin@req@height=\dimen182
\Gin@req@width=\dimen183
)
(/usr/local/texlive/2023/texmf-dist/tex/latex/lineno/lineno.sty
Package: lineno 2023/05/20 line numbers on paragraphs v5.3

(/usr/local/texlive/2023/texmf-dist/tex/latex/kvoptions/kvoptions.sty
Package: kvoptions 2022-06-15 v3.15 Key value format for package options (HO)

(/usr/local/texlive/2023/texmf-dist/tex/latex/kvsetkeys/kvsetkeys.sty
Package: kvsetkeys 2022-10-05 v1.19 Key value parser (HO)
))
\linenopenalty=\count291
\output=\toks33
\linenoprevgraf=\count292
\linenumbersep=\dimen184
\linenumberwidth=\dimen185
\c@linenumber=\count293
\c@pagewiselinenumber=\count294
\c@LN@truepage=\count295
\c@internallinenumber=\count296
\c@internallinenumbers=\count297
\quotelinenumbersep=\dimen186
\bframerule=\dimen187
\bframesep=\dimen188
\bframebox=\box71
\linenoamsmath@ams@eqpen=\count298
LaTeX Info: Redefining \\ on input line 3180.
)
(/usr/local/texlive/2023/texmf-dist/tex/latex/graphics/lscape.sty
Package: lscape 2020/05/28 v3.02 Landscape Pages (DPC)
)
(/usr/local/texlive/2023/texmf-dist/tex/luatex/luatexja/addons/luatexja-ruby.st
y
Package: luatexja-ruby 2023-10-08 v0.62
\ltj@rubyattr=\attribute25
Lua module: luatexja.ruby 2022-12-31 Ruby annotation
Custom whatsit ruby_pre = 7
Custom whatsit ruby_post = 8
Inserting `ltj.ruby.pre' in `pre_linebreak_filter'.
Inserting `ltj.ruby.pre' in `hpack_filter'.
Inserting `ltj.ruby.post_break' in `post_linebreak_filter'.
Inserting `ltj.ruby.post_hbox' in `hpack_filter'.
Removing  `luatexja.beginpar.np_info' from `luatexja.jfmglue.whatsit_getinfo'.
Inserting `luatexja.ruby.np_info' in `luatexja.jfmglue.whatsit_getinfo'.
Inserting `luatexja.beginpar.np_info' in `luatexja.jfmglue.whatsit_getinfo'.
Removing  `luatexja.beginpar.np_info_after' from `luatexja.jfmglue.whatsit_after
'.
Inserting `luatexja.ruby.np_info_after' in `luatexja.jfmglue.whatsit_after'.
Inserting `luatexja.beginpar.np_info_after' in `luatexja.jfmglue.whatsit_after'.
Inserting `luatexja.ruby.np_info_last_minute' in `luatexja.jfmglue.whatsit_last_
minute'.) (/usr/local/texlive/2023/texmf-dist/tex/latex/epsdice/epsdice.sty
Package: epsdice 2007/02/15 by Thomas Heim (v. 2.1)

(/usr/local/texlive/2023/texmf-dist/tex/latex/base/ifthen.sty
Package: ifthen 2022/04/13 v1.1d Standard LaTeX ifthen package (DPC)
)
(/usr/local/texlive/2023/texmf-dist/tex/latex/epsdice/epsdice.cfg)
\c@eps@face=\count299
)
(/usr/local/texlive/2023/texmf-dist/tex/latex/fancyvrb/fancyvrb.sty
Package: fancyvrb 2023/11/06 4.5b verbatim text (tvz,hv)
\FV@CodeLineNo=\count300
\FV@InFile=\read2
\FV@TabBox=\box72
\c@FancyVerbLine=\count301
\FV@StepNumber=\count302
\FV@OutFile=\write3
)
(/usr/local/texlive/2023/texmf-dist/tex/generic/ulem/ulem.sty
\UL@box=\box73
\UL@hyphenbox=\box74
\UL@skip=\skip56
\UL@hook=\toks34
\UL@height=\dimen189
\UL@pe=\count303
\UL@pixel=\dimen190
\ULC@box=\box75
Package: ulem 2019/11/18
\ULdepth=\dimen191
)
(/usr/local/texlive/2023/texmf-dist/tex/latex/tools/bm.sty
Package: bm 2023/07/08 v1.2f Bold Symbol Support (DPC/FMi)
\symboldoperators=\mathgroup7
\symboldletters=\mathgroup8
\symboldsymbols=\mathgroup9
Package bm Info: No bold for \OMX/cmex/m/n, using \pmb.
\symboldmincho=\mathgroup10
Package bm Info: No bold for \U/msa/m/n, using \pmb.
Package bm Info: No bold for \U/msb/m/n, using \pmb.
LaTeX Font Info:    Redeclaring math alphabet \mathbf on input line 149.
)
(/usr/local/texlive/2023/texmf-dist/tex/latex/pdfpages/pdfpages.sty
Package: pdfpages 2022/12/19 v0.5x Insert pages of external PDF documents (AM)

(/usr/local/texlive/2023/texmf-dist/tex/latex/tools/calc.sty
Package: calc 2023/07/08 v4.3 Infix arithmetic (KKT,FJ)
\calc@Acount=\count304
\calc@Bcount=\count305
\calc@Adimen=\dimen192
\calc@Bdimen=\dimen193
\calc@Askip=\skip57
\calc@Bskip=\skip58
LaTeX Info: Redefining \setlength on input line 80.
LaTeX Info: Redefining \addtolength on input line 81.
\calc@Ccount=\count306
\calc@Cskip=\skip59
)
(/usr/local/texlive/2023/texmf-dist/tex/latex/eso-pic/eso-pic.sty
Package: eso-pic 2023/05/03 v3.0c eso-pic (RN)
\ESO@tempdima=\dimen194
\ESO@tempdimb=\dimen195

(/usr/local/texlive/2023/texmf-dist/tex/latex/xcolor/xcolor.sty
Package: xcolor 2023/11/11 v3.00 LaTeX color extensions (UK)

(/usr/local/texlive/2023/texmf-dist/tex/latex/graphics-cfg/color.cfg
File: color.cfg 2016/01/02 v1.6 sample color configuration
)
Package xcolor Info: Driver file: luatex.def on input line 264.

(/usr/local/texlive/2023/texmf-dist/tex/latex/graphics/mathcolor.ltx)
Package xcolor Info: Model `cmy' substituted by `cmy0' on input line 1340.
Package xcolor Info: Model `hsb' substituted by `rgb' on input line 1344.
Package xcolor Info: Model `RGB' extended on input line 1356.
Package xcolor Info: Model `HTML' substituted by `rgb' on input line 1358.
Package xcolor Info: Model `Hsb' substituted by `hsb' on input line 1359.
Package xcolor Info: Model `tHsb' substituted by `hsb' on input line 1360.
Package xcolor Info: Model `HSB' substituted by `hsb' on input line 1361.
Package xcolor Info: Model `Gray' substituted by `gray' on input line 1362.
Package xcolor Info: Model `wave' substituted by `hsb' on input line 1363.
))
\AM@pagewidth=\dimen196
\AM@pageheight=\dimen197
\AM@fboxrule=\dimen198

(/usr/local/texlive/2023/texmf-dist/tex/latex/pdfpages/ppluatex.def
File: ppluatex.def 2022/12/19 v0.5x Pdfpages driver for LuaTeX (AM)
)
\pdfpages@includegraphics@status=\count307
\AM@pagebox=\box76
\AM@global@opts=\toks35
\AM@pagecnt=\count308
\AM@toc@title=\toks36
\AM@lof@heading=\toks37
\c@AM@survey=\count309
\AM@templatesizebox=\box77
)
(/usr/local/texlive/2023/texmf-dist/tex/latex/wrapfig/wrapfig.sty
\wrapoverhang=\dimen199
\WF@size=\dimen256
\c@WF@wrappedlines=\count310
\WF@box=\box78
\WF@everypar=\toks38
Package: wrapfig 2003/01/31  v 3.6
)
(/usr/local/texlive/2023/texmf-dist/tex/latex/multirow/multirow.sty
Package: multirow 2021/03/15 v2.8 Span multiple rows of a table
\multirow@colwidth=\skip60
\multirow@cntb=\count311
\multirow@dima=\skip61
\bigstrutjot=\dimen257
)
(/usr/local/texlive/2023/texmf-dist/tex/latex/pgf/frontendlayer/tikz.sty
(/usr/local/texlive/2023/texmf-dist/tex/latex/pgf/basiclayer/pgf.sty
(/usr/local/texlive/2023/texmf-dist/tex/latex/pgf/utilities/pgfrcs.sty
(/usr/local/texlive/2023/texmf-dist/tex/generic/pgf/utilities/pgfutil-common.te
x
\pgfutil@everybye=\toks39
\pgfutil@tempdima=\dimen258
\pgfutil@tempdimb=\dimen259
)
(/usr/local/texlive/2023/texmf-dist/tex/generic/pgf/utilities/pgfutil-latex.def
\pgfutil@abb=\box79
) (/usr/local/texlive/2023/texmf-dist/tex/generic/pgf/utilities/pgfrcs.code.tex
(/usr/local/texlive/2023/texmf-dist/tex/generic/pgf/pgf.revision.tex)
Package: pgfrcs 2023-01-15 v3.1.10 (3.1.10)
))
Package: pgf 2023-01-15 v3.1.10 (3.1.10)

(/usr/local/texlive/2023/texmf-dist/tex/latex/pgf/basiclayer/pgfcore.sty
(/usr/local/texlive/2023/texmf-dist/tex/latex/pgf/systemlayer/pgfsys.sty
(/usr/local/texlive/2023/texmf-dist/tex/generic/pgf/systemlayer/pgfsys.code.tex
Package: pgfsys 2023-01-15 v3.1.10 (3.1.10)
(/usr/local/texlive/2023/texmf-dist/tex/generic/pgf/utilities/pgfkeys.code.tex
\pgfkeys@pathtoks=\toks40
\pgfkeys@temptoks=\toks41

(/usr/local/texlive/2023/texmf-dist/tex/generic/pgf/utilities/pgfkeyslibraryfil
tered.code.tex
\pgfkeys@tmptoks=\toks42
))
\pgf@x=\dimen260
\pgf@y=\dimen261
\pgf@xa=\dimen262
\pgf@ya=\dimen263
\pgf@xb=\dimen264
\pgf@yb=\dimen265
\pgf@xc=\dimen266
\pgf@yc=\dimen267
\pgf@xd=\dimen268
\pgf@yd=\dimen269
\w@pgf@writea=\write4
\r@pgf@reada=\read3
\c@pgf@counta=\count312
\c@pgf@countb=\count313
\c@pgf@countc=\count314
\c@pgf@countd=\count315
\t@pgf@toka=\toks43
\t@pgf@tokb=\toks44
\t@pgf@tokc=\toks45
\pgf@sys@id@count=\count316

(/usr/local/texlive/2023/texmf-dist/tex/generic/pgf/systemlayer/pgf.cfg
File: pgf.cfg 2023-01-15 v3.1.10 (3.1.10)
)
Driver file for pgf: pgfsys-luatex.def

(/usr/local/texlive/2023/texmf-dist/tex/generic/pgf/systemlayer/pgfsys-luatex.d
ef
File: pgfsys-luatex.def 2023-01-15 v3.1.10 (3.1.10)

(/usr/local/texlive/2023/texmf-dist/tex/generic/pgf/systemlayer/pgfsys-common-p
df.def
File: pgfsys-common-pdf.def 2023-01-15 v3.1.10 (3.1.10)
)))
(/usr/local/texlive/2023/texmf-dist/tex/generic/pgf/systemlayer/pgfsyssoftpath.
code.tex
File: pgfsyssoftpath.code.tex 2023-01-15 v3.1.10 (3.1.10)
\pgfsyssoftpath@smallbuffer@items=\count317
\pgfsyssoftpath@bigbuffer@items=\count318
)
(/usr/local/texlive/2023/texmf-dist/tex/generic/pgf/systemlayer/pgfsysprotocol.
code.tex
File: pgfsysprotocol.code.tex 2023-01-15 v3.1.10 (3.1.10)
))
(/usr/local/texlive/2023/texmf-dist/tex/generic/pgf/basiclayer/pgfcore.code.tex
Package: pgfcore 2023-01-15 v3.1.10 (3.1.10)
(/usr/local/texlive/2023/texmf-dist/tex/generic/pgf/math/pgfmath.code.tex
(/usr/local/texlive/2023/texmf-dist/tex/generic/pgf/math/pgfmathutil.code.tex)
(/usr/local/texlive/2023/texmf-dist/tex/generic/pgf/math/pgfmathparser.code.tex
\pgfmath@dimen=\dimen270
\pgfmath@count=\count319
\pgfmath@box=\box80
\pgfmath@toks=\toks46
\pgfmath@stack@operand=\toks47
\pgfmath@stack@operation=\toks48
)
(/usr/local/texlive/2023/texmf-dist/tex/generic/pgf/math/pgfmathfunctions.code.
tex)
(/usr/local/texlive/2023/texmf-dist/tex/generic/pgf/math/pgfmathfunctions.basic
.code.tex)
(/usr/local/texlive/2023/texmf-dist/tex/generic/pgf/math/pgfmathfunctions.trigo
nometric.code.tex)
(/usr/local/texlive/2023/texmf-dist/tex/generic/pgf/math/pgfmathfunctions.rando
m.code.tex)
(/usr/local/texlive/2023/texmf-dist/tex/generic/pgf/math/pgfmathfunctions.compa
rison.code.tex)
(/usr/local/texlive/2023/texmf-dist/tex/generic/pgf/math/pgfmathfunctions.base.
code.tex)
(/usr/local/texlive/2023/texmf-dist/tex/generic/pgf/math/pgfmathfunctions.round
.code.tex)
(/usr/local/texlive/2023/texmf-dist/tex/generic/pgf/math/pgfmathfunctions.misc.
code.tex)
(/usr/local/texlive/2023/texmf-dist/tex/generic/pgf/math/pgfmathfunctions.integ
erarithmetics.code.tex)
(/usr/local/texlive/2023/texmf-dist/tex/generic/pgf/math/pgfmathcalc.code.tex)
(/usr/local/texlive/2023/texmf-dist/tex/generic/pgf/math/pgfmathfloat.code.tex
\c@pgfmathroundto@lastzeros=\count320
)) (/usr/local/texlive/2023/texmf-dist/tex/generic/pgf/math/pgfint.code.tex)
(/usr/local/texlive/2023/texmf-dist/tex/generic/pgf/basiclayer/pgfcorepoints.co
de.tex
File: pgfcorepoints.code.tex 2023-01-15 v3.1.10 (3.1.10)
\pgf@picminx=\dimen271
\pgf@picmaxx=\dimen272
\pgf@picminy=\dimen273
\pgf@picmaxy=\dimen274
\pgf@pathminx=\dimen275
\pgf@pathmaxx=\dimen276
\pgf@pathminy=\dimen277
\pgf@pathmaxy=\dimen278
\pgf@xx=\dimen279
\pgf@xy=\dimen280
\pgf@yx=\dimen281
\pgf@yy=\dimen282
\pgf@zx=\dimen283
\pgf@zy=\dimen284
)
(/usr/local/texlive/2023/texmf-dist/tex/generic/pgf/basiclayer/pgfcorepathconst
ruct.code.tex
File: pgfcorepathconstruct.code.tex 2023-01-15 v3.1.10 (3.1.10)
\pgf@path@lastx=\dimen285
\pgf@path@lasty=\dimen286
)
(/usr/local/texlive/2023/texmf-dist/tex/generic/pgf/basiclayer/pgfcorepathusage
.code.tex
File: pgfcorepathusage.code.tex 2023-01-15 v3.1.10 (3.1.10)
\pgf@shorten@end@additional=\dimen287
\pgf@shorten@start@additional=\dimen288
)
(/usr/local/texlive/2023/texmf-dist/tex/generic/pgf/basiclayer/pgfcorescopes.co
de.tex
File: pgfcorescopes.code.tex 2023-01-15 v3.1.10 (3.1.10)
\pgfpic=\box81
\pgf@hbox=\box82
\pgf@layerbox@main=\box83
\pgf@picture@serial@count=\count321
)
(/usr/local/texlive/2023/texmf-dist/tex/generic/pgf/basiclayer/pgfcoregraphicst
ate.code.tex
File: pgfcoregraphicstate.code.tex 2023-01-15 v3.1.10 (3.1.10)
\pgflinewidth=\dimen289
)
(/usr/local/texlive/2023/texmf-dist/tex/generic/pgf/basiclayer/pgfcoretransform
ations.code.tex
File: pgfcoretransformations.code.tex 2023-01-15 v3.1.10 (3.1.10)
\pgf@pt@x=\dimen290
\pgf@pt@y=\dimen291
\pgf@pt@temp=\dimen292
)
(/usr/local/texlive/2023/texmf-dist/tex/generic/pgf/basiclayer/pgfcorequick.cod
e.tex
File: pgfcorequick.code.tex 2023-01-15 v3.1.10 (3.1.10)
)
(/usr/local/texlive/2023/texmf-dist/tex/generic/pgf/basiclayer/pgfcoreobjects.c
ode.tex
File: pgfcoreobjects.code.tex 2023-01-15 v3.1.10 (3.1.10)
)
(/usr/local/texlive/2023/texmf-dist/tex/generic/pgf/basiclayer/pgfcorepathproce
ssing.code.tex
File: pgfcorepathprocessing.code.tex 2023-01-15 v3.1.10 (3.1.10)
)
(/usr/local/texlive/2023/texmf-dist/tex/generic/pgf/basiclayer/pgfcorearrows.co
de.tex
File: pgfcorearrows.code.tex 2023-01-15 v3.1.10 (3.1.10)
\pgfarrowsep=\dimen293
)
(/usr/local/texlive/2023/texmf-dist/tex/generic/pgf/basiclayer/pgfcoreshade.cod
e.tex
File: pgfcoreshade.code.tex 2023-01-15 v3.1.10 (3.1.10)
\pgf@max=\dimen294
\pgf@sys@shading@range@num=\count322
\pgf@shadingcount=\count323
)
(/usr/local/texlive/2023/texmf-dist/tex/generic/pgf/basiclayer/pgfcoreimage.cod
e.tex
File: pgfcoreimage.code.tex 2023-01-15 v3.1.10 (3.1.10)
)
(/usr/local/texlive/2023/texmf-dist/tex/generic/pgf/basiclayer/pgfcoreexternal.
code.tex
File: pgfcoreexternal.code.tex 2023-01-15 v3.1.10 (3.1.10)
\pgfexternal@startupbox=\box84
)
(/usr/local/texlive/2023/texmf-dist/tex/generic/pgf/basiclayer/pgfcorelayers.co
de.tex
File: pgfcorelayers.code.tex 2023-01-15 v3.1.10 (3.1.10)
)
(/usr/local/texlive/2023/texmf-dist/tex/generic/pgf/basiclayer/pgfcoretranspare
ncy.code.tex
File: pgfcoretransparency.code.tex 2023-01-15 v3.1.10 (3.1.10)
)
(/usr/local/texlive/2023/texmf-dist/tex/generic/pgf/basiclayer/pgfcorepatterns.
code.tex
File: pgfcorepatterns.code.tex 2023-01-15 v3.1.10 (3.1.10)
)
(/usr/local/texlive/2023/texmf-dist/tex/generic/pgf/basiclayer/pgfcorerdf.code.
tex
File: pgfcorerdf.code.tex 2023-01-15 v3.1.10 (3.1.10)
)))
(/usr/local/texlive/2023/texmf-dist/tex/generic/pgf/modules/pgfmoduleshapes.cod
e.tex
File: pgfmoduleshapes.code.tex 2023-01-15 v3.1.10 (3.1.10)
\pgfnodeparttextbox=\box85
)
(/usr/local/texlive/2023/texmf-dist/tex/generic/pgf/modules/pgfmoduleplot.code.
tex
File: pgfmoduleplot.code.tex 2023-01-15 v3.1.10 (3.1.10)
)
(/usr/local/texlive/2023/texmf-dist/tex/latex/pgf/compatibility/pgfcomp-version
-0-65.sty
Package: pgfcomp-version-0-65 2023-01-15 v3.1.10 (3.1.10)
\pgf@nodesepstart=\dimen295
\pgf@nodesepend=\dimen296
)
(/usr/local/texlive/2023/texmf-dist/tex/latex/pgf/compatibility/pgfcomp-version
-1-18.sty
Package: pgfcomp-version-1-18 2023-01-15 v3.1.10 (3.1.10)
))
(/usr/local/texlive/2023/texmf-dist/tex/latex/pgf/utilities/pgffor.sty
(/usr/local/texlive/2023/texmf-dist/tex/latex/pgf/utilities/pgfkeys.sty
(/usr/local/texlive/2023/texmf-dist/tex/generic/pgf/utilities/pgfkeys.code.tex))
 (/usr/local/texlive/2023/texmf-dist/tex/latex/pgf/math/pgfmath.sty
(/usr/local/texlive/2023/texmf-dist/tex/generic/pgf/math/pgfmath.code.tex))
(/usr/local/texlive/2023/texmf-dist/tex/generic/pgf/utilities/pgffor.code.tex
Package: pgffor 2023-01-15 v3.1.10 (3.1.10)
\pgffor@iter=\dimen297
\pgffor@skip=\dimen298
\pgffor@stack=\toks49
\pgffor@toks=\toks50
))
(/usr/local/texlive/2023/texmf-dist/tex/generic/pgf/frontendlayer/tikz/tikz.cod
e.tex
Package: tikz 2023-01-15 v3.1.10 (3.1.10)

(/usr/local/texlive/2023/texmf-dist/tex/generic/pgf/libraries/pgflibraryplothan
dlers.code.tex
File: pgflibraryplothandlers.code.tex 2023-01-15 v3.1.10 (3.1.10)
\pgf@plot@mark@count=\count324
\pgfplotmarksize=\dimen299
)
\tikz@lastx=\dimen300
\tikz@lasty=\dimen301
\tikz@lastxsaved=\dimen302
\tikz@lastysaved=\dimen303
\tikz@lastmovetox=\dimen304
\tikz@lastmovetoy=\dimen305
\tikzleveldistance=\dimen306
\tikzsiblingdistance=\dimen307
\tikz@figbox=\box86
\tikz@figbox@bg=\box87
\tikz@tempbox=\box88
\tikz@tempbox@bg=\box89
\tikztreelevel=\count325
\tikznumberofchildren=\count326
\tikznumberofcurrentchild=\count327
\tikz@fig@count=\count328

(/usr/local/texlive/2023/texmf-dist/tex/generic/pgf/modules/pgfmodulematrix.cod
e.tex
File: pgfmodulematrix.code.tex 2023-01-15 v3.1.10 (3.1.10)
\pgfmatrixcurrentrow=\count329
\pgfmatrixcurrentcolumn=\count330
\pgf@matrix@numberofcolumns=\count331
)
\tikz@expandcount=\count332

(/usr/local/texlive/2023/texmf-dist/tex/generic/pgf/frontendlayer/tikz/librarie
s/tikzlibrarytopaths.code.tex
File: tikzlibrarytopaths.code.tex 2023-01-15 v3.1.10 (3.1.10)
)))
(/usr/local/texlive/2023/texmf-dist/tex/generic/pgf/frontendlayer/tikz/librarie
s/tikzlibrarypositioning.code.tex
File: tikzlibrarypositioning.code.tex 2023-01-15 v3.1.10 (3.1.10)
)
(/usr/local/texlive/2023/texmf-dist/tex/generic/pgf/libraries/pgflibraryarrows.
meta.code.tex
File: pgflibraryarrows.meta.code.tex 2023-01-15 v3.1.10 (3.1.10)
\pgfarrowinset=\dimen308
\pgfarrowlength=\dimen309
\pgfarrowwidth=\dimen310
\pgfarrowlinewidth=\dimen311
)
(/usr/local/texlive/2023/texmf-dist/tex/generic/pgf/frontendlayer/tikz/librarie
s/tikzlibraryintersections.code.tex
(/usr/local/texlive/2023/texmf-dist/tex/generic/pgf/libraries/pgflibraryinterse
ctions.code.tex
(/usr/local/texlive/2023/texmf-dist/tex/generic/pgf/libraries/pgflibraryfpu.cod
e.tex)
\pgf@intersect@solutions=\count333
))
(/usr/local/texlive/2023/texmf-dist/tex/generic/pgf/frontendlayer/tikz/librarie
s/tikzlibrarycalc.code.tex
File: tikzlibrarycalc.code.tex 2023-01-15 v3.1.10 (3.1.10)
)
(/usr/local/texlive/2023/texmf-dist/tex/generic/pgf/frontendlayer/tikz/librarie
s/tikzlibraryshapes.code.tex
File: tikzlibraryshapes.code.tex 2023-01-15 v3.1.10 (3.1.10)

(/usr/local/texlive/2023/texmf-dist/tex/generic/pgf/frontendlayer/tikz/librarie
s/tikzlibraryshapes.geometric.code.tex
File: tikzlibraryshapes.geometric.code.tex 2023-01-15 v3.1.10 (3.1.10)

(/usr/local/texlive/2023/texmf-dist/tex/generic/pgf/libraries/shapes/pgflibrary
shapes.geometric.code.tex
File: pgflibraryshapes.geometric.code.tex 2023-01-15 v3.1.10 (3.1.10)
))
(/usr/local/texlive/2023/texmf-dist/tex/generic/pgf/frontendlayer/tikz/librarie
s/tikzlibraryshapes.misc.code.tex
File: tikzlibraryshapes.misc.code.tex 2023-01-15 v3.1.10 (3.1.10)

(/usr/local/texlive/2023/texmf-dist/tex/generic/pgf/libraries/shapes/pgflibrary
shapes.misc.code.tex
File: pgflibraryshapes.misc.code.tex 2023-01-15 v3.1.10 (3.1.10)
))
(/usr/local/texlive/2023/texmf-dist/tex/generic/pgf/frontendlayer/tikz/librarie
s/tikzlibraryshapes.symbols.code.tex
File: tikzlibraryshapes.symbols.code.tex 2023-01-15 v3.1.10 (3.1.10)

(/usr/local/texlive/2023/texmf-dist/tex/generic/pgf/libraries/shapes/pgflibrary
shapes.symbols.code.tex
File: pgflibraryshapes.symbols.code.tex 2023-01-15 v3.1.10 (3.1.10)
))
(/usr/local/texlive/2023/texmf-dist/tex/generic/pgf/frontendlayer/tikz/librarie
s/tikzlibraryshapes.arrows.code.tex
File: tikzlibraryshapes.arrows.code.tex 2023-01-15 v3.1.10 (3.1.10)

(/usr/local/texlive/2023/texmf-dist/tex/generic/pgf/libraries/shapes/pgflibrary
shapes.arrows.code.tex
File: pgflibraryshapes.arrows.code.tex 2023-01-15 v3.1.10 (3.1.10)
))
(/usr/local/texlive/2023/texmf-dist/tex/generic/pgf/frontendlayer/tikz/librarie
s/tikzlibraryshapes.callouts.code.tex
(/usr/local/texlive/2023/texmf-dist/tex/generic/pgf/libraries/shapes/pgflibrary
shapes.callouts.code.tex))
(/usr/local/texlive/2023/texmf-dist/tex/generic/pgf/frontendlayer/tikz/librarie
s/tikzlibraryshapes.multipart.code.tex
File: tikzlibraryshapes.multipart.code.tex 2023-01-15 v3.1.10 (3.1.10)

(/usr/local/texlive/2023/texmf-dist/tex/generic/pgf/libraries/shapes/pgflibrary
shapes.multipart.code.tex
File: pgflibraryshapes.multipart.code.tex 2023-01-15 v3.1.10 (3.1.10)
\pgfnodepartlowerbox=\box90
\pgfnodeparttwobox=\box91
\pgfnodepartthreebox=\box92
\pgfnodepartfourbox=\box93
\pgfnodeparttwentybox=\box94
\pgfnodepartnineteenbox=\box95
\pgfnodeparteighteenbox=\box96
\pgfnodepartseventeenbox=\box97
\pgfnodepartsixteenbox=\box98
\pgfnodepartfifteenbox=\box99
\pgfnodepartfourteenbox=\box100
\pgfnodepartthirteenbox=\box101
\pgfnodeparttwelvebox=\box102
\pgfnodepartelevenbox=\box103
\pgfnodeparttenbox=\box104
\pgfnodepartninebox=\box105
\pgfnodeparteightbox=\box106
\pgfnodepartsevenbox=\box107
\pgfnodepartsixbox=\box108
\pgfnodepartfivebox=\box109
)))
(/usr/local/texlive/2023/texmf-dist/tex/generic/pgf/frontendlayer/tikz/librarie
s/tikzlibraryarrows.code.tex
File: tikzlibraryarrows.code.tex 2023-01-15 v3.1.10 (3.1.10)

(/usr/local/texlive/2023/texmf-dist/tex/generic/pgf/libraries/pgflibraryarrows.
code.tex
File: pgflibraryarrows.code.tex 2023-01-15 v3.1.10 (3.1.10)
\arrowsize=\dimen312
))
(/usr/local/texlive/2023/texmf-dist/tex/latex/tikz-3dplot/tikz-3dplot.sty
(/usr/local/texlive/2023/texmf-dist/tex/generic/pgf/frontendlayer/tikz/librarie
s/tikzlibrary3d.code.tex
File: tikzlibrary3d.code.tex 2023-01-15 v3.1.10 (3.1.10)
))
(/usr/local/texlive/2023/texmf-dist/tex/luatex/luatexja/lltjext.sty
Package: lltjext 2022-08-24 v1.2k-ltj-14 Macros for vertical writing
\ltj@ext@dir=\count334
\@floatbox=\box110
\floatwidth=\dimen313
\floatheight=\dimen314
\floatruletick=\dimen315
\captionfloatsep=\dimen316
\captionwidth=\dimen317
\@captionbox=\box111
LaTeX Info: Redefining \parbox on input line 362.
\@picwd=\dimen318
\rensujiskip=\skip62
)
(/usr/local/texlive/2023/texmf-dist/tex/latex/tools/longtable.sty
Package: longtable 2023-11-01 v4.19 Multi-page Table package (DPC)
\LTleft=\skip63
\LTright=\skip64
\LTpre=\skip65
\LTpost=\skip66
\LTchunksize=\count335
\LTcapwidth=\dimen319
\LT@head=\box112
\LT@firsthead=\box113
\LT@foot=\box114
\LT@lastfoot=\box115
\LT@gbox=\box116
\LT@cols=\count336
\LT@rows=\count337
\c@LT@tables=\count338
\c@LT@chunks=\count339
\LT@p@ftn=\toks51
)
(/usr/local/texlive/2023/texmf-dist/tex/luatex/luatexja/addons/luatexja-fontspe
c.sty
Package: luatexja-fontspec 2020-09-14 fontspec support of LuaTeX-ja

(/usr/local/texlive/2023/texmf-dist/tex/latex/l3packages/l3keys2e/l3keys2e.sty
Package: l3keys2e 2023-10-10 LaTeX2e option processing using LaTeX3 keys
) (/usr/local/texlive/2023/texmf-dist/tex/latex/fontspec/fontspec.sty
(/usr/local/texlive/2023/texmf-dist/tex/latex/l3packages/xparse/xparse.sty
Package: xparse 2023-10-10 L3 Experimental document command parser
)
Package: fontspec 2022/01/15 v2.8a Font selection for XeLaTeX and LuaLaTeX
Lua module: fontspec 2022/01/15 2.8a Font selection for XeLaTeX and LuaLaTeX
(/usr/local/texlive/2023/texmf-dist/tex/latex/fontspec/fontspec-luatex.sty
Package: fontspec-luatex 2022/01/15 v2.8a Font selection for XeLaTeX and LuaLaT
eX
\l__fontspec_script_int=\count340
\l__fontspec_language_int=\count341
\l__fontspec_strnum_int=\count342
\l__fontspec_tmp_int=\count343
\l__fontspec_tmpa_int=\count344
\l__fontspec_tmpb_int=\count345
\l__fontspec_tmpc_int=\count346
\l__fontspec_em_int=\count347
\l__fontspec_emdef_int=\count348
\l__fontspec_strong_int=\count349
\l__fontspec_strongdef_int=\count350
\l__fontspec_tmpa_dim=\dimen320
\l__fontspec_tmpb_dim=\dimen321
\l__fontspec_tmpc_dim=\dimen322

(/usr/local/texlive/2023/texmf-dist/tex/latex/base/fontenc.sty
Package: fontenc 2021/04/29 v2.0v Standard LaTeX package
)
(/usr/local/texlive/2023/texmf-dist/tex/latex/fontspec/fontspec.cfg)(load cache:
 extra_lmroman10-bold.luc)
LaTeX Font Info:    Font shape `JT3/mc/b/n' in size <10> not available
(Font)              Font shape `JT3/gt/m/n' tried instead on input line 3901.
LaTeX Font Info:    Font shape `JT3/gt/m/n' will be
(Font)              scaled to size 9.24713pt on input line 3901.
LaTeX Font Info:    Font shape `JY3/mc/b/n' in size <10> not available
(Font)              Font shape `JY3/gt/m/n' tried instead on input line 3901.
LaTeX Font Info:    Font shape `JY3/gt/m/n' will be
(Font)              scaled to size 9.24713pt on input line 3901.
(load cache: extra_haranoajigothic-medium.luc)))
(/usr/local/texlive/2023/texmf-dist/tex/luatex/luatexja/patches/lltjp-fontspec.
sty)
(/usr/local/texlive/2023/texmf-dist/tex/luatex/luatexja/addons/luatexja-fontspe
c-27c.sty
Package: luatexja-fontspec-27c 2020-04-04 fontspec support of LuaTeX-ja
\g__ltj_fontspec_altnumber_int=\count351
))
(/usr/local/texlive/2023/texmf-dist/tex/latex/nicematrix/nicematrix.sty
Package: nicematrix 2023/11/03 v6.25a Enhanced arrays with the help of PGF/TikZ


(/usr/local/texlive/2023/texmf-dist/tex/latex/tools/array.sty
Package: array 2023/10/16 v2.5g Tabular extension package (FMi)
\col@sep=\dimen323
\ar@mcellbox=\box117
\extrarowheight=\dimen324
\NC@list=\toks52
\extratabsurround=\skip67
\backup@length=\skip68
\ar@cellbox=\box118
)
\g__nicematrix_env_int=\count352
\g__nicematrix_NiceMatrixBlock_int=\count353
\g__nicematrix_notes_caption_int=\count354
\l__nicematrix_columns_width_dim=\dimen325
\l__nicematrix_col_width_dim=\dimen326
\g__nicematrix_row_total_int=\count355
\g__nicematrix_col_total_int=\count356
\g__nicematrix_last_row_node_int=\count357
\l__nicematrix_key_nb_rows_int=\count358
\g__nicematrix_blocks_wd_dim=\dimen327
\g__nicematrix_blocks_ht_dim=\dimen328
\g__nicematrix_blocks_dp_dim=\dimen329
\l__nicematrix_block_ysep_dim=\dimen330
\l__nicematrix_width_dim=\dimen331
\l__nicematrix_tabular_width_dim=\dimen332
\l__nicematrix_rule_width_dim=\dimen333
\l__nicematrix_old_iRow_int=\count359
\l__nicematrix_old_jCol_int=\count360
\g__nicematrix_total_X_weight_int=\count361
\l__nicematrix_X_columns_dim=\dimen334
\l__nicematrix_x_initial_dim=\dimen335
\l__nicematrix_y_initial_dim=\dimen336
\l__nicematrix_x_final_dim=\dimen337
\l__nicematrix_y_final_dim=\dimen338
\l__nicematrix_tmpc_dim=\dimen339
\l__nicematrix_tmpd_dim=\dimen340
\g__nicematrix_width_last_col_dim=\dimen341
\g__nicematrix_width_first_col_dim=\dimen342
\l__nicematrix_row_min_int=\count362
\l__nicematrix_row_max_int=\count363
\l__nicematrix_col_min_int=\count364
\l__nicematrix_col_max_int=\count365
\g__nicematrix_static_num_of_col_int=\count366
\l__nicematrix_rounded_corners_dim=\dimen343
\l__nicematrix_tab_rounded_corners_dim=\dimen344
\l__nicematrix_offset_dim=\dimen345
\l__nicematrix_line_width_dim=\dimen346
\g__nicematrix_block_box_int=\count367
\l__nicematrix_submatrix_extra_height_dim=\dimen347
\l__nicematrix_submatrix_left_xshift_dim=\dimen348
\l__nicematrix_submatrix_right_xshift_dim=\dimen349
\l__nicematrix_first_row_int=\count368
\l__nicematrix_first_col_int=\count369
\l__nicematrix_last_row_int=\count370
\l__nicematrix_last_col_int=\count371
\c@tabularnote=\count372
\c@nicematrix_draft=\count373
\l__nicematrix_cell_space_top_limit_dim=\dimen350
\l__nicematrix_cell_space_bottom_limit_dim=\dimen351
\l__nicematrix_xdots_inter_dim=\dimen352
\l__nicematrix_xdots_shorten_start_dim=\dimen353
\l__nicematrix_xdots_shorten_end_dim=\dimen354
\l__nicematrix_xdots_radius_dim=\dimen355
\l__nicematrix_notes_above_space_dim=\dimen356
\l__nicematrix_left_margin_dim=\dimen357
\l__nicematrix_right_margin_dim=\dimen358
\l__nicematrix_extra_left_margin_dim=\dimen359
\l__nicematrix_extra_right_margin_dim=\dimen360
\c__nicematrix_max_l_dim=\dimen361
\l__nicematrix_position_int=\count374
\l__nicematrix_start_int=\count375
\l__nicematrix_multiplicity_int=\count376
\l__nicematrix_brace_yshift_dim=\dimen362
)
(/usr/local/texlive/2023/texmf-dist/tex/latex/booktabs/booktabs.sty
Package: booktabs 2020/01/12 v1.61803398 Publication quality tables
\heavyrulewidth=\dimen363
\lightrulewidth=\dimen364
\cmidrulewidth=\dimen365
\belowrulesep=\dimen366
\belowbottomsep=\dimen367
\aboverulesep=\dimen368
\abovetopsep=\dimen369
\cmidrulesep=\dimen370
\cmidrulekern=\dimen371
\defaultaddspace=\dimen372
\@cmidla=\count377
\@cmidlb=\count378
\@aboverulesep=\dimen373
\@belowrulesep=\dimen374
\@thisruleclass=\count379
\@lastruleclass=\count380
\@thisrulewidth=\dimen375
)
(/usr/local/texlive/2023/texmf-dist/tex/latex/accents/accents.sty
Package: accents 2006/05/12 v1.4 Math Accent Tools
\cc@skew=\dimen376
\cc@wd=\dimen377
\cc@code=\count381
\cc@group=\count382
\cc@skewchar=\count383
)
luaotfload | cache : Lookup cache loaded from /Users/hermite/Library/texlive/202
3/texmf-var/luatex-cache/generic/names/luaotfload-lookup-cache.luc.(load cache: 
extra_biz-udmincho-medium.luc)

Package fontspec Info: Font family 'BIZUDMinchoMedium(0)' created for font
(fontspec)             'BIZ UDMincho Medium' with options
(fontspec)             [YokoFeatures={JFM=ujis},TateFeatures={JFM=ujisv},Scale=
0.924715,Kerning=Off,Script=CJK,BoldFont={},ItalicFont={},SmallCapsFont={},Yoko
Features={JFM=ujis}].
(fontspec)              
(fontspec)              This font family consists of the following NFSS
(fontspec)             series/shapes:
(fontspec)              

(load cache: extra_biz-udpmincho-medium.luc)(load cache: extra_biz-udpgothic-bol
d.luc)

Package fontspec Info: Font family 'BIZUDPMinchoMedium(0)' created for font
(fontspec)             'BIZ UDPMincho Medium' with options
(fontspec)             [YokoFeatures={JFM=ujis},TateFeatures={JFM=ujisv},Scale=
0.924715,Kerning=Off,Script=CJK,Ligatures={Common,TeX},ItalicFont={BIZ
(fontspec)             UDPMincho
(fontspec)             Medium},ItalicFeatures={FakeSlant=0.27},SlantedFont={BIZ

(fontspec)             UDPMincho
(fontspec)             Medium},SlantedFeatures={FakeSlant=0.18},BoldFont={BIZ
(fontspec)             UDPGothic Bold},BoldSlantedFont={BIZ UDPGothic
(fontspec)             Bold},BoldSlantedFeatures={FakeSlant=0.18},BoldItalicFon
t={BIZ
(fontspec)             UDPGothic
(fontspec)             Bold},BoldItalicFeatures={FakeSlant=0.27},YokoFeatures={
JFM=prop}].
(fontspec)              
(fontspec)              This font family consists of the following NFSS
(fontspec)             series/shapes:
(fontspec)              

LaTeX Font Info:    Redeclaring symbol font `mincho' on input line 43.
LaTeX Font Info:    Overwriting symbol font `mincho' in version `normal'
(Font)                  JY3/mc/m/n --> JY3/BIZUDPMinchoMedium(0)/m/n on input l
ine 43.
LaTeX Font Info:    Overwriting symbol font `mincho' in version `bold'
(Font)                  JY3/gt/m/n --> JY3/BIZUDPMinchoMedium(0)/m/n on input l
ine 43.
LaTeX Font Info:    Overwriting symbol font `mincho' in version `bold'
(Font)                  JY3/BIZUDPMinchoMedium(0)/m/n --> JY3/BIZUDPMinchoMediu
m(0)/b/n on input line 43.
LaTeX Font Info:    Font shape `JT3/BIZUDPMinchoMedium(0)/m/n' will be
(Font)              scaled to size 9.24713pt on input line 43.
LaTeX Font Info:    Font shape `JY3/BIZUDPMinchoMedium(0)/m/n' will be
(Font)              scaled to size 9.24713pt on input line 43.

(/usr/local/texlive/2023/texmf-dist/tex/luatex/luatexja/jfm-prop.lua)
(/usr/local/texlive/2023/texmf-dist/tex/latex/colortbl/colortbl.sty
Package: colortbl 2022/06/20 v1.0f Color table columns (DPC)
\everycr=\toks53
\minrowclearance=\skip69
\rownum=\count384
)
(/usr/local/texlive/2023/texmf-dist/tex/latex/listingsutf8/listingsutf8.sty
Package: listingsutf8 2019-12-10 v1.5 Allow UTF-8 in listings input (HO)

(/usr/local/texlive/2023/texmf-dist/tex/latex/listings/listings.sty
\lst@mode=\count385
\lst@gtempboxa=\box119
\lst@token=\toks54
\lst@length=\count386
\lst@currlwidth=\dimen378
\lst@column=\count387
\lst@pos=\count388
\lst@lostspace=\dimen379
\lst@width=\dimen380
\lst@newlines=\count389
\lst@lineno=\count390
\lst@maxwidth=\dimen381

(/usr/local/texlive/2023/texmf-dist/tex/latex/listings/lstmisc.sty
File: lstmisc.sty 2023/02/27 1.9 (Carsten Heinz)
\c@lstnumber=\count391
\lst@skipnumbers=\count392
\lst@framebox=\box120
)
(/usr/local/texlive/2023/texmf-dist/tex/latex/listings/listings.cfg
File: listings.cfg 2023/02/27 1.9 listings configuration
))
Package: listings 2023/02/27 1.9 (Carsten Heinz)

(/usr/local/texlive/2023/texmf-dist/tex/luatex/luatexja/patches/lltjp-listings.
sty
(/usr/local/texlive/2023/texmf-dist/tex/luatex/luatexbase/luatexbase-cctb.sty
Package: luatexbase-cctb 2015/10/04 v1.3 luatexbase interface to LuaTeX (legacy
 subpackage) 
)
\ltj@lst@japanese@min=\count393
\CatcodeTableLTJlistings=\catcodetable17
\ltj@lst@frame@lslimit=\dimen382

(/usr/local/texlive/2023/texmf-dist/tex/latex/listings/lstmisc.sty
File: lstmisc.sty 2023/02/27 1.9 (Carsten Heinz)
\lst@WFtoken=\toks55
\lst@WF=\write5
))
(/usr/local/texlive/2023/texmf-dist/tex/generic/stringenc/stringenc.sty
Package: stringenc 2019/11/29 v1.12 Convert strings between diff. encodings (HO
)

(/usr/local/texlive/2023/texmf-dist/tex/generic/pdfescape/pdfescape.sty
Package: pdfescape 2019/12/09 v1.15 Implements pdfTeX's escape features (HO)
)))
(/usr/local/texlive/2023/texmf-dist/tex/latex/hyperref/hyperref.sty
Package: hyperref 2023-11-09 v7.01f Hypertext links for LaTeX

(/usr/local/texlive/2023/texmf-dist/tex/generic/kvdefinekeys/kvdefinekeys.sty
Package: kvdefinekeys 2019-12-19 v1.6 Define keys (HO)
)
(/usr/local/texlive/2023/texmf-dist/tex/latex/hycolor/hycolor.sty
Package: hycolor 2020-01-27 v1.10 Color options for hyperref/bookmark (HO)
)
(/usr/local/texlive/2023/texmf-dist/tex/latex/letltxmacro/letltxmacro.sty
Package: letltxmacro 2019/12/03 v1.6 Let assignment for LaTeX macros (HO)
)
(/usr/local/texlive/2023/texmf-dist/tex/latex/auxhook/auxhook.sty
Package: auxhook 2019-12-17 v1.6 Hooks for auxiliary files (HO)
)
(/usr/local/texlive/2023/texmf-dist/tex/latex/hyperref/nameref.sty
Package: nameref 2023-11-09 v2.55 Cross-referencing by name of section

(/usr/local/texlive/2023/texmf-dist/tex/latex/refcount/refcount.sty
Package: refcount 2019/12/15 v3.6 Data extraction from label references (HO)
)
(/usr/local/texlive/2023/texmf-dist/tex/generic/gettitlestring/gettitlestring.s
ty
Package: gettitlestring 2019/12/15 v1.6 Cleanup title references (HO)
)
\c@section@level=\count394
)
\@linkdim=\dimen383
\Hy@linkcounter=\count395
\Hy@pagecounter=\count396
 (/usr/local/texlive/2023/texmf-dist/tex/latex/hyperref/pd1enc.def
File: pd1enc.def 2023-11-09 v7.01f Hyperref: PDFDocEncoding definition (HO)
)
(/usr/local/texlive/2023/texmf-dist/tex/generic/intcalc/intcalc.sty
Package: intcalc 2019/12/15 v1.3 Expandable calculations with integers (HO)
)
\Hy@SavedSpaceFactor=\count397

(/usr/local/texlive/2023/texmf-dist/tex/latex/hyperref/puenc.def
File: puenc.def 2023-11-09 v7.01f Hyperref: PDF Unicode definition (HO)
)
Package hyperref Info: Hyper figures OFF on input line 4171.
Package hyperref Info: Link nesting OFF on input line 4176.
Package hyperref Info: Hyper index ON on input line 4179.
Package hyperref Info: Plain pages OFF on input line 4186.
Package hyperref Info: Backreferencing OFF on input line 4191.
Package hyperref Info: Implicit mode ON; LaTeX internals redefined.
Package hyperref Info: Bookmarks ON on input line 4438.
\c@Hy@tempcnt=\count398
LaTeX Info: Redefining \url on input line 4776.
\XeTeXLinkMargin=\dimen384

(/usr/local/texlive/2023/texmf-dist/tex/generic/bitset/bitset.sty
Package: bitset 2019/12/09 v1.3 Handle bit-vector datatype (HO)

(/usr/local/texlive/2023/texmf-dist/tex/generic/bigintcalc/bigintcalc.sty
Package: bigintcalc 2019/12/15 v1.5 Expandable calculations on big integers (HO
)
))
\Fld@menulength=\count399
\Field@Width=\dimen385
\Fld@charsize=\dimen386
Package hyperref Info: Hyper figures OFF on input line 6055.
Package hyperref Info: Link nesting OFF on input line 6060.
Package hyperref Info: Hyper index ON on input line 6063.
Package hyperref Info: backreferencing OFF on input line 6070.
Package hyperref Info: Link coloring OFF on input line 6075.
Package hyperref Info: Link coloring with OCG OFF on input line 6080.
Package hyperref Info: PDF/A mode OFF on input line 6085.
\Hy@abspage=\count400
\c@Item=\count401
\c@Hfootnote=\count402
)
Package hyperref Info: Driver (autodetected): hluatex.

(/usr/local/texlive/2023/texmf-dist/tex/latex/hyperref/hluatex.def
File: hluatex.def 2023-11-09 v7.01f Hyperref driver for luaTeX

(/usr/local/texlive/2023/texmf-dist/tex/latex/base/atveryend-ltx.sty
Package: atveryend-ltx 2020/08/19 v1.0a Emulation of the original atveryend pac
kage
with kernel methods
)
\Fld@listcount=\count403
\c@bookmark@seq@number=\count404

(/usr/local/texlive/2023/texmf-dist/tex/latex/rerunfilecheck/rerunfilecheck.sty
Package: rerunfilecheck 2022-07-10 v1.10 Rerun checks for auxiliary files (HO)

(/usr/local/texlive/2023/texmf-dist/tex/generic/uniquecounter/uniquecounter.sty
Package: uniquecounter 2019/12/15 v1.4 Provide unlimited unique counter (HO)
)
Package uniquecounter Info: New unique counter `rerunfilecheck' on input line 2
85.
)
\Hy@SectionHShift=\skip70
)
Package hyperref Info: Option `setpagesize' set `false' on input line 78.
Package hyperref Info: Option `bookmarksnumbered' set `true' on input line 78.
Package hyperref Info: Option `bookmarksopen' set `true' on input line 78.
Package hyperref Info: Option `colorlinks' set `true' on input line 78.
 (/usr/local/texlive/2023/texmf-dist/tex/latex/tcolorbox/tcolorbox.sty
Package: tcolorbox 2023/09/26 version 6.1.0 text color boxes

(/usr/local/texlive/2023/texmf-dist/tex/latex/tools/verbatim.sty
Package: verbatim 2022-07-02 v1.5u LaTeX2e package for verbatim enhancements
\every@verbatim=\toks56
\verbatim@line=\toks57
\verbatim@in@stream=\read4
)
(/usr/local/texlive/2023/texmf-dist/tex/latex/environ/environ.sty
Package: environ 2014/05/04 v0.3 A new way to define environments

(/usr/local/texlive/2023/texmf-dist/tex/latex/trimspaces/trimspaces.sty
Package: trimspaces 2009/09/17 v1.1 Trim spaces around a token list
))
\tcb@titlebox=\box121
\tcb@upperbox=\box122
\tcb@lowerbox=\box123
\tcb@phantombox=\box124
\c@tcbbreakpart=\count405
\c@tcblayer=\count406
\c@tcolorbox@number=\count407
\tcb@temp=\box125
\tcb@temp=\box126
\tcb@temp=\box127
\tcb@temp=\box128
)
(/usr/local/texlive/2023/texmf-dist/tex/latex/tcolorbox/tcbbreakable.code.tex
Library (tcolorbox): 'tcbbreakable.code.tex' version '6.1.0'
(/usr/local/texlive/2023/texmf-dist/tex/latex/pdfcol/pdfcol.sty
Package: pdfcol 2022-09-21 v1.7 Handle new color stacks for pdfTeX (HO)
)
Package pdfcol Info: New color stack `tcb@breakable' = 1 on input line 23.
\tcb@testbox=\box129
\tcb@totalupperbox=\box130
\tcb@totallowerbox=\box131
)
(/usr/local/texlive/2023/texmf-dist/tex/latex/tcolorbox/tcbskins.code.tex
Library (tcolorbox): 'tcbskins.code.tex' version '6.1.0'
(/usr/local/texlive/2023/texmf-dist/tex/latex/tikzfill/tikzfill.image.sty
Package: tikzfill.image 2023/08/08 v1.0.1 Image filling library for TikZ

(/usr/local/texlive/2023/texmf-dist/tex/latex/tikzfill/tikzfill-common.sty
Package: tikzfill-common 2023/08/08 v1.0.1 Auxiliary code for tikzfill
)
(/usr/local/texlive/2023/texmf-dist/tex/latex/tikzfill/tikzlibraryfill.image.co
de.tex
File: tikzlibraryfill.image.code.tex 2023/08/08 v1.0.1 Image filling library
\l__tikzfill_img_box=\box132
))
(/usr/local/texlive/2023/texmf-dist/tex/latex/tcolorbox/tcbskinsjigsaw.code.tex
Library (tcolorbox): 'tcbskinsjigsaw.code.tex' version '6.1.0'
)) (/usr/local/texlive/2023/texmf-dist/tex/latex/tcolorbox/tcbtheorems.code.tex
Library (tcolorbox): 'tcbtheorems.code.tex' version '6.1.0'
)
\c@tcb@cnt@Rscreen=\count408
\c@tcb@cnt@SCrstan=\count409
\c@tcb@cnt@SCcmd=\count410
\c@tcb@cnt@MCMCout=\count411
\c@tcb@cnt@reidai=\count412
\c@tcb@cnt@hinto=\count413
 (/usr/local/texlive/2023/texmf-dist/tex/latex/capt-of/capt-of.sty
Package: capt-of 2009/12/29 v0.2 standard captions outside of floats
)
\c@tcb@cnt@FAQ=\count414

(/usr/local/texlive/2023/texmf-dist/tex/latex/base/makeidx.sty
Package: makeidx 2021/10/04 v1.0m Standard LaTeX package
)
\@indexfile=\write6

\openout6 = Dkiso1_bookE.idx

Writing index file Dkiso1_bookE.idx
(/usr/local/texlive/2023/texmf-dist/tex/latex/fancyhdr/fancyhdr.sty
Package: fancyhdr 2022/11/09 v4.1 Extensive control of page headers and footers

\f@nch@headwidth=\skip71
\f@nch@O@elh=\skip72
\f@nch@O@erh=\skip73
\f@nch@O@olh=\skip74
\f@nch@O@orh=\skip75
\f@nch@O@elf=\skip76
\f@nch@O@erf=\skip77
\f@nch@O@olf=\skip78
\f@nch@O@orf=\skip79
))
(/usr/local/texlive/2023/texmf-dist/tex/latex/docmute/docmute.sty
Package: docmute 2012/03/22 v1.4 Input stand-alone documents
)
(/usr/local/texlive/2023/texmf-dist/tex/luatex/luatexja/patches/lltjp-array.sty
Package: lltjp-array 2019-07-18 Patch to array for LuaTeX-ja
) (./Dkiso1_bookE.aux (./m01_introductionE.aux) (./m02_NumbersE.aux)
(./m03_introRE.aux) (./m04_usingRE.aux) (./m05_descriptivesE.aux)
(./m06_cttE.aux) (./m07_probabilityE.aux) (./m08_CorrelationCausationE.aux)
(./m09_RegressionE.aux) (./m10_MultipleRegressionE.aux)
(./m11_Regression_onRE.aux) (./m12_design1E.aux) (./m13_design2E.aux)
(./m14_design3E.aux) (./m15_FirstSemesterE.aux) (./m16_inferenceE.aux)
(./m17_estimation_and_testE.aux) (./m18_NHSTE.aux) (./m19_NHST2E.aux)
(./m20_ttestE.aux) (./m21_anovaE.aux) (./m22_anova_onRE.aux)
(./m23_likelihoodE.aux) (./m24_maximum_likelihoodE.aux) (./m25_bayesianE.aux)
(./m26_bayesian2E.aux) (./m27_bayesian3E.aux) (./m28_jaspE.aux)
(./m29_brmsE.aux) (./m30_SecondSemesterE.aux))
\openout1 = Dkiso1_bookE.aux

LaTeX Font Info:    Checking defaults for OML/cmm/m/it on input line 6.
LaTeX Font Info:    ... okay on input line 6.
LaTeX Font Info:    Checking defaults for OMS/cmsy/m/n on input line 6.
LaTeX Font Info:    ... okay on input line 6.
LaTeX Font Info:    Checking defaults for OT1/cmr/m/n on input line 6.
LaTeX Font Info:    ... okay on input line 6.
LaTeX Font Info:    Checking defaults for T1/cmr/m/n on input line 6.
LaTeX Font Info:    ... okay on input line 6.
LaTeX Font Info:    Checking defaults for TS1/cmr/m/n on input line 6.
LaTeX Font Info:    Trying loading font information for TS1+cmr on input line 6
.

(/usr/local/texlive/2023/texmf-dist/tex/latex/base/ts1cmr.fd
File: ts1cmr.fd 2023/04/13 v2.5m Standard LaTeX font definitions
)
LaTeX Font Info:    ... okay on input line 6.
LaTeX Font Info:    Checking defaults for TU/lmr/m/n on input line 6.
LaTeX Font Info:    ... okay on input line 6.
LaTeX Font Info:    Checking defaults for OMX/cmex/m/n on input line 6.
LaTeX Font Info:    ... okay on input line 6.
LaTeX Font Info:    Checking defaults for U/cmr/m/n on input line 6.
LaTeX Font Info:    ... okay on input line 6.
LaTeX Font Info:    Checking defaults for JY3/mc/m/n on input line 6.
LaTeX Font Info:    ... okay on input line 6.
LaTeX Font Info:    Checking defaults for JT3/mc/m/n on input line 6.
LaTeX Font Info:    ... okay on input line 6.
LaTeX Font Info:    Checking defaults for PD1/pdf/m/n on input line 6.
LaTeX Font Info:    ... okay on input line 6.
LaTeX Font Info:    Checking defaults for PU/pdf/m/n on input line 6.
LaTeX Font Info:    ... okay on input line 6.

*geometry* driver: auto-detecting
*geometry* detected driver: luatex
*geometry* verbose mode - [ preamble ] result:
* driver: luatex
* paper: <default>
* layout: <same size as paper>
* layoutoffset:(h,v)=(0.0pt,0.0pt)
* modes: includehead includefoot twoside heightrounded 
* h-part:(L,W,R)=(71.70166pt, 418.25368pt, 107.55254pt)
* v-part:(T,H,B)=(71.13188pt, 702.78308pt, 71.13188pt)
* \paperwidth=597.50787pt
* \paperheight=845.04684pt
* \textwidth=418.25368pt
* \textheight=668.76108pt
* \oddsidemargin=-0.56833pt
* \evensidemargin=35.28255pt
* \topmargin=-1.1381pt
* \headheight=20.0pt
* \headsep=14.31049pt
* \topskip=12.76108pt
* \footskip=16.0pt
* \marginparwidth=120.2127pt
* \marginparsep=18.49426pt
* \columnsep=18.49426pt
* \skip\footins=16.0pt plus 5.0pt minus 2.0pt
* \hoffset=0.0pt
* \voffset=0.0pt
* \mag=1000
* \@twocolumnfalse
* \@twosidetrue
* \@mparswitchtrue
* \@reversemarginfalse
* (1in=72.27pt=25.4mm, 1cm=28.453pt)

(/usr/local/texlive/2023/texmf-dist/tex/context/base/mkii/supp-pdf.mkii
[Loading MPS to PDF converter (version 2006.09.02).]
\scratchcounter=\count415
\scratchdimen=\dimen387
\scratchbox=\box133
\nofMPsegments=\count416
\nofMParguments=\count417
\everyMPshowfont=\toks58
\MPscratchCnt=\count418
\MPscratchDim=\dimen388
\MPnumerator=\count419
\makeMPintoPDFobject=\count420
\everyMPtoPDFconversion=\toks59
) (/usr/local/texlive/2023/texmf-dist/tex/latex/epstopdf-pkg/epstopdf-base.sty
Package: epstopdf-base 2020-01-24 v2.11 Base part for package epstopdf
Package epstopdf-base Info: Redefining graphics rule for `.eps' on input line 4
85.

(/usr/local/texlive/2023/texmf-dist/tex/latex/latexconfig/epstopdf-sys.cfg
File: epstopdf-sys.cfg 2010/07/13 v1.3 Configuration of (r)epstopdf for TeX Liv
e
))
(/usr/local/texlive/2023/texmf-dist/tex/latex/pdflscape/pdflscape.sty
Package: pdflscape 2022-10-27 v0.13 Display of landscape pages in PDF

(/usr/local/texlive/2023/texmf-dist/tex/latex/pdflscape/pdflscape-nometadata.st
y
Package: pdflscape-nometadata 2022-10-28 v0.13 Display of landscape pages in PD
F (HO)
Package pdflscape Info: Auto-detected driver: pdftex on input line 81.
))

Package fontspec Info: Adjusting the maths setup (use [no-math] to avoid
(fontspec)             this).

\symlegacymaths=\mathgroup11
LaTeX Font Info:    Overwriting symbol font `legacymaths' in version `bold'
(Font)                  OT1/cmr/m/n --> OT1/cmr/bx/n on input line 6.
LaTeX Font Info:    Redeclaring math accent \acute on input line 6.
LaTeX Font Info:    Redeclaring math accent \grave on input line 6.
LaTeX Font Info:    Redeclaring math accent \ddot on input line 6.
LaTeX Font Info:    Redeclaring math accent \tilde on input line 6.
LaTeX Font Info:    Redeclaring math accent \bar on input line 6.
LaTeX Font Info:    Redeclaring math accent \breve on input line 6.
LaTeX Font Info:    Redeclaring math accent \check on input line 6.
LaTeX Font Info:    Redeclaring math accent \hat on input line 6.
LaTeX Font Info:    Redeclaring math accent \dot on input line 6.
LaTeX Font Info:    Redeclaring math accent \mathring on input line 6.
LaTeX Font Info:    Redeclaring math symbol \Gamma on input line 6.
LaTeX Font Info:    Redeclaring math symbol \Delta on input line 6.
LaTeX Font Info:    Redeclaring math symbol \Theta on input line 6.
LaTeX Font Info:    Redeclaring math symbol \Lambda on input line 6.
LaTeX Font Info:    Redeclaring math symbol \Xi on input line 6.
LaTeX Font Info:    Redeclaring math symbol \Pi on input line 6.
LaTeX Font Info:    Redeclaring math symbol \Sigma on input line 6.
LaTeX Font Info:    Redeclaring math symbol \Upsilon on input line 6.
LaTeX Font Info:    Redeclaring math symbol \Phi on input line 6.
LaTeX Font Info:    Redeclaring math symbol \Psi on input line 6.
LaTeX Font Info:    Redeclaring math symbol \Omega on input line 6.
LaTeX Font Info:    Redeclaring math symbol \mathdollar on input line 6.
LaTeX Font Info:    Redeclaring symbol font `operators' on input line 6.
LaTeX Font Info:    Encoding `OT1' has changed to `TU' for symbol font
(Font)              `operators' in the math version `normal' on input line 6.
LaTeX Font Info:    Overwriting symbol font `operators' in version `normal'
(Font)                  OT1/cmr/m/n --> TU/lmr/m/n on input line 6.
LaTeX Font Info:    Encoding `OT1' has changed to `TU' for symbol font
(Font)              `operators' in the math version `bold' on input line 6.
LaTeX Font Info:    Overwriting symbol font `operators' in version `bold'
(Font)                  OT1/cmr/bx/n --> TU/lmr/m/n on input line 6.
LaTeX Font Info:    Overwriting symbol font `operators' in version `normal'
(Font)                  TU/lmr/m/n --> TU/lmr/m/n on input line 6.
LaTeX Font Info:    Overwriting math alphabet `\mathit' in version `normal'
(Font)                  OT1/cmr/m/it --> TU/lmr/m/it on input line 6.
LaTeX Font Info:    Overwriting math alphabet `\mathbf' in version `normal'
(Font)                  OT1/cmr/bx/n --> TU/lmr/b/n on input line 6.
LaTeX Font Info:    Overwriting math alphabet `\mathsf' in version `normal'
(Font)                  OT1/cmss/m/n --> TU/lmss/m/n on input line 6.
LaTeX Font Info:    Overwriting math alphabet `\mathtt' in version `normal'
(Font)                  OT1/cmtt/m/n --> TU/lmtt/m/n on input line 6.
LaTeX Font Info:    Overwriting symbol font `operators' in version `bold'
(Font)                  TU/lmr/m/n --> TU/lmr/b/n on input line 6.
LaTeX Font Info:    Overwriting math alphabet `\mathit' in version `bold'
(Font)                  OT1/cmr/bx/it --> TU/lmr/b/it on input line 6.
LaTeX Font Info:    Overwriting math alphabet `\mathsf' in version `bold'
(Font)                  OT1/cmss/bx/n --> TU/lmss/b/n on input line 6.
LaTeX Font Info:    Overwriting math alphabet `\mathtt' in version `bold'
(Font)                  OT1/cmtt/m/n --> TU/lmtt/b/n on input line 6.
\c__nicematrix_shift_Ldots_last_row_dim=\dimen389
\c__nicematrix_shift_exterior_Vdots_dim=\dimen390
\c__nicematrix_innersep_middle_dim=\dimen391
\c@lstlisting=\count421
 (/usr/local/texlive/2023/texmf-dist/tex/latex/base/inputenc.sty
Package: inputenc 2021/02/14 v1.3d Input encoding file
\inpenc@prehook=\toks60
\inpenc@posthook=\toks61
)
Package hyperref Info: Link coloring ON on input line 6.

(./Dkiso1_bookE.out) (./Dkiso1_bookE.out)
\@outlinefile=\write7

\openout7 = Dkiso1_bookE.out
\docmute@nestinglevel=\count422

warning  (file ../images/cover1.pdf) (pdf inclusion): PDF inclusion: found PDF v
ersion '1.6', but at most version '1.5' allowed
<../images/cover1.pdf, id=741, 1061.33514pt x 1693.61734pt>
File: ../images/cover1.pdf Graphic file (type pdf)
<use ../images/cover1.pdf>
Package luatex.def Info: ../images/cover1.pdf  used on input line 7.
(luatex.def)             Requested size: 1061.33255pt x 1693.61322pt.

warning  (file ../images/cover1.pdf) (pdf inclusion): PDF inclusion: found PDF v
ersion '1.6', but at most version '1.5' allowed
File: ../images/cover1.pdf Graphic file (type pdf)
<use ../images/cover1.pdf>
Package luatex.def Info: ../images/cover1.pdf  used on input line 7.
(luatex.def)             Requested size: 1061.33255pt x 1693.61322pt.

warning  (file ../images/cover1.pdf) (pdf inclusion): PDF inclusion: found PDF v
ersion '1.6', but at most version '1.5' allowed

warning  (file ../images/cover1.pdf) (pdf inclusion): PDF inclusion: found PDF v
ersion '1.6', but at most version '1.5' allowed
<../images/cover1.pdf, id=744, page=1, 1061.33514pt x 1693.61734pt>
File: ../images/cover1.pdf Graphic file (type pdf)
<use ../images/cover1.pdf, page 1>
Package luatex.def Info: ../images/cover1.pdf , page1 used on input line 7.
(luatex.def)             Requested size: 1061.33255pt x 1693.61322pt.
File: ../images/cover1.pdf Graphic file (type pdf)
<use ../images/cover1.pdf, page 1>
Package luatex.def Info: ../images/cover1.pdf , page1 used on input line 7.
(luatex.def)             Requested size: 529.74318pt x 845.33359pt.
File: ../images/cover1.pdf Graphic file (type pdf)
<use ../images/cover1.pdf, page 1>
Package luatex.def Info: ../images/cover1.pdf , page1 used on input line 7.
(luatex.def)             Requested size: 529.74318pt x 845.33359pt.
File: ../images/cover1.pdf Graphic file (type pdf)
<use ../images/cover1.pdf, page 1>
Package luatex.def Info: ../images/cover1.pdf , page1 used on input line 7.
(luatex.def)             Requested size: 529.74318pt x 845.33359pt.
File: ../images/cover1.pdf Graphic file (type pdf)
<use ../images/cover1.pdf, page 1>
Package luatex.def Info: ../images/cover1.pdf , page1 used on input line 7.
(luatex.def)             Requested size: 529.74318pt x 845.33359pt.
[1

<../images/cover1.pdf>] (../../common_contents/copyright.tex(load cache: extra_l
mmono10-regular.luc)
LaTeX Font Info:    Font shape `JT3/gt/m/n' will be
(Font)              scaled to size 9.24713pt on input line 13.
(load cache: extra_lmroman7-regular.luc)(load cache: extra_lmroman5-regular.luc)
LaTeX Font Info:    Font shape `JY3/BIZUDPMinchoMedium(0)/m/n' will be
(Font)              scaled to size 6.47299pt on input line 13.
LaTeX Font Info:    Font shape `JY3/BIZUDPMinchoMedium(0)/m/n' will be
(Font)              scaled to size 4.62357pt on input line 13.
LaTeX Font Info:    Trying loading font information for U+msa on input line 13.


(/usr/local/texlive/2023/texmf-dist/tex/latex/amsfonts/umsa.fd
File: umsa.fd 2013/01/14 v3.01 AMS symbols A
)
LaTeX Font Info:    Trying loading font information for U+msb on input line 13.


(/usr/local/texlive/2023/texmf-dist/tex/latex/amsfonts/umsb.fd
File: umsb.fd 2013/01/14 v3.01 AMS symbols B
)
LaTeX Font Info:    Font shape `JY3/gt/m/n' will be
(Font)              scaled to size 6.47299pt on input line 13.
LaTeX Font Info:    Font shape `JY3/gt/m/n' will be
(Font)              scaled to size 4.62357pt on input line 13.
(load cache: extra_lmromanslant10-regular.luc)
LaTeX Font Info:    Font shape `JT3/BIZUDPMinchoMedium(0)/m/sl' will be
(Font)              scaled to size 9.24713pt on input line 24.
LaTeX Font Info:    Font shape `JY3/BIZUDPMinchoMedium(0)/m/sl' will be
(Font)              scaled to size 9.24713pt on input line 24.
 [2{/usr/local/texlive/2023/texmf-var/fonts/map/pdftex/updmap/pdftex.map}

])(load cache: extra_lmroman17-regular.luc)
LaTeX Font Info:    Font shape `JT3/BIZUDPMinchoMedium(0)/m/n' will be
(Font)              scaled to size 15.97903pt on input line 16.
LaTeX Font Info:    Font shape `JY3/BIZUDPMinchoMedium(0)/m/n' will be
(Font)              scaled to size 15.97903pt on input line 16.
(load cache: extra_lmroman12-regular.luc)
LaTeX Font Info:    Font shape `JT3/BIZUDPMinchoMedium(0)/m/n' will be
(Font)              scaled to size 11.09656pt on input line 16.
LaTeX Font Info:    Font shape `JY3/BIZUDPMinchoMedium(0)/m/n' will be
(Font)              scaled to size 11.09656pt on input line 16.
(load cache: extra_lmroman6-regular.luc)
LaTeX Font Info:    Font shape `JY3/BIZUDPMinchoMedium(0)/m/n' will be
(Font)              scaled to size 7.3977pt on input line 16.
LaTeX Font Info:    Font shape `JY3/BIZUDPMinchoMedium(0)/m/n' will be
(Font)              scaled to size 5.54828pt on input line 16.
LaTeX Font Info:    Font shape `JY3/gt/m/n' will be
(Font)              scaled to size 11.09656pt on input line 16.
LaTeX Font Info:    Font shape `JY3/gt/m/n' will be
(Font)              scaled to size 7.3977pt on input line 16.
LaTeX Font Info:    Font shape `JY3/gt/m/n' will be
(Font)              scaled to size 5.54828pt on input line 16.

warning  (pdf backend): ignoring duplicate destination with the name 'page.1'
[1

] (./preface1E.tex
LaTeX Font Info:    Font shape `JT3/BIZUDPMinchoMedium(0)/m/n' will be
(Font)              scaled to size 13.31586pt on input line 2.
LaTeX Font Info:    Font shape `JY3/BIZUDPMinchoMedium(0)/m/n' will be
(Font)              scaled to size 13.31586pt on input line 2.
LaTeX Font Info:    Font shape `JT3/gt/m/n' will be
(Font)              scaled to size 13.31586pt on input line 2.
LaTeX Font Info:    Font shape `JY3/gt/m/n' will be
(Font)              scaled to size 13.31586pt on input line 2.
(load cache: extra_lmsans12-regular.luc)
LaTeX Font Info:    Font shape `JT3/gt/m/n' will be
(Font)              scaled to size 11.09656pt on input line 4.
 (./preface1_escape_01.tex(load cache: extra_lmsans10-regular.luc)) (./preface1
_escape_02.tex)
(./preface1_escape_03.tex(load cache: extra_lmroman9-regular.luc)
LaTeX Font Info:    Font shape `JT3/BIZUDPMinchoMedium(0)/m/n' will be
(Font)              scaled to size 8.32242pt on input line 3.
LaTeX Font Info:    Font shape `JY3/BIZUDPMinchoMedium(0)/m/n' will be
(Font)              scaled to size 8.32242pt on input line 3.
)
LaTeX Font Info:    Font shape `JT3/BIZUDPMinchoMedium(0)/m/n' will be
(Font)              scaled to size 6.47299pt on input line 25.
LaTeX Font Info:    Font shape `JT3/BIZUDPMinchoMedium(0)/m/n' will be
(Font)              scaled to size 7.3977pt on input line 25.
LaTeX Font Info:    Font shape `JT3/BIZUDPMinchoMedium(0)/m/n' will be
(Font)              scaled to size 5.54828pt on input line 25.
(load cache: extra_lmmono8-regular.luc)
LaTeX Font Info:    Font shape `JT3/gt/m/n' will be
(Font)              scaled to size 7.3977pt on input line 25.
)
warning  (pdf backend): ignoring duplicate destination with the name 'page.2'
[2] [3] [4

]
LaTeX Font Info:    Font shape `JT3/BIZUDPMinchoMedium(0)/m/n' will be
(Font)              scaled to size 23.00687pt on input line 21.
LaTeX Font Info:    Font shape `JY3/BIZUDPMinchoMedium(0)/m/n' will be
(Font)              scaled to size 23.00687pt on input line 21.
LaTeX Font Info:    Font shape `JT3/gt/m/n' will be
(Font)              scaled to size 23.00687pt on input line 21.
LaTeX Font Info:    Font shape `JY3/gt/m/n' will be
(Font)              scaled to size 23.00687pt on input line 21.
(load cache: extra_lmsans17-regular.luc) (./Dkiso1_bookE.toc
LaTeX Font Info:    Font shape `JT3/BIZUDPMinchoMedium(0)/b/n' will be
(Font)              scaled to size 9.24713pt on input line 71.
LaTeX Font Info:    Font shape `JY3/BIZUDPMinchoMedium(0)/b/n' will be
(Font)              scaled to size 9.24713pt on input line 71.
 [5] [6] [7] [8] [9])
\tf@toc=\write8

\openout8 = Dkiso1_bookE.toc
 [10]
LaTeX Font Info:    Font shape `JT3/BIZUDPMinchoMedium(0)/m/n' will be
(Font)              scaled to size 19.17854pt on input line 27.
LaTeX Font Info:    Font shape `JY3/BIZUDPMinchoMedium(0)/m/n' will be
(Font)              scaled to size 19.17854pt on input line 27.
LaTeX Font Info:    Font shape `JT3/gt/m/n' will be
(Font)              scaled to size 19.17854pt on input line 27.
LaTeX Font Info:    Font shape `JY3/gt/m/n' will be
(Font)              scaled to size 19.17854pt on input line 27.
LaTeX Font Info:    Font shape `JT3/BIZUDPMinchoMedium(0)/m/n' will be
(Font)              scaled to size 4.62357pt on input line 27.
(load cache: extra_lmsans8-regular.luc)
LaTeX Font Info:    Font shape `JT3/gt/m/n' will be
(Font)              scaled to size 4.62357pt on input line 27.
 [11

] [12]
\openout2 = m01_introductionE.aux

(./m01_introductionE.tex
第1章
[13


] (./m01_introduction_escape_01.tex) [14] (./m01_introduction_escape_02.tex(load
 cache: extra_lmroman9-bold.luc)
LaTeX Font Info:    Font shape `JT3/BIZUDPMinchoMedium(0)/b/n' will be
(Font)              scaled to size 8.32242pt on input line 3.
LaTeX Font Info:    Font shape `JY3/BIZUDPMinchoMedium(0)/b/n' will be
(Font)              scaled to size 8.32242pt on input line 3.


Package natbib Warning: Citation `Shimoyama2001' on page 15 undefined on input 
line 3.


Package natbib Warning: Citation `Shimoyama2001' on page 15 undefined on input 
line 3.

) [15] (./m01_introduction_escape_03.tex)(load cache: extra_lmroman8-bold.luc)
LaTeX Font Info:    Font shape `JT3/BIZUDPMinchoMedium(0)/b/n' will be
(Font)              scaled to size 7.3977pt on input line 95.
LaTeX Font Info:    Font shape `JY3/BIZUDPMinchoMedium(0)/b/n' will be
(Font)              scaled to size 7.3977pt on input line 95.


Package natbib Warning: Citation `IkeuchiR2014' on page 16 undefined on input l
ine 95.


Package natbib Warning: Citation `Hebizo2016' on page 16 undefined on input lin
e 95.

[16] (./m01_introduction_escape_04.tex) [17] (./m01_introduction_escape_05.tex
<../images/01_introduction/psychology_base.png, id=1096, 550.055pt x 152.57pt>
File: ../images/01_introduction/psychology_base.png Graphic file (type png)
<use ../images/01_introduction/psychology_base.png>
Package luatex.def Info: ../images/01_introduction/psychology_base.png  used on
 input line 3.
(luatex.def)             Requested size: 271.86234pt x 75.40947pt.
) [18<../images/01_introduction/psychology_base.png>]) [19]
\openout2 = m02_NumbersE.aux
 (./m02_NumbersE.tex

[20




]
第2章
(./m02_Numbers_escape_01.tex
<../images/02_Numbers/slide03_01.png, id=1120, 771.88374pt x 273.02pt>
File: ../images/02_Numbers/slide03_01.png Graphic file (type png)
<use ../images/02_Numbers/slide03_01.png>
Package luatex.def Info: ../images/02_Numbers/slide03_01.png  used on input lin
e 3.
(luatex.def)             Requested size: 334.60422pt x 118.35031pt.
) (./m02_Numbers_escape_02.tex
<../images/02_Numbers/slide03_02.png, id=1123, 725.71124pt x 364.36125pt>
File: ../images/02_Numbers/slide03_02.png Graphic file (type png)
<use ../images/02_Numbers/slide03_02.png>
Package luatex.def Info: ../images/02_Numbers/slide03_02.png  used on input lin
e 3.
(luatex.def)             Requested size: 334.60422pt x 167.99738pt.
) [21]
(./m02_Numbers_escape_03.tex
<../images/02_Numbers/slide03_03.png, id=1134, 732.7375pt x 442.65375pt>
File: ../images/02_Numbers/slide03_03.png Graphic file (type png)
<use ../images/02_Numbers/slide03_03.png>
Package luatex.def Info: ../images/02_Numbers/slide03_03.png  used on input lin
e 3.
(luatex.def)             Requested size: 334.60422pt x 202.13722pt.
) [22<../images/02_Numbers/slide03_01.png><../images/02_Numbers/slide03_02.png>] [23<../images/02_Numbers/slide03_03.png>]

LaTeX Warning: Reference `fig :: 03_04' on page 24 undefined on input line 59.

(./m02_Numbers_escape_04.tex
<../images/02_Numbers/slide03_04.png, id=1158, 376.40625pt x 454.69875pt>
File: ../images/02_Numbers/slide03_04.png Graphic file (type png)
<use ../images/02_Numbers/slide03_04.png>
Package luatex.def Info: ../images/02_Numbers/slide03_04.png  used on input lin
e 3.
(luatex.def)             Requested size: 209.12683pt x 252.63138pt.
) [24] (./m02_Numbers_escape_05.tex) [25<../images/02_Numbers/slide03_04.png>] 
(./m02_Numbers_escape_06.tex)

Package natbib Warning: Citation `stevens1946' on page 26 undefined on input li
ne 100.

(./m02_Numbers_escape_07.tex [26]) [27] (./m02_Numbers_escape_08.tex
<../images/02_Numbers/slide03_05.png, id=1201, 845.1575pt x 198.7425pt>
File: ../images/02_Numbers/slide03_05.png Graphic file (type png)
<use ../images/02_Numbers/slide03_05.png>
Package luatex.def Info: ../images/02_Numbers/slide03_05.png  used on input lin
e 3.
(luatex.def)             Requested size: 334.60422pt x 78.68588pt.
) [28<../images/02_Numbers/slide03_05.png>] (./m02_Numbers_escape_09.tex) [29] 
[30]

Package natbib Warning: Citation `ggplot2' on page 31 undefined on input line 1
73.

(./m02_Numbers_escape_10.tex
<../images/02_Numbers/ggplot_sample_01.png, id=1233, 867.24pt x 867.24pt>
File: ../images/02_Numbers/ggplot_sample_01.png Graphic file (type png)
<use ../images/02_Numbers/ggplot_sample_01.png>
Package luatex.def Info: ../images/02_Numbers/ggplot_sample_01.png  used on inp
ut line 3.
(luatex.def)             Requested size: 334.60422pt x 334.60963pt.
) (./m02_Numbers_escape_11.tex
<../images/02_Numbers/ggplot_sample_02.png, id=1234, 867.24pt x 433.62pt>
File: ../images/02_Numbers/ggplot_sample_02.png Graphic file (type png)
<use ../images/02_Numbers/ggplot_sample_02.png>
Package luatex.def Info: ../images/02_Numbers/ggplot_sample_02.png  used on inp
ut line 3.
(luatex.def)             Requested size: 334.60422pt x 167.30481pt.
)
(./m02_Numbers_escape_12.tex
<../images/02_Numbers/ggplot_sample_03.png, id=1235, 867.24pt x 433.62pt>
File: ../images/02_Numbers/ggplot_sample_03.png Graphic file (type png)
<use ../images/02_Numbers/ggplot_sample_03.png>
Package luatex.def Info: ../images/02_Numbers/ggplot_sample_03.png  used on inp
ut line 3.
(luatex.def)             Requested size: 334.60422pt x 167.30481pt.
) [31]

Package natbib Warning: Citation `Kieran2018' on page 32 undefined on input lin
e 190.


Package natbib Warning: Citation `Kinosady2021' on page 32 undefined on input l
ine 190.

(./m02_Numbers_escape_13.tex [32<../images/02_Numbers/ggplot_sample_01.png>])
(./m02_Numbers_escape_14.tex
<../images/02_Numbers/ggplot_sample_04.png, id=1263, 867.24pt x 433.62pt>
File: ../images/02_Numbers/ggplot_sample_04.png Graphic file (type png)
<use ../images/02_Numbers/ggplot_sample_04.png>
Package luatex.def Info: ../images/02_Numbers/ggplot_sample_04.png  used on inp
ut line 3.
(luatex.def)             Requested size: 334.60422pt x 167.30481pt.
) [33<../images/02_Numbers/ggplot_sample_02.png><../images/02_Numbers/ggplot_sam
ple_03.png>]

Package natbib Warning: Citation `Takagi196807' on page 34 undefined on input l
ine 204.


Package natbib Warning: Citation `Kieran2018' on page 34 undefined on input lin
e 206.


Package natbib Warning: Citation `Kieran2018' on page 34 undefined on input lin
e 208.

(./m02_Numbers_escape_15.tex
(/usr/local/texlive/2023/texmf-dist/tex/latex/listings/lstlang1.sty
File: lstlang1.sty 2023/02/27 1.9 listings language file
)
(/usr/local/texlive/2023/texmf-dist/tex/latex/listings/lstlang1.sty
File: lstlang1.sty 2023/02/27 1.9 listings language file
)
(/usr/local/texlive/2023/texmf-dist/tex/latex/listings/lstmisc.sty
File: lstmisc.sty 2023/02/27 1.9 (Carsten Heinz)
)
Package hyperref Info: bookmark level for unknown lstlisting defaults to 0 on i
nput line 1.
LaTeX Font Info:    Font shape `JT3/gt/m/n' will be
(Font)              scaled to size 8.32242pt on input line 1.
LaTeX Font Info:    Font shape `JY3/gt/m/n' will be
(Font)              scaled to size 8.32242pt on input line 1.
Removing  `ltj.process_input_buffer' from `process_input_buffer'.
Inserting `ltj.listings_unicode' in `process_input_buffer'.
Inserting `ltj.process_input_buffer' in `process_input_buffer'. [34<../images/02
_Numbers/ggplot_sample_04.png>]
Removing  `ltj.listings_unicode' from `process_input_buffer'.) (./m02_Numbers_e
scape_16.tex [35])
(./m02_Numbers_escape_17.tex)) [36]
\openout2 = m03_introRE.aux
 (./m03_introRE.tex
第3章
[37




] (./m03_introR_escape_01.tex
<../images/03_introR/computer_02.png, id=1362, 1753.55125pt x 1580.90625pt>
File: ../images/03_introR/computer_02.png Graphic file (type png)
<use ../images/03_introR/computer_02.png>
Package luatex.def Info: ../images/03_introR/computer_02.png  used on input lin
e 3.
(luatex.def)             Requested size: 334.60422pt x 301.65381pt.
) (./m03_introR_escape_02.tex
<../images/03_introR/computer_03.png, id=1363, 1069.9975pt x 874.26625pt>
File: ../images/03_introR/computer_03.png Graphic file (type png)
<use ../images/03_introR/computer_03.png>
Package luatex.def Info: ../images/03_introR/computer_03.png  used on input lin
e 3.
(luatex.def)             Requested size: 334.60422pt x 273.39429pt.
 [38<../images/03_introR/computer_02.png>]) (./m03_introR_escape_03.tex
<../images/03_introR/computer_04.png, id=1376, 653.44125pt x 373.395pt>
File: ../images/03_introR/computer_04.png Graphic file (type png)
<use ../images/03_introR/computer_04.png>
Package luatex.def Info: ../images/03_introR/computer_04.png  used on input lin
e 3.
(luatex.def)             Requested size: 334.60422pt x 191.19809pt.
)
(./m03_introR_escape_04.tex
<../images/03_introR/computer_05.png, id=1378, 845.1575pt x 328.22626pt>
File: ../images/03_introR/computer_05.png Graphic file (type png)
<use ../images/03_introR/computer_05.png>
Package luatex.def Info: ../images/03_introR/computer_05.png  used on input lin
e 3.
(luatex.def)             Requested size: 334.60422pt x 129.95094pt.
) [39<../images/03_introR/computer_03.png>] [40<../images/03_introR/computer_04.
png><../images/03_introR/computer_05.png>]

Package natbib Warning: Citation `kosugi2019' on page 41 undefined on input lin
e 92.

[41] (./m03_introR_escape_05.tex
<../images/03_introR/Screen1.png, id=1425, 1466.47874pt x 1024.82875pt>
File: ../images/03_introR/Screen1.png Graphic file (type png)
<use ../images/03_introR/Screen1.png>
Package luatex.def Info: ../images/03_introR/Screen1.png  used on input line 3.

(luatex.def)             Requested size: 313.69025pt x 219.20798pt.
) (./m03_introR_escape_06.tex
<../images/03_introR/Screen2.png, id=1426, 1353.055pt x 935.495pt>
File: ../images/03_introR/Screen2.png Graphic file (type png)
<use ../images/03_introR/Screen2.png>
Package luatex.def Info: ../images/03_introR/Screen2.png  used on input line 3.

(luatex.def)             Requested size: 313.69025pt x 216.88654pt.
)
(./m03_introR_escape_07.tex
<../images/03_introR/Screen3.png, id=1427, 1466.47874pt x 1024.82875pt>
File: ../images/03_introR/Screen3.png Graphic file (type png)
<use ../images/03_introR/Screen3.png>
Package luatex.def Info: ../images/03_introR/Screen3.png  used on input line 3.

(luatex.def)             Requested size: 313.69025pt x 219.20798pt.
) (./m03_introR_escape_08.tex(load cache: extra_lmsans10-bold.luc)
LaTeX Font Info:    Font shape `JT3/gt/b/n' in size <10> not available
(Font)              Font shape `JT3/gt/m/n' tried instead on input line 1.
LaTeX Font Info:    Font shape `JT3/gt/m/n' will be
(Font)              scaled to size 9.24713pt on input line 1.
LaTeX Font Info:    Font shape `JY3/gt/b/n' in size <10> not available
(Font)              Font shape `JY3/gt/m/n' tried instead on input line 1.
LaTeX Font Info:    Font shape `JY3/gt/m/n' will be
(Font)              scaled to size 9.24713pt on input line 1.
 [42]) [43<../images/03_introR/Screen1.png><../images/03_introR/Screen2.png>] [
44<../images/03_introR/Screen3.png>] (./m03_introR_escape_09.tex
Removing  `ltj.process_input_buffer' from `process_input_buffer'.
Inserting `ltj.listings_unicode' in `process_input_buffer'.
Inserting `ltj.process_input_buffer' in `process_input_buffer'.
Removing  `ltj.listings_unicode' from `process_input_buffer'.) (./m03_introR_es
cape_10.tex)
(./m03_introR_escape_11.tex
<../images/03_introR/Screen4.png, id=1464, 771.88374pt x 998.73125pt>
File: ../images/03_introR/Screen4.png Graphic file (type png)
<use ../images/03_introR/Screen4.png>
Package luatex.def Info: ../images/03_introR/Screen4.png  used on input line 3.

(luatex.def)             Requested size: 271.86234pt x 351.75565pt.
) (./m03_introR_escape_12.tex) [45] [46<../images/03_introR/Screen4.png>] (./m0
3_introR_escape_13.tex) (./m03_introR_escape_14.tex
<../images/03_introR/Screen5.png, id=1493, 550.055pt x 398.48875pt>
File: ../images/03_introR/Screen5.png Graphic file (type png)
<use ../images/03_introR/Screen5.png>
Package luatex.def Info: ../images/03_introR/Screen5.png  used on input line 3.

(luatex.def)             Requested size: 271.86234pt x 196.95764pt.
) (./m03_introR_escape_15.tex
<../images/03_introR/Screen6.png, id=1496, 1806.75pt x 870.25125pt>
File: ../images/03_introR/Screen6.png Graphic file (type png)
<use ../images/03_introR/Screen6.png>
Package luatex.def Info: ../images/03_introR/Screen6.png  used on input line 3.

(luatex.def)             Requested size: 334.60422pt x 161.16658pt.
)
Overfull \hbox (3.94345pt too wide) in paragraph at lines 197--201
[]\TU/lmr/m/n/10 Fig-ure [][]3.9[][] shows the win-dow that ap-pears next when 
you go to \TU/lmtt/m/n/10 New[]Directory[]>[]New[]Project\TU/lmr/m/n/10 .
 []

[47] [48<../images/03_introR/Screen5.png><../images/03_introR/Screen6.png>]
(./m03_introR_escape_16.tex [49]
Removing  `ltj.process_input_buffer' from `process_input_buffer'.
Inserting `ltj.listings_unicode' in `process_input_buffer'.
Inserting `ltj.process_input_buffer' in `process_input_buffer'.
Removing  `ltj.listings_unicode' from `process_input_buffer'.)

Package natbib Warning: Citation `tidyverse' on page 50 undefined on input line
 257.

(./m03_introR_escape_17.tex
<../images/04_usingR/screen16.png, id=1550, 1230.5975pt x 610.28pt>
File: ../images/04_usingR/screen16.png Graphic file (type png)
<use ../images/04_usingR/screen16.png>
Package luatex.def Info: ../images/04_usingR/screen16.png  used on input line 3
.
(luatex.def)             Requested size: 334.60422pt x 165.9325pt.
) (./m03_introR_escape_18.tex
Removing  `ltj.process_input_buffer' from `process_input_buffer'.
Inserting `ltj.listings_unicode' in `process_input_buffer'.
Inserting `ltj.process_input_buffer' in `process_input_buffer'.
Removing  `ltj.listings_unicode' from `process_input_buffer'.)
(./m03_introR_escape_19.tex [50]
Removing  `ltj.process_input_buffer' from `process_input_buffer'.
Inserting `ltj.listings_unicode' in `process_input_buffer'.
Inserting `ltj.process_input_buffer' in `process_input_buffer'.
Removing  `ltj.listings_unicode' from `process_input_buffer'.) (./m03_introR_es
cape_20.tex)

LaTeX Warning: Reference `RS:output05_02' on page 51 undefined on input line 29
2.

(./m03_introR_escape_21.tex [51<../images/04_usingR/screen16.png>])
(./m03_introR_escape_22.tex
Removing  `ltj.process_input_buffer' from `process_input_buffer'.
Inserting `ltj.listings_unicode' in `process_input_buffer'.
Inserting `ltj.process_input_buffer' in `process_input_buffer'.
Removing  `ltj.listings_unicode' from `process_input_buffer'.) [52] (./m03_intr
oR_escape_23.tex
<../images/03_introR/Screen7.png, id=1596, 562.1pt x 580.1675pt>
File: ../images/03_introR/Screen7.png Graphic file (type png)
<use ../images/03_introR/Screen7.png>
Package luatex.def Info: ../images/03_introR/Screen7.png  used on input line 3.

(luatex.def)             Requested size: 271.86234pt x 280.60185pt.
)
(./m03_introR_escape_24.tex
Removing  `ltj.process_input_buffer' from `process_input_buffer'.
Inserting `ltj.listings_unicode' in `process_input_buffer'.
Inserting `ltj.process_input_buffer' in `process_input_buffer'.
Removing  `ltj.listings_unicode' from `process_input_buffer'.) (./m03_introR_es
cape_25.tex) [53<../images/03_introR/Screen7.png>] (./m03_introR_escape_26.tex
Removing  `ltj.process_input_buffer' from `process_input_buffer'.
Inserting `ltj.listings_unicode' in `process_input_buffer'.
Inserting `ltj.process_input_buffer' in `process_input_buffer'.
Removing  `ltj.listings_unicode' from `process_input_buffer'.) (./m03_introR_es
cape_27.tex)
[54] (./m03_introR_escape_28.tex
Removing  `ltj.process_input_buffer' from `process_input_buffer'.
Inserting `ltj.listings_unicode' in `process_input_buffer'.
Inserting `ltj.process_input_buffer' in `process_input_buffer'.
Removing  `ltj.listings_unicode' from `process_input_buffer'.) (./m03_introR_es
cape_29.tex)
(./m03_introR_escape_30.tex [55]) [56] [57]) [58]
\openout2 = m04_usingRE.aux
 (./m04_usingRE.tex
第4章
(./m04_usingR_escape_01.tex
<../images/04_usingR/Screen8.png, id=1669, 510.90875pt x 449.68pt>
File: ../images/04_usingR/Screen8.png Graphic file (type png)
<use ../images/04_usingR/Screen8.png>
Package luatex.def Info: ../images/04_usingR/Screen8.png  used on input line 3.

(luatex.def)             Requested size: 271.86234pt x 239.27615pt.
) (./m04_usingR_escape_02.tex
<../images/04_usingR/Screen9.png, id=1670, 1232.605pt x 1006.76125pt>
File: ../images/04_usingR/Screen9.png Graphic file (type png)
<use ../images/04_usingR/Screen9.png>
Package luatex.def Info: ../images/04_usingR/Screen9.png  used on input line 3.

(luatex.def)             Requested size: 271.86234pt x 222.04118pt.
) [59




] [60<../images/04_usingR/Screen8.png><../images/04_usingR/Screen9.png>]
(./m04_usingR_escape_03.tex
<../images/04_usingR/Screen10.png, id=1691, 1432.35126pt x 1193.45876pt>
File: ../images/04_usingR/Screen10.png Graphic file (type png)
<use ../images/04_usingR/Screen10.png>
Package luatex.def Info: ../images/04_usingR/Screen10.png  used on input line 3
.
(luatex.def)             Requested size: 334.60422pt x 278.78746pt.
) [61<../images/04_usingR/Screen10.png>]
(./m04_usingR_escape_04.tex
Removing  `ltj.process_input_buffer' from `process_input_buffer'.
Inserting `ltj.listings_unicode' in `process_input_buffer'.
Inserting `ltj.process_input_buffer' in `process_input_buffer'. [62]
Removing  `ltj.listings_unicode' from `process_input_buffer'.) (./m04_usingR_es
cape_05.tex
<../images/04_usingR/Screen11.png, id=1732, 902.37125pt x 407.5225pt>
File: ../images/04_usingR/Screen11.png Graphic file (type png)
<use ../images/04_usingR/Screen11.png>
Package luatex.def Info: ../images/04_usingR/Screen11.png  used on input line 3
.
(luatex.def)             Requested size: 313.69025pt x 141.66495pt.
)
(./m04_usingR_escape_06.tex
<../images/04_usingR/Screen12.png, id=1733, 796.9775pt x 355.3275pt>
File: ../images/04_usingR/Screen12.png Graphic file (type png)
<use ../images/04_usingR/Screen12.png>
Package luatex.def Info: ../images/04_usingR/Screen12.png  used on input line 3
.
(luatex.def)             Requested size: 313.69025pt x 139.85672pt.
) [63<../images/04_usingR/Screen11.png><../images/04_usingR/Screen12.png>] (./m
04_usingR_escape_07.tex) [64]
(./m04_usingR_escape_08.tex
Removing  `ltj.process_input_buffer' from `process_input_buffer'.
Inserting `ltj.listings_unicode' in `process_input_buffer'.
Inserting `ltj.process_input_buffer' in `process_input_buffer'.
Removing  `ltj.listings_unicode' from `process_input_buffer'.) (./m04_usingR_es
cape_09.tex)

LaTeX Warning: Reference `FrequentlyAskedQuestions' on page 65 undefined on inp
ut line 119.


LaTeX Warning: Reference `FrequentlyAskedQuestions' on page 65 undefined on inp
ut line 119.

[65]

Package natbib Warning: Citation `Kinosady2021' on page 66 undefined on input l
ine 139.

(./m04_usingR_escape_10.tex)
Overfull \hbox (78.06346pt too wide) in paragraph at lines 159--160
[]\TU/lmr/m/n/10 What is shown here in-di-cates that the pack-ages \TU/lmtt/m/n
/10 ggplot2,purrr,tibble,dplyr,tidyr,stringr,readr,forcats
 []

(./m04_usingR_escape_11.tex [66]
Removing  `ltj.process_input_buffer' from `process_input_buffer'.
Inserting `ltj.listings_unicode' in `process_input_buffer'.
Inserting `ltj.process_input_buffer' in `process_input_buffer'.
Removing  `ltj.listings_unicode' from `process_input_buffer'.) (./m04_usingR_es
cape_12.tex)
(./m04_usingR_escape_13.tex [67]
Removing  `ltj.process_input_buffer' from `process_input_buffer'.
Inserting `ltj.listings_unicode' in `process_input_buffer'.
Inserting `ltj.process_input_buffer' in `process_input_buffer'.
Removing  `ltj.listings_unicode' from `process_input_buffer'.) (./m04_usingR_es
cape_14.tex)
(./m04_usingR_escape_15.tex
Removing  `ltj.process_input_buffer' from `process_input_buffer'.
Inserting `ltj.listings_unicode' in `process_input_buffer'.
Inserting `ltj.process_input_buffer' in `process_input_buffer'. [68]
Removing  `ltj.listings_unicode' from `process_input_buffer'.) (./m04_usingR_es
cape_16.tex
<../images/04_usingR/Slide11_01.png, id=1842, 1133.23375pt x 743.77875pt>
File: ../images/04_usingR/Slide11_01.png Graphic file (type png)
<use ../images/04_usingR/Slide11_01.png>
Package luatex.def Info: ../images/04_usingR/Slide11_01.png  used on input line
 3.
(luatex.def)             Requested size: 334.60422pt x 219.60576pt.
)
(./m04_usingR_escape_17.tex
Removing  `ltj.process_input_buffer' from `process_input_buffer'.
Inserting `ltj.listings_unicode' in `process_input_buffer'.
Inserting `ltj.process_input_buffer' in `process_input_buffer'.
Removing  `ltj.listings_unicode' from `process_input_buffer'.) [69<../images/04_
usingR/Slide11_01.png>]

Package natbib Warning: Citation `Kieran2018' on page 70 undefined on input lin
e 231.


Package natbib Warning: Citation `ggplot2' on page 70 undefined on input line 2
34.

(./m04_usingR_escape_18.tex) (./m04_usingR_escape_19.tex
Removing  `ltj.process_input_buffer' from `process_input_buffer'.
Inserting `ltj.listings_unicode' in `process_input_buffer'.
Inserting `ltj.process_input_buffer' in `process_input_buffer'.
Removing  `ltj.listings_unicode' from `process_input_buffer'.)
(./m04_usingR_escape_20.tex [70]) (./m04_usingR_escape_21.tex
Removing  `ltj.process_input_buffer' from `process_input_buffer'.
Inserting `ltj.listings_unicode' in `process_input_buffer'.
Inserting `ltj.process_input_buffer' in `process_input_buffer'.
Removing  `ltj.listings_unicode' from `process_input_buffer'.)
(./m04_usingR_escape_22.tex) (./m04_usingR_escape_23.tex
Removing  `ltj.process_input_buffer' from `process_input_buffer'.
Inserting `ltj.listings_unicode' in `process_input_buffer'.
Inserting `ltj.process_input_buffer' in `process_input_buffer'.
Removing  `ltj.listings_unicode' from `process_input_buffer'.)
(./m04_usingR_escape_24.tex) (./m04_usingR_escape_25.tex
<../images/04_usingR/Rplot05_01.png, id=1877, 867.24pt x 578.16pt>
File: ../images/04_usingR/Rplot05_01.png Graphic file (type png)
<use ../images/04_usingR/Rplot05_01.png>
Package luatex.def Info: ../images/04_usingR/Rplot05_01.png  used on input line
 3.
(luatex.def)             Requested size: 418.25368pt x 278.83694pt.
)
(./m04_usingR_escape_26.tex [71]) (./m04_usingR_escape_27.tex
Removing  `ltj.process_input_buffer' from `process_input_buffer'.
Inserting `ltj.listings_unicode' in `process_input_buffer'.
Inserting `ltj.process_input_buffer' in `process_input_buffer'.
Removing  `ltj.listings_unicode' from `process_input_buffer'.)
(./m04_usingR_escape_28.tex) [72<../images/04_usingR/Rplot05_01.png>]
(./m04_usingR_escape_29.tex) (./m04_usingR_escape_30.tex
Removing  `ltj.process_input_buffer' from `process_input_buffer'.
Inserting `ltj.listings_unicode' in `process_input_buffer'.
Inserting `ltj.process_input_buffer' in `process_input_buffer'.
Removing  `ltj.listings_unicode' from `process_input_buffer'.)
(./m04_usingR_escape_31.tex) (./m04_usingR_escape_32.tex
Removing  `ltj.process_input_buffer' from `process_input_buffer'.
Inserting `ltj.listings_unicode' in `process_input_buffer'.
Inserting `ltj.process_input_buffer' in `process_input_buffer'.
Removing  `ltj.listings_unicode' from `process_input_buffer'.)
(./m04_usingR_escape_33.tex [73]) (./m04_usingR_escape_34.tex
<../images/04_usingR/Rplot05_02.png, id=1941, 867.24pt x 578.16pt>
File: ../images/04_usingR/Rplot05_02.png Graphic file (type png)
<use ../images/04_usingR/Rplot05_02.png>
Package luatex.def Info: ../images/04_usingR/Rplot05_02.png  used on input line
 3.
(luatex.def)             Requested size: 418.25368pt x 278.83694pt.
) [74<../images/04_usingR/Rplot05_02.png>] (./m04_usingR_escape_35.tex
<../images/04_usingR/Screen13.png, id=1950, 969.6225pt x 569.12625pt>
File: ../images/04_usingR/Screen13.png Graphic file (type png)
<use ../images/04_usingR/Screen13.png>
Package luatex.def Info: ../images/04_usingR/Screen13.png  used on input line 2
.
(luatex.def)             Requested size: 418.25368pt x 245.50108pt.
)
(./m04_usingR_escape_36.tex [75<../images/04_usingR/Screen13.png>])
(./m04_usingR_escape_37.tex
<../images/04_usingR/Screen14.png, id=1963, 502.87875pt x 478.78876pt>
File: ../images/04_usingR/Screen14.png Graphic file (type png)
<use ../images/04_usingR/Screen14.png>
Package luatex.def Info: ../images/04_usingR/Screen14.png  used on input line 2
.
(luatex.def)             Requested size: 334.60422pt x 318.57317pt.
 [76])

Package natbib Warning: Citation `soumu' on page 77 undefined on input line 352
.

(./m04_usingR_escape_38.tex [77<../images/04_usingR/Screen14.png>])
(./m04_usingR_escape_39.tex) (./m04_usingR_escape_40.tex [78])

Package natbib Warning: Citation `Hadley2014' on page 79 undefined on input lin
e 384.

(./m04_usingR_escape_41.tex) (./m04_usingR_escape_42.tex
Removing  `ltj.process_input_buffer' from `process_input_buffer'.
Inserting `ltj.listings_unicode' in `process_input_buffer'.
Inserting `ltj.process_input_buffer' in `process_input_buffer'. [79]
Removing  `ltj.listings_unicode' from `process_input_buffer'.)
(./m04_usingR_escape_43.tex) (./m04_usingR_escape_44.tex)
(./m04_usingR_escape_45.tex) [80] (./m04_usingR_escape_46.tex
Removing  `ltj.process_input_buffer' from `process_input_buffer'.
Inserting `ltj.listings_unicode' in `process_input_buffer'.
Inserting `ltj.process_input_buffer' in `process_input_buffer'.
Removing  `ltj.listings_unicode' from `process_input_buffer'.)
(./m04_usingR_escape_47.tex
Removing  `ltj.process_input_buffer' from `process_input_buffer'.
Inserting `ltj.listings_unicode' in `process_input_buffer'.
Inserting `ltj.process_input_buffer' in `process_input_buffer'.
Removing  `ltj.listings_unicode' from `process_input_buffer'.)

Package natbib Warning: Citation `Kinosady2021' on page 81 undefined on input l
ine 423.

) [81]
\openout2 = m05_descriptivesE.aux
 (./m05_descriptivesE.tex [82




]
第5章
(./m05_descriptives_escape_01.tex) [83]
<../images/05_descriptives/slide04_01.png, id=2045, 1196.47pt x 445.665pt>
File: ../images/05_descriptives/slide04_01.png Graphic file (type png)
<use ../images/05_descriptives/slide04_01.png>
Package luatex.def Info: ../images/05_descriptives/slide04_01.png  used on inpu
t line 44.
(luatex.def)             Requested size: 334.60422pt x 124.63574pt.
 [84<../images/05_descriptives/slide04_01.png>] [85]
<../images/05_descriptives/slide04_02.png, id=2078, 629.35126pt x 387.4475pt>
File: ../images/05_descriptives/slide04_02.png Graphic file (type png)
<use ../images/05_descriptives/slide04_02.png>
Package luatex.def Info: ../images/05_descriptives/slide04_02.png  used on inpu
t line 95.
(luatex.def)             Requested size: 334.60422pt x 205.9906pt.
<../images/05_descriptives/slide04_03.png, id=2081, 1282.7925pt x 536.0025pt>
File: ../images/05_descriptives/slide04_03.png Graphic file (type png)
<use ../images/05_descriptives/slide04_03.png>
Package luatex.def Info: ../images/05_descriptives/slide04_03.png  used on inpu
t line 103.
(luatex.def)             Requested size: 334.60422pt x 139.80719pt.
 [86<../images/05_descriptives/slide04_02.png>]
<../images/05_descriptives/Rplot04_01.png, id=2094, 4818.0pt x 2409.0pt>
File: ../images/05_descriptives/Rplot04_01.png Graphic file (type png)
<use ../images/05_descriptives/Rplot04_01.png>
Package luatex.def Info: ../images/05_descriptives/Rplot04_01.png  used on inpu
t line 139.
(luatex.def)             Requested size: 334.60422pt x 167.28717pt.
<../images/05_descriptives/slide04_05.png, id=2096, 736.7525pt x 383.4325pt>
File: ../images/05_descriptives/slide04_05.png Graphic file (type png)
<use ../images/05_descriptives/slide04_05.png>
Package luatex.def Info: ../images/05_descriptives/slide04_05.png  used on inpu
t line 150.
(luatex.def)             Requested size: 334.60422pt x 174.13441pt.
 [87<../images/05_descriptives/slide04_03.png>] [88<../images/05_descriptives/Rp
lot04_01.png><../images/05_descriptives/slide04_05.png>] [89]
<../images/05_descriptives/slide04_06.png, id=2126, 685.56125pt x 250.9375pt>
File: ../images/05_descriptives/slide04_06.png Graphic file (type png)
<use ../images/05_descriptives/slide04_06.png>
Package luatex.def Info: ../images/05_descriptives/slide04_06.png  used on inpu
t line 223.
(luatex.def)             Requested size: 334.60422pt x 122.47798pt.
<../images/05_descriptives/slide04_07.png, id=2130, 696.6025pt x 206.7725pt>
File: ../images/05_descriptives/slide04_07.png Graphic file (type png)
<use ../images/05_descriptives/slide04_07.png>
Package luatex.def Info: ../images/05_descriptives/slide04_07.png  used on inpu
t line 234.
(luatex.def)             Requested size: 334.60422pt x 99.31908pt.
 [90<../images/05_descriptives/slide04_06.png>] [91<../images/05_descriptives/sl
ide04_07.png>]
<../images/05_descriptives/slide04_08.png, id=2153, 631.35875pt x 561.09625pt>
File: ../images/05_descriptives/slide04_08.png Graphic file (type png)
<use ../images/05_descriptives/slide04_08.png>
Package luatex.def Info: ../images/05_descriptives/slide04_08.png  used on inpu
t line 266.
(luatex.def)             Requested size: 334.60422pt x 297.37103pt.
 [92<../images/05_descriptives/slide04_08.png>] [93]

Package natbib Warning: Citation `Hanage2017' on page 94 undefined on input lin
e 292.

<../images/05_descriptives/m05_01.png, id=2172, 578.16pt x 289.08pt>
File: ../images/05_descriptives/m05_01.png Graphic file (type png)
<use ../images/05_descriptives/m05_01.png>
Package luatex.def Info: ../images/05_descriptives/m05_01.png  used on input li
ne 302.
(luatex.def)             Requested size: 334.60422pt x 167.3004pt.
[94] (./m05_descriptives_escape_02.tex)) [95<../images/05_descriptives/m05_01.pn
g>]
\openout2 = m06_cttE.aux
 (./m06_cttE.tex [96




]
第6章

Package natbib Warning: Citation `Kant1961jo' on page 97 undefined on input lin
e 15.


Package natbib Warning: Citation `Kant1962ge' on page 97 undefined on input lin
e 15.


Package natbib Warning: Citation `Kurosaki2000' on page 97 undefined on input l
ine 15.

[97]

Package natbib Warning: Citation `Watanabe2019' on page 98 undefined on input l
ine 42.


Package natbib Warning: Citation `Oshio2020' on page 98 undefined on input line
 42.

[98] [99] [100]

Package natbib Warning: Citation `Jerry2019' on page 101 undefined on input lin
e 78.

[101] (./m06_ctt_escape_01.tex) [102] (./m06_ctt_escape_02.tex)
(./m06_ctt_escape_03.tex)

Package fancyhdr Warning: \headheight is too small (20.0pt): 
(fancyhdr)                Make it at least 27.96005pt, for example:
(fancyhdr)                \setlength{\headheight}{27.96005pt}.
(fancyhdr)                You might also make \topmargin smaller to compensate:

(fancyhdr)                \addtolength{\topmargin}{-7.96005pt}.

[103] [104]

Package fancyhdr Warning: \headheight is too small (20.0pt): 
(fancyhdr)                Make it at least 27.96005pt, for example:
(fancyhdr)                \setlength{\headheight}{27.96005pt}.
(fancyhdr)                You might also make \topmargin smaller to compensate:

(fancyhdr)                \addtolength{\topmargin}{-7.96005pt}.

[105] [106]

Package natbib Warning: Citation `kosugi2016b' on page 107 undefined on input l
ine 204.


LaTeX Warning: Reference `fig :: 06_01' on page 107 undefined on input line 208
.

(./m06_ctt_escape_04.tex
<../images/06_ctt/slide06_01.png, id=2270, 1379.1525pt x 370.38374pt>
File: ../images/06_ctt/slide06_01.png Graphic file (type png)
<use ../images/06_ctt/slide06_01.png>
Package luatex.def Info: ../images/06_ctt/slide06_01.png  used on input line 3.

(luatex.def)             Requested size: 334.60422pt x 89.86032pt.
)

Package fancyhdr Warning: \headheight is too small (20.0pt): 
(fancyhdr)                Make it at least 27.96005pt, for example:
(fancyhdr)                \setlength{\headheight}{27.96005pt}.
(fancyhdr)                You might also make \topmargin smaller to compensate:

(fancyhdr)                \addtolength{\topmargin}{-7.96005pt}.

[107<../images/06_ctt/slide06_01.png>] (./m06_ctt_escape_05.tex)) [108]
\openout2 = m07_probabilityE.aux

(./m07_probabilityE.tex
第7章
(./m07_probability_escape_01.tex) [109




] [110] (./m07_probability_escape_02.tex) (./m07_probability_escape_03.tex
<../images/07_probability/slide07_05.png, id=2315, 1120.185pt x 380.42125pt>
File: ../images/07_probability/slide07_05.png Graphic file (type png)
<use ../images/07_probability/slide07_05.png>
Package luatex.def Info: ../images/07_probability/slide07_05.png  used on input
 line 3.
(luatex.def)             Requested size: 334.60422pt x 113.63383pt.
) [111] (./m07_probability_escape_04.tex
<../images/07_probability/Rplot07_01.png, id=2324, 7227.0pt x 4818.0pt>
File: ../images/07_probability/Rplot07_01.png Graphic file (type png)
<use ../images/07_probability/Rplot07_01.png>
Package luatex.def Info: ../images/07_probability/Rplot07_01.png  used on input
 line 3.
(luatex.def)             Requested size: 271.86234pt x 181.21858pt.
)
(./m07_probability_escape_05.tex
<../images/07_probability/Rplot07_02.png, id=2326, 7227.0pt x 4818.0pt>
File: ../images/07_probability/Rplot07_02.png Graphic file (type png)
<use ../images/07_probability/Rplot07_02.png>
Package luatex.def Info: ../images/07_probability/Rplot07_02.png  used on input
 line 3.
(luatex.def)             Requested size: 271.86234pt x 181.21858pt.
) [112<../images/07_probability/slide07_05.png><../images/07_probability/Rplot07
_01.png>] [113<../images/07_probability/Rplot07_02.png>] [114] (./m07_probabili
ty_escape_06.tex) [115](load cache: extra_lmroman10-italic.luc)
LaTeX Font Info:    Font shape `JT3/BIZUDPMinchoMedium(0)/m/it' will be
(Font)              scaled to size 9.24713pt on input line 202.
LaTeX Font Info:    Font shape `JY3/BIZUDPMinchoMedium(0)/m/it' will be
(Font)              scaled to size 9.24713pt on input line 202.
 [116]
(./m07_probability_escape_07.tex
<../images/07_probability/Rplot07_04.png, id=2375, 7227.0pt x 4818.0pt>
File: ../images/07_probability/Rplot07_04.png Graphic file (type png)
<use ../images/07_probability/Rplot07_04.png>
Package luatex.def Info: ../images/07_probability/Rplot07_04.png  used on input
 line 3.
(luatex.def)             Requested size: 271.86234pt x 181.21858pt.
)

Package natbib Warning: Citation `Minaka2018' on page 117 undefined on input li
ne 238.

[117] (./m07_probability_escape_08.tex
<../images/07_probability/Slide08_01.png, id=2391, 628.3475pt x 522.95375pt>
File: ../images/07_probability/Slide08_01.png Graphic file (type png)
<use ../images/07_probability/Slide08_01.png>
Package luatex.def Info: ../images/07_probability/Slide08_01.png  used on input
 line 3.
(luatex.def)             Requested size: 271.86234pt x 226.26216pt.
) [118<../images/07_probability/Rplot07_04.png>] (./m07_probability_escape_09.t
ex
<../images/07_probability/Slide08_02.png, id=2401, 610.28pt x 430.60875pt>
File: ../images/07_probability/Slide08_02.png Graphic file (type png)
<use ../images/07_probability/Slide08_02.png>
Package luatex.def Info: ../images/07_probability/Slide08_02.png  used on input
 line 3.
(luatex.def)             Requested size: 271.86234pt x 191.82726pt.
) [119<../images/07_probability/Slide08_01.png><../images/07_probability/Slide08
_02.png>]
(./m07_probability_escape_10.tex
<../images/07_probability/GaltonBoard.png, id=2411, 374.39874pt x 592.2125pt>
File: ../images/07_probability/GaltonBoard.png Graphic file (type png)
<use ../images/07_probability/GaltonBoard.png>
Package luatex.def Info: ../images/07_probability/GaltonBoard.png  used on inpu
t line 3.
(luatex.def)             Requested size: 132.20694pt x 209.12683pt.
) [120<../images/07_probability/GaltonBoard.png>] (./m07_probability_escape_11.
tex
<../images/07_probability/Slide08_03.png, id=2422, 675.52374pt x 749.80125pt>
File: ../images/07_probability/Slide08_03.png Graphic file (type png)
<use ../images/07_probability/Slide08_03.png>
Package luatex.def Info: ../images/07_probability/Slide08_03.png  used on input
 line 3.
(luatex.def)             Requested size: 271.86234pt x 301.75719pt.
)

Package natbib Warning: Citation `Naganuma2201611' on page 121 undefined on inp
ut line 315.

(./m07_probability_escape_12.tex
<../images/07_probability/Slide08_04b.png, id=2425, 1135.24126pt x 704.6325pt>
File: ../images/07_probability/Slide08_04b.png Graphic file (type png)
<use ../images/07_probability/Slide08_04b.png>
Package luatex.def Info: ../images/07_probability/Slide08_04b.png  used on inpu
t line 3.
(luatex.def)             Requested size: 355.51817pt x 220.6702pt.


Package natbib Warning: Citation `Naganuma2201611' on page 121 undefined on inp
ut line 4.


Package natbib Warning: Citation `Naganuma2201611' on page 121 undefined on inp
ut line 4.

) [121] [122<../images/07_probability/Slide08_03.png>]
(./m07_probability_escape_13.tex
<../images/07_probability/Rplot08_01.png, id=2447, 7227.0pt x 4818.0pt>
File: ../images/07_probability/Rplot08_01.png Graphic file (type png)
<use ../images/07_probability/Rplot08_01.png>
Package luatex.def Info: ../images/07_probability/Rplot08_01.png  used on input
 line 3.
(luatex.def)             Requested size: 271.86234pt x 181.21858pt.
) (./m07_probability_escape_14.tex) [123<../images/07_probability/Slide08_04b.pn
g>] [124<../images/07_probability/Rplot08_01.png>]
<../images/07_probability/Slide07_06.png, id=2473, 1155.31625pt x 648.4225pt>
File: ../images/07_probability/Slide07_06.png Graphic file (type png)
<use ../images/07_probability/Slide07_06.png>
Package luatex.def Info: ../images/07_probability/Slide07_06.png  used on input
 line 388.
(luatex.def)             Requested size: 271.86234pt x 152.57718pt.
Removing  `ltj.process_input_buffer' from `process_input_buffer'.
Inserting `ltj.listings_unicode' in `process_input_buffer'.
Inserting `ltj.process_input_buffer' in `process_input_buffer'.
Removing  `ltj.listings_unicode' from `process_input_buffer'. [125<../images/07_
probability/Slide07_06.png>] [126] [127] [128]

Package natbib Warning: Citation `Maor_Eli2019-01-10' on page 129 undefined on 
input line 504.


Package natbib Warning: Citation `Nishiuchi201712' on page 129 undefined on inp
ut line 508.


Package natbib Warning: Citation `Naganuma2201611' on page 129 undefined on inp
ut line 508.

<../images/07_probability/Slide08_05.png, id=2540, 701.62125pt x 524.96124pt>
File: ../images/07_probability/Slide08_05.png Graphic file (type png)
<use ../images/07_probability/Slide08_05.png>
Package luatex.def Info: ../images/07_probability/Slide08_05.png  used on input
 line 514.
(luatex.def)             Requested size: 418.25368pt x 312.95258pt.
[129
warning  (pdf backend): ignoring duplicate destination with the name 'Hfootnote.
110'

warning  (pdf backend): ignoring duplicate destination with the name 'Hfootnote.
110'

warning  (pdf backend): ignoring duplicate destination with the name 'Hfootnote.
110'
] [130<../images/07_probability/Slide08_05.png>]
<../images/07_probability/Rplot08_04.png, id=2566, 4818.0pt x 3613.5pt>
File: ../images/07_probability/Rplot08_04.png Graphic file (type png)
<use ../images/07_probability/Rplot08_04.png>
Package luatex.def Info: ../images/07_probability/Rplot08_04.png  used on input
 line 536.
(luatex.def)             Requested size: 271.86234pt x 203.84334pt.
 [131<../images/07_probability/Rplot08_04.png>]
Overfull \hbox (28.12642pt too wide) in paragraph at lines 548--615
[][]
 []

) [132]
\openout2 = m08_CorrelationCausationE.aux
 (./m08_CorrelationCausationE.tex
第8章
(./m08_CorrelationCausation_escape_01.tex
<../images/05_descriptives/Rplot04_02.png, id=2577, 7227.0pt x 7227.0pt>
File: ../images/05_descriptives/Rplot04_02.png Graphic file (type png)
<use ../images/05_descriptives/Rplot04_02.png>
Package luatex.def Info: ../images/05_descriptives/Rplot04_02.png  used on inpu
t line 3.
(luatex.def)             Requested size: 167.2989pt x 167.28717pt.
)
(./m08_CorrelationCausation_escape_02.tex) [133




<../images/05_descriptives/Rplot04_02.png>] [134] [135]
<../images/05_descriptives/Rplot04_03.png, id=2610, 7227.0pt x 7227.0pt>
File: ../images/05_descriptives/Rplot04_03.png Graphic file (type png)
<use ../images/05_descriptives/Rplot04_03.png>
Package luatex.def Info: ../images/05_descriptives/Rplot04_03.png  used on inpu
t line 74.
(luatex.def)             Requested size: 271.86234pt x 271.82787pt.
 [136<../images/05_descriptives/Rplot04_03.png>]

Package natbib Warning: Citation `matejka2017same' on page 137 undefined on inp
ut line 86.

<../images/08_CorrelationCausation/Rplot08_01.png, id=2622, 867.24pt x 289.08pt
>
File: ../images/08_CorrelationCausation/Rplot08_01.png Graphic file (type png)
<use ../images/08_CorrelationCausation/Rplot08_01.png>
Package luatex.def Info: ../images/08_CorrelationCausation/Rplot08_01.png  used
 on input line 103.
(luatex.def)             Requested size: 334.60422pt x 111.53653pt.
[137<../images/08_CorrelationCausation/Rplot08_01.png>]
<../images/05_descriptives/Rplot04_04.png, id=2635, 7227.0pt x 7227.0pt>
File: ../images/05_descriptives/Rplot04_04.png Graphic file (type png)
<use ../images/05_descriptives/Rplot04_04.png>
Package luatex.def Info: ../images/05_descriptives/Rplot04_04.png  used on inpu
t line 117.
(luatex.def)             Requested size: 271.86234pt x 271.82787pt.
<../images/05_descriptives/Rplot04_05.png, id=2637, 7227.0pt x 7227.0pt>
File: ../images/05_descriptives/Rplot04_05.png Graphic file (type png)
<use ../images/05_descriptives/Rplot04_05.png>
Package luatex.def Info: ../images/05_descriptives/Rplot04_05.png  used on inpu
t line 126.
(luatex.def)             Requested size: 271.86234pt x 271.82787pt.
 [138<../images/05_descriptives/Rplot04_04.png>]
<../images/05_descriptives/Rplot04_06.png, id=2650, 7227.0pt x 7227.0pt>
File: ../images/05_descriptives/Rplot04_06.png Graphic file (type png)
<use ../images/05_descriptives/Rplot04_06.png>
Package luatex.def Info: ../images/05_descriptives/Rplot04_06.png  used on inpu
t line 139.
(luatex.def)             Requested size: 167.28717pt x 167.2989pt.
 [139<../images/05_descriptives/Rplot04_05.png><../images/05_descriptives/Rplot0
4_06.png>]
<../images/05_descriptives/Rplot04_07.png, id=2662, 7227.0pt x 3613.5pt>
File: ../images/05_descriptives/Rplot04_07.png Graphic file (type png)
<use ../images/05_descriptives/Rplot04_07.png>
Package luatex.def Info: ../images/05_descriptives/Rplot04_07.png  used on inpu
t line 150.
(luatex.def)             Requested size: 334.57434pt x 167.2989pt.
 [140<../images/05_descriptives/Rplot04_07.png>] [141] [142]

Package natbib Warning: Citation `Yasui2019' on page 143 undefined on input lin
e 222.


Package natbib Warning: Citation `Yasui2019' on page 143 undefined on input lin
e 224.


Package natbib Warning: Citation `Takahashi20220210' on page 143 undefined on i
nput line 224.

) [143] [144]
\openout2 = m09_RegressionE.aux
 (./m09_RegressionE.tex
第9章
(./m09_Regression_escape_01.tex) (./m09_Regression_escape_02.tex
<../images/09_Regression/Rplot09_01.png, id=2724, 4818.0pt x 3613.5pt>
File: ../images/09_Regression/Rplot09_01.png Graphic file (type png)
<use ../images/09_Regression/Rplot09_01.png>
Package luatex.def Info: ../images/09_Regression/Rplot09_01.png  used on input 
line 3.
(luatex.def)             Requested size: 271.86234pt x 203.84334pt.
) [145




]
[146<../images/09_Regression/Rplot09_01.png>] (./m09_Regression_escape_03.tex
<../images/09_Regression/Rplot09_02.png, id=2739, 4818.0pt x 3613.5pt>
File: ../images/09_Regression/Rplot09_02.png Graphic file (type png)
<use ../images/09_Regression/Rplot09_02.png>
Package luatex.def Info: ../images/09_Regression/Rplot09_02.png  used on input 
line 3.
(luatex.def)             Requested size: 271.86234pt x 203.84334pt.
)
[147<../images/09_Regression/Rplot09_02.png>] [148]
<../images/09_Regression/Slide09_01.png, id=2758, 1155.31625pt x 656.4525pt>
File: ../images/09_Regression/Slide09_01.png Graphic file (type png)
<use ../images/09_Regression/Slide09_01.png>
Package luatex.def Info: ../images/09_Regression/Slide09_01.png  used on input 
line 104.
(luatex.def)             Requested size: 271.86234pt x 154.46669pt.
<../images/09_Regression/Slide09_02.png, id=2759, 788.9475pt x 825.0825pt>
File: ../images/09_Regression/Slide09_02.png Graphic file (type png)
<use ../images/09_Regression/Slide09_02.png>
Package luatex.def Info: ../images/09_Regression/Slide09_02.png  used on input 
line 121.
(luatex.def)             Requested size: 271.86234pt x 284.31384pt.
 [149<../images/09_Regression/Slide09_01.png>] [150<../images/09_Regression/Slid
e09_02.png>]

Package natbib Warning: Citation `kosugi2018' on page 151 undefined on input li
ne 148.


Package natbib Warning: Citation `Nishiuchi201712' on page 151 undefined on inp
ut line 148.

[151] [152]

Package natbib Warning: Citation `kosugi2018' on page 153 undefined on input li
ne 190.

) [153]
\openout2 = m10_MultipleRegressionE.aux
 (./m10_MultipleRegressionE.tex [154




]
第10章

LaTeX Warning: Reference `fig :: 10_01' on page 155 undefined on input line 33.


[155] (./m10_MultipleRegression_escape_01.tex
<../images/10_MultipleRegression/Rplot10_01.png, id=2808, 1204.5pt x 803.0pt>
File: ../images/10_MultipleRegression/Rplot10_01.png Graphic file (type png)
<use ../images/10_MultipleRegression/Rplot10_01.png>
Package luatex.def Info: ../images/10_MultipleRegression/Rplot10_01.png  used o
n input line 3.
(luatex.def)             Requested size: 271.86234pt x 181.24309pt.
)
(./m10_MultipleRegression_escape_02.tex)
(./m10_MultipleRegression_escape_03.tex
<../images/10_MultipleRegression/Rplot10_02.png, id=2811, 4818.0pt x 3613.5pt>
File: ../images/10_MultipleRegression/Rplot10_02.png Graphic file (type png)
<use ../images/10_MultipleRegression/Rplot10_02.png>
Package luatex.def Info: ../images/10_MultipleRegression/Rplot10_02.png  used o
n input line 3.
(luatex.def)             Requested size: 271.86234pt x 203.84334pt.
) [156<../images/10_MultipleRegression/Rplot10_01.png>] [157<../images/10_Multip
leRegression/Rplot10_02.png>] [158]
<../images/10_MultipleRegression/Rplot10_03.png, id=2838, 4818.0pt x 4818.0pt>
File: ../images/10_MultipleRegression/Rplot10_03.png Graphic file (type png)
<use ../images/10_MultipleRegression/Rplot10_03.png>
Package luatex.def Info: ../images/10_MultipleRegression/Rplot10_03.png  used o
n input line 108.
(luatex.def)             Requested size: 313.69025pt x 313.6221pt.


Package natbib Warning: Citation `kosugi2018' on page 159 undefined on input li
ne 113.

[159<../images/10_MultipleRegression/Rplot10_03.png>]
<../images/10_MultipleRegression/Slide10_01.png, id=2852, 1086.0575pt x 355.327
5pt>
File: ../images/10_MultipleRegression/Slide10_01.png Graphic file (type png)
<use ../images/10_MultipleRegression/Slide10_01.png>
Package luatex.def Info: ../images/10_MultipleRegression/Slide10_01.png  used o
n input line 119.
(luatex.def)             Requested size: 313.69025pt x 102.63026pt.
<../images/10_MultipleRegression/Slide10_02.png, id=2854, 1121.18875pt x 328.22
626pt>
File: ../images/10_MultipleRegression/Slide10_02.png Graphic file (type png)
<use ../images/10_MultipleRegression/Slide10_02.png>
Package luatex.def Info: ../images/10_MultipleRegression/Slide10_02.png  used o
n input line 128.
(luatex.def)             Requested size: 313.69025pt x 91.8326pt.
<../images/10_MultipleRegression/Slide10_03.png, id=2856, 1165.35374pt x 421.57
5pt>
File: ../images/10_MultipleRegression/Slide10_03.png Graphic file (type png)
<use ../images/10_MultipleRegression/Slide10_03.png>
Package luatex.def Info: ../images/10_MultipleRegression/Slide10_03.png  used o
n input line 139.
(luatex.def)             Requested size: 313.69025pt x 113.4794pt.
 [160<../images/10_MultipleRegression/Slide10_01.png><../images/10_MultipleRegre
ssion/Slide10_02.png>]
<../images/10_MultipleRegression/Slide10_04.png, id=2868, 1158.3275pt x 436.631
26pt>
File: ../images/10_MultipleRegression/Slide10_04.png Graphic file (type png)
<use ../images/10_MultipleRegression/Slide10_04.png>
Package luatex.def Info: ../images/10_MultipleRegression/Slide10_04.png  used o
n input line 152.
(luatex.def)             Requested size: 313.69025pt x 118.24512pt.
<../images/10_MultipleRegression/Slide10_05.png, id=2870, 427.5975pt x 414.5487
5pt>
File: ../images/10_MultipleRegression/Slide10_05.png Graphic file (type png)
<use ../images/10_MultipleRegression/Slide10_05.png>
Package luatex.def Info: ../images/10_MultipleRegression/Slide10_05.png  used o
n input line 160.
(luatex.def)             Requested size: 313.69025pt x 304.1172pt.

[161<../images/10_MultipleRegression/Slide10_03.png><../images/10_MultipleRegres
sion/Slide10_04.png>] [162<../images/10_MultipleRegression/Slide10_05.png>]
[163] (./m10_MultipleRegression_escape_04.tex) [164]
<../images/10_MultipleRegression/Rplot10_04.png, id=2903, 4818.0pt x 3613.5pt>
File: ../images/10_MultipleRegression/Rplot10_04.png Graphic file (type png)
<use ../images/10_MultipleRegression/Rplot10_04.png>
Package luatex.def Info: ../images/10_MultipleRegression/Rplot10_04.png  used o
n input line 269.
(luatex.def)             Requested size: 271.86234pt x 203.84334pt.
 [165] [166<../images/10_MultipleRegression/Rplot10_04.png>]) [167]
\openout2 = m11_Regression_onRE.aux
 (./m11_Regr
ession_onRE.tex [168




]
第11章
[169] (./m11_Regression_onR_escape_01.tex
Removing  `ltj.process_input_buffer' from `process_input_buffer'.
Inserting `ltj.listings_unicode' in `process_input_buffer'.
Inserting `ltj.process_input_buffer' in `process_input_buffer'.
Removing  `ltj.listings_unicode' from `process_input_buffer'.) (./m11_Regressio
n_onR_escape_02.tex) (./m11_Regression_onR_escape_03.tex
Removing  `ltj.process_input_buffer' from `process_input_buffer'.
Inserting `ltj.listings_unicode' in `process_input_buffer'.
Inserting `ltj.process_input_buffer' in `process_input_buffer'.
Removing  `ltj.listings_unicode' from `process_input_buffer'.) (./m11_Regressio
n_onR_escape_04.tex
[170]) (./m11_Regression_onR_escape_05.tex
<../images/11_MultipleRegressionOnR/Rplot11_01.png, id=2974, 433.62pt x 433.62p
t>
File: ../images/11_MultipleRegressionOnR/Rplot11_01.png Graphic file (type png)

<use ../images/11_MultipleRegressionOnR/Rplot11_01.png>
Package luatex.def Info: ../images/11_MultipleRegressionOnR/Rplot11_01.png  use
d on input line 3.
(luatex.def)             Requested size: 271.86234pt x 271.87198pt.
) (./m11_Regression_onR_escape_06.tex
Removing  `ltj.process_input_buffer' from `process_input_buffer'.
Inserting `ltj.listings_unicode' in `process_input_buffer'.
Inserting `ltj.process_input_buffer' in `process_input_buffer'.
Removing  `ltj.listings_unicode' from `process_input_buffer'.) (./m11_Regressio
n_onR_escape_07.tex [171<../images/11_MultipleRegressionOnR/Rplot11_01.png>]) (./m11_Regression_onR_escape_08.tex
Removing  `ltj.process_input_buffer' from `process_input_buffer'.
Inserting `ltj.listings_unicode' in `process_input_buffer'.
Inserting `ltj.process_input_buffer' in `process_input_buffer'.
Removing  `ltj.listings_unicode' from `process_input_buffer'.)
(./m11_Regression_onR_escape_09.tex) (./m11_Regression_onR_escape_10.tex
[172]) [173]
Removing  `ltj.process_input_buffer' from `process_input_buffer'.
Inserting `ltj.listings_unicode' in `process_input_buffer'.
Inserting `ltj.process_input_buffer' in `process_input_buffer'.
Removing  `ltj.listings_unicode' from `process_input_buffer'. [174]

Package natbib Warning: Citation `kosugi2018' on page 175 undefined on input li
ne 155.

Removing  `ltj.process_input_buffer' from `process_input_buffer'.
Inserting `ltj.listings_unicode' in `process_input_buffer'.
Inserting `ltj.process_input_buffer' in `process_input_buffer'.
Removing  `ltj.listings_unicode' from `process_input_buffer'. [175]
<../images/11_MultipleRegressionOnR/Rplot11_02.png, id=3047, 578.16pt x 433.62p
t>
File: ../images/11_MultipleRegressionOnR/Rplot11_02.png Graphic file (type png)

<use ../images/11_MultipleRegressionOnR/Rplot11_02.png>
Package luatex.def Info: ../images/11_MultipleRegressionOnR/Rplot11_02.png  use
d on input line 185.
(luatex.def)             Requested size: 334.60422pt x 250.9506pt.
Removing  `ltj.process_input_buffer' from `process_input_buffer'.
Inserting `ltj.listings_unicode' in `process_input_buffer'.
Inserting `ltj.process_input_buffer' in `process_input_buffer'.
Removing  `ltj.listings_unicode' from `process_input_buffer'. [176<../images/11_
MultipleRegressionOnR/Rplot11_02.png>]
(./m11_Regression_onR_escape_11.tex
Removing  `ltj.process_input_buffer' from `process_input_buffer'.
Inserting `ltj.listings_unicode' in `process_input_buffer'.
Inserting `ltj.process_input_buffer' in `process_input_buffer'.
Removing  `ltj.listings_unicode' from `process_input_buffer'.) (./m11_Regressio
n_onR_escape_12.tex
[177]) (./m11_Regression_onR_escape_13.tex) [178]) [179]
\openout2 = m12_design1E.aux
 (./m12_design1E.tex
[180




]
第12章
[181] [182] (./m12_design1_escape_01.tex
<../images/12_design1/slide12_01.png, id=3113, 1167.36125pt x 413.545pt>
File: ../images/12_design1/slide12_01.png Graphic file (type png)
<use ../images/12_design1/slide12_01.png>
Package luatex.def Info: ../images/12_design1/slide12_01.png  used on input lin
e 3.
(luatex.def)             Requested size: 334.60422pt x 118.53673pt.
) [183<../images/12_design1/slide12_01.png>] (./m12_design1_escape_02.tex
<../images/12_design1/slide12_02.png, id=3123, 996.72375pt x 369.38pt>
File: ../images/12_design1/slide12_02.png Graphic file (type png)
<use ../images/12_design1/slide12_02.png>
Package luatex.def Info: ../images/12_design1/slide12_02.png  used on input lin
e 3.
(luatex.def)             Requested size: 334.60422pt x 123.9981pt.
) [184] (./m12_design1_escape_03.tex
<../images/12_design1/slide12_03.png, id=3134, 994.71625pt x 353.32pt>
File: ../images/12_design1/slide12_03.png Graphic file (type png)
<use ../images/12_design1/slide12_03.png>
Package luatex.def Info: ../images/12_design1/slide12_03.png  used on input lin
e 3.
(luatex.def)             Requested size: 334.60422pt x 118.84949pt.
)
(./m12_design1_escape_04.tex
<../images/12_design1/slide12_04.png, id=3136, 1013.7875pt x 417.56pt>
File: ../images/12_design1/slide12_04.png Graphic file (type png)
<use ../images/12_design1/slide12_04.png>
Package luatex.def Info: ../images/12_design1/slide12_04.png  used on input lin
e 3.
(luatex.def)             Requested size: 334.60422pt x 137.81433pt.
) [185<../images/12_design1/slide12_02.png><../images/12_design1/slide12_03.png>
] [186<../images/12_design1/slide12_04.png>]
(./m12_design1_escape_05.tex) [187] [188] (./m12_design1_escape_06.tex)
[189] (./m12_design1_escape_07.tex
<../images/12_design1/slide12_05.png, id=3176, 730.73pt x 356.33125pt>
File: ../images/12_design1/slide12_05.png Graphic file (type png)
<use ../images/12_design1/slide12_05.png>
Package luatex.def Info: ../images/12_design1/slide12_05.png  used on input lin
e 3.
(luatex.def)             Requested size: 334.60422pt x 163.16403pt.
) (./m12_design1_escape_08.tex
<../images/21_anova/slide21_08.png, id=3179, 1199.48125pt x 591.20876pt>
File: ../images/21_anova/slide21_08.png Graphic file (type png)
<use ../images/21_anova/slide21_08.png>
Package luatex.def Info: ../images/21_anova/slide21_08.png  used on input line 
3.
(luatex.def)             Requested size: 334.60422pt x 164.91486pt.
) [190<../images/12_design1/slide12_05.png>] (./m12_design1_escape_09.tex [191<.
./images/21_anova/slide21_08.png>]) (./m12_design1_escape_10.tex)) [192]
\openout2 = m13_design2E.aux
 (./m13
_design2E.tex
第13章
(./m13_design2_escape_01.tex) (./m13_design2_escape_02.tex
<../images/22_anovaOnR/Rplot22_01.png, id=3204, 3613.5pt x 2409.0pt>
File: ../images/22_anovaOnR/Rplot22_01.png Graphic file (type png)
<use ../images/22_anovaOnR/Rplot22_01.png>
Package luatex.def Info: ../images/22_anovaOnR/Rplot22_01.png  used on input li
ne 3.
(luatex.def)             Requested size: 334.60422pt x 223.04956pt.
)
(./m13_design2_escape_03.tex) (./m13_design2_escape_04.tex [193




]) [194<../images/22_anovaOnR/Rplot22_01.png>] [195]
Overfull \hbox (58.74857pt too wide) in paragraph at lines 104--105
[]\TU/lmr/m/n/10 Group av-er-age - to-tal av-er-age = ef-fect, so brand A has th
e ef-fect of be-ing $\OT1/cmr/m/n/10 0\OML/cmm/m/it/10 :\OT1/cmr/m/n/10 75\OML/
cmm/m/it/10 higherthanthetotalaverage$\TU/lmr/m/n/10 10.5-
 []

(./m13_design2_escape_05.tex
<../images/22_anovaOnR/Rplot22_02.png, id=3236, 578.16pt x 289.08pt>
File: ../images/22_anovaOnR/Rplot22_02.png Graphic file (type png)
<use ../images/22_anovaOnR/Rplot22_02.png>
Package luatex.def Info: ../images/22_anovaOnR/Rplot22_02.png  used on input li
ne 3.
(luatex.def)             Requested size: 334.60422pt x 167.3004pt.
) [196<../images/22_anovaOnR/Rplot22_02.png>]
[197]
Overfull \hbox (4.80785pt too wide) detected at line 176
[][]
 []

(./m13_design2_escape_06.tex
<../images/13_design2/slide13_01.png, id=3263, 944.52875pt x 608.2725pt>
File: ../images/13_design2/slide13_01.png Graphic file (type png)
<use ../images/13_design2/slide13_01.png>
Package luatex.def Info: ../images/13_design2/slide13_01.png  used on input lin
e 6.
(luatex.def)             Requested size: 94.10643pt x 60.59877pt.
<../images/13_design2/slide13_02.png, id=3264, 966.61125pt x 613.29124pt>
File: ../images/13_design2/slide13_02.png Graphic file (type png)
<use ../images/13_design2/slide13_02.png>
Package luatex.def Info: ../images/13_design2/slide13_02.png  used on input lin
e 13.
(luatex.def)             Requested size: 94.10643pt x 59.7044pt.
) [198] (./m13_design2_escape_07.tex) [199<../images/13_design2/slide13_01.png><
../images/13_design2/slide13_02.png>]
(./m13_design2_escape_08.tex
<../images/22_anovaOnR/Rplot22_05.png, id=3286, 578.16pt x 289.08pt>
File: ../images/22_anovaOnR/Rplot22_05.png Graphic file (type png)
<use ../images/22_anovaOnR/Rplot22_05.png>
Package luatex.def Info: ../images/22_anovaOnR/Rplot22_05.png  used on input li
ne 3.
(luatex.def)             Requested size: 334.60422pt x 167.3004pt.
) (./m13_design2_escape_09.tex
<../images/22_anovaOnR/Rplot22_04.png, id=3290, 578.16pt x 289.08pt>
File: ../images/22_anovaOnR/Rplot22_04.png Graphic file (type png)
<use ../images/22_anovaOnR/Rplot22_04.png>
Package luatex.def Info: ../images/22_anovaOnR/Rplot22_04.png  used on input li
ne 3.
(luatex.def)             Requested size: 334.60422pt x 167.3004pt.
) [200<../images/22_anovaOnR/Rplot22_05.png><../images/22_anovaOnR/Rplot22_04.pn
g>]
(./m13_design2_escape_10.tex)
Overfull \hbox (38.92163pt too wide) detected at line 250
[]
 []

[201] [202] (./m13_design2_escape_11.tex) (./m13_design2_escape_12.tex))
[203]
\openout2 = m14_design3E.aux
 (./m14_design3E.tex [204




]
第14章
(./m14_design3_escape_01.tex) (./m14_design3_escape_02.tex
<../images/22_anovaOnR/Rplot22_03.png, id=3336, 3613.5pt x 2409.0pt>
File: ../images/22_anovaOnR/Rplot22_03.png Graphic file (type png)
<use ../images/22_anovaOnR/Rplot22_03.png>
Package luatex.def Info: ../images/22_anovaOnR/Rplot22_03.png  used on input li
ne 3.
(luatex.def)             Requested size: 271.86234pt x 181.21858pt.
) [205]
<../images/14_design3/slide14_01.png, id=3345, 1254.6875pt x 789.95125pt>
File: ../images/14_design3/slide14_01.png Graphic file (type png)
<use ../images/14_design3/slide14_01.png>
Package luatex.def Info: ../images/14_design3/slide14_01.png  used on input lin
e 59.
(luatex.def)             Requested size: 334.60422pt x 210.66199pt.
 [206<../images/22_anovaOnR/Rplot22_03.png>] [207<../images/14_design3/slide14_0
1.png>]
<../images/22_anovaOnR/slide22_04.png, id=3368, 925.4575pt x 343.2825pt>
File: ../images/22_anovaOnR/slide22_04.png Graphic file (type png)
<use ../images/22_anovaOnR/slide22_04.png>
Package luatex.def Info: ../images/22_anovaOnR/slide22_04.png  used on input li
ne 132.
(luatex.def)             Requested size: 334.60422pt x 124.11588pt.

[208] [209<../images/22_anovaOnR/slide22_04.png>] [210] [211] [212]
(./m14_design3_escape_03.tex
<../images/14_design3/slide14_02.png, id=3404, 612.2875pt x 183.68625pt>
File: ../images/14_design3/slide14_02.png Graphic file (type png)
<use ../images/14_design3/slide14_02.png>
Package luatex.def Info: ../images/14_design3/slide14_02.png  used on input lin
e 3.
(luatex.def)             Requested size: 209.12683pt x 62.73837pt.
) [213<../images/14_design3/slide14_02.png>]
<../images/14_design3/slide14_03.png, id=3412, 764.8575pt x 149.55875pt>
File: ../images/14_design3/slide14_03.png Graphic file (type png)
<use ../images/14_design3/slide14_03.png>
Package luatex.def Info: ../images/14_design3/slide14_03.png  used on input lin
e 359.
(luatex.def)             Requested size: 334.60422pt x 65.42722pt.

[214<../images/14_design3/slide14_03.png>]) [215]
\openout2 = m15_FirstSemesterE.aux
 (./m15_FirstSemesterE.tex
[216




]
第15章
[217]) [218] [219



] [220]
\openout2 = m16_inferenceE.aux
 (./m16_inferenceE.tex
第16章
[221


]
<../images/16_inference/slide16_01.png, id=3459, 1027.84pt x 770.88pt>
File: ../images/16_inference/slide16_01.png Graphic file (type png)
<use ../images/16_inference/slide16_01.png>
Package luatex.def Info: ../images/16_inference/slide16_01.png  used on input l
ine 52.
(luatex.def)             Requested size: 334.59297pt x 250.95476pt.
 [222<../images/16_inference/slide16_01.png>]
<../images/16_inference/slide16_02.png, id=3472, 1027.84pt x 770.88pt>
File: ../images/16_inference/slide16_02.png Graphic file (type png)
<use ../images/16_inference/slide16_02.png>
Package luatex.def Info: ../images/16_inference/slide16_02.png  used on input l
ine 76.
(luatex.def)             Requested size: 334.59297pt x 250.95476pt.
<dice.pdf, id=3474, 258.9675pt x 86.3225pt>
File: dice.pdf Graphic file (type pdf)
<use dice.pdf>
Package luatex.def Info: dice.pdf  used on input line 82.
(luatex.def)             Requested size: 6.03389pt x 6.034pt.
File: dice.pdf Graphic file (type pdf)
<use dice.pdf>
Package luatex.def Info: dice.pdf  used on input line 82.
(luatex.def)             Requested size: 6.03389pt x 6.034pt.
 [223<../images/16_inference/slide16_02.png>] [224</usr/local/texlive/2023/texmf
-dist/tex/latex/epsdice/dice.pdf>]

Package natbib Warning: Citation `Shiina2013' on page 225 undefined on input li
ne 106.

[225]
<../images/16_inference/Rplot16_01.png, id=3509, 4818.0pt x 2409.0pt>
File: ../images/16_inference/Rplot16_01.png Graphic file (type png)
<use ../images/16_inference/Rplot16_01.png>
Package luatex.def Info: ../images/16_inference/Rplot16_01.png  used on input l
ine 142.
(luatex.def)             Requested size: 334.57434pt x 167.2989pt.
 [226<../images/16_inference/Rplot16_01.png>] [227]
<../images/16_inference/slide16_03.png, id=3535, 1141.26375pt x 927.465pt>
File: ../images/16_inference/slide16_03.png Graphic file (type png)
<use ../images/16_inference/slide16_03.png>
Package luatex.def Info: ../images/16_inference/slide16_03.png  used on input l
ine 235.
(luatex.def)             Requested size: 308.80707pt x 250.95476pt.
<../images/16_inference/Rplot16_03.png, id=3537, 4818.0pt x 2409.0pt>
File: ../images/16_inference/Rplot16_03.png Graphic file (type png)
<use ../images/16_inference/Rplot16_03.png>
Package luatex.def Info: ../images/16_inference/Rplot16_03.png  used on input l
ine 244.
(luatex.def)             Requested size: 334.57434pt x 167.2989pt.
 [228<../images/16_inference/slide16_03.png>]) [229<../images/16_inference/Rplot
16_03.png>]
\openout2 = m17_estimation_and_testE.aux

(./m17_estimation_and_testE.tex [230




]
第17章
[231] (./m17_estimation_and_test_escape_01.tex
<../images/16_inference/Rplot16_04.png, id=3563, 4818.0pt x 2409.0pt>
File: ../images/16_inference/Rplot16_04.png Graphic file (type png)
<use ../images/16_inference/Rplot16_04.png>
Package luatex.def Info: ../images/16_inference/Rplot16_04.png  used on input l
ine 3.
(luatex.def)             Requested size: 334.57434pt x 167.2989pt.
)
(./m17_estimation_and_test_escape_02.tex)
(./m17_estimation_and_test_escape_03.tex)
(./m17_estimation_and_test_escape_04.tex [232<../images/16_inference/Rplot16_04.
png>]) (./m17_estimation_and_test_escape_05.tex
<../images/16_inference/Rplot16_05.png, id=3577, 4818.0pt x 2409.0pt>
File: ../images/16_inference/Rplot16_05.png Graphic file (type png)
<use ../images/16_inference/Rplot16_05.png>
Package luatex.def Info: ../images/16_inference/Rplot16_05.png  used on input l
ine 3.
(luatex.def)             Requested size: 334.57434pt x 167.2989pt.
) [233<../images/16_inference/Rplot16_05.png>] (./m17_estimation_and_test_escap
e_06.tex
<../images/17_estimation_and_test/slide17_1.png, id=3593, 1104.125pt x 836.1237
5pt>
File: ../images/17_estimation_and_test/slide17_1.png Graphic file (type png)
<use ../images/17_estimation_and_test/slide17_1.png>
Package luatex.def Info: ../images/17_estimation_and_test/slide17_1.png  used o
n input line 3.
(luatex.def)             Requested size: 331.39168pt x 250.95476pt.
)
<../images/17_estimation_and_test/slide17_2.png, id=3597, 1264.725pt x 445.665p
t>
File: ../images/17_estimation_and_test/slide17_2.png Graphic file (type png)
<use ../images/17_estimation_and_test/slide17_2.png>
Package luatex.def Info: ../images/17_estimation_and_test/slide17_2.png  used o
n input line 91.
(luatex.def)             Requested size: 334.60422pt x 117.90344pt.


Class ltjsbook Warning: deprecated old font command `\tt' used.
(ltjsbook)              You should note, that since 1994 LaTeX2e provides a
(ltjsbook)              new font selection scheme called NFSS2 with several
(ltjsbook)              new, combinable font commands. This ltjsbook
(ltjsbook)              class has defined the old font commands like
(ltjsbook)              `\tt' only for compatibility on input line 97.

[234<../images/17_estimation_and_test/slide17_1.png>]
(./m17_estimation_and_test_escape_07.tex) [235<../images/17_estimation_and_test/
slide17_2.png>]
Overfull \hbox (6.53514pt too wide) detected at line 133
[] [] \OT1/cmr/m/n/10 = 36\OML/cmm/m/it/10 :\OT1/cmr/m/n/10 5394
 []

<../images/17_estimation_and_test/Rplot17_1.png, id=3623, 4818.0pt x 2409.0pt>
File: ../images/17_estimation_and_test/Rplot17_1.png Graphic file (type png)
<use ../images/17_estimation_and_test/Rplot17_1.png>
Package luatex.def Info: ../images/17_estimation_and_test/Rplot17_1.png  used o
n input line 144.
(luatex.def)             Requested size: 334.60422pt x 167.28717pt.
[236] [237<../images/17_estimation_and_test/Rplot17_1.png>]
<../images/17_estimation_and_test/slide17_3.png, id=3644, 1192.455pt x 436.6312
6pt>
File: ../images/17_estimation_and_test/slide17_3.png Graphic file (type png)
<use ../images/17_estimation_and_test/slide17_3.png>
Package luatex.def Info: ../images/17_estimation_and_test/slide17_3.png  used o
n input line 174.
(luatex.def)             Requested size: 334.60422pt x 122.51575pt.
<../images/17_estimation_and_test/slide17_4.png, id=3646, 1278.7775pt x 941.517
5pt>
File: ../images/17_estimation_and_test/slide17_4.png Graphic file (type png)
<use ../images/17_estimation_and_test/slide17_4.png>
Package luatex.def Info: ../images/17_estimation_and_test/slide17_4.png  used o
n input line 186.
(luatex.def)             Requested size: 340.84518pt x 250.95476pt.
 [238<../images/17_estimation_and_test/slide17_3.png>]
<../images/17_estimation_and_test/slide17_5.png, id=3661, 997.7275pt x 509.905p
t>
File: ../images/17_estimation_and_test/slide17_5.png Graphic file (type png)
<use ../images/17_estimation_and_test/slide17_5.png>
Package luatex.def Info: ../images/17_estimation_and_test/slide17_5.png  used o
n input line 195.
(luatex.def)             Requested size: 334.60422pt x 171.00012pt.
 [239<../images/17_estimation_and_test/slide17_4.png><../images/17_estimation_an
d_test/slide17_5.png>]) [240]
\openout2 = m18_NHSTE.aux

(./m18_NHSTE.tex
第18章

Package natbib Warning: Citation `wasserstein2016asa' on page 241 undefined on 
input line 28.


Package natbib Warning: Citation `amrhein2019scientists' on page 241 undefined 
on input line 28.


Package natbib Warning: Citation `Toyoda202003' on page 241 undefined on input 
line 28.

[241




]

LaTeX Warning: Reference `sec::4c' on page 242 undefined on input line 39.

[242]

Package natbib Warning: Citation `wasserstein2016asa' on page 243 undefined on 
input line 49.


Package natbib Warning: Citation `amrhein2019scientists' on page 243 undefined 
on input line 49.


Package natbib Warning: Citation `Toyoda202003' on page 243 undefined on input 
line 49.


LaTeX Warning: Reference `chapter25' on page 243 undefined on input line 49.

(./m18_NHST_escape_01.tex [243]) [244] [245] [246] [247]
(./m18_NHST_escape_02.tex
<../images/18_NHST/slide18_03.png, id=3765, 1028.84375pt x 392.46625pt>
File: ../images/18_NHST/slide18_03.png Graphic file (type png)
<use ../images/18_NHST/slide18_03.png>
Package luatex.def Info: ../images/18_NHST/slide18_03.png  used on input line 3
.
(luatex.def)             Requested size: 334.60422pt x 127.63983pt.
) [248<../images/18_NHST/slide18_03.png>]

Package natbib Warning: Citation `Haebara200206' on page 249 undefined on input
 line 222.


Package natbib Warning: Citation `Hirakawa2021' on page 249 undefined on input 
line 222.

[249] (./m18_NHST_escape_03.tex
<../images/18_NHST/Rplot18_01.png, id=3786, 3011.25pt x 3011.25pt>
File: ../images/18_NHST/Rplot18_01.png Graphic file (type png)
<use ../images/18_NHST/Rplot18_01.png>
Package luatex.def Info: ../images/18_NHST/Rplot18_01.png  used on input line 4
.
(luatex.def)             Requested size: 334.60422pt x 334.59273pt.
) [250<../images/18_NHST/Rplot18_01.png>]
(./m18_NHST_escape_04.tex
<../images/18_NHST/slide18_04.png, id=3798, 1026.83624pt x 416.55624pt>
File: ../images/18_NHST/slide18_04.png Graphic file (type png)
<use ../images/18_NHST/slide18_04.png>
Package luatex.def Info: ../images/18_NHST/slide18_04.png  used on input line 3
.
(luatex.def)             Requested size: 334.60422pt x 135.74147pt.
) [251] (./m18_NHST_escape_05.tex)
(./m18_NHST_escape_06.tex) [252<../images/18_NHST/slide18_04.png>]
(./m18_NHST_escape_07.tex)) [253]
\openout2 = m19_NHST2E.aux
 (./m19_NHST2E.tex [254




]
第19章
[255] (./m19_NHST2_escape_01.tex) [256] (./m19_NHST2_escape_02.tex
<../images/18_NHST/Rplot18_02.png, id=3851, 4818.0pt x 2409.0pt>
File: ../images/18_NHST/Rplot18_02.png Graphic file (type png)
<use ../images/18_NHST/Rplot18_02.png>
Package luatex.def Info: ../images/18_NHST/Rplot18_02.png  used on input line 3
.
(luatex.def)             Requested size: 334.60422pt x 167.28717pt.
) [257]
[258<../images/18_NHST/Rplot18_02.png>] (./m19_NHST2_escape_03.tex)
(./m19_NHST2_escape_04.tex
<../images/18_NHST/slide18_01.png, id=3866, 1443.3925pt x 818.05624pt>
File: ../images/18_NHST/slide18_01.png Graphic file (type png)
<use ../images/18_NHST/slide18_01.png>
Package luatex.def Info: ../images/18_NHST/slide18_01.png  used on input line 3
.
(luatex.def)             Requested size: 334.60422pt x 189.6344pt.
) [259]

Package natbib Warning: Citation `BA33892274' on page 260 undefined on input li
ne 120.

(./m19_NHST2_escape_05.tex) [260<../images/18_NHST/slide18_01.png>] [261]
(./m19_NHST2_escape_06.tex
<../images/19_NHST2/Slide19_03.png, id=3890, 512.91624pt x 314.17375pt>
File: ../images/19_NHST2/Slide19_03.png Graphic file (type png)
<use ../images/19_NHST2/Slide19_03.png>
Package luatex.def Info: ../images/19_NHST2/Slide19_03.png  used on input line 
3.
(luatex.def)             Requested size: 334.60422pt x 204.95357pt.
)

Package natbib Warning: Citation `Mizumoto2010' on page 262 undefined on input 
line 194.

[262] (./m19_NHST2_escape_07.tex) (./m19_NHST2_escape_08.tex [263<../images/19_N
HST2/Slide19_03.png>]) (./m19_NHST2_escape_09.tex) (./m19_NHST2_escape_10.tex)) [264]
\openout2 = m20_ttestE.aux
 (./m20_ttestE.tex
第20章
[265




] (./m20_ttest_escape_01.tex
<../images/19_NHST2/slide19_01.png, id=3918, 824.07875pt x 462.72874pt>
File: ../images/19_NHST2/slide19_01.png Graphic file (type png)
<use ../images/19_NHST2/slide19_01.png>
Package luatex.def Info: ../images/19_NHST2/slide19_01.png  used on input line 
3.
(luatex.def)             Requested size: 334.60422pt x 187.88423pt.
) [266<../images/19_NHST2/slide19_01.png>]
(./m20_ttest_escape_02.tex) [267] (./m20_ttest_escape_03.tex)
(./m20_ttest_escape_04.tex [268]) (./m20_ttest_escape_05.tex
File: ../images/17_estimation_and_test/slide17_4.png Graphic file (type png)
<use ../images/17_estimation_and_test/slide17_4.png>
Package luatex.def Info: ../images/17_estimation_and_test/slide17_4.png  used o
n input line 3.
(luatex.def)             Requested size: 334.60422pt x 246.3547pt.
)
(./m20_ttest_escape_06.tex) [269] [270] [271]
<../images/19_NHST2/slide19_02.png, id=3975, 1186.4325pt x 789.95125pt>
File: ../images/19_NHST2/slide19_02.png Graphic file (type png)
<use ../images/19_NHST2/slide19_02.png>
Package luatex.def Info: ../images/19_NHST2/slide19_02.png  used on input line 
175.
(luatex.def)             Requested size: 334.60422pt x 222.78798pt.
 [272<../images/19_NHST2/slide19_02.png>]
Removing  `ltj.process_input_buffer' from `process_input_buffer'.
Inserting `ltj.listings_unicode' in `process_input_buffer'.
Inserting `ltj.process_input_buffer' in `process_input_buffer'.
Removing  `ltj.listings_unicode' from `process_input_buffer'.
Removing  `ltj.process_input_buffer' from `process_input_buffer'.
Inserting `ltj.listings_unicode' in `process_input_buffer'.
Inserting `ltj.process_input_buffer' in `process_input_buffer'. [273]
Removing  `ltj.listings_unicode' from `process_input_buffer'. [274]
Removing  `ltj.process_input_buffer' from `process_input_buffer'.
Inserting `ltj.listings_unicode' in `process_input_buffer'.
Inserting `ltj.process_input_buffer' in `process_input_buffer'.
Removing  `ltj.listings_unicode' from `process_input_buffer'. [275] [276]
Removing  `ltj.process_input_buffer' from `process_input_buffer'.
Inserting `ltj.listings_unicode' in `process_input_buffer'.
Inserting `ltj.process_input_buffer' in `process_input_buffer'.
Removing  `ltj.listings_unicode' from `process_input_buffer'.

Package natbib Warning: Citation `effsize' on page 277 undefined on input line 
349.

Removing  `ltj.process_input_buffer' from `process_input_buffer'.
Inserting `ltj.listings_unicode' in `process_input_buffer'.
Inserting `ltj.process_input_buffer' in `process_input_buffer'.
Removing  `ltj.listings_unicode' from `process_input_buffer'. [277]
Removing  `ltj.process_input_buffer' from `process_input_buffer'.
Inserting `ltj.listings_unicode' in `process_input_buffer'.
Inserting `ltj.process_input_buffer' in `process_input_buffer'.
Removing  `ltj.listings_unicode' from `process_input_buffer'.
Removing  `ltj.process_input_buffer' from `process_input_buffer'.
Inserting `ltj.listings_unicode' in `process_input_buffer'.
Inserting `ltj.process_input_buffer' in `process_input_buffer'.
Removing  `ltj.listings_unicode' from `process_input_buffer'.
Overfull \hbox (28.8448pt too wide) in paragraph at lines 401--401
[]\TU/lmtt/m/n/9 Trying to compute paired samples Cohen's d using formula input.
 Results may be incorrect[] 
 []


Overfull \hbox (33.56981pt too wide) in paragraph at lines 402--402
[] \TU/lmtt/m/n/9 if cases do not appear in the same order for both levels of th
e grouping factor. Use the[] 
 []

[278]
Removing  `ltj.process_input_buffer' from `process_input_buffer'.
Inserting `ltj.listings_unicode' in `process_input_buffer'.
Inserting `ltj.process_input_buffer' in `process_input_buffer'.
Removing  `ltj.listings_unicode' from `process_input_buffer'.
Removing  `ltj.process_input_buffer' from `process_input_buffer'.
Inserting `ltj.listings_unicode' in `process_input_buffer'.
Inserting `ltj.process_input_buffer' in `process_input_buffer'.
Removing  `ltj.listings_unicode' from `process_input_buffer'. [279]
Removing  `ltj.process_input_buffer' from `process_input_buffer'.
Inserting `ltj.listings_unicode' in `process_input_buffer'.
Inserting `ltj.process_input_buffer' in `process_input_buffer'.
Removing  `ltj.listings_unicode' from `process_input_buffer'. [280]) [281]
\openout2 = m21_anovaE.aux
 (./m
21_anovaE.tex [282




]
第21章
(./m21_anova_escape_01.tex) [283] (./m21_anova_escape_02.tex
<../images/21_anova/slide21_01.png, id=4161, 1333.98375pt x 845.1575pt>
File: ../images/21_anova/slide21_01.png Graphic file (type png)
<use ../images/21_anova/slide21_01.png>
Package luatex.def Info: ../images/21_anova/slide21_01.png  used on input line 
3.
(luatex.def)             Requested size: 313.69025pt x 198.741pt.
) [284<../images/21_anova/slide21_01.png>] (./m21_anova_escape_03.tex
<../images/21_anova/slide21_03.png, id=4177, 1314.9125pt x 745.78625pt>
File: ../images/21_anova/slide21_03.png Graphic file (type png)
<use ../images/21_anova/slide21_03.png>
Package luatex.def Info: ../images/21_anova/slide21_03.png  used on input line 
3.
(luatex.def)             Requested size: 334.60422pt x 189.769pt.
) [285<../images/21_anova/slide21_03.png>] (./m21_anova_escape_04.tex) [286]
<../images/21_anova/slide21_05.png, id=4196, 1350.04375pt x 658.46pt>
File: ../images/21_anova/slide21_05.png Graphic file (type png)
<use ../images/21_anova/slide21_05.png>
Package luatex.def Info: ../images/21_anova/slide21_05.png  used on input line 
135.
(luatex.def)             Requested size: 334.60422pt x 163.19792pt.
 [287<../images/21_anova/slide21_05.png>]
<../images/21_anova/slide21_06.png, id=4211, 1151.30125pt x 839.135pt>
File: ../images/21_anova/slide21_06.png Graphic file (type png)
<use ../images/21_anova/slide21_06.png>
Package luatex.def Info: ../images/21_anova/slide21_06.png  used on input line 
191.
(luatex.def)             Requested size: 334.60422pt x 243.88069pt.
 [288]
<../images/21_anova/slide21_07.png, id=4224, 1133.23375pt x 788.9475pt>
File: ../images/21_anova/slide21_07.png Graphic file (type png)
<use ../images/21_anova/slide21_07.png>
Package luatex.def Info: ../images/21_anova/slide21_07.png  used on input line 
200.
(luatex.def)             Requested size: 334.60422pt x 232.94214pt.
 [289<../images/21_anova/slide21_06.png><../images/21_anova/slide21_07.png>] (.
/m21_anova_escape_05.tex) [290]
Overfull \hbox (33.06357pt too wide) in paragraph at lines 246--266
 [][] 
 []

[291] (./m21_anova_escape_06.tex) [292]

Package natbib Warning: Citation `BA33892274' on page 293 undefined on input li
ne 372.

[293] [294]

LaTeX Warning: Reference `tbl::21_06' on page 295 undefined on input line 482.

[295] (./m21_anova_escape_07.tex) (./m21_anova_escape_08.tex)
(./m21_anova_escape_09.tex [296] [297] [298

]) (./m21_anova_escape_10.tex))
[299

]
\openout2 = m22_anova_onRE.aux
 (./m22_anova_onRE.tex [300




]
第22章
(./m22_anova_onR_escape_01.tex
<../images/20_ttest/fig20_01.png, id=4335, 1218.5525pt x 513.92pt>
File: ../images/20_ttest/fig20_01.png Graphic file (type png)
<use ../images/20_ttest/fig20_01.png>
Package luatex.def Info: ../images/20_ttest/fig20_01.png  used on input line 3.

(luatex.def)             Requested size: 334.60422pt x 141.11278pt.
) [301<../images/20_ttest/fig20_01.png>]
(./m22_anova_onR_escape_02.tex) (./m22_anova_onR_escape_03.tex
Removing  `ltj.process_input_buffer' from `process_input_buffer'.
Inserting `ltj.listings_unicode' in `process_input_buffer'.
Inserting `ltj.process_input_buffer' in `process_input_buffer'.
Removing  `ltj.listings_unicode' from `process_input_buffer'.)
(./m22_anova_onR_escape_04.tex) (./m22_anova_onR_escape_05.tex [302])
(./m22_anova_onR_escape_06.tex
Removing  `ltj.process_input_buffer' from `process_input_buffer'.
Inserting `ltj.listings_unicode' in `process_input_buffer'.
Inserting `ltj.process_input_buffer' in `process_input_buffer'.
Removing  `ltj.listings_unicode' from `process_input_buffer'.) (./m22_anova_onR
_escape_07.tex) [303]
(./m22_anova_onR_escape_08.tex
Removing  `ltj.process_input_buffer' from `process_input_buffer'.
Inserting `ltj.listings_unicode' in `process_input_buffer'.
Inserting `ltj.process_input_buffer' in `process_input_buffer'.
Removing  `ltj.listings_unicode' from `process_input_buffer'.) (./m22_anova_onR
_escape_09.tex
Removing  `ltj.process_input_buffer' from `process_input_buffer'.
Inserting `ltj.listings_unicode' in `process_input_buffer'.
Inserting `ltj.process_input_buffer' in `process_input_buffer'.
Removing  `ltj.listings_unicode' from `process_input_buffer'.)
(./m22_anova_onR_escape_10.tex
<../images/23_likelihood/screen23_01.png, id=4384, 1234.6125pt x 551.05875pt>
File: ../images/23_likelihood/screen23_01.png Graphic file (type png)
<use ../images/23_likelihood/screen23_01.png>
Package luatex.def Info: ../images/23_likelihood/screen23_01.png  used on input
 line 3.
(luatex.def)             Requested size: 334.60422pt x 149.3428pt.
) [304<../images/23_likelihood/screen23_01.png>]
(./m22_anova_onR_escape_11.tex) (./m22_anova_onR_escape_12.tex
Removing  `ltj.process_input_buffer' from `process_input_buffer'.
Inserting `ltj.listings_unicode' in `process_input_buffer'.
Inserting `ltj.process_input_buffer' in `process_input_buffer'.
Removing  `ltj.listings_unicode' from `process_input_buffer'.)
(./m22_anova_onR_escape_13.tex) (./m22_anova_onR_escape_14.tex
Removing  `ltj.process_input_buffer' from `process_input_buffer'.
Inserting `ltj.listings_unicode' in `process_input_buffer'.
Inserting `ltj.process_input_buffer' in `process_input_buffer'. [305]
Removing  `ltj.listings_unicode' from `process_input_buffer'.)
(./m22_anova_onR_escape_15.tex) (./m22_anova_onR_escape_16.tex
<../images/23_likelihood/slide23_01.png, id=4422, 1312.905pt x 815.045pt>
File: ../images/23_likelihood/slide23_01.png Graphic file (type png)
<use ../images/23_likelihood/slide23_01.png>
Package luatex.def Info: ../images/23_likelihood/slide23_01.png  used on input 
line 3.
(luatex.def)             Requested size: 334.60422pt x 207.71558pt.
)

Package natbib Warning: Citation `Haebara200206' on page 306 undefined on input
 line 123.

[306] (./m22_anova_onR_escape_17.tex
Removing  `ltj.process_input_buffer' from `process_input_buffer'.
Inserting `ltj.listings_unicode' in `process_input_buffer'.
Inserting `ltj.process_input_buffer' in `process_input_buffer'.
Removing  `ltj.listings_unicode' from `process_input_buffer'.) (./m22_anova_onR
_escape_18.tex) [307<../images/23_likelihood/slide23_01.png>] (./m22_anova_onR_
escape_19.tex
Removing  `ltj.process_input_buffer' from `process_input_buffer'.
Inserting `ltj.listings_unicode' in `process_input_buffer'.
Inserting `ltj.process_input_buffer' in `process_input_buffer'.
Removing  `ltj.listings_unicode' from `process_input_buffer'.)
(./m22_anova_onR_escape_20.tex [308]) (./m22_anova_onR_escape_21.tex)
(./m22_anova_onR_escape_22.tex
Removing  `ltj.process_input_buffer' from `process_input_buffer'.
Inserting `ltj.listings_unicode' in `process_input_buffer'.
Inserting `ltj.process_input_buffer' in `process_input_buffer'. [309]
Removing  `ltj.listings_unicode' from `process_input_buffer'.) (./m22_anova_onR
_escape_23.tex
Removing  `ltj.process_input_buffer' from `process_input_buffer'.
Inserting `ltj.listings_unicode' in `process_input_buffer'.
Inserting `ltj.process_input_buffer' in `process_input_buffer'.
Removing  `ltj.listings_unicode' from `process_input_buffer'.)
(./m22_anova_onR_escape_24.tex [310]) (./m22_anova_onR_escape_25.tex
Removing  `ltj.process_input_buffer' from `process_input_buffer'.
Inserting `ltj.listings_unicode' in `process_input_buffer'.
Inserting `ltj.process_input_buffer' in `process_input_buffer'.
Removing  `ltj.listings_unicode' from `process_input_buffer'.)
(./m22_anova_onR_escape_26.tex [311]) (./m22_anova_onR_escape_27.tex
Removing  `ltj.process_input_buffer' from `process_input_buffer'.
Inserting `ltj.listings_unicode' in `process_input_buffer'.
Inserting `ltj.process_input_buffer' in `process_input_buffer'.
Removing  `ltj.listings_unicode' from `process_input_buffer'.)
(./m22_anova_onR_escape_28.tex [312]) [313] (./m22_anova_onR_escape_29.tex
<../images/23_likelihood/slide23_02.png, id=4518, 978.65625pt x 645.41125pt>
File: ../images/23_likelihood/slide23_02.png Graphic file (type png)
<use ../images/23_likelihood/slide23_02.png>
Package luatex.def Info: ../images/23_likelihood/slide23_02.png  used on input 
line 3.
(luatex.def)             Requested size: 334.60422pt x 220.66794pt.
)
(./m22_anova_onR_escape_30.tex) (./m22_anova_onR_escape_31.tex)
(./m22_anova_onR_escape_32.tex [314<../images/23_likelihood/slide23_02.png>]
Removing  `ltj.process_input_buffer' from `process_input_buffer'.
Inserting `ltj.listings_unicode' in `process_input_buffer'.
Inserting `ltj.process_input_buffer' in `process_input_buffer'.
Removing  `ltj.listings_unicode' from `process_input_buffer'.)
(./m22_anova_onR_escape_33.tex
Removing  `ltj.process_input_buffer' from `process_input_buffer'.
Inserting `ltj.listings_unicode' in `process_input_buffer'.
Inserting `ltj.process_input_buffer' in `process_input_buffer'.
Removing  `ltj.listings_unicode' from `process_input_buffer'.) (./m22_anova_onR
_escape_34.tex [315]) [316]
(./m22_anova_onR_escape_35.tex) (./m22_anova_onR_escape_36.tex [317])
(./m22_anova_onR_escape_37.tex) (./m22_anova_onR_escape_38.tex) [318]
(./m22_anova_onR_escape_39.tex) (./m22_anova_onR_escape_40.tex [319])
(./m22_anova_onR_escape_41.tex) (./m22_anova_onR_escape_42.tex)) [320]
\openout2 = m23_likelihoodE.aux

(./m23_likelihoodE.tex
第23章
[321




]
<../images/24_ML/Rplot24_01.png, id=4615, 2409.0pt x 1204.5pt>
File: ../images/24_ML/Rplot24_01.png Graphic file (type png)
<use ../images/24_ML/Rplot24_01.png>
Package luatex.def Info: ../images/24_ML/Rplot24_01.png  used on input line 46.

(luatex.def)             Requested size: 334.60422pt x 167.28717pt.
 [322] [323<../images/24_ML/Rplot24_01.png>]

Package natbib Warning: Citation `lambert2018student' on page 324 undefined on 
input line 107.

[324] [325] (./m23_likelihood_escape_01.tex
<../images/24_ML/Rplot24_02.png, id=4661, 2409.0pt x 1204.5pt>
File: ../images/24_ML/Rplot24_02.png Graphic file (type png)
<use ../images/24_ML/Rplot24_02.png>
Package luatex.def Info: ../images/24_ML/Rplot24_02.png  used on input line 3.
(luatex.def)             Requested size: 334.60422pt x 167.28717pt.
) [326<../images/24_ML/Rplot24_02.png>]
Overfull \hbox (31.95833pt too wide) in paragraph at lines 161--164
\TU/lmr/m/n/10 It means ”By the way, these num-bers can be ob-tained by us-ing
 the for-mula \TU/lmtt/m/n/10 dnorm(165,mean=160,sd=10)
 []

(./m23_likelihood_escape_02.tex
<../images/23_likelihood/Rplot_ml1.png, id=4675, 867.24pt x 433.62pt>
File: ../images/23_likelihood/Rplot_ml1.png Graphic file (type png)
<use ../images/23_likelihood/Rplot_ml1.png>
Package luatex.def Info: ../images/23_likelihood/Rplot_ml1.png  used on input l
ine 3.
(luatex.def)             Requested size: 334.60422pt x 167.30481pt.
) (./m23_likelihood_escape_03.tex
<../images/23_likelihood/Rplot_ml2.png, id=4677, 867.24pt x 433.62pt>
File: ../images/23_likelihood/Rplot_ml2.png Graphic file (type png)
<use ../images/23_likelihood/Rplot_ml2.png>
Package luatex.def Info: ../images/23_likelihood/Rplot_ml2.png  used on input l
ine 3.
(luatex.def)             Requested size: 334.60422pt x 167.30481pt.
) [327]
[328<../images/23_likelihood/Rplot_ml1.png><../images/23_likelihood/Rplot_ml2.pn
g>] (./m23_likelihood_escape_04.tex
<../images/23_likelihood/Rplot_ml3.png, id=4692, 867.24pt x 433.62pt>
File: ../images/23_likelihood/Rplot_ml3.png Graphic file (type png)
<use ../images/23_likelihood/Rplot_ml3.png>
Package luatex.def Info: ../images/23_likelihood/Rplot_ml3.png  used on input l
ine 3.
(luatex.def)             Requested size: 334.60422pt x 167.30481pt.
) [329<../images/23_likelihood/Rplot_ml3.png>] (./m23_likelihood_escape_05.tex
<../images/24_ML/Rplot24_04.png, id=4701, 803.0pt x 702.625pt>
File: ../images/24_ML/Rplot24_04.png Graphic file (type png)
<use ../images/24_ML/Rplot24_04.png>
Package luatex.def Info: ../images/24_ML/Rplot24_04.png  used on input line 3.
(luatex.def)             Requested size: 334.60422pt x 292.78471pt.
) (./m23_likelihood_escape_06.tex [330<../images/24_ML/Rplot24_04.png>])) [331]

\openout2 = m24_maximum_likelihoodE.aux
 (./m24_maximum_likelihoodE.tex [332




]
第24章
[333] [334] (./m24_maximum_likelihood_escape_01.tex)
(./m24_maximum_likelihood_escape_02.tex
<../images/24_ML/Rplot24_06.png, id=4737, 1156.32pt x 650.43pt>
File: ../images/24_ML/Rplot24_06.png Graphic file (type png)
<use ../images/24_ML/Rplot24_06.png>
Package luatex.def Info: ../images/24_ML/Rplot24_06.png  used on input line 3.
(luatex.def)             Requested size: 334.60422pt x 188.21295pt.
)
(./m24_maximum_likelihood_escape_03.tex)
(./m24_maximum_likelihood_escape_04.tex) [335<../images/24_ML/Rplot24_06.png>]
(./m24_maximum_likelihood_escape_05.tex) [336] [337]
(./m24_maximum_likelihood_escape_06.tex
Removing  `ltj.process_input_buffer' from `process_input_buffer'.
Inserting `ltj.listings_unicode' in `process_input_buffer'.
Inserting `ltj.process_input_buffer' in `process_input_buffer'.
Removing  `ltj.listings_unicode' from `process_input_buffer'.)
(./m24_maximum_likelihood_escape_07.tex [338]) [339]
(./m24_maximum_likelihood_escape_08.tex)) [340]
\openout2 = m25_bayesianE.aux
 (./m25_bayesianE.tex
第25章
(./m25_bayesian_escape_01.tex) [341




] (./m25_bayesian_escape_02.tex [342])
(./m25_bayesian_escape_03.tex) [343] [344] (./m25_bayesian_escape_04.tex)
[345]

Package natbib Warning: Citation `Gilboa2014' on page 346 undefined on input li
ne 169.


Package natbib Warning: Citation `shigemasu2019' on page 346 undefined on input
 line 169.

(./m25_bayesian_escape_05.tex
<../images/25_bayesian/slide25_06.png, id=4845, 1255.69125pt x 854.19125pt>
File: ../images/25_bayesian/slide25_06.png Graphic file (type png)
<use ../images/25_bayesian/slide25_06.png>
Package luatex.def Info: ../images/25_bayesian/slide25_06.png  used on input li
ne 3.
(luatex.def)             Requested size: 334.60422pt x 227.61086pt.
) [346] [347<../images/25_bayesian/slide25_06.png>] (./m25_bayesian_escape_07.t
ex [348]) [349]) [350]
\openout2 = m26_bayesian2E.aux
 (./m26_bayesian2E.tex
第26章
(./m26_bayesian2_escape_01.tex) (./m26_bayesian2_escape_02.tex
<../images/25_bayesian/slide25_01.png, id=4888, 1341.01pt x 763.85374pt>
File: ../images/25_bayesian/slide25_01.png Graphic file (type png)
<use ../images/25_bayesian/slide25_01.png>
Package luatex.def Info: ../images/25_bayesian/slide25_01.png  used on input li
ne 3.
(luatex.def)             Requested size: 334.60422pt x 190.58998pt.
) [351




]

Package natbib Warning: Citation `mcgrayne2011theory' on page 352 undefined on 
input line 51.

[352<../images/25_bayesian/slide25_01.png>]

Package natbib Warning: Citation `Hamada201912' on page 353 undefined on input 
line 68.

[353] (./m26_bayesian2_escape_03.tex
<../images/25_bayesian/slide25_02.png, id=4920, 1082.0425pt x 683.55376pt>
File: ../images/25_bayesian/slide25_02.png Graphic file (type png)
<use ../images/25_bayesian/slide25_02.png>
Package luatex.def Info: ../images/25_bayesian/slide25_02.png  used on input li
ne 3.
(luatex.def)             Requested size: 334.60422pt x 211.37796pt.
) (./m26_bayesian2_escape_04.tex
<../images/25_bayesian/slide25_03.png, id=4922, 1196.47pt x 666.49pt>
File: ../images/25_bayesian/slide25_03.png Graphic file (type png)
<use ../images/25_bayesian/slide25_03.png>
Package luatex.def Info: ../images/25_bayesian/slide25_03.png  used on input li
ne 3.
(luatex.def)             Requested size: 334.60422pt x 186.39218pt.
) [354<../images/25_bayesian/slide25_02.png><../images/25_bayesian/slide25_03.pn
g>]
<../images/25_bayesian/slide25_04.png, id=4934, 669.50125pt x 453.695pt>
File: ../images/25_bayesian/slide25_04.png Graphic file (type png)
<use ../images/25_bayesian/slide25_04.png>
Package luatex.def Info: ../images/25_bayesian/slide25_04.png  used on input li
ne 91.
(luatex.def)             Requested size: 334.60422pt x 226.75694pt.

[355<../images/25_bayesian/slide25_04.png>]
<../images/26_bayesian2/slide26_07.png, id=4945, 832.10875pt x 592.2125pt>
File: ../images/26_bayesian2/slide26_07.png Graphic file (type png)
<use ../images/26_bayesian2/slide26_07.png>
Package luatex.def Info: ../images/26_bayesian2/slide26_07.png  used on input l
ine 108.
(luatex.def)             Requested size: 334.60422pt x 238.13686pt.
 [356<../images/26_bayesian2/slide26_07.png>]

Package natbib Warning: Citation `bayestestR' on page 357 undefined on input li
ne 117.

<../images/26_bayesian2/Rplot26_01.png, id=4956, 1156.32pt x 650.43pt>
File: ../images/26_bayesian2/Rplot26_01.png Graphic file (type png)
<use ../images/26_bayesian2/Rplot26_01.png>
Package luatex.def Info: ../images/26_bayesian2/Rplot26_01.png  used on input l
ine 120.
(luatex.def)             Requested size: 334.60422pt x 188.21295pt.
[357<../images/26_bayesian2/Rplot26_01.png>]
<../images/26_bayesian2/slide26_01.png, id=4966, 1027.84pt x 770.88pt>
File: ../images/26_bayesian2/slide26_01.png Graphic file (type png)
<use ../images/26_bayesian2/slide26_01.png>
Package luatex.def Info: ../images/26_bayesian2/slide26_01.png  used on input l
ine 137.
(luatex.def)             Requested size: 334.60422pt x 250.95648pt.
<../images/26_bayesian2/slide26_02.png, id=4970, 1027.84pt x 770.88pt>
File: ../images/26_bayesian2/slide26_02.png Graphic file (type png)
<use ../images/26_bayesian2/slide26_02.png>
Package luatex.def Info: ../images/26_bayesian2/slide26_02.png  used on input l
ine 146.
(luatex.def)             Requested size: 334.60422pt x 250.95648pt.
 [358<../images/26_bayesian2/slide26_01.png>]
<../images/26_bayesian2/slide26_03.png, id=4984, 1027.84pt x 770.88pt>
File: ../images/26_bayesian2/slide26_03.png Graphic file (type png)
<use ../images/26_bayesian2/slide26_03.png>
Package luatex.def Info: ../images/26_bayesian2/slide26_03.png  used on input l
ine 157.
(luatex.def)             Requested size: 334.60422pt x 250.95648pt.


Package natbib Warning: Citation `Lee201709' on page 359 undefined on input lin
e 161.

[359<../images/26_bayesian2/slide26_02.png>]
<../images/26_bayesian2/slide26_04.png, id=4999, 1253.68375pt x 693.59125pt>
File: ../images/26_bayesian2/slide26_04.png Graphic file (type png)
<use ../images/26_bayesian2/slide26_04.png>
Package luatex.def Info: ../images/26_bayesian2/slide26_04.png  used on input l
ine 178.
(luatex.def)             Requested size: 334.60422pt x 185.11313pt.
 [360<../images/26_bayesian2/slide26_03.png>]) [361<../images/26_bayesian2/slide
26_04.png>]
\openout2 = m27_bayesian3E.aux
 (./m27_bayesian3E.tex
[362




]
第27章
[363] [364]

Package natbib Warning: Citation `Maeda2017' on page 365 undefined on input lin
e 49.

[365]
<../images/26_bayesian2/slide26_06.png, id=5040, 1076.02pt x 601.24625pt>
File: ../images/26_bayesian2/slide26_06.png Graphic file (type png)
<use ../images/26_bayesian2/slide26_06.png>
Package luatex.def Info: ../images/26_bayesian2/slide26_06.png  used on input l
ine 84.
(luatex.def)             Requested size: 334.60422pt x 186.96239pt.
 [366]

Package natbib Warning: Citation `Toyoda2009' on page 367 undefined on input li
ne 95.

[367<../images/26_bayesian2/slide26_06.png>]

Package natbib Warning: Citation `kruschke2018rejecting' on page 368 undefined 
on input line 106.

(./m27_bayesian3_escape_01.tex
<../images/27_bayesian3/Krschke2018.png, id=5053, 969.6225pt x 621.32124pt>
File: ../images/27_bayesian3/Krschke2018.png Graphic file (type png)
<use ../images/27_bayesian3/Krschke2018.png>
Package luatex.def Info: ../images/27_bayesian3/Krschke2018.png  used on input 
line 3.
(luatex.def)             Requested size: 334.60422pt x 214.41295pt.


Package natbib Warning: Citation `kruschke2018rejecting' on page 368 undefined 
on input line 4.


Package natbib Warning: Citation `kruschke2018rejecting' on page 368 undefined 
on input line 4.

) [368<../images/27_bayesian3/Krschke2018.png>] [369
Missing character: There is no ∼ (U+223C) in font BIZUDPMinchoMedium:mode=node
;script=hani;language=dflt;-kern;+liga;+tlig;jfm=prop!
]

Package natbib Warning: Citation `Hamada201912' on page 370 undefined on input 
line 158.


Package natbib Warning: Citation `Lee201709' on page 370 undefined on input lin
e 161.

[370] [371] [372]) [373]
\openout2 = m28_jaspE.aux
 (./m28_jaspE.tex [374




]
第28章
[375]
<../images/28_JASP/slide28_01.png, id=5095, 985.6825pt x 299.1175pt>
File: ../images/28_JASP/slide28_01.png Graphic file (type png)
<use ../images/28_JASP/slide28_01.png>
Package luatex.def Info: ../images/28_JASP/slide28_01.png  used on input line 4
6.
(luatex.def)             Requested size: 334.60422pt x 101.53885pt.
 [376<../images/28_JASP/slide28_01.png>]
<../images/07_probability/Rplot08_06.png, id=5107, 4818.0pt x 3613.5pt>
File: ../images/07_probability/Rplot08_06.png Graphic file (type png)
<use ../images/07_probability/Rplot08_06.png>
Package luatex.def Info: ../images/07_probability/Rplot08_06.png  used on input
 line 57.
(luatex.def)             Requested size: 271.86234pt x 203.84334pt.
 [377<../images/07_probability/Rplot08_06.png>]
<../images/28_JASP/Rplot28_01.png, id=5121, 650.43pt x 650.43pt>
File: ../images/28_JASP/Rplot28_01.png Graphic file (type png)
<use ../images/28_JASP/Rplot28_01.png>
Package luatex.def Info: ../images/28_JASP/Rplot28_01.png  used on input line 7
3.
(luatex.def)             Requested size: 271.86234pt x 271.86867pt.
 [378<../images/28_JASP/Rplot28_01.png>]

Package natbib Warning: Citation `JAGS' on page 379 undefined on input line 80.



Package natbib Warning: Citation `stan2017' on page 379 undefined on input line
 80.


Package natbib Warning: Citation `Lee201709' on page 379 undefined on input lin
e 80.

<../images/28_JASP/slide28_02.png, id=5132, 997.7275pt x 745.78625pt>
File: ../images/28_JASP/slide28_02.png Graphic file (type png)
<use ../images/28_JASP/slide28_02.png>
Package luatex.def Info: ../images/28_JASP/slide28_02.png  used on input line 8
3.
(luatex.def)             Requested size: 271.86234pt x 203.2085pt.

Package natbib Warning: Citation `brmsCite1' on page 379 undefined on input lin
e 90.


Package natbib Warning: Citation `brmsCite2' on page 379 undefined on input lin
e 90.


Package natbib Warning: Citation `blavaanCite1' on page 379 undefined on input 
line 90.


Package natbib Warning: Citation `blavaanCite2' on page 379 undefined on input 
line 90.

<../images/28_JASP/JASP_web01.png, id=5136, 699.61375pt x 593.21625pt>
File: ../images/28_JASP/JASP_web01.png Graphic file (type png)
<use ../images/28_JASP/JASP_web01.png>
Package luatex.def Info: ../images/28_JASP/JASP_web01.png  used on input line 9
8.
(luatex.def)             Requested size: 271.86234pt x 230.52065pt.
<../images/28_JASP/JASP_web02.png, id=5138, 700.6175pt x 450.68375pt>
File: ../images/28_JASP/JASP_web02.png Graphic file (type png)
<use ../images/28_JASP/JASP_web02.png>
Package luatex.def Info: ../images/28_JASP/JASP_web02.png  used on input line 1
06.
(luatex.def)             Requested size: 271.86234pt x 174.87883pt.
<../images/28_JASP/JASP_wakeup.png, id=5139, 1365.1pt x 911.405pt>
File: ../images/28_JASP/JASP_wakeup.png Graphic file (type png)
<use ../images/28_JASP/JASP_wakeup.png>
Package luatex.def Info: ../images/28_JASP/JASP_wakeup.png  used on input line 
113.
(luatex.def)             Requested size: 271.86234pt x 181.49898pt.
[379<../images/28_JASP/slide28_02.png>] [380<../images/28_JASP/JASP_web01.png><.
./images/28_JASP/JASP_web02.png>]
<../images/28_JASP/JASP_01.png, id=5166, 1365.1pt x 911.405pt>
File: ../images/28_JASP/JASP_01.png Graphic file (type png)
<use ../images/28_JASP/JASP_01.png>
Package luatex.def Info: ../images/28_JASP/JASP_01.png  used on input line 124.

(luatex.def)             Requested size: 313.69025pt x 209.42404pt.
<../images/28_JASP/JASP_02.png, id=5168, 1365.1pt x 911.405pt>
File: ../images/28_JASP/JASP_02.png Graphic file (type png)
<use ../images/28_JASP/JASP_02.png>
Package luatex.def Info: ../images/28_JASP/JASP_02.png  used on input line 131.

(luatex.def)             Requested size: 313.69025pt x 209.42404pt.
 [381<../images/28_JASP/JASP_wakeup.png><../images/28_JASP/JASP_01.png>]
<../images/28_JASP/JASP_03.png, id=5181, 1532.72626pt x 938.50626pt>
File: ../images/28_JASP/JASP_03.png Graphic file (type png)
<use ../images/28_JASP/JASP_03.png>
Package luatex.def Info: ../images/28_JASP/JASP_03.png  used on input line 143.

(luatex.def)             Requested size: 334.60422pt x 204.88245pt.
<../images/28_JASP/JASP_04.png, id=5183, 1532.72626pt x 938.50626pt>
File: ../images/28_JASP/JASP_04.png Graphic file (type png)
<use ../images/28_JASP/JASP_04.png>
Package luatex.def Info: ../images/28_JASP/JASP_04.png  used on input line 152.

(luatex.def)             Requested size: 313.69025pt x 192.06566pt.
<../images/28_JASP/JASP_plot01.png, id=5184, 1146.2825pt x 464.73625pt>
File: ../images/28_JASP/JASP_plot01.png Graphic file (type png)
<use ../images/28_JASP/JASP_plot01.png>
Package luatex.def Info: ../images/28_JASP/JASP_plot01.png  used on input line 
159.
(luatex.def)             Requested size: 334.60422pt x 135.65646pt.
 [382<../images/28_JASP/JASP_02.png><../images/28_JASP/JASP_03.png>]
<../images/28_JASP/JASP_plot02.png, id=5197, 324.21124pt x 370.38374pt>
File: ../images/28_JASP/JASP_plot02.png Graphic file (type png)
<use ../images/28_JASP/JASP_plot02.png>
Package luatex.def Info: ../images/28_JASP/JASP_plot02.png  used on input line 
168.
(luatex.def)             Requested size: 209.12683pt x 238.9098pt.
<../images/28_JASP/JASP_05.png, id=5199, 387.4475pt x 208.78pt>
File: ../images/28_JASP/JASP_05.png Graphic file (type png)
<use ../images/28_JASP/JASP_05.png>
Package luatex.def Info: ../images/28_JASP/JASP_05.png  used on input line 178.

(luatex.def)             Requested size: 271.86234pt x 146.4986pt.
<../images/28_JASP/JASP_06.png, id=5203, 398.48875pt x 329.23pt>
File: ../images/28_JASP/JASP_06.png Graphic file (type png)
<use ../images/28_JASP/JASP_06.png>
Package luatex.def Info: ../images/28_JASP/JASP_06.png  used on input line 186.

(luatex.def)             Requested size: 271.86234pt x 224.62195pt.
 [383<../images/28_JASP/JASP_04.png><../images/28_JASP/JASP_plot01.png>]
<../images/28_JASP/JASP_cor1.png, id=5218, 619.31375pt x 679.53876pt>
File: ../images/28_JASP/JASP_cor1.png Graphic file (type png)
<use ../images/28_JASP/JASP_cor1.png>
Package luatex.def Info: ../images/28_JASP/JASP_cor1.png  used on input line 19
7.
(luatex.def)             Requested size: 209.12683pt x 229.46405pt.
 [384<../images/28_JASP/JASP_plot02.png><../images/28_JASP/JASP_05.png>] [385<..
/images/28_JASP/JASP_06.png><../images/28_JASP/JASP_cor1.png>]
<../images/28_JASP/JASP_ttest.png, id=5237, 622.325pt x 712.6625pt>
File: ../images/28_JASP/JASP_ttest.png Graphic file (type png)
<use ../images/28_JASP/JASP_ttest.png>
Package luatex.def Info: ../images/28_JASP/JASP_ttest.png  used on input line 2
21.
(luatex.def)             Requested size: 209.12683pt x 239.4856pt.

[386<../images/28_JASP/JASP_ttest.png>] [387]
<../images/28_JASP/JASP_ttestPlot.png, id=5261, 531.9072pt x 401.5pt>
File: ../images/28_JASP/JASP_ttestPlot.png Graphic file (type png)
<use ../images/28_JASP/JASP_ttestPlot.png>
Package luatex.def Info: ../images/28_JASP/JASP_ttestPlot.png  used on input li
ne 312.
(luatex.def)             Requested size: 209.12683pt x 157.85864pt.
<../images/28_JASP/JASP_ttestBF.png, id=5263, 531.9072pt x 401.5pt>
File: ../images/28_JASP/JASP_ttestBF.png Graphic file (type png)
<use ../images/28_JASP/JASP_ttestBF.png>
Package luatex.def Info: ../images/28_JASP/JASP_ttestBF.png  used on input line
 321.
(luatex.def)             Requested size: 334.60422pt x 252.57875pt.


Package natbib Warning: Citation `Lee201709' on page 388 undefined on input lin
e 327.

[388<../images/28_JASP/JASP_ttestPlot.png>]) [389<../images/28_JASP/JASP_ttestBF
.png>]
\openout2 = m29_brmsE.aux
 (./m29_brmsE.tex [390




]
第29章
[391]

Package natbib Warning: Citation `Baba201907' on page 392 undefined on input li
ne 34.

(./m29_brms_escape_01.tex
Removing  `ltj.process_input_buffer' from `process_input_buffer'.
Inserting `ltj.listings_unicode' in `process_input_buffer'.
Inserting `ltj.process_input_buffer' in `process_input_buffer'.
Removing  `ltj.listings_unicode' from `process_input_buffer'.) (./m29_brms_esca
pe_02.tex
Removing  `ltj.process_input_buffer' from `process_input_buffer'.
Inserting `ltj.listings_unicode' in `process_input_buffer'.
Inserting `ltj.process_input_buffer' in `process_input_buffer'.
Removing  `ltj.listings_unicode' from `process_input_buffer'.) (./m29_brms_esca
pe_03.tex
Removing  `ltj.process_input_buffer' from `process_input_buffer'.
Inserting `ltj.listings_unicode' in `process_input_buffer'.
Inserting `ltj.process_input_buffer' in `process_input_buffer'. [392]
Removing  `ltj.listings_unicode' from `process_input_buffer'.) (./m29_brms_esca
pe_04.tex) (./m29_brms_escape_05.tex) [393]
(./m29_brms_escape_06.tex
Removing  `ltj.process_input_buffer' from `process_input_buffer'.
Inserting `ltj.listings_unicode' in `process_input_buffer'.
Inserting `ltj.process_input_buffer' in `process_input_buffer'.
Removing  `ltj.listings_unicode' from `process_input_buffer'.) (./m29_brms_esca
pe_07.tex [394])
(./m29_brms_escape_08.tex
<../images/27_bayesian3/Rplot27_01.png, id=5363, 4818.0pt x 2409.0pt>
File: ../images/27_bayesian3/Rplot27_01.png Graphic file (type png)
<use ../images/27_bayesian3/Rplot27_01.png>
Package luatex.def Info: ../images/27_bayesian3/Rplot27_01.png  used on input l
ine 3.
(luatex.def)             Requested size: 334.60422pt x 167.28717pt.
) (./m29_brms_escape_09.tex
Removing  `ltj.process_input_buffer' from `process_input_buffer'.
Inserting `ltj.listings_unicode' in `process_input_buffer'.
Inserting `ltj.process_input_buffer' in `process_input_buffer'.
Removing  `ltj.listings_unicode' from `process_input_buffer'.) (./m29_brms_esca
pe_10.tex [395<../images/27_bayesian3/Rplot27_01.png>]) (./m29_brms_escape_11.t
ex)
(./m29_brms_escape_12.tex
<../images/27_bayesian3/slide27_02.png, id=5378, 1016.79875pt x 738.76pt>
File: ../images/27_bayesian3/slide27_02.png Graphic file (type png)
<use ../images/27_bayesian3/slide27_02.png>
Package luatex.def Info: ../images/27_bayesian3/slide27_02.png  used on input l
ine 3.
(luatex.def)             Requested size: 334.60422pt x 243.10391pt.
) [396] (./m29_brms_escape_13.tex
<../images/27_bayesian3/slide27_01.png, id=5391, 1245.65375pt x 930.47626pt>
File: ../images/27_bayesian3/slide27_01.png Graphic file (type png)
<use ../images/27_bayesian3/slide27_01.png>
Package luatex.def Info: ../images/27_bayesian3/slide27_01.png  used on input l
ine 3.
(luatex.def)             Requested size: 334.60422pt x 249.93994pt.
) [397<../images/27_bayesian3/slide27_02.png>] (./m29_brms_escape_14.tex)

LaTeX Warning: Reference `code: 27_06' on page 398 undefined on input line 144.


(./m29_brms_escape_15.tex
Removing  `ltj.process_input_buffer' from `process_input_buffer'.
Inserting `ltj.listings_unicode' in `process_input_buffer'.
Inserting `ltj.process_input_buffer' in `process_input_buffer'. [398<../images/2
7_bayesian3/slide27_01.png>]
Removing  `ltj.listings_unicode' from `process_input_buffer'.)
(./m29_brms_escape_16.tex) (./m29_brms_escape_17.tex) (./m29_brms_escape_18.tex
Removing  `ltj.process_input_buffer' from `process_input_buffer'.
Inserting `ltj.listings_unicode' in `process_input_buffer'.
Inserting `ltj.process_input_buffer' in `process_input_buffer'.
Removing  `ltj.listings_unicode' from `process_input_buffer'.) (./m29_brms_esca
pe_19.tex
<../images/27_bayesian3/slide27_03.png, id=5426, 1038.88126pt x 928.46875pt>
File: ../images/27_bayesian3/slide27_03.png Graphic file (type png)
<use ../images/27_bayesian3/slide27_03.png>
Package luatex.def Info: ../images/27_bayesian3/slide27_03.png  used on input l
ine 3.
(luatex.def)             Requested size: 334.60422pt x 299.04282pt.
) [399] [400<../images/27_bayesian3/slide27_03.png>]
Removing  `ltj.process_input_buffer' from `process_input_buffer'.
Inserting `ltj.listings_unicode' in `process_input_buffer'.
Inserting `ltj.process_input_buffer' in `process_input_buffer'.
Removing  `ltj.listings_unicode' from `process_input_buffer'. [401] [402]
Removing  `ltj.process_input_buffer' from `process_input_buffer'.
Inserting `ltj.listings_unicode' in `process_input_buffer'.
Inserting `ltj.process_input_buffer' in `process_input_buffer'.
Removing  `ltj.listings_unicode' from `process_input_buffer'.) [403]
\openout2 = m30_SecondSemesterE.aux
 (./m30_Sec
ondSemesterE.tex [404




]
第30章
[405] [406]) [407] (../../common_contents/Computer.tex [408



]
付録A
[409]

Package natbib Warning: Citation `UserIlluision2002' on page 410 undefined on i
nput line 26.


Package natbib Warning: Citation `Isaacson2012' on page 410 undefined on input 
line 31.

[410]
<../../common_contents/figures/computer_01.png, id=5548, 1177.39874pt x 559.088
75pt>
File: ../../common_contents/figures/computer_01.png Graphic file (type png)
<use ../../common_contents/figures/computer_01.png>
Package luatex.def Info: ../../common_contents/figures/computer_01.png  used on
 input line 39.
(luatex.def)             Requested size: 334.60422pt x 158.8898pt.
 [411] [412<../../common_contents/figures/computer_01.png>] [413] [414]
[415]
<../../common_contents/figures/computer_06.png, id=5607, 837.1275pt x 476.78125
pt>
File: ../../common_contents/figures/computer_06.png Graphic file (type png)
<use ../../common_contents/figures/computer_06.png>
Package luatex.def Info: ../../common_contents/figures/computer_06.png  used on
 input line 92.
(luatex.def)             Requested size: 334.60422pt x 190.57089pt.
 [416<../../common_contents/figures/computer_06.png>] [417]
Removing  `ltj.process_input_buffer' from `process_input_buffer'.
Inserting `ltj.listings_unicode' in `process_input_buffer'.
Inserting `ltj.process_input_buffer' in `process_input_buffer'.
Removing  `ltj.listings_unicode' from `process_input_buffer'.
Removing  `ltj.process_input_buffer' from `process_input_buffer'.
Inserting `ltj.listings_unicode' in `process_input_buffer'.
Inserting `ltj.process_input_buffer' in `process_input_buffer'.
Removing  `ltj.listings_unicode' from `process_input_buffer'.
Removing  `ltj.process_input_buffer' from `process_input_buffer'.
Inserting `ltj.listings_unicode' in `process_input_buffer'.
Inserting `ltj.process_input_buffer' in `process_input_buffer'.
Removing  `ltj.listings_unicode' from `process_input_buffer'. [418] [419])
(../../common_contents/FAQ.tex [420]
付録B
<../../common_contents/figures/RstudioFileEditor.png, id=5669, 569.12625pt x 50
8.90125pt>
File: ../../common_contents/figures/RstudioFileEditor.png Graphic file (type pn
g)
<use ../../common_contents/figures/RstudioFileEditor.png>
Package luatex.def Info: ../../common_contents/figures/RstudioFileEditor.png  u
sed on input line 22.
(luatex.def)             Requested size: 334.60422pt x 299.2086pt.
[421

]
<../../common_contents/figures/RmdFile.png, id=5682, 892.33376pt x 721.69624pt>

File: ../../common_contents/figures/RmdFile.png Graphic file (type png)
<use ../../common_contents/figures/RmdFile.png>
Package luatex.def Info: ../../common_contents/figures/RmdFile.png  used on inp
ut line 35.
(luatex.def)             Requested size: 334.60422pt x 270.62442pt.
 [422<../../common_contents/figures/RstudioFileEditor.png>]
<../../common_contents/figures/InsertChunk.png, id=5699, 1068.99374pt x 365.365
pt>
File: ../../common_contents/figures/InsertChunk.png Graphic file (type png)
<use ../../common_contents/figures/InsertChunk.png>
Package luatex.def Info: ../../common_contents/figures/InsertChunk.png  used on
 input line 47.
(luatex.def)             Requested size: 334.60422pt x 114.36024pt.
<../../common_contents/figures/RmdKnit.png, id=5702, 1128.215pt x 311.1625pt>
File: ../../common_contents/figures/RmdKnit.png Graphic file (type png)
<use ../../common_contents/figures/RmdKnit.png>
Package luatex.def Info: ../../common_contents/figures/RmdKnit.png  used on inp
ut line 57.
(luatex.def)             Requested size: 334.60422pt x 92.28592pt.
 [423<../../common_contents/figures/RmdFile.png><../../common_contents/figures/I
nsertChunk.png>]
Removing  `ltj.process_input_buffer' from `process_input_buffer'.
Inserting `ltj.listings_unicode' in `process_input_buffer'.
Inserting `ltj.process_input_buffer' in `process_input_buffer'.
Removing  `ltj.listings_unicode' from `process_input_buffer'. [424<../../common_
contents/figures/RmdKnit.png>] [425]
<../../common_contents/figures/FAQ01.png, id=5730, 1674.255pt x 1255.69125pt>
File: ../../common_contents/figures/FAQ01.png Graphic file (type png)
<use ../../common_contents/figures/FAQ01.png>
Package luatex.def Info: ../../common_contents/figures/FAQ01.png  used on input
 line 107.
(luatex.def)             Requested size: 334.60422pt x 250.9422pt.
 [426<../../common_contents/figures/FAQ01.png>] [427](load cache: extra_lmroman7
-italic.luc)
LaTeX Font Info:    Font shape `JT3/BIZUDPMinchoMedium(0)/m/it' will be
(Font)              scaled to size 6.47299pt on input line 183.
LaTeX Font Info:    Font shape `JY3/BIZUDPMinchoMedium(0)/m/it' will be
(Font)              scaled to size 6.47299pt on input line 183.
LaTeX Font Info:    Font shape `JT3/BIZUDPMinchoMedium(0)/m/it' will be
(Font)              scaled to size 5.54828pt on input line 183.
LaTeX Font Info:    Font shape `JY3/BIZUDPMinchoMedium(0)/m/it' will be
(Font)              scaled to size 5.54828pt on input line 183.
 [428] [429] [430])
(../../common_contents/Greeks.tex [431] [432

]
付録C
) (../../common_contents/keyboards.tex [433] [434

]
付録D
(load cache: extra_lmmono12-regular.luc)
Overfull \hbox (44.15285pt too wide) in paragraph at lines 34--65
 [][] 
 []

<../../common_contents/figures/JapaneseKeyChange.png, id=5798, 282.05376pt x 26
4.99pt>
File: ../../common_contents/figures/JapaneseKeyChange.png Graphic file (type pn
g)
<use ../../common_contents/figures/JapaneseKeyChange.png>
Package luatex.def Info: ../../common_contents/figures/JapaneseKeyChange.png  u
sed on input line 73.
(luatex.def)             Requested size: 113.81102pt x 106.9241pt.
<../../common_contents/figures/JPkeyAssign.png, id=5799, 925.4575pt x 517.935pt
>
File: ../../common_contents/figures/JPkeyAssign.png Graphic file (type png)
<use ../../common_contents/figures/JPkeyAssign.png>
Package luatex.def Info: ../../common_contents/figures/JPkeyAssign.png  used on
 input line 79.
(luatex.def)             Requested size: 334.60422pt x 187.26256pt.
<../../common_contents/figures/usKeyAssign.png, id=5800, 837.1275pt x 545.03625
pt>
File: ../../common_contents/figures/usKeyAssign.png Graphic file (type png)
<use ../../common_contents/figures/usKeyAssign.png>
Package luatex.def Info: ../../common_contents/figures/usKeyAssign.png  used on
 input line 85.
(luatex.def)             Requested size: 334.60422pt x 217.85262pt.
)
No file Dkiso1_bookE.ind.

Package natbib Warning: There were undefined citations.

[435] [436<../../common_contents/figures/JapaneseKeyChange.png>] [437<../../comm
on_contents/figures/JPkeyAssign.png><../../common_contents/figures/usKeyAssign.p
ng>] (./Dkiso1_bookE.aux (./m01_introductionE.aux) (./m02_NumbersE.aux)
(./m03_introRE.aux) (./m04_usingRE.aux) (./m05_descriptivesE.aux)
(./m06_cttE.aux) (./m07_probabilityE.aux) (./m08_CorrelationCausationE.aux)
(./m09_RegressionE.aux) (./m10_MultipleRegressionE.aux)
(./m11_Regression_onRE.aux) (./m12_design1E.aux) (./m13_design2E.aux)
(./m14_design3E.aux) (./m15_FirstSemesterE.aux) (./m16_inferenceE.aux)
(./m17_estimation_and_testE.aux) (./m18_NHSTE.aux) (./m19_NHST2E.aux)
(./m20_ttestE.aux) (./m21_anovaE.aux) (./m22_anova_onRE.aux)
(./m23_likelihoodE.aux) (./m24_maximum_likelihoodE.aux) (./m25_bayesianE.aux)
(./m26_bayesian2E.aux) (./m27_bayesian3E.aux) (./m28_jaspE.aux)
(./m29_brmsE.aux) (./m30_SecondSemesterE.aux))
 ***********
LaTeX2e <2023-11-01>
L3 programming layer <2023-11-09>
 ***********


LaTeX Warning: There were undefined references.

Package rerunfilecheck Info: File `Dkiso1_bookE.out' has not changed.
(rerunfilecheck)             Checksum: 3F66BB200A6A35A23A5A71366751C587;37301.
)

Here is how much of LuaTeX's memory you used:
 50151 strings out of 476598
 597269,1977958 words of node,token memory allocated
 137979 words of node memory still in use:
   11 hlist, 2 vlist, 5 rule, 409 glue, 4 kern, 1 glyph, 61678 attribute, 69 glu
e_spec, 5531 attribute_list, 2 write, 14 user_defined, 6 pdf_action nodes
   avail lists: 1:45,2:79351,3:1708,4:8902,5:2361,6:124,7:16092,8:82,9:8581,10:4
9,11:839
 66371 multiletter control sequences out of 65536+600000
 157 fonts using 109877399 bytes
 125i,18n,128p,4298b,1274s stack positions out of 10000i,1000n,20000p,200000b,200000s

warning  (pdf backend): unreferenced destination with name 'Hfootnote.109'

warning  (pdf backend): unreferenced destination with name 'Hfootnote.108'

warning  (pdf backend): unreferenced destination with name 'Hfootnote.107'
</usr/local/texlive/2023/texmf-dist/fonts/opentype/public/lm/lmmono12-regular.ot
f></usr/local/texlive/2023/texmf-dist/fonts/opentype/public/lm/lmroman7-italic.o
tf></usr/local/texlive/2023/texmf-dist/fonts/opentype/public/lm/lmroman10-italic
.otf></usr/local/texlive/2023/texmf-dist/fonts/opentype/public/lm/lmsans10-bold.
otf></usr/local/texlive/2023/texmf-dist/fonts/opentype/public/lm/lmmono9-regular
.otf></usr/local/texlive/2023/texmf-dist/fonts/opentype/public/lm/lmroman8-bold.
otf></Library/Fonts/BIZ-UDGothicB.ttc></usr/local/texlive/2023/texmf-dist/fonts/
opentype/public/lm/lmroman9-bold.otf></usr/local/texlive/2023/texmf-dist/fonts/o
pentype/public/lm/lmromanslant10-regular.otf></usr/local/texlive/2023/texmf-dist
/fonts/opentype/public/lm/lmroman8-regular.otf></usr/local/texlive/2023/texmf-di
st/fonts/opentype/public/lm/lmsans8-regular.otf></usr/local/texlive/2023/texmf-d
ist/fonts/opentype/public/lm/lmsans17-regular.otf></usr/local/texlive/2023/texmf
-dist/fonts/opentype/public/lm/lmroman10-bold.otf></usr/local/texlive/2023/texmf
-dist/fonts/opentype/public/lm/lmroman9-regular.otf></usr/local/texlive/2023/tex
mf-dist/fonts/opentype/public/lm/lmmono8-regular.otf></usr/local/texlive/2023/te
xmf-dist/fonts/opentype/public/lm/lmroman6-regular.otf></usr/local/texlive/2023/
texmf-dist/fonts/opentype/public/lm/lmroman7-regular.otf></usr/local/texlive/202
3/texmf-dist/fonts/opentype/public/lm/lmsans10-regular.otf></usr/local/texlive/2
023/texmf-dist/fonts/opentype/public/haranoaji/HaranoAjiGothic-Medium.otf></usr/
local/texlive/2023/texmf-dist/fonts/opentype/public/lm/lmsans12-regular.otf></us
r/local/texlive/2023/texmf-dist/fonts/opentype/public/lm/lmroman12-regular.otf><
/usr/local/texlive/2023/texmf-dist/fonts/opentype/public/lm/lmroman17-regular.ot
f></usr/local/texlive/2023/texmf-dist/fonts/opentype/public/lm/lmmono10-regular.
otf></Library/Fonts/BIZ-UDMinchoM.ttc></usr/local/texlive/2023/texmf-dist/fonts/
opentype/public/lm/lmroman10-regular.otf></usr/local/texlive/2023/texmf-dist/fon
ts/type1/public/amsfonts/cm/cmex10.pfb></usr/local/texlive/2023/texmf-dist/fonts
/type1/public/amsfonts/cmextra/cmex8.pfb></usr/local/texlive/2023/texmf-dist/fon
ts/type1/public/amsfonts/cm/cmmi10.pfb></usr/local/texlive/2023/texmf-dist/fonts
/type1/public/amsfonts/cm/cmmi12.pfb></usr/local/texlive/2023/texmf-dist/fonts/t
ype1/public/amsfonts/cm/cmmi5.pfb></usr/local/texlive/2023/texmf-dist/fonts/type
1/public/amsfonts/cm/cmmi6.pfb></usr/local/texlive/2023/texmf-dist/fonts/type1/p
ublic/amsfonts/cm/cmmi7.pfb></usr/local/texlive/2023/texmf-dist/fonts/type1/publ
ic/amsfonts/cm/cmmi8.pfb></usr/local/texlive/2023/texmf-dist/fonts/type1/public/
amsfonts/cm/cmmi9.pfb></usr/local/texlive/2023/texmf-dist/fonts/type1/public/ams
fonts/cm/cmmib10.pfb></usr/local/texlive/2023/texmf-dist/fonts/type1/public/amsf
onts/cm/cmr10.pfb></usr/local/texlive/2023/texmf-dist/fonts/type1/public/amsfont
s/cm/cmr5.pfb></usr/local/texlive/2023/texmf-dist/fonts/type1/public/amsfonts/cm
/cmr6.pfb></usr/local/texlive/2023/texmf-dist/fonts/type1/public/amsfonts/cm/cmr
7.pfb></usr/local/texlive/2023/texmf-dist/fonts/type1/public/amsfonts/cm/cmr8.pf
b></usr/local/texlive/2023/texmf-dist/fonts/type1/public/amsfonts/cm/cmr9.pfb></
usr/local/texlive/2023/texmf-dist/fonts/type1/public/amsfonts/cm/cmsy10.pfb></us
r/local/texlive/2023/texmf-dist/fonts/type1/public/amsfonts/cm/cmsy6.pfb></usr/l
ocal/texlive/2023/texmf-dist/fonts/type1/public/amsfonts/cm/cmsy7.pfb></usr/loca
l/texlive/2023/texmf-dist/fonts/type1/public/amsfonts/cm/cmsy8.pfb></usr/local/t
exlive/2023/texmf-dist/fonts/type1/public/amsfonts/cm/cmsy9.pfb></usr/local/texl
ive/2023/texmf-dist/fonts/type1/public/amsfonts/cm/cmtt10.pfb></usr/local/texliv
e/2023/texmf-dist/fonts/type1/public/amsfonts/cm/cmtt8.pfb>
Output written on Dkiso1_bookE.pdf (439 pages, 61594246 bytes).

PDF statistics: 6123 PDF objects out of 6186 (max. 8388607)
 5183 compressed objects within 52 object streams
 2008 named destinations out of 2073 (max. 131072)
 1500 words of extra memory for PDF output out of 10000 (max. 100000000)

