Name,team,salary,position,years,height,weight,bloodType,throw.by,batting.by,birth.place,birth.day,背番号,打率,試合,打席数,打数,安打,本塁打,打点,盗塁,四球,死球,三振,犠打,併殺打,出塁率,長打率,OPS,RC27,XR27,防御率,勝利,敗北,セーブ,ホールド,勝率,打者,投球回,被安打,被本塁打,与四球,与死球,奪三振,失点,自責点,WHIP,DIPS
曽根　海成,Carp,700,内野手,6,175,68,A型,右,左,大阪,1995-04-24,00,0.2,64,31,25,5,0,2,5,3,1,10,2,0,0.31,0.2,0.51,2.42,2.51,NA,NA,NA,NA,NA,NA,NA,NA,NA,NA,NA,NA,NA,NA,NA,NA,NA
上本　崇司,Carp,1000,内野手,7,170,71,A型,右,両,広島,1990-08-22,0,0.143,31,22,21,3,0,0,0,0,0,5,1,1,0.143,0.143,0.286,-1.22,-1.04,NA,NA,NA,NA,NA,NA,NA,NA,NA,NA,NA,NA,NA,NA,NA,NA,NA
鈴木　誠也,Carp,16000,外野手,7,181,96,A型,右,右,東京,1994-08-18,1,0.335,140,612,499,167,28,87,25,103,7,81,0,3,0.453,0.565,1.018,9.68,9.29,NA,NA,NA,NA,NA,NA,NA,NA,NA,NA,NA,NA,NA,NA,NA,NA,NA
田中　広輔,Carp,18000,内野手,6,171,82,A型,右,左,神奈川,1989-07-03,2,0.193,97,355,311,60,3,27,8,32,2,89,4,4,0.268,0.264,0.531,2.26,2.53,NA,NA,NA,NA,NA,NA,NA,NA,NA,NA,NA,NA,NA,NA,NA,NA,NA
小窪　哲也,Carp,3100,内野手,12,175,83,O型,右,右,奈良,1985-04-12,4,0.246,51,125,114,28,1,5,0,10,0,19,1,3,0.306,0.298,0.605,3.02,2.96,NA,NA,NA,NA,NA,NA,NA,NA,NA,NA,NA,NA,NA,NA,NA,NA,NA
長野　久義,Carp,22000,外野手,10,180,85,O型,右,右,佐賀,1984-12-06,5,0.25,72,197,180,45,5,20,0,15,1,40,0,11,0.31,0.383,0.693,3.19,3.21,NA,NA,NA,NA,NA,NA,NA,NA,NA,NA,NA,NA,NA,NA,NA,NA,NA
安部　友裕,Carp,4100,内野手,12,181,81,O型,右,左,福岡,1989-06-24,6,0.254,114,295,264,67,8,28,5,23,1,60,6,9,0.315,0.39,0.705,3.91,3.91,NA,NA,NA,NA,NA,NA,NA,NA,NA,NA,NA,NA,NA,NA,NA,NA,NA
堂林　翔太,Carp,1600,内野手,10,183,88,A型,右,右,愛知,1991-08-17,7,0.206,28,38,34,7,0,2,0,2,0,9,2,0,0.25,0.265,0.515,2.07,2.14,NA,NA,NA,NA,NA,NA,NA,NA,NA,NA,NA,NA,NA,NA,NA,NA,NA
岩本　貴裕,Carp,1000,外野手,11,182,96,A型,左,左,広島,1986-04-18,10,0,1,1,1,0,0,0,0,0,0,1,0,0,0,0,0,-2.92,-2.7,NA,NA,NA,NA,NA,NA,NA,NA,NA,NA,NA,NA,NA,NA,NA,NA,NA
九里　亜蓮,Carp,6200,投手,6,187,95,A型,右,右,鳥取,1991-09-01,12,NA,27,NA,NA,NA,NA,NA,NA,NA,NA,NA,NA,NA,NA,NA,NA,NA,NA,3.51,8,8,0,3,0.5,498,118,107,11,41,4,96,50,46,1.25,3.85
矢崎　拓也,Carp,1200,投手,3,176,90,O型,右,右,東京,1994-12-31,13,NA,5,NA,NA,NA,NA,NA,NA,NA,NA,NA,NA,NA,NA,NA,NA,NA,NA,5.63,0,0,0,0,0,40,8,10,2,6,0,11,5,5,2,5.87
大瀬良　大地,Carp,14500,投手,6,187,93,AB型,右,右,長崎,1991-06-17,14,NA,26,NA,NA,NA,NA,NA,NA,NA,NA,NA,NA,NA,NA,NA,NA,NA,NA,3.53,11,9,0,0,0.55,712,173.1,176,22,35,4,136,72,68,1.22,3.84
今村　猛,Carp,8700,投手,10,183,105,B型,右,右,長崎,1991-04-17,16,NA,27,NA,NA,NA,NA,NA,NA,NA,NA,NA,NA,NA,NA,NA,NA,NA,NA,3.55,3,1,1,4,0.75,101,25.1,18,2,9,1,17,10,10,1.07,3.87
岡田　明丈,Carp,5500,投手,4,185,92,AB型,右,左,東京,1993-10-18,17,NA,3,NA,NA,NA,NA,NA,NA,NA,NA,NA,NA,NA,NA,NA,NA,NA,NA,14.14,0,2,0,0,0,39,7,9,2,11,0,4,12,11,2.86,10.41
野村　祐輔,Carp,12000,投手,8,177,84,AB型,右,右,岡山,1989-06-24,19,NA,18,NA,NA,NA,NA,NA,NA,NA,NA,NA,NA,NA,NA,NA,NA,NA,NA,4.06,6,5,0,0,0.545,414,95.1,96,6,34,2,65,52,43,1.36,3.64
永川　勝浩,Carp,2000,投手,17,188,98,O型,右,右,広島,1980-12-14,20,NA,1,NA,NA,NA,NA,NA,NA,NA,NA,NA,NA,NA,NA,NA,NA,NA,NA,0,0,0,0,0,0,1,0.1,0,0,0,0,0,0,0,0,3.12
中﨑　翔太,Carp,16000,投手,9,186,100,B型,右,右,鹿児島,1992-08-10,21,NA,36,NA,NA,NA,NA,NA,NA,NA,NA,NA,NA,NA,NA,NA,NA,NA,NA,4.08,3,3,9,5,0.5,171,35.1,44,3,17,2,23,24,16,1.73,4.37
中村　奨成,Carp,800,捕手,2,181,76,B型,右,右,広島,1999-06-06,22,NA,NA,NA,NA,NA,NA,NA,NA,NA,NA,NA,NA,NA,NA,NA,NA,NA,NA,NA,NA,NA,NA,NA,NA,NA,NA,NA,NA,NA,NA,NA,NA,NA,NA,NA
薮田　和樹,Carp,3700,投手,5,188,88,B型,右,右,広島,1992-08-07,23,NA,4,NA,NA,NA,NA,NA,NA,NA,NA,NA,NA,NA,NA,NA,NA,NA,NA,9.24,0,2,0,0,0,62,12.2,17,4,10,0,6,13,13,2.13,8.65
横山　弘樹,Carp,800,投手,4,187,86,O型,右,左,宮崎,1992-03-12,24,NA,NA,NA,NA,NA,NA,NA,NA,NA,NA,NA,NA,NA,NA,NA,NA,NA,NA,NA,NA,NA,NA,NA,NA,NA,NA,NA,NA,NA,NA,NA,NA,NA,NA,NA
中田　廉,Carp,2700,投手,11,189,95,AB型,右,右,大阪,1990-07-21,26,NA,8,NA,NA,NA,NA,NA,NA,NA,NA,NA,NA,NA,NA,NA,NA,NA,NA,9.53,0,0,0,0,0,36,5.2,8,1,6,1,4,11,6,2.47,7.71
會澤　翼,Carp,9200,捕手,13,177,91,B型,右,右,茨城,1988-04-13,27,0.277,126,447,376,104,12,63,2,58,10,81,3,6,0.387,0.439,0.826,6.38,6.17,NA,NA,NA,NA,NA,NA,NA,NA,NA,NA,NA,NA,NA,NA,NA,NA,NA
床田　寛樹,Carp,650,投手,3,181,85,A型,左,左,兵庫,1995-03-01,28,NA,25,NA,NA,NA,NA,NA,NA,NA,NA,NA,NA,NA,NA,NA,NA,NA,NA,2.96,7,6,0,0,0.538,590,139.2,131,17,48,5,101,54,46,1.28,4.33
ケムナ　誠,Carp,700,投手,2,192,95,B型,右,右,アメリカ,1995-06-05,29,NA,1,NA,NA,NA,NA,NA,NA,NA,NA,NA,NA,NA,NA,NA,NA,NA,NA,0,0,0,0,0,0,5,1,1,0,1,0,1,0,0,2,4.12
一岡　竜司,Carp,7700,投手,8,179,86,O型,右,右,福岡,1991-01-11,30,NA,33,NA,NA,NA,NA,NA,NA,NA,NA,NA,NA,NA,NA,NA,NA,NA,NA,2.9,0,0,0,16,0,133,31,29,1,10,2,18,11,10,1.26,3.54
石原　慶幸,Carp,7000,捕手,18,177,90,A型,右,右,岐阜,1979-09-07,31,0.196,31,67,56,11,1,5,0,5,0,18,5,1,0.258,0.286,0.544,2.14,2.38,NA,NA,NA,NA,NA,NA,NA,NA,NA,NA,NA,NA,NA,NA,NA,NA,NA
白濱　裕太,Carp,650,捕手,16,180,90,A型,右,右,大阪,1985-10-31,32,NA,NA,NA,NA,NA,NA,NA,NA,NA,NA,NA,NA,NA,NA,NA,NA,NA,NA,NA,NA,NA,NA,NA,NA,NA,NA,NA,NA,NA,NA,NA,NA,NA,NA,NA
菊池　涼介,Carp,24000,内野手,8,171,72,A型,右,右,東京,1990-03-11,33,0.261,138,619,547,143,13,48,14,41,1,102,28,5,0.313,0.406,0.719,4.4,4.3,NA,NA,NA,NA,NA,NA,NA,NA,NA,NA,NA,NA,NA,NA,NA,NA,NA
高橋　昂也,Carp,800,投手,3,181,90,A型,左,左,埼玉,1998-09-27,34,NA,NA,NA,NA,NA,NA,NA,NA,NA,NA,NA,NA,NA,NA,NA,NA,NA,NA,NA,NA,NA,NA,NA,NA,NA,NA,NA,NA,NA,NA,NA,NA,NA,NA,NA
三好　匠,Carp,1050,内野手,8,174,75,A型,右,右,福岡,1993-06-07,35,0.182,43,92,77,14,2,7,1,9,0,28,6,1,0.267,0.273,0.54,2.26,2.37,NA,NA,NA,NA,NA,NA,NA,NA,NA,NA,NA,NA,NA,NA,NA,NA,NA
塹江　敦哉,Carp,650,投手,5,178,86,A型,左,左,香川,1997-02-21,36,NA,11,NA,NA,NA,NA,NA,NA,NA,NA,NA,NA,NA,NA,NA,NA,NA,NA,6.1,0,1,0,0,0,95,20.2,20,4,14,1,23,14,14,1.65,5.59
野間　峻祥,Carp,3400,外野手,5,180,83,B型,右,左,兵庫,1993-01-28,37,0.248,123,353,314,78,2,16,14,27,5,56,6,5,0.317,0.331,0.648,3.88,3.82,NA,NA,NA,NA,NA,NA,NA,NA,NA,NA,NA,NA,NA,NA,NA,NA,NA
赤松　真人,Carp,2025,外野手,15,182,70,O型,右,右,京都,1982-09-06,38,0,1,0,0,0,0,0,0,0,0,0,0,0,0,0,0,0,0,NA,NA,NA,NA,NA,NA,NA,NA,NA,NA,NA,NA,NA,NA,NA,NA,NA
飯田　哲矢,Carp,900,投手,5,182,80,A型,左,左,神奈川,1991-03-28,39,NA,NA,NA,NA,NA,NA,NA,NA,NA,NA,NA,NA,NA,NA,NA,NA,NA,NA,NA,NA,NA,NA,NA,NA,NA,NA,NA,NA,NA,NA,NA,NA,NA,NA,NA
磯村　嘉孝,Carp,1100,捕手,9,178,89,A型,右,右,愛知,1992-11-01,40,0.278,65,117,108,30,4,21,0,5,0,24,3,3,0.307,0.472,0.779,4.56,4.49,NA,NA,NA,NA,NA,NA,NA,NA,NA,NA,NA,NA,NA,NA,NA,NA,NA
藤井　皓哉,Carp,750,投手,5,181,88,AB型,右,左,岡山,1996-07-29,41,NA,4,NA,NA,NA,NA,NA,NA,NA,NA,NA,NA,NA,NA,NA,NA,NA,NA,14.21,0,0,0,0,0,41,6.1,13,0,9,0,8,10,10,3.47,4.86
ジョンソン,Carp,32700,投手,5,193,93,不明,左,左,アメリカ,1984-10-14,42,NA,27,NA,NA,NA,NA,NA,NA,NA,NA,NA,NA,NA,NA,NA,NA,NA,NA,2.59,11,8,0,0,0.579,650,156.2,132,12,58,4,132,50,45,1.21,3.58
島内　颯太郎,Carp,1000,投手,1,180,78,O型,右,右,福岡,1996-10-14,43,NA,25,NA,NA,NA,NA,NA,NA,NA,NA,NA,NA,NA,NA,NA,NA,NA,NA,4.4,0,0,0,0,0,127,28.2,19,1,19,2,33,15,14,1.33,3.36
林　晃汰,Carp,600,内野手,1,182,90,O型,右,左,和歌山,2000-11-16,44,NA,NA,NA,NA,NA,NA,NA,NA,NA,NA,NA,NA,NA,NA,NA,NA,NA,NA,NA,NA,NA,NA,NA,NA,NA,NA,NA,NA,NA,NA,NA,NA,NA,NA,NA
桒原　樹,Carp,550,内野手,5,180,80,O型,右,左,静岡,1996-07-04,45,NA,NA,NA,NA,NA,NA,NA,NA,NA,NA,NA,NA,NA,NA,NA,NA,NA,NA,NA,NA,NA,NA,NA,NA,NA,NA,NA,NA,NA,NA,NA,NA,NA,NA,NA
高橋　樹也,Carp,900,投手,4,176,81,A型,左,左,岩手,1997-06-21,46,NA,NA,NA,NA,NA,NA,NA,NA,NA,NA,NA,NA,NA,NA,NA,NA,NA,NA,NA,NA,NA,NA,NA,NA,NA,NA,NA,NA,NA,NA,NA,NA,NA,NA,NA
山口　翔,Carp,600,投手,2,181,75,B型,右,右,熊本,1999-04-28,47,NA,9,NA,NA,NA,NA,NA,NA,NA,NA,NA,NA,NA,NA,NA,NA,NA,NA,4.85,1,3,0,0,0.25,117,26,25,3,13,3,21,14,14,1.46,4.74
アドゥワ　誠,Carp,2200,投手,3,196,83,O型,右,右,熊本,1998-10-02,48,NA,19,NA,NA,NA,NA,NA,NA,NA,NA,NA,NA,NA,NA,NA,NA,NA,NA,4.32,3,5,0,0,0.375,404,91.2,101,14,27,4,52,52,44,1.4,4.99
正隨　優弥,Carp,700,外野手,1,180,92,A型,右,右,広島,1996-04-02,49,NA,NA,NA,NA,NA,NA,NA,NA,NA,NA,NA,NA,NA,NA,NA,NA,NA,NA,NA,NA,NA,NA,NA,NA,NA,NA,NA,NA,NA,NA,NA,NA,NA,NA,NA
髙橋　大樹,Carp,650,外野手,7,181,86,O型,右,右,大阪,1994-05-11,50,0.279,27,48,43,12,1,3,0,4,0,11,1,0,0.34,0.419,0.759,4.91,4.83,NA,NA,NA,NA,NA,NA,NA,NA,NA,NA,NA,NA,NA,NA,NA,NA,NA
小園　海斗,Carp,800,内野手,1,178,84,AB型,右,左,兵庫,2000-06-07,51,0.213,58,197,188,40,4,16,1,6,1,42,2,1,0.241,0.324,0.565,2.53,2.55,NA,NA,NA,NA,NA,NA,NA,NA,NA,NA,NA,NA,NA,NA,NA,NA,NA
庄司　隼人,Carp,700,内野手,10,175,76,A型,右,左,静岡,1991-06-21,52,NA,NA,NA,NA,NA,NA,NA,NA,NA,NA,NA,NA,NA,NA,NA,NA,NA,NA,NA,NA,NA,NA,NA,NA,NA,NA,NA,NA,NA,NA,NA,NA,NA,NA,NA
戸田　隆矢,Carp,1600,投手,8,181,80,A型,左,左,兵庫,1993-06-10,53,NA,NA,NA,NA,NA,NA,NA,NA,NA,NA,NA,NA,NA,NA,NA,NA,NA,NA,NA,NA,NA,NA,NA,NA,NA,NA,NA,NA,NA,NA,NA,NA,NA,NA,NA
船越　涼太,Carp,650,捕手,4,178,85,O型,右,右,千葉,1993-11-26,54,NA,NA,NA,NA,NA,NA,NA,NA,NA,NA,NA,NA,NA,NA,NA,NA,NA,NA,NA,NA,NA,NA,NA,NA,NA,NA,NA,NA,NA,NA,NA,NA,NA,NA,NA
松山　竜平,Carp,10000,外野手,12,176,96,B型,右,左,鹿児島,1985-09-18,55,0.259,110,327,294,76,6,49,0,29,2,42,0,7,0.327,0.374,0.701,4.29,4.27,NA,NA,NA,NA,NA,NA,NA,NA,NA,NA,NA,NA,NA,NA,NA,NA,NA
中神　拓都,Carp,500,内野手,1,175,85,O型,右,右,岐阜,2000-05-29,56,NA,NA,NA,NA,NA,NA,NA,NA,NA,NA,NA,NA,NA,NA,NA,NA,NA,NA,NA,NA,NA,NA,NA,NA,NA,NA,NA,NA,NA,NA,NA,NA,NA,NA,NA
田中　法彦,Carp,450,投手,1,173,82,B型,右,右,三重,2000-10-19,57,NA,NA,NA,NA,NA,NA,NA,NA,NA,NA,NA,NA,NA,NA,NA,NA,NA,NA,NA,NA,NA,NA,NA,NA,NA,NA,NA,NA,NA,NA,NA,NA,NA,NA,NA
レグナルト,Carp,4600,投手,1,188,103,不明,左,左,アメリカ,1988-12-13,58,NA,52,NA,NA,NA,NA,NA,NA,NA,NA,NA,NA,NA,NA,NA,NA,NA,NA,3.34,6,3,0,15,0.667,265,59.1,53,7,34,3,67,25,22,1.47,3.91
菊池　保則,Carp,1100,投手,12,180,80,O型,右,左,茨城,1989-09-18,59,NA,58,NA,NA,NA,NA,NA,NA,NA,NA,NA,NA,NA,NA,NA,NA,NA,NA,2.8,1,3,0,15,0.25,240,61,39,4,23,0,43,21,19,1.02,3.6
永井　敦士,Carp,500,外野手,2,178,88,B型,右,右,埼玉,2000-01-10,60,NA,NA,NA,NA,NA,NA,NA,NA,NA,NA,NA,NA,NA,NA,NA,NA,NA,NA,NA,NA,NA,NA,NA,NA,NA,NA,NA,NA,NA,NA,NA,NA,NA,NA,NA
坂倉　将吾,Carp,700,捕手,3,176,84,A型,右,左,千葉,1998-05-29,61,0.23,51,64,61,14,1,7,0,3,0,19,0,0,0.266,0.344,0.61,3.19,3.14,NA,NA,NA,NA,NA,NA,NA,NA,NA,NA,NA,NA,NA,NA,NA,NA,NA
ヘルウェグ,Carp,10000,投手,2,200,106,不明,右,右,アメリカ,1988-10-29,62,NA,5,NA,NA,NA,NA,NA,NA,NA,NA,NA,NA,NA,NA,NA,NA,NA,NA,0,1,0,0,1,1,13,3.2,2,0,1,0,2,0,0,0.82,2.85
西川　龍馬,Carp,3100,内野手,4,176,72,O型,右,左,大阪,1994-12-10,63,0.297,138,585,535,159,16,64,6,32,2,81,11,9,0.336,0.441,0.777,5.1,5.01,NA,NA,NA,NA,NA,NA,NA,NA,NA,NA,NA,NA,NA,NA,NA,NA,NA
中村　恭平,Carp,750,投手,9,185,86,O型,左,左,福岡,1989-03-22,64,NA,43,NA,NA,NA,NA,NA,NA,NA,NA,NA,NA,NA,NA,NA,NA,NA,NA,2.64,0,1,0,12,0,181,44.1,31,5,17,2,58,16,13,1.08,3.12
長井　良太,Carp,520,投手,3,181,80,B型,右,右,兵庫,1999-01-15,65,NA,NA,NA,NA,NA,NA,NA,NA,NA,NA,NA,NA,NA,NA,NA,NA,NA,NA,NA,NA,NA,NA,NA,NA,NA,NA,NA,NA,NA,NA,NA,NA,NA,NA,NA
遠藤　淳志,Carp,480,投手,2,184,78,O型,右,右,茨城,1999-04-08,66,NA,34,NA,NA,NA,NA,NA,NA,NA,NA,NA,NA,NA,NA,NA,NA,NA,NA,3.16,1,1,1,6,0.5,188,42.2,36,1,25,1,38,19,15,1.43,3.4
中村　祐太,Carp,1200,投手,6,182,88,A型,右,右,東京,1995-08-31,67,NA,2,NA,NA,NA,NA,NA,NA,NA,NA,NA,NA,NA,NA,NA,NA,NA,NA,12.71,0,0,0,0,0,32,5.2,11,3,5,0,4,8,8,2.82,11.24
平岡　敬人,Carp,500,投手,2,186,95,AB型,右,右,兵庫,1995-08-06,68,NA,NA,NA,NA,NA,NA,NA,NA,NA,NA,NA,NA,NA,NA,NA,NA,NA,NA,NA,NA,NA,NA,NA,NA,NA,NA,NA,NA,NA,NA,NA,NA,NA,NA,NA
羽月　隆太郎,Carp,450,内野手,1,167,70,O型,右,左,宮崎,2000-04-19,69,NA,NA,NA,NA,NA,NA,NA,NA,NA,NA,NA,NA,NA,NA,NA,NA,NA,NA,NA,NA,NA,NA,NA,NA,NA,NA,NA,NA,NA,NA,NA,NA,NA,NA,NA
ローレンス,Carp,5930,投手,1,188,77,不明,右,右,アメリカ,1987-10-28,70,NA,1,NA,NA,NA,NA,NA,NA,NA,NA,NA,NA,NA,NA,NA,NA,NA,NA,10.8,0,1,0,0,0,23,5,4,1,4,0,3,6,6,1.6,6.32
バティスタ,Carp,4000,外野手,4,189,113,不明,右,右,ドミニカ共和国,1992-01-18,95,0.269,103,423,372,100,26,64,0,45,3,108,0,6,0.35,0.513,0.863,6.38,6.45,NA,NA,NA,NA,NA,NA,NA,NA,NA,NA,NA,NA,NA,NA,NA,NA,NA
メヒア,Carp,1300,内野手,4,192,98,不明,右,右,ドミニカ共和国,1993-03-10,96,0.259,56,173,162,42,7,17,0,11,0,46,0,2,0.306,0.426,0.732,4.6,4.53,NA,NA,NA,NA,NA,NA,NA,NA,NA,NA,NA,NA,NA,NA,NA,NA,NA
フランスア,Carp,4000,投手,2,186,110,不明,左,左,ドミニカ共和国,1993-09-25,97,NA,67,NA,NA,NA,NA,NA,NA,NA,NA,NA,NA,NA,NA,NA,NA,NA,NA,2.76,8,6,12,18,0.571,308,71.2,55,8,32,7,94,29,22,1.21,3.37
モンティージャ,Carp,230,投手,1,190,115,不明,左,左,ドミニカ共和国,1995-10-02,98,NA,2,NA,NA,NA,NA,NA,NA,NA,NA,NA,NA,NA,NA,NA,NA,NA,NA,14.54,0,2,0,0,0,29,4.1,11,1,4,0,8,8,7,3.46,5.2
サンタナ,Carp,230,内野手,1,181,100,不明,右,右,ドミニカ共和国,1994-08-16,99,0.182,13,34,33,6,0,5,0,1,0,5,0,2,0.206,0.182,0.388,0,0.12,NA,NA,NA,NA,NA,NA,NA,NA,NA,NA,NA,NA,NA,NA,NA,NA,NA
岡林　飛翔,Carp,300,投手,2,183,85,O型,右,右,三重,1999-08-09,NA,NA,NA,NA,NA,NA,NA,NA,NA,NA,NA,NA,NA,NA,NA,NA,NA,NA,NA,NA,NA,NA,NA,NA,NA,NA,NA,NA,NA,NA,NA,NA,NA,NA,NA,NA
藤井　黎來,Carp,300,投手,2,182,86,A型,右,右,秋田,1999-09-17,NA,NA,NA,NA,NA,NA,NA,NA,NA,NA,NA,NA,NA,NA,NA,NA,NA,NA,NA,NA,NA,NA,NA,NA,NA,NA,NA,NA,NA,NA,NA,NA,NA,NA,NA,NA
佐々木　健,Carp,300,投手,2,189,78,A型,右,右,静岡,1999-04-02,NA,NA,NA,NA,NA,NA,NA,NA,NA,NA,NA,NA,NA,NA,NA,NA,NA,NA,NA,NA,NA,NA,NA,NA,NA,NA,NA,NA,NA,NA,NA,NA,NA,NA,NA,NA
木村　聡司,Carp,400,内野手,5,180,78,B型,右,右,静岡,1996-05-06,NA,NA,NA,NA,NA,NA,NA,NA,NA,NA,NA,NA,NA,NA,NA,NA,NA,NA,NA,NA,NA,NA,NA,NA,NA,NA,NA,NA,NA,NA,NA,NA,NA,NA,NA,NA
大盛　穂,Carp,300,外野手,1,180,71,A型,右,左,大阪,1996-08-31,NA,NA,NA,NA,NA,NA,NA,NA,NA,NA,NA,NA,NA,NA,NA,NA,NA,NA,NA,NA,NA,NA,NA,NA,NA,NA,NA,NA,NA,NA,NA,NA,NA,NA,NA,NA
メナ,Carp,230,投手,1,187,88,不明,右,右,ドミニカ共和国,1993-12-06,NA,NA,NA,NA,NA,NA,NA,NA,NA,NA,NA,NA,NA,NA,NA,NA,NA,NA,NA,NA,NA,NA,NA,NA,NA,NA,NA,NA,NA,NA,NA,NA,NA,NA,NA,NA
上本　博紀,Tigers,6000,内野手,11,173,65,O型,右,右,広島,1986-07-04,00,0.192,62,119,104,20,1,6,5,11,0,37,3,1,0.267,0.26,0.527,2.47,2.65,NA,NA,NA,NA,NA,NA,NA,NA,NA,NA,NA,NA,NA,NA,NA,NA,NA
木浪　聖也,Tigers,1000,内野手,1,178,80,O型,右,左,青森,1994-06-15,0,0.262,113,390,363,95,4,32,2,18,3,77,6,8,0.302,0.355,0.657,3.6,3.44,NA,NA,NA,NA,NA,NA,NA,NA,NA,NA,NA,NA,NA,NA,NA,NA,NA
鳥谷　敬,Tigers,40000,内野手,16,180,79,B型,右,左,東京,1981-06-26,1,0.207,74,105,92,19,0,4,1,12,0,16,1,2,0.298,0.261,0.559,2.64,2.69,NA,NA,NA,NA,NA,NA,NA,NA,NA,NA,NA,NA,NA,NA,NA,NA,NA
北條　史也,Tigers,2600,内野手,7,177,79,O型,右,右,大阪,1994-07-29,2,0.247,82,211,174,43,5,20,2,23,1,40,13,3,0.338,0.374,0.712,4.36,4.33,NA,NA,NA,NA,NA,NA,NA,NA,NA,NA,NA,NA,NA,NA,NA,NA,NA
大山　悠輔,Tigers,3000,内野手,3,181,85,O型,右,右,茨城,1994-12-19,3,0.258,143,587,538,139,14,76,3,39,5,98,1,12,0.312,0.401,0.714,4.34,4.29,NA,NA,NA,NA,NA,NA,NA,NA,NA,NA,NA,NA,NA,NA,NA,NA,NA
熊谷　敬宥,Tigers,1000,内野手,2,175,69,A型,右,右,宮城,1995-11-10,4,NA,NA,NA,NA,NA,NA,NA,NA,NA,NA,NA,NA,NA,NA,NA,NA,NA,NA,NA,NA,NA,NA,NA,NA,NA,NA,NA,NA,NA,NA,NA,NA,NA,NA,NA
近本　光司,Tigers,1500,外野手,1,170,72,B型,左,左,兵庫,1994-11-09,5,0.271,142,640,586,159,9,42,36,31,6,110,14,2,0.313,0.375,0.689,4.25,4.21,NA,NA,NA,NA,NA,NA,NA,NA,NA,NA,NA,NA,NA,NA,NA,NA,NA
糸井　嘉男,Tigers,40000,外野手,16,188,97,A型,右,左,京都,1981-07-31,7,0.314,103,444,382,120,5,42,9,52,7,63,0,10,0.403,0.416,0.819,6.32,6.06,NA,NA,NA,NA,NA,NA,NA,NA,NA,NA,NA,NA,NA,NA,NA,NA,NA
福留　孝介,Tigers,15000,外野手,16,182,88,B型,右,左,鹿児島,1977-04-26,8,0.256,104,403,348,89,10,47,0,49,1,85,2,5,0.347,0.394,0.74,5.01,5.04,NA,NA,NA,NA,NA,NA,NA,NA,NA,NA,NA,NA,NA,NA,NA,NA,NA
髙山　俊,Tigers,3200,外野手,4,181,88,O型,右,左,千葉,1993-04-18,9,0.269,105,300,271,73,5,29,9,24,3,56,2,3,0.336,0.369,0.705,4.61,4.46,NA,NA,NA,NA,NA,NA,NA,NA,NA,NA,NA,NA,NA,NA,NA,NA,NA
坂本　誠志郎,Tigers,1400,捕手,4,176,81,O型,右,右,兵庫,1993-11-10,12,0.175,20,44,40,7,2,3,0,1,0,8,3,2,0.195,0.325,0.52,1.22,1.41,NA,NA,NA,NA,NA,NA,NA,NA,NA,NA,NA,NA,NA,NA,NA,NA,NA
岡本　洋介,Tigers,2500,投手,10,177,81,A型,右,右,和歌山,1985-09-27,13,NA,3,NA,NA,NA,NA,NA,NA,NA,NA,NA,NA,NA,NA,NA,NA,NA,NA,8.44,0,0,0,0,0,26,5.1,6,2,3,1,4,5,5,1.69,8.75
能見　篤史,Tigers,11000,投手,15,180,73,AB型,左,左,兵庫,1979-05-28,14,NA,51,NA,NA,NA,NA,NA,NA,NA,NA,NA,NA,NA,NA,NA,NA,NA,NA,4.3,1,2,0,18,0.333,191,44,37,5,24,1,41,21,21,1.39,4.23
西　勇輝,Tigers,25000,投手,11,181,80,B型,右,右,三重,1990-11-10,16,NA,26,NA,NA,NA,NA,NA,NA,NA,NA,NA,NA,NA,NA,NA,NA,NA,NA,2.92,10,8,0,0,0.556,702,172.1,159,12,36,9,112,60,56,1.13,3.47
岩貞　祐太,Tigers,3800,投手,6,183,82,A型,左,左,熊本,1991-09-05,17,NA,8,NA,NA,NA,NA,NA,NA,NA,NA,NA,NA,NA,NA,NA,NA,NA,NA,4.02,2,4,0,0,0.333,173,40.1,43,4,15,0,33,19,18,1.44,3.89
馬場　皐輔,Tigers,1450,投手,2,180,90,O型,右,右,宮城,1995-05-18,18,NA,2,NA,NA,NA,NA,NA,NA,NA,NA,NA,NA,NA,NA,NA,NA,NA,NA,10.8,0,0,0,0,0,17,3.1,7,3,1,0,4,4,4,2.4,13.32
藤浪　晋太郎,Tigers,8400,投手,7,197,101,A型,右,右,大阪,1994-04-12,19,NA,1,NA,NA,NA,NA,NA,NA,NA,NA,NA,NA,NA,NA,NA,NA,NA,NA,2.08,0,0,0,0,0,23,4.1,4,0,6,2,3,1,1,2.31,7.27
岩田　稔,Tigers,3800,投手,14,179,94,O型,左,左,大阪,1983-10-31,21,NA,14,NA,NA,NA,NA,NA,NA,NA,NA,NA,NA,NA,NA,NA,NA,NA,NA,4.52,3,4,0,0,0.429,336,77.2,90,13,21,3,43,46,39,1.43,5.12
藤川　球児,Tigers,14000,投手,18,185,89,A型,右,左,高知,1980-07-21,22,NA,56,NA,NA,NA,NA,NA,NA,NA,NA,NA,NA,NA,NA,NA,NA,NA,NA,1.77,4,1,16,23,0.8,226,56,29,3,32,0,83,11,11,1.09,2.46
江越　大賀,Tigers,1500,外野手,5,182,80,O型,右,右,長崎,1993-03-12,25,0.067,49,16,15,1,0,0,1,1,0,9,0,0,0.125,0.067,0.192,-0.92,-0.6,NA,NA,NA,NA,NA,NA,NA,NA,NA,NA,NA,NA,NA,NA,NA,NA,NA
呂　彦青,Tigers,800,投手,2,178,71,O型,左,左,台湾,1996-03-10,26,NA,NA,NA,NA,NA,NA,NA,NA,NA,NA,NA,NA,NA,NA,NA,NA,NA,NA,NA,NA,NA,NA,NA,NA,NA,NA,NA,NA,NA,NA,NA,NA,NA,NA,NA
尾仲　祐哉,Tigers,1000,投手,3,173,71,O型,右,左,福岡,1995-01-31,27,NA,5,NA,NA,NA,NA,NA,NA,NA,NA,NA,NA,NA,NA,NA,NA,NA,NA,6.35,0,0,0,0,0,26,5.2,6,1,5,1,6,4,4,1.94,6.47
小野　泰己,Tigers,2700,投手,3,186,74,A型,右,右,福岡,1994-05-30,28,NA,14,NA,NA,NA,NA,NA,NA,NA,NA,NA,NA,NA,NA,NA,NA,NA,NA,2.31,0,1,0,5,0,58,11.2,11,0,13,1,6,3,3,2.06,5.18
髙橋　遥人,Tigers,1300,投手,2,181,80,A型,左,左,静岡,1995-11-07,29,NA,19,NA,NA,NA,NA,NA,NA,NA,NA,NA,NA,NA,NA,NA,NA,NA,NA,3.78,3,9,0,1,0.25,474,109.2,115,9,38,0,125,56,46,1.4,2.89
高野　圭佑,Tigers,1000,投手,4,178,76,A型,右,右,広島,1991-12-28,30,NA,4,NA,NA,NA,NA,NA,NA,NA,NA,NA,NA,NA,NA,NA,NA,NA,NA,4.76,0,0,0,1,0,25,5.2,6,0,1,1,6,4,3,1.24,2.06
マルテ,Tigers,11000,内野手,1,185,99,不明,右,右,ドミニカ共和国,1991-06-21,31,0.284,105,412,349,99,12,49,0,51,7,73,0,14,0.381,0.444,0.825,5.75,5.75,NA,NA,NA,NA,NA,NA,NA,NA,NA,NA,NA,NA,NA,NA,NA,NA,NA
山崎　憲晴,Tigers,1200,内野手,11,176,80,O型,右,右,静岡,1986-12-13,32,0,2,1,1,0,0,0,0,0,0,1,0,0,0,0,0,-2.92,-2.7,NA,NA,NA,NA,NA,NA,NA,NA,NA,NA,NA,NA,NA,NA,NA,NA,NA
糸原　健斗,Tigers,4000,内野手,3,175,77,O型,右,左,島根,1992-11-11,33,0.267,143,572,491,131,2,45,6,60,7,70,11,7,0.353,0.336,0.689,4.39,4.34,NA,NA,NA,NA,NA,NA,NA,NA,NA,NA,NA,NA,NA,NA,NA,NA,NA
谷川　昌希,Tigers,900,投手,2,175,84,O型,右,右,福岡,1992-10-06,34,NA,4,NA,NA,NA,NA,NA,NA,NA,NA,NA,NA,NA,NA,NA,NA,NA,NA,3.68,0,0,0,0,0,34,7.1,8,0,3,0,4,4,3,1.5,3.26
才木　浩人,Tigers,1500,投手,3,189,83,A型,右,右,兵庫,1998-11-07,35,NA,3,NA,NA,NA,NA,NA,NA,NA,NA,NA,NA,NA,NA,NA,NA,NA,NA,4.7,2,1,0,0,0.667,70,15.1,20,0,5,0,14,8,8,1.63,2.27
浜地　真澄,Tigers,500,投手,3,185,90,O型,右,右,福岡,1998-05-25,36,NA,21,NA,NA,NA,NA,NA,NA,NA,NA,NA,NA,NA,NA,NA,NA,NA,NA,6.11,2,1,0,0,0.667,128,28,35,4,8,0,27,21,19,1.54,3.69
森越　祐人,Tigers,950,内野手,9,178,70,A型,右,右,愛知,1988-08-11,37,NA,NA,NA,NA,NA,NA,NA,NA,NA,NA,NA,NA,NA,NA,NA,NA,NA,NA,NA,NA,NA,NA,NA,NA,NA,NA,NA,NA,NA,NA,NA,NA,NA,NA,NA
小幡　竜平,Tigers,720,内野手,1,181,73,B型,右,左,大分,2000-09-21,38,NA,NA,NA,NA,NA,NA,NA,NA,NA,NA,NA,NA,NA,NA,NA,NA,NA,NA,NA,NA,NA,NA,NA,NA,NA,NA,NA,NA,NA,NA,NA,NA,NA,NA,NA
長坂　拳弥,Tigers,750,捕手,3,173,77,B型,右,右,群馬,1994-04-28,39,1,3,1,1,1,1,1,0,0,0,0,0,0,1,4,5,NA,NA,NA,NA,NA,NA,NA,NA,NA,NA,NA,NA,NA,NA,NA,NA,NA,NA,NA
福永　春吾,Tigers,680,投手,3,185,92,O型,右,左,大阪,1994-05-14,40,NA,3,NA,NA,NA,NA,NA,NA,NA,NA,NA,NA,NA,NA,NA,NA,NA,NA,22.5,0,0,0,0,0,13,2,6,1,1,0,3,5,5,3.5,8.12
髙橋　聡文,Tigers,5500,投手,18,176,87,A型,左,左,福井,1983-05-29,41,NA,1,NA,NA,NA,NA,NA,NA,NA,NA,NA,NA,NA,NA,NA,NA,NA,NA,0,0,0,0,0,0,1,0.1,0,0,0,0,0,0,0,0,3.12
ソラーテ,Tigers,5000,内野手,1,180,93,不明,右,両,ベネズエラ,1987-07-03,42,0.188,20,80,69,13,4,9,0,9,0,13,0,4,0.275,0.406,0.681,3.07,3.53,NA,NA,NA,NA,NA,NA,NA,NA,NA,NA,NA,NA,NA,NA,NA,NA,NA
守屋　功輝,Tigers,700,投手,5,184,88,A型,右,右,岡山,1993-11-25,43,NA,57,NA,NA,NA,NA,NA,NA,NA,NA,NA,NA,NA,NA,NA,NA,NA,NA,3,2,2,0,7,0.5,217,54,45,3,17,0,53,19,18,1.15,2.66
梅野　隆太郎,Tigers,5000,捕手,6,173,77,A型,右,右,福岡,1991-06-17,44,0.266,129,492,433,115,9,59,14,34,6,83,16,16,0.326,0.393,0.718,4.15,4.08,NA,NA,NA,NA,NA,NA,NA,NA,NA,NA,NA,NA,NA,NA,NA,NA,NA
秋山　拓巳,Tigers,3600,投手,10,188,95,A型,右,左,香川,1991-04-26,46,NA,10,NA,NA,NA,NA,NA,NA,NA,NA,NA,NA,NA,NA,NA,NA,NA,NA,4.26,4,3,0,0,0.571,219,50.2,56,5,12,1,35,27,24,1.34,3.79
川原　陸,Tigers,500,投手,1,184,80,O型,左,左,長崎,2000-12-12,47,NA,NA,NA,NA,NA,NA,NA,NA,NA,NA,NA,NA,NA,NA,NA,NA,NA,NA,NA,NA,NA,NA,NA,NA,NA,NA,NA,NA,NA,NA,NA,NA,NA,NA,NA
齋藤　友貴哉,Tigers,1000,投手,1,184,90,O型,右,左,山形,1995-01-05,48,NA,1,NA,NA,NA,NA,NA,NA,NA,NA,NA,NA,NA,NA,NA,NA,NA,NA,0,0,0,0,0,0,10,2,1,0,3,0,2,0,0,2,5.62
青柳　晃洋,Tigers,1200,投手,4,183,84,B型,右,右,神奈川,1993-12-11,50,NA,25,NA,NA,NA,NA,NA,NA,NA,NA,NA,NA,NA,NA,NA,NA,NA,NA,3.14,9,9,0,0,0.5,601,143.1,145,14,42,12,100,56,50,1.3,4.06
伊藤　隼太,Tigers,2200,外野手,8,177,84,O型,右,左,愛知,1989-05-08,51,NA,NA,NA,NA,NA,NA,NA,NA,NA,NA,NA,NA,NA,NA,NA,NA,NA,NA,NA,NA,NA,NA,NA,NA,NA,NA,NA,NA,NA,NA,NA,NA,NA,NA,NA
ジョンソン,Tigers,9000,投手,1,188,91,不明,右,右,アメリカ,1991-05-10,52,NA,58,NA,NA,NA,NA,NA,NA,NA,NA,NA,NA,NA,NA,NA,NA,NA,NA,1.38,2,3,0,40,0.4,224,58.2,34,2,13,1,91,12,9,0.8,1.13
島田　海吏,Tigers,850,外野手,2,176,68,AB型,右,左,熊本,1996-02-06,53,0.25,7,5,4,1,0,0,0,1,0,1,0,0,0.4,0.5,0.9,7.74,7.02,NA,NA,NA,NA,NA,NA,NA,NA,NA,NA,NA,NA,NA,NA,NA,NA,NA
メッセンジャー,Tigers,35000,投手,10,198,109,不明,右,右,アメリカ,1981-08-13,54,NA,14,NA,NA,NA,NA,NA,NA,NA,NA,NA,NA,NA,NA,NA,NA,NA,NA,4.67,3,7,0,0,0.3,336,79,71,11,38,2,55,45,41,1.38,5.02
陽川　尚将,Tigers,2000,内野手,6,180,89,O型,右,右,大阪,1991-07-17,55,0.109,28,60,55,6,3,4,0,4,0,19,1,2,0.169,0.291,0.46,0.75,1.06,NA,NA,NA,NA,NA,NA,NA,NA,NA,NA,NA,NA,NA,NA,NA,NA,NA
飯田　優也,Tigers,1900,投手,7,187,88,A型,左,左,兵庫,1990-11-27,56,NA,3,NA,NA,NA,NA,NA,NA,NA,NA,NA,NA,NA,NA,NA,NA,NA,NA,10.8,1,0,0,0,1,20,3.1,5,0,5,0,6,4,4,3,4.02
岡﨑　太一,Tigers,1500,捕手,15,180,82,O型,右,右,奈良,1983-06-20,57,NA,NA,NA,NA,NA,NA,NA,NA,NA,NA,NA,NA,NA,NA,NA,NA,NA,NA,NA,NA,NA,NA,NA,NA,NA,NA,NA,NA,NA,NA,NA,NA,NA,NA,NA
荒木　郁也,Tigers,900,内野手,9,183,71,B型,右,左,東京,1988-04-25,58,0.111,9,9,9,1,0,0,0,0,0,4,0,0,0.111,0.222,0.333,-1.2,-1.05,NA,NA,NA,NA,NA,NA,NA,NA,NA,NA,NA,NA,NA,NA,NA,NA,NA
小宮山　慎二,Tigers,750,捕手,16,178,85,A型,右,右,神奈川,1985-11-26,59,NA,NA,NA,NA,NA,NA,NA,NA,NA,NA,NA,NA,NA,NA,NA,NA,NA,NA,NA,NA,NA,NA,NA,NA,NA,NA,NA,NA,NA,NA,NA,NA,NA,NA,NA
中谷　将大,Tigers,3500,外野手,9,187,91,A型,右,右,福岡,1993-01-05,60,0.181,62,131,116,21,6,19,0,12,1,37,2,0,0.264,0.379,0.643,3.4,3.59,NA,NA,NA,NA,NA,NA,NA,NA,NA,NA,NA,NA,NA,NA,NA,NA,NA
望月　惇志,Tigers,1100,投手,4,190,87,AB型,右,右,神奈川,1997-08-02,61,NA,8,NA,NA,NA,NA,NA,NA,NA,NA,NA,NA,NA,NA,NA,NA,NA,NA,4.02,1,1,0,0,0.5,142,31.1,33,4,16,3,26,15,14,1.56,4.75
植田　海,Tigers,1400,内野手,5,175,68,O型,右,両,滋賀,1996-04-19,62,0.242,81,37,33,8,1,2,12,1,1,8,2,0,0.286,0.333,0.619,4.46,4.57,NA,NA,NA,NA,NA,NA,NA,NA,NA,NA,NA,NA,NA,NA,NA,NA,NA
板山　祐太郎,Tigers,880,外野手,4,180,80,B型,右,左,神奈川,1994-03-27,63,NA,NA,NA,NA,NA,NA,NA,NA,NA,NA,NA,NA,NA,NA,NA,NA,NA,NA,NA,NA,NA,NA,NA,NA,NA,NA,NA,NA,NA,NA,NA,NA,NA,NA,NA
桑原　謙太朗,Tigers,6000,投手,12,184,85,O型,右,右,三重,1985-10-29,64,NA,7,NA,NA,NA,NA,NA,NA,NA,NA,NA,NA,NA,NA,NA,NA,NA,NA,9,2,0,0,3,1,28,5,10,1,3,1,6,9,5,2.6,5.72
湯浅　京己,Tigers,500,投手,1,183,88,O型,右,右,三重,1999-07-17,65,NA,NA,NA,NA,NA,NA,NA,NA,NA,NA,NA,NA,NA,NA,NA,NA,NA,NA,NA,NA,NA,NA,NA,NA,NA,NA,NA,NA,NA,NA,NA,NA,NA,NA,NA
牧　丈一郎,Tigers,480,投手,2,181,87,A型,右,左,京都,1999-09-23,66,NA,NA,NA,NA,NA,NA,NA,NA,NA,NA,NA,NA,NA,NA,NA,NA,NA,NA,NA,NA,NA,NA,NA,NA,NA,NA,NA,NA,NA,NA,NA,NA,NA,NA,NA
岩崎　優,Tigers,5000,投手,6,185,91,B型,左,左,静岡,1991-06-19,67,NA,48,NA,NA,NA,NA,NA,NA,NA,NA,NA,NA,NA,NA,NA,NA,NA,NA,1.01,3,0,0,26,1,204,53.2,24,5,17,3,58,11,6,0.76,3.23
俊介,Tigers,4000,外野手,10,178,76,A型,右,右,福岡,1987-08-17,68,0,6,6,6,0,0,0,0,0,0,1,0,0,0,0,0,-2.74,-2.48,NA,NA,NA,NA,NA,NA,NA,NA,NA,NA,NA,NA,NA,NA,NA,NA,NA
島本　浩也,Tigers,850,投手,9,176,73,B型,左,左,奈良,1993-02-14,69,NA,63,NA,NA,NA,NA,NA,NA,NA,NA,NA,NA,NA,NA,NA,NA,NA,NA,1.67,4,0,1,11,1,229,59.1,42,4,14,4,60,13,11,0.94,2.88
ガルシア,Tigers,17000,投手,2,190,104,不明,左,左,キューバ,1989-08-02,77,NA,21,NA,NA,NA,NA,NA,NA,NA,NA,NA,NA,NA,NA,NA,NA,NA,NA,4.69,6,8,0,0,0.429,473,103.2,123,8,40,6,79,66,54,1.57,3.84
伊藤　和雄,Tigers,850,投手,8,186,95,A型,右,右,埼玉,1989-12-13,92,NA,NA,NA,NA,NA,NA,NA,NA,NA,NA,NA,NA,NA,NA,NA,NA,NA,NA,NA,NA,NA,NA,NA,NA,NA,NA,NA,NA,NA,NA,NA,NA,NA,NA,NA
原口　文仁,Tigers,3000,捕手,10,182,92,AB型,右,右,埼玉,1992-03-03,94,0.276,43,94,87,24,1,11,0,4,1,23,0,3,0.309,0.356,0.665,3.57,3.69,NA,NA,NA,NA,NA,NA,NA,NA,NA,NA,NA,NA,NA,NA,NA,NA,NA
片山　雄哉,Tigers,300,捕手,1,177,83,B型,右,左,愛知,1994-06-18,95,NA,NA,NA,NA,NA,NA,NA,NA,NA,NA,NA,NA,NA,NA,NA,NA,NA,NA,NA,NA,NA,NA,NA,NA,NA,NA,NA,NA,NA,NA,NA,NA,NA,NA,NA
歳内　宏明,Tigers,1000,投手,8,184,93,B型,右,右,兵庫,1993-07-19,97,NA,NA,NA,NA,NA,NA,NA,NA,NA,NA,NA,NA,NA,NA,NA,NA,NA,NA,NA,NA,NA,NA,NA,NA,NA,NA,NA,NA,NA,NA,NA,NA,NA,NA,NA
ドリス,Tigers,17000,投手,4,195,109,不明,右,右,ドミニカ共和国,1988-01-10,98,NA,56,NA,NA,NA,NA,NA,NA,NA,NA,NA,NA,NA,NA,NA,NA,NA,NA,2.11,5,4,19,10,0.556,213,55.1,36,1,11,1,50,16,13,0.85,2.09
ナバーロ,Tigers,5640,内野手,2,183,95,不明,左,左,アメリカ,1986-05-14,99,0.209,15,45,43,9,0,2,0,2,0,9,0,2,0.244,0.256,0.5,1.31,1.31,NA,NA,NA,NA,NA,NA,NA,NA,NA,NA,NA,NA,NA,NA,NA,NA,NA
横山　雄哉,Tigers,700,投手,5,183,83,O型,左,左,山形,1994-02-21,NA,NA,NA,NA,NA,NA,NA,NA,NA,NA,NA,NA,NA,NA,NA,NA,NA,NA,NA,NA,NA,NA,NA,NA,NA,NA,NA,NA,NA,NA,NA,NA,NA,NA,NA,NA
石井　将希,Tigers,300,投手,2,180,87,AB型,左,左,群馬,1995-07-12,NA,NA,NA,NA,NA,NA,NA,NA,NA,NA,NA,NA,NA,NA,NA,NA,NA,NA,NA,NA,NA,NA,NA,NA,NA,NA,NA,NA,NA,NA,NA,NA,NA,NA,NA,NA
横田　慎太郎,Tigers,700,外野手,6,187,94,O型,左,左,鹿児島,1995-06-09,NA,NA,NA,NA,NA,NA,NA,NA,NA,NA,NA,NA,NA,NA,NA,NA,NA,NA,NA,NA,NA,NA,NA,NA,NA,NA,NA,NA,NA,NA,NA,NA,NA,NA,NA,NA
藤谷　洸介,Tigers,630,内野手,3,194,87,A型,右,右,山口,1996-02-12,NA,NA,NA,NA,NA,NA,NA,NA,NA,NA,NA,NA,NA,NA,NA,NA,NA,NA,NA,NA,NA,NA,NA,NA,NA,NA,NA,NA,NA,NA,NA,NA,NA,NA,NA,NA
宮本　秀明,DeNA,850,外野手,2,178,83,O型,右,左,熊本,1996-07-24,00,0,1,0,0,0,0,0,0,0,0,0,0,0,0,0,0,0,0,NA,NA,NA,NA,NA,NA,NA,NA,NA,NA,NA,NA,NA,NA,NA,NA,NA
中井　大介,DeNA,1200,内野手,12,183,88,B型,右,右,三重,1989-11-27,0,0.248,79,183,161,40,3,7,2,18,0,34,3,9,0.322,0.329,0.651,3.09,3.17,NA,NA,NA,NA,NA,NA,NA,NA,NA,NA,NA,NA,NA,NA,NA,NA,NA
桑原　将志,DeNA,8400,外野手,8,174,78,B型,右,右,大阪,1993-07-21,1,0.186,72,115,102,19,2,7,2,9,1,26,3,0,0.259,0.294,0.553,2.63,2.76,NA,NA,NA,NA,NA,NA,NA,NA,NA,NA,NA,NA,NA,NA,NA,NA,NA
ロペス,DeNA,23000,内野手,7,183,103,不明,右,右,ベネズエラ,1983-11-24,2,0.241,142,597,551,133,31,84,0,39,4,107,0,18,0.295,0.461,0.756,4.37,4.42,NA,NA,NA,NA,NA,NA,NA,NA,NA,NA,NA,NA,NA,NA,NA,NA,NA
梶谷　隆幸,DeNA,9600,外野手,13,180,85,A型,右,左,島根,1988-08-28,3,0.215,41,110,93,20,5,15,3,16,0,20,1,1,0.33,0.43,0.76,5.24,5.27,NA,NA,NA,NA,NA,NA,NA,NA,NA,NA,NA,NA,NA,NA,NA,NA,NA
伊藤　裕季也,DeNA,1150,内野手,1,182,96,O型,右,右,三重,1996-08-30,4,0.288,21,57,52,15,4,7,0,3,1,17,0,1,0.333,0.596,0.929,6.91,6.94,NA,NA,NA,NA,NA,NA,NA,NA,NA,NA,NA,NA,NA,NA,NA,NA,NA
倉本　寿彦,DeNA,6400,内野手,5,180,82,B型,右,左,神奈川,1991-01-07,5,0.121,24,35,33,4,0,2,0,2,0,7,0,0,0.171,0.152,0.323,-0.3,-0.08,NA,NA,NA,NA,NA,NA,NA,NA,NA,NA,NA,NA,NA,NA,NA,NA,NA
石川　雄洋,DeNA,4500,内野手,15,183,78,O型,右,左,静岡,1986-07-10,7,0.208,50,113,101,21,2,5,1,5,1,34,6,1,0.252,0.317,0.569,2.07,2.17,NA,NA,NA,NA,NA,NA,NA,NA,NA,NA,NA,NA,NA,NA,NA,NA,NA
神里　和毅,DeNA,2500,外野手,2,179,81,A型,右,左,沖縄,1994-01-17,8,0.279,123,458,427,119,6,35,15,26,2,121,3,7,0.323,0.407,0.731,4.43,4.22,NA,NA,NA,NA,NA,NA,NA,NA,NA,NA,NA,NA,NA,NA,NA,NA,NA
大和,DeNA,10000,内野手,14,177,70,A型,右,右,鹿児島,1987-11-05,9,0.237,137,490,438,104,0,37,3,34,6,75,10,7,0.3,0.285,0.585,2.93,2.93,NA,NA,NA,NA,NA,NA,NA,NA,NA,NA,NA,NA,NA,NA,NA,NA,NA
戸柱　恭孝,DeNA,3300,捕手,4,179,90,A型,右,左,鹿児島,1990-04-11,10,0.2,45,111,100,20,1,6,0,7,1,22,2,2,0.257,0.31,0.567,2.39,2.53,NA,NA,NA,NA,NA,NA,NA,NA,NA,NA,NA,NA,NA,NA,NA,NA,NA
東　克樹,DeNA,5550,投手,2,170,78,B型,左,左,三重,1995-11-29,11,NA,7,NA,NA,NA,NA,NA,NA,NA,NA,NA,NA,NA,NA,NA,NA,NA,NA,3.76,4,2,0,0,0.667,161,38.1,38,4,10,1,31,17,16,1.25,3.64
阪口　皓亮,DeNA,600,投手,2,186,81,O型,右,左,大阪,1999-08-15,12,NA,3,NA,NA,NA,NA,NA,NA,NA,NA,NA,NA,NA,NA,NA,NA,NA,NA,5.87,0,1,0,0,0,37,7.2,9,0,4,1,4,5,5,1.7,4.03
石田　健大,DeNA,5800,投手,5,180,85,O型,左,左,広島,1993-03-01,14,NA,40,NA,NA,NA,NA,NA,NA,NA,NA,NA,NA,NA,NA,NA,NA,NA,NA,2.14,4,1,0,10,0.8,285,71.1,59,7,21,0,78,19,17,1.12,2.92
井納　翔一,DeNA,7200,投手,7,188,94,A型,右,右,東京,1986-05-01,15,NA,15,NA,NA,NA,NA,NA,NA,NA,NA,NA,NA,NA,NA,NA,NA,NA,NA,4.76,4,5,0,0,0.444,309,70,74,5,28,3,50,43,37,1.46,3.82
大貫　晋一,DeNA,1150,投手,1,181,73,AB型,右,右,神奈川,1994-02-03,16,NA,15,NA,NA,NA,NA,NA,NA,NA,NA,NA,NA,NA,NA,NA,NA,NA,NA,5,6,5,0,0,0.545,302,66.2,81,7,25,2,54,38,37,1.59,3.95
三嶋　一輝,DeNA,4800,投手,7,176,80,A型,右,両,福岡,1990-05-07,17,NA,71,NA,NA,NA,NA,NA,NA,NA,NA,NA,NA,NA,NA,NA,NA,NA,NA,4.33,5,4,0,23,0.556,309,72.2,67,10,31,0,62,36,35,1.35,4.32
山﨑　康晃,DeNA,25000,投手,5,179,88,O型,右,右,東京,1992-10-02,19,NA,61,NA,NA,NA,NA,NA,NA,NA,NA,NA,NA,NA,NA,NA,NA,NA,NA,1.95,3,2,30,4,0.6,243,60,44,6,19,0,54,18,13,1.05,3.47
今永　昇太,DeNA,6700,投手,4,177,82,A型,左,左,福岡,1993-09-01,21,NA,25,NA,NA,NA,NA,NA,NA,NA,NA,NA,NA,NA,NA,NA,NA,NA,NA,2.91,13,7,0,0,0.65,684,170,128,18,56,4,186,59,55,1.08,3.23
大河,DeNA,605,内野手,3,174,75,B型,右,右,大阪,1998-04-05,23,NA,NA,NA,NA,NA,NA,NA,NA,NA,NA,NA,NA,NA,NA,NA,NA,NA,NA,NA,NA,NA,NA,NA,NA,NA,NA,NA,NA,NA,NA,NA,NA,NA,NA,NA
齋藤　俊介,DeNA,950,投手,2,176,85,A型,右,右,千葉,1994-01-07,24,NA,16,NA,NA,NA,NA,NA,NA,NA,NA,NA,NA,NA,NA,NA,NA,NA,NA,5.76,0,1,0,0,0,115,25,31,1,8,2,20,19,16,1.56,3
筒香　嘉智,DeNA,40000,外野手,10,185,97,A型,右,左,和歌山,1991-11-26,25,0.272,131,557,464,126,29,79,0,88,2,141,0,5,0.388,0.511,0.899,7.35,7.29,NA,NA,NA,NA,NA,NA,NA,NA,NA,NA,NA,NA,NA,NA,NA,NA,NA
濵口　遥大,DeNA,5050,投手,3,173,80,B型,左,左,佐賀,1995-03-16,26,NA,17,NA,NA,NA,NA,NA,NA,NA,NA,NA,NA,NA,NA,NA,NA,NA,NA,3.17,6,5,0,1,0.545,341,82.1,59,8,38,3,85,33,29,1.18,3.78
上茶谷　大河,DeNA,1500,投手,1,181,83,B型,右,右,京都,1996-08-31,27,NA,25,NA,NA,NA,NA,NA,NA,NA,NA,NA,NA,NA,NA,NA,NA,NA,NA,3.96,7,6,0,0,0.538,584,134,136,14,51,3,102,68,59,1.4,4.03
勝又　温史,DeNA,560,投手,1,180,80,不明,右,左,東京,2000-05-22,28,NA,NA,NA,NA,NA,NA,NA,NA,NA,NA,NA,NA,NA,NA,NA,NA,NA,NA,NA,NA,NA,NA,NA,NA,NA,NA,NA,NA,NA,NA,NA,NA,NA,NA,NA
伊藤　光,DeNA,5500,捕手,12,180,83,B型,右,右,愛知,1989-04-23,29,0.254,84,301,256,65,8,27,5,37,3,45,3,4,0.352,0.379,0.731,4.7,4.74,NA,NA,NA,NA,NA,NA,NA,NA,NA,NA,NA,NA,NA,NA,NA,NA,NA
飯塚　悟史,DeNA,1400,投手,5,188,90,A型,右,左,新潟,1996-10-11,30,NA,5,NA,NA,NA,NA,NA,NA,NA,NA,NA,NA,NA,NA,NA,NA,NA,NA,11.12,0,1,0,0,0,52,11.1,17,4,3,1,9,14,14,1.76,7.18
柴田　竜拓,DeNA,3500,内野手,4,167,68,O型,右,左,岡山,1993-12-16,31,0.256,111,196,164,42,3,17,3,20,0,38,10,3,0.333,0.372,0.705,4.35,4.36,NA,NA,NA,NA,NA,NA,NA,NA,NA,NA,NA,NA,NA,NA,NA,NA,NA
益子　京右,DeNA,470,捕手,1,176,87,A型,右,右,栃木,2000-12-27,32,NA,NA,NA,NA,NA,NA,NA,NA,NA,NA,NA,NA,NA,NA,NA,NA,NA,NA,NA,NA,NA,NA,NA,NA,NA,NA,NA,NA,NA,NA,NA,NA,NA,NA,NA
乙坂　智,DeNA,2400,外野手,8,182,83,O型,右,左,神奈川,1994-01-06,33,0.245,97,179,159,39,2,17,6,14,2,33,3,3,0.313,0.358,0.671,3.75,3.72,NA,NA,NA,NA,NA,NA,NA,NA,NA,NA,NA,NA,NA,NA,NA,NA,NA
平田　真吾,DeNA,1550,投手,6,182,80,A型,右,右,山口,1989-08-29,34,NA,8,NA,NA,NA,NA,NA,NA,NA,NA,NA,NA,NA,NA,NA,NA,NA,NA,9.31,0,0,0,1,0,48,9.2,15,2,4,2,11,11,10,1.97,5.09
三上　朋也,DeNA,10500,投手,6,190,90,AB型,右,右,岐阜,1989-04-10,35,NA,6,NA,NA,NA,NA,NA,NA,NA,NA,NA,NA,NA,NA,NA,NA,NA,NA,5.79,0,1,0,1,0,25,4.2,5,0,6,0,5,4,3,2.36,4.83
狩野　行寿,DeNA,610,内野手,3,180,80,B型,右,右,埼玉,1994-07-31,36,NA,NA,NA,NA,NA,NA,NA,NA,NA,NA,NA,NA,NA,NA,NA,NA,NA,NA,NA,NA,NA,NA,NA,NA,NA,NA,NA,NA,NA,NA,NA,NA,NA,NA,NA
楠本　泰史,DeNA,1080,外野手,2,180,77,A型,右,左,大阪,1995-07-07,37,0.208,39,81,72,15,1,6,0,7,2,19,0,1,0.296,0.306,0.602,2.67,2.74,NA,NA,NA,NA,NA,NA,NA,NA,NA,NA,NA,NA,NA,NA,NA,NA,NA
山下　幸輝,DeNA,1140,内野手,5,173,80,B型,右,左,千葉,1993-01-31,38,NA,NA,NA,NA,NA,NA,NA,NA,NA,NA,NA,NA,NA,NA,NA,NA,NA,NA,NA,NA,NA,NA,NA,NA,NA,NA,NA,NA,NA,NA,NA,NA,NA,NA,NA
嶺井　博希,DeNA,2700,捕手,6,175,85,B型,右,右,沖縄,1991-06-04,39,0.211,64,130,114,24,2,12,0,7,4,23,5,5,0.28,0.316,0.596,2.41,2.46,NA,NA,NA,NA,NA,NA,NA,NA,NA,NA,NA,NA,NA,NA,NA,NA,NA
飛雄馬,DeNA,700,内野手,8,181,88,B型,右,右,大阪,1991-03-17,40,0,5,5,5,0,0,0,0,0,0,1,0,0,0,0,0,-2.74,-2.48,NA,NA,NA,NA,NA,NA,NA,NA,NA,NA,NA,NA,NA,NA,NA,NA,NA
櫻井　周斗,DeNA,570,投手,2,178,80,A型,左,左,埼玉,1999-06-25,41,NA,14,NA,NA,NA,NA,NA,NA,NA,NA,NA,NA,NA,NA,NA,NA,NA,NA,4.86,0,0,0,1,0,74,16.2,17,1,10,1,17,9,9,1.62,3.84
バリオス,DeNA,3300,投手,8,185,85,不明,右,右,ベネズエラ,1988-10-11,42,NA,3,NA,NA,NA,NA,NA,NA,NA,NA,NA,NA,NA,NA,NA,NA,NA,NA,4.3,1,2,0,0,0.333,66,14.2,12,0,10,2,11,8,7,1.5,3.87
進藤　拓也,DeNA,700,投手,3,186,90,O型,右,右,秋田,1992-07-16,43,NA,5,NA,NA,NA,NA,NA,NA,NA,NA,NA,NA,NA,NA,NA,NA,NA,NA,9,0,0,0,0,0,39,7,10,2,6,2,5,7,7,2.29,8.41
佐野　恵太,DeNA,1200,内野手,3,178,84,A型,右,左,岡山,1994-11-28,44,0.295,89,215,200,59,5,33,0,13,2,39,0,9,0.344,0.42,0.764,4.72,4.51,NA,NA,NA,NA,NA,NA,NA,NA,NA,NA,NA,NA,NA,NA,NA,NA,NA
綾部　翔,DeNA,590,投手,4,189,100,O型,右,右,茨城,1997-04-25,45,NA,NA,NA,NA,NA,NA,NA,NA,NA,NA,NA,NA,NA,NA,NA,NA,NA,NA,NA,NA,NA,NA,NA,NA,NA,NA,NA,NA,NA,NA,NA,NA,NA,NA,NA
田中　健二朗,DeNA,4600,投手,12,179,80,B型,左,左,愛知,1989-09-18,46,NA,NA,NA,NA,NA,NA,NA,NA,NA,NA,NA,NA,NA,NA,NA,NA,NA,NA,NA,NA,NA,NA,NA,NA,NA,NA,NA,NA,NA,NA,NA,NA,NA,NA,NA
砂田　毅樹,DeNA,7200,投手,6,180,85,B型,左,左,北海道,1995-07-20,47,NA,16,NA,NA,NA,NA,NA,NA,NA,NA,NA,NA,NA,NA,NA,NA,NA,NA,5.11,1,0,0,1,1,65,12.1,21,2,8,1,10,9,7,2.35,5.31
京山　将弥,DeNA,1050,投手,3,182,77,B型,右,右,滋賀,1998-07-04,48,NA,9,NA,NA,NA,NA,NA,NA,NA,NA,NA,NA,NA,NA,NA,NA,NA,NA,5.8,0,6,0,0,0,173,35.2,45,3,27,0,29,26,23,2.02,4.86
赤間　謙,DeNA,1150,投手,4,180,87,AB型,右,右,福島,1990-11-14,49,NA,7,NA,NA,NA,NA,NA,NA,NA,NA,NA,NA,NA,NA,NA,NA,NA,NA,5.59,0,0,0,0,0,39,9.2,7,2,3,0,5,6,6,1.03,5.71
山本　祐大,DeNA,520,捕手,2,180,82,A型,右,右,大阪,1998-09-11,50,0.333,13,12,12,4,0,2,0,0,0,3,0,0,0.333,0.333,0.667,4.46,4.25,NA,NA,NA,NA,NA,NA,NA,NA,NA,NA,NA,NA,NA,NA,NA,NA,NA
宮﨑　敏郎,DeNA,16000,内野手,7,172,85,B型,右,右,佐賀,1988-12-12,51,0.284,114,473,433,123,15,49,0,32,3,35,0,13,0.334,0.443,0.777,5.1,5.07,NA,NA,NA,NA,NA,NA,NA,NA,NA,NA,NA,NA,NA,NA,NA,NA,NA
細川　成也,DeNA,560,外野手,3,179,86,AB型,右,右,神奈川,1998-08-04,52,0.222,36,83,72,16,1,10,0,8,2,24,0,1,0.313,0.292,0.605,3.29,3.51,NA,NA,NA,NA,NA,NA,NA,NA,NA,NA,NA,NA,NA,NA,NA,NA,NA
パットン,DeNA,16000,投手,3,185,91,不明,右,右,アメリカ,1988-02-20,53,NA,42,NA,NA,NA,NA,NA,NA,NA,NA,NA,NA,NA,NA,NA,NA,NA,NA,5.15,0,3,0,22,0,172,36.2,38,4,22,3,45,24,21,1.64,3.8
寺田　光輝,DeNA,600,投手,2,175,76,B型,右,右,三重,1992-01-05,54,NA,NA,NA,NA,NA,NA,NA,NA,NA,NA,NA,NA,NA,NA,NA,NA,NA,NA,NA,NA,NA,NA,NA,NA,NA,NA,NA,NA,NA,NA,NA,NA,NA,NA,NA
濱矢　廣大,DeNA,900,投手,6,185,78,A型,左,左,奈良,1993-02-27,56,NA,2,NA,NA,NA,NA,NA,NA,NA,NA,NA,NA,NA,NA,NA,NA,NA,NA,32.4,0,1,0,0,0,13,1.2,3,0,5,0,0,6,6,4.8,10.32
青柳　昴樹,DeNA,550,外野手,4,182,86,A型,右,右,大阪,1997-05-19,57,NA,NA,NA,NA,NA,NA,NA,NA,NA,NA,NA,NA,NA,NA,NA,NA,NA,NA,NA,NA,NA,NA,NA,NA,NA,NA,NA,NA,NA,NA,NA,NA,NA,NA,NA
武藤　祐太,DeNA,1200,投手,9,178,85,O型,右,右,埼玉,1989-06-14,58,NA,31,NA,NA,NA,NA,NA,NA,NA,NA,NA,NA,NA,NA,NA,NA,NA,NA,3.32,1,2,0,3,0.333,159,38,31,4,18,1,28,17,14,1.29,4.04
平良　拳太郎,DeNA,1300,投手,6,180,80,O型,右,右,沖縄,1995-07-12,59,NA,15,NA,NA,NA,NA,NA,NA,NA,NA,NA,NA,NA,NA,NA,NA,NA,NA,4.11,5,6,0,0,0.455,289,70,68,9,17,0,55,34,32,1.21,3.86
知野　直人,DeNA,560,内野手,1,182,83,A型,右,右,新潟,1999-02-16,60,NA,NA,NA,NA,NA,NA,NA,NA,NA,NA,NA,NA,NA,NA,NA,NA,NA,NA,NA,NA,NA,NA,NA,NA,NA,NA,NA,NA,NA,NA,NA,NA,NA,NA,NA
中川　大志,DeNA,1300,内野手,11,186,95,A型,右,右,愛知,1990-06-08,61,0,3,3,3,0,0,0,0,0,0,0,0,0,0,0,0,-2.7,-2.43,NA,NA,NA,NA,NA,NA,NA,NA,NA,NA,NA,NA,NA,NA,NA,NA,NA
エスコバー,DeNA,9500,投手,3,188,102,不明,左,左,ベネズエラ,1992-04-22,62,NA,74,NA,NA,NA,NA,NA,NA,NA,NA,NA,NA,NA,NA,NA,NA,NA,NA,2.51,5,4,0,33,0.556,306,75.1,60,7,24,2,88,23,21,1.12,2.95
関根　大気,DeNA,1570,外野手,6,173,75,A型,左,左,愛知,1995-06-28,63,0.038,32,27,26,1,0,0,0,1,0,6,0,1,0.074,0.077,0.151,-1.87,-1.67,NA,NA,NA,NA,NA,NA,NA,NA,NA,NA,NA,NA,NA,NA,NA,NA,NA
百瀬　大騎,DeNA,560,内野手,5,175,70,A型,右,左,長野,1997-03-11,64,0,1,1,1,0,0,0,0,0,0,1,0,0,0,0,0,-2.92,-2.7,NA,NA,NA,NA,NA,NA,NA,NA,NA,NA,NA,NA,NA,NA,NA,NA,NA
国吉　佑樹,DeNA,1700,投手,10,196,103,A型,右,右,大阪,1991-09-24,65,NA,53,NA,NA,NA,NA,NA,NA,NA,NA,NA,NA,NA,NA,NA,NA,NA,NA,4.8,5,3,0,9,0.625,299,69.1,62,9,28,2,81,37,37,1.3,3.68
西森　将司,DeNA,600,捕手,8,182,80,A型,右,両,京都,1987-12-29,66,NA,NA,NA,NA,NA,NA,NA,NA,NA,NA,NA,NA,NA,NA,NA,NA,NA,NA,NA,NA,NA,NA,NA,NA,NA,NA,NA,NA,NA,NA,NA,NA,NA,NA,NA
古村　徹,DeNA,600,投手,4,180,80,B型,左,左,神奈川,1993-10-20,67,NA,NA,NA,NA,NA,NA,NA,NA,NA,NA,NA,NA,NA,NA,NA,NA,NA,NA,NA,NA,NA,NA,NA,NA,NA,NA,NA,NA,NA,NA,NA,NA,NA,NA,NA
藤岡　好明,DeNA,1150,投手,14,177,81,O型,右,左,大阪,1985-03-12,68,NA,32,NA,NA,NA,NA,NA,NA,NA,NA,NA,NA,NA,NA,NA,NA,NA,NA,1.86,1,0,0,1,1,126,29,27,2,15,0,23,6,6,1.45,3.67
中後　悠平,DeNA,950,投手,6,182,78,O型,左,左,大阪,1989-09-17,91,NA,4,NA,NA,NA,NA,NA,NA,NA,NA,NA,NA,NA,NA,NA,NA,NA,NA,3.38,0,0,0,0,0,12,2.2,3,0,2,0,1,1,1,1.88,4.62
田村　丈,DeNA,440,投手,4,185,89,O型,右,右,兵庫,1992-11-20,92,NA,NA,NA,NA,NA,NA,NA,NA,NA,NA,NA,NA,NA,NA,NA,NA,NA,NA,NA,NA,NA,NA,NA,NA,NA,NA,NA,NA,NA,NA,NA,NA,NA,NA,NA
中川　虎大,DeNA,360,投手,2,178,79,B型,右,右,和歌山,1999-10-02,93,NA,3,NA,NA,NA,NA,NA,NA,NA,NA,NA,NA,NA,NA,NA,NA,NA,NA,5.4,0,1,0,0,0,25,5,7,2,3,0,3,3,3,2,8.92
笠井　崇正,DeNA,440,投手,3,179,90,B型,右,右,北海道,1994-08-07,94,NA,16,NA,NA,NA,NA,NA,NA,NA,NA,NA,NA,NA,NA,NA,NA,NA,NA,4.03,0,0,0,0,0,101,22.1,23,3,14,0,18,10,10,1.66,4.73
ソリス,DeNA,3300,投手,1,196,114,不明,左,右,アメリカ,1988-08-10,97,NA,4,NA,NA,NA,NA,NA,NA,NA,NA,NA,NA,NA,NA,NA,NA,NA,NA,2.08,0,0,0,1,0,17,4.1,4,1,2,0,2,1,1,1.38,6.58
ソト,DeNA,9500,内野手,2,185,97,不明,右,右,プエルトリコ,1989-02-28,99,0.269,141,584,516,139,43,108,0,59,5,98,0,14,0.348,0.554,0.902,6.56,6.62,NA,NA,NA,NA,NA,NA,NA,NA,NA,NA,NA,NA,NA,NA,NA,NA,NA
宮城　滝太,DeNA,340,投手,1,181,73,A型,右,右,沖縄,2000-07-15,NA,NA,NA,NA,NA,NA,NA,NA,NA,NA,NA,NA,NA,NA,NA,NA,NA,NA,NA,NA,NA,NA,NA,NA,NA,NA,NA,NA,NA,NA,NA,NA,NA,NA,NA,NA
水野　滉也,DeNA,950,投手,3,175,80,O型,右,右,北海道,1994-06-01,NA,NA,NA,NA,NA,NA,NA,NA,NA,NA,NA,NA,NA,NA,NA,NA,NA,NA,NA,NA,NA,NA,NA,NA,NA,NA,NA,NA,NA,NA,NA,NA,NA,NA,NA,NA
コルデロ,DeNA,240,投手,1,189,88,不明,左,左,ドミニカ共和国,1997-12-18,NA,NA,NA,NA,NA,NA,NA,NA,NA,NA,NA,NA,NA,NA,NA,NA,NA,NA,NA,NA,NA,NA,NA,NA,NA,NA,NA,NA,NA,NA,NA,NA,NA,NA,NA,NA
吉川　大幾,Giants,1800,内野手,9,176,75,A型,右,右,大阪,1992-08-21,00,0,10,10,9,0,0,0,0,1,0,3,0,1,0.1,0,0.1,-2.58,-2.32,NA,NA,NA,NA,NA,NA,NA,NA,NA,NA,NA,NA,NA,NA,NA,NA,NA
吉川　尚輝,Giants,2800,内野手,3,177,79,A型,右,左,岐阜,1995-02-08,0,0.39,11,46,41,16,0,3,1,3,0,4,2,1,0.432,0.415,0.846,5.98,5.59,NA,NA,NA,NA,NA,NA,NA,NA,NA,NA,NA,NA,NA,NA,NA,NA,NA
比嘉　賢伸,Giants,250,内野手,2,180,85,A型,右,左,大阪,2000-01-12,NA,NA,NA,NA,NA,NA,NA,NA,NA,NA,NA,NA,NA,NA,NA,NA,NA,NA,NA,NA,NA,NA,NA,NA,NA,NA,NA,NA,NA,NA,NA,NA,NA,NA,NA,NA
陽　岱鋼,Giants,30000,外野手,14,183,89,A型,右,右,台湾,1987-01-17,2,0.274,110,231,208,57,4,21,0,22,1,66,0,9,0.346,0.38,0.726,4.22,4.13,NA,NA,NA,NA,NA,NA,NA,NA,NA,NA,NA,NA,NA,NA,NA,NA,NA
山川　和大,Giants,280,投手,3,166,74,A型,右,左,兵庫,1995-01-04,NA,NA,NA,NA,NA,NA,NA,NA,NA,NA,NA,NA,NA,NA,NA,NA,NA,NA,NA,NA,NA,NA,NA,NA,NA,NA,NA,NA,NA,NA,NA,NA,NA,NA,NA,NA
笠井　駿,Giants,280,外野手,2,178,80,B型,右,右,東京,1995-04-20,NA,NA,NA,NA,NA,NA,NA,NA,NA,NA,NA,NA,NA,NA,NA,NA,NA,NA,NA,NA,NA,NA,NA,NA,NA,NA,NA,NA,NA,NA,NA,NA,NA,NA,NA,NA
中島　宏之,Giants,15000,内野手,17,180,90,A型,右,右,兵庫,1982-07-31,5,0.148,43,65,54,8,1,5,1,9,1,21,0,1,0.277,0.278,0.555,2.55,2.86,NA,NA,NA,NA,NA,NA,NA,NA,NA,NA,NA,NA,NA,NA,NA,NA,NA
広畑　塁,Giants,260,捕手,2,177,76,O型,右,左,福岡,1995-06-17,NA,NA,NA,NA,NA,NA,NA,NA,NA,NA,NA,NA,NA,NA,NA,NA,NA,NA,NA,NA,NA,NA,NA,NA,NA,NA,NA,NA,NA,NA,NA,NA,NA,NA,NA,NA
坂本　勇人,Giants,50000,内野手,13,186,83,AB型,右,右,兵庫,1988-12-14,6,0.312,143,639,555,173,40,94,5,77,2,123,3,9,0.396,0.575,0.971,8.22,8,NA,NA,NA,NA,NA,NA,NA,NA,NA,NA,NA,NA,NA,NA,NA,NA,NA
小山　翔平,Giants,250,捕手,2,170,75,O型,右,右,京都,1996-03-25,NA,NA,NA,NA,NA,NA,NA,NA,NA,NA,NA,NA,NA,NA,NA,NA,NA,NA,NA,NA,NA,NA,NA,NA,NA,NA,NA,NA,NA,NA,NA,NA,NA,NA,NA,NA
丸　佳浩,Giants,45000,外野手,12,177,90,AB型,右,左,千葉,1989-04-11,8,0.292,143,631,535,156,27,89,12,86,3,125,0,15,0.388,0.495,0.884,6.82,6.79,NA,NA,NA,NA,NA,NA,NA,NA,NA,NA,NA,NA,NA,NA,NA,NA,NA
折下　光輝,Giants,260,内野手,2,177,86,A型,右,右,徳島,2000-02-14,NA,NA,NA,NA,NA,NA,NA,NA,NA,NA,NA,NA,NA,NA,NA,NA,NA,NA,NA,NA,NA,NA,NA,NA,NA,NA,NA,NA,NA,NA,NA,NA,NA,NA,NA,NA
亀井　善行,Giants,7000,外野手,15,178,82,AB型,右,左,奈良,1982-07-28,9,0.284,131,503,450,128,13,55,9,45,0,91,3,6,0.346,0.44,0.786,5.68,5.58,NA,NA,NA,NA,NA,NA,NA,NA,NA,NA,NA,NA,NA,NA,NA,NA,NA
阿部　慎之助,Giants,16000,捕手,19,180,97,A型,右,左,千葉,1979-03-20,10,0.297,95,192,158,47,7,27,0,28,4,23,0,1,0.411,0.481,0.892,7.86,7.75,NA,NA,NA,NA,NA,NA,NA,NA,NA,NA,NA,NA,NA,NA,NA,NA,NA
高山　竜太朗,Giants,370,捕手,3,186,92,A型,右,右,鹿児島,1995-02-21,NA,NA,NA,NA,NA,NA,NA,NA,NA,NA,NA,NA,NA,NA,NA,NA,NA,NA,NA,NA,NA,NA,NA,NA,NA,NA,NA,NA,NA,NA,NA,NA,NA,NA,NA,NA
山口　俊,Giants,23000,投手,14,187,98,O型,右,右,大分,1987-07-11,11,NA,26,NA,NA,NA,NA,NA,NA,NA,NA,NA,NA,NA,NA,NA,NA,NA,NA,2.91,15,4,0,0,0.789,705,170,137,8,60,13,188,60,55,1.16,2.79
髙井　俊,Giants,270,投手,3,180,83,AB型,右,右,新潟,1995-08-22,NA,NA,NA,NA,NA,NA,NA,NA,NA,NA,NA,NA,NA,NA,NA,NA,NA,NA,NA,NA,NA,NA,NA,NA,NA,NA,NA,NA,NA,NA,NA,NA,NA,NA,NA,NA
髙橋　優貴,Giants,1500,投手,1,178,82,B型,左,左,茨城,1997-02-01,12,NA,18,NA,NA,NA,NA,NA,NA,NA,NA,NA,NA,NA,NA,NA,NA,NA,NA,3.19,5,7,0,0,0.417,395,93,70,14,48,5,89,34,33,1.27,4.84
平井　快青,Giants,240,投手,1,184,73,O型,右,右,京都,2000-09-12,NA,NA,NA,NA,NA,NA,NA,NA,NA,NA,NA,NA,NA,NA,NA,NA,NA,NA,NA,NA,NA,NA,NA,NA,NA,NA,NA,NA,NA,NA,NA,NA,NA,NA,NA,NA
森福　允彦,Giants,8400,投手,13,172,70,A型,左,左,愛知,1986-07-29,13,NA,7,NA,NA,NA,NA,NA,NA,NA,NA,NA,NA,NA,NA,NA,NA,NA,NA,6.23,0,0,0,3,0,18,4.1,5,2,0,0,5,3,3,1.15,6.81
モタ,Giants,230,外野手,1,188,98,不明,右,右,ドミニカ共和国,1996-01-03,NA,NA,NA,NA,NA,NA,NA,NA,NA,NA,NA,NA,NA,NA,NA,NA,NA,NA,NA,NA,NA,NA,NA,NA,NA,NA,NA,NA,NA,NA,NA,NA,NA,NA,NA,NA
澤村　拓一,Giants,12150,投手,9,184,102,A型,右,右,栃木,1988-04-03,15,NA,43,NA,NA,NA,NA,NA,NA,NA,NA,NA,NA,NA,NA,NA,NA,NA,NA,2.61,2,2,1,13,0.5,197,48.1,40,3,17,3,55,14,14,1.18,2.83
巽　大介,Giants,500,投手,4,183,86,AB型,左,左,鳥取,1997-04-26,NA,NA,NA,NA,NA,NA,NA,NA,NA,NA,NA,NA,NA,NA,NA,NA,NA,NA,NA,NA,NA,NA,NA,NA,NA,NA,NA,NA,NA,NA,NA,NA,NA,NA,NA,NA
沼田　翔平,Giants,240,投手,1,175,64,AB型,右,右,北海道,2000-06-24,NA,NA,NA,NA,NA,NA,NA,NA,NA,NA,NA,NA,NA,NA,NA,NA,NA,NA,NA,NA,NA,NA,NA,NA,NA,NA,NA,NA,NA,NA,NA,NA,NA,NA,NA,NA
山上　信吾,Giants,260,投手,2,183,81,不明,右,右,群馬,1999-09-21,NA,NA,NA,NA,NA,NA,NA,NA,NA,NA,NA,NA,NA,NA,NA,NA,NA,NA,NA,NA,NA,NA,NA,NA,NA,NA,NA,NA,NA,NA,NA,NA,NA,NA,NA,NA
大竹　寛,Giants,2625,投手,18,184,94,B型,右,右,埼玉,1983-05-21,17,NA,32,NA,NA,NA,NA,NA,NA,NA,NA,NA,NA,NA,NA,NA,NA,NA,NA,2.77,4,0,0,8,1,111,26,26,2,8,0,24,9,8,1.31,2.97
田島　洸成,Giants,300,内野手,4,176,80,A型,右,左,埼玉,1996-07-13,NA,NA,NA,NA,NA,NA,NA,NA,NA,NA,NA,NA,NA,NA,NA,NA,NA,NA,NA,NA,NA,NA,NA,NA,NA,NA,NA,NA,NA,NA,NA,NA,NA,NA,NA,NA
菅野　智之,Giants,65000,投手,7,186,95,A型,右,右,神奈川,1989-10-11,18,NA,22,NA,NA,NA,NA,NA,NA,NA,NA,NA,NA,NA,NA,NA,NA,NA,NA,3.89,11,6,0,0,0.647,577,136.1,138,20,32,3,120,65,59,1.25,3.99
上原　浩治,Giants,5000,投手,12,187,87,B型,右,右,大阪,1975-04-03,19,NA,NA,NA,NA,NA,NA,NA,NA,NA,NA,NA,NA,NA,NA,NA,NA,NA,NA,NA,NA,NA,NA,NA,NA,NA,NA,NA,NA,NA,NA,NA,NA,NA,NA,NA
田中　優大,Giants,310,投手,2,185,76,B型,右,右,山形,1999-09-14,NA,NA,NA,NA,NA,NA,NA,NA,NA,NA,NA,NA,NA,NA,NA,NA,NA,NA,NA,NA,NA,NA,NA,NA,NA,NA,NA,NA,NA,NA,NA,NA,NA,NA,NA,NA
マシソン,Giants,35500,投手,8,191,104,不明,右,右,カナダ,1984-02-27,20,NA,28,NA,NA,NA,NA,NA,NA,NA,NA,NA,NA,NA,NA,NA,NA,NA,NA,4.37,2,2,1,8,0.5,104,22.2,28,2,9,0,19,11,11,1.63,3.52
橋本　篤郎,Giants,310,投手,4,179,85,B型,左,左,熊本,1998-02-24,NA,NA,NA,NA,NA,NA,NA,NA,NA,NA,NA,NA,NA,NA,NA,NA,NA,NA,NA,NA,NA,NA,NA,NA,NA,NA,NA,NA,NA,NA,NA,NA,NA,NA,NA,NA
黒田　響生,Giants,240,内野手,1,184,75,B型,右,右,福井,2000-07-21,NA,NA,NA,NA,NA,NA,NA,NA,NA,NA,NA,NA,NA,NA,NA,NA,NA,NA,NA,NA,NA,NA,NA,NA,NA,NA,NA,NA,NA,NA,NA,NA,NA,NA,NA,NA
岩隈　久志,Giants,5000,投手,13,190,77,AB型,右,右,東京,1981-04-12,21,NA,NA,NA,NA,NA,NA,NA,NA,NA,NA,NA,NA,NA,NA,NA,NA,NA,NA,NA,NA,NA,NA,NA,NA,NA,NA,NA,NA,NA,NA,NA,NA,NA,NA,NA
小林　誠司,Giants,6000,捕手,6,178,85,O型,右,右,大阪,1989-06-07,22,0.244,92,236,213,52,2,19,1,7,4,48,11,12,0.28,0.3,0.58,2.11,2.13,NA,NA,NA,NA,NA,NA,NA,NA,NA,NA,NA,NA,NA,NA,NA,NA,NA
荒井　颯太,Giants,250,外野手,2,190,90,A型,右,右,新潟,1999-09-27,NA,NA,NA,NA,NA,NA,NA,NA,NA,NA,NA,NA,NA,NA,NA,NA,NA,NA,NA,NA,NA,NA,NA,NA,NA,NA,NA,NA,NA,NA,NA,NA,NA,NA,NA,NA
與那原　大剛,Giants,510,投手,4,189,87,A型,右,右,沖縄,1998-03-09,NA,NA,NA,NA,NA,NA,NA,NA,NA,NA,NA,NA,NA,NA,NA,NA,NA,NA,NA,NA,NA,NA,NA,NA,NA,NA,NA,NA,NA,NA,NA,NA,NA,NA,NA,NA
野上　亮磨,Giants,15000,投手,11,177,77,A型,右,右,福岡,1987-06-15,23,NA,13,NA,NA,NA,NA,NA,NA,NA,NA,NA,NA,NA,NA,NA,NA,NA,NA,3.5,1,2,1,3,0.333,81,18,19,1,6,0,16,10,7,1.39,3.06
山下　亜文,Giants,300,投手,5,171,76,B型,左,左,石川,1996-04-05,NA,NA,NA,NA,NA,NA,NA,NA,NA,NA,NA,NA,NA,NA,NA,NA,NA,NA,NA,NA,NA,NA,NA,NA,NA,NA,NA,NA,NA,NA,NA,NA,NA,NA,NA,NA
クック,Giants,14000,投手,1,188,100,不明,右,右,アメリカ,1987-06-30,24,NA,13,NA,NA,NA,NA,NA,NA,NA,NA,NA,NA,NA,NA,NA,NA,NA,NA,4.8,0,2,6,0,0,67,15,19,2,6,0,9,8,8,1.67,4.85
岡本　和真,Giants,8000,内野手,5,185,96,A型,右,右,奈良,1996-06-30,25,0.265,143,628,555,147,31,94,3,62,6,132,2,15,0.343,0.485,0.828,5.72,5.69,NA,NA,NA,NA,NA,NA,NA,NA,NA,NA,NA,NA,NA,NA,NA,NA,NA
ラモス,Giants,226,投手,1,185,86,不明,右,右,ドミニカ共和国,1996-04-27,NA,NA,NA,NA,NA,NA,NA,NA,NA,NA,NA,NA,NA,NA,NA,NA,NA,NA,NA,NA,NA,NA,NA,NA,NA,NA,NA,NA,NA,NA,NA,NA,NA,NA,NA,NA
炭谷　銀仁朗,Giants,15000,捕手,14,181,95,O型,右,右,京都,1987-07-19,27,0.262,58,138,126,33,6,26,0,7,2,28,2,4,0.309,0.437,0.745,4.36,4.42,NA,NA,NA,NA,NA,NA,NA,NA,NA,NA,NA,NA,NA,NA,NA,NA,NA
田口　麗斗,Giants,7500,投手,6,171,83,B型,左,左,広島,1995-09-14,28,NA,55,NA,NA,NA,NA,NA,NA,NA,NA,NA,NA,NA,NA,NA,NA,NA,NA,4.13,3,3,1,14,0.5,276,65.1,59,11,18,2,66,30,30,1.18,4.11
鍬原　拓也,Giants,1650,投手,2,178,85,A型,右,右,奈良,1996-03-26,29,NA,15,NA,NA,NA,NA,NA,NA,NA,NA,NA,NA,NA,NA,NA,NA,NA,NA,4.74,0,1,0,2,0,80,19,17,4,4,2,16,11,10,1.11,5.12
宮國　椋丞,Giants,2640,投手,9,186,92,B型,右,右,沖縄,1992-04-17,30,NA,28,NA,NA,NA,NA,NA,NA,NA,NA,NA,NA,NA,NA,NA,NA,NA,NA,3.94,0,2,0,3,0,122,29.2,26,2,9,1,21,16,13,1.18,3.59
畠　世周,Giants,1920,投手,3,186,82,AB型,右,左,広島,1994-05-31,31,NA,5,NA,NA,NA,NA,NA,NA,NA,NA,NA,NA,NA,NA,NA,NA,NA,NA,6.89,0,1,0,0,0,76,15.2,26,2,5,1,14,14,12,1.98,4.14
鍵谷　陽平,Giants,4300,投手,7,178,85,O型,右,右,北海道,1990-09-23,32,NA,27,NA,NA,NA,NA,NA,NA,NA,NA,NA,NA,NA,NA,NA,NA,NA,NA,3,0,2,0,6,0,117,27,21,4,18,0,11,11,9,1.44,5.9
ビヤヌエバ,Giants,22500,内野手,1,180,95,不明,右,右,メキシコ,1991-06-19,33,0.223,73,235,202,45,8,24,2,25,6,52,1,5,0.325,0.386,0.711,4.32,4.43,NA,NA,NA,NA,NA,NA,NA,NA,NA,NA,NA,NA,NA,NA,NA,NA,NA
桜井　俊貴,Giants,1000,投手,4,181,88,AB型,右,右,兵庫,1993-10-21,35,NA,29,NA,NA,NA,NA,NA,NA,NA,NA,NA,NA,NA,NA,NA,NA,NA,NA,4.32,8,6,0,0,0.571,472,108.1,109,12,42,4,82,53,52,1.39,4.32
石川　慎吾,Giants,2100,外野手,8,178,80,O型,右,右,大阪,1993-04-27,36,0.257,55,76,70,18,4,10,0,6,0,14,0,2,0.316,0.457,0.773,4.82,4.81,NA,NA,NA,NA,NA,NA,NA,NA,NA,NA,NA,NA,NA,NA,NA,NA,NA
田原　誠次,Giants,3600,投手,8,181,85,A型,右,左,宮崎,1989-09-02,37,NA,25,NA,NA,NA,NA,NA,NA,NA,NA,NA,NA,NA,NA,NA,NA,NA,NA,4.32,2,2,0,5,0.5,70,16.2,14,1,7,0,9,8,8,1.26,3.9
岸田　行倫,Giants,1000,捕手,2,176,87,A型,右,右,兵庫,1996-10-10,38,0,4,7,7,0,0,0,0,0,0,2,0,0,0,0,0,-2.76,-2.51,NA,NA,NA,NA,NA,NA,NA,NA,NA,NA,NA,NA,NA,NA,NA,NA,NA
立岡　宗一郎,Giants,2600,外野手,11,181,82,A型,右,左,熊本,1990-05-18,39,0.286,25,16,14,4,0,1,3,2,0,4,0,0,0.375,0.429,0.804,8.01,7.37,NA,NA,NA,NA,NA,NA,NA,NA,NA,NA,NA,NA,NA,NA,NA,NA,NA
谷岡　竜平,Giants,1500,投手,3,181,87,A型,右,右,東京,1996-03-21,40,NA,NA,NA,NA,NA,NA,NA,NA,NA,NA,NA,NA,NA,NA,NA,NA,NA,NA,NA,NA,NA,NA,NA,NA,NA,NA,NA,NA,NA,NA,NA,NA,NA,NA,NA
中川　皓太,Giants,1900,投手,4,183,86,A型,左,左,大阪,1994-02-24,41,NA,67,NA,NA,NA,NA,NA,NA,NA,NA,NA,NA,NA,NA,NA,NA,NA,NA,2.37,4,3,16,17,0.571,270,64.2,57,3,18,2,74,19,17,1.16,2.27
メルセデス,Giants,860,投手,3,188,82,不明,左,両,ドミニカ共和国,1994-03-08,42,NA,22,NA,NA,NA,NA,NA,NA,NA,NA,NA,NA,NA,NA,NA,NA,NA,NA,3.52,8,8,0,0,0.5,512,120.1,137,12,28,5,89,49,47,1.37,3.73
重信　慎之介,Giants,2500,外野手,4,173,74,A型,右,左,千葉,1993-04-17,43,0.266,106,174,158,42,2,16,14,11,0,43,2,1,0.308,0.373,0.682,4.42,4.48,NA,NA,NA,NA,NA,NA,NA,NA,NA,NA,NA,NA,NA,NA,NA,NA,NA
ゲレーロ,Giants,40000,外野手,3,182,99,不明,右,右,キューバ,1986-11-20,44,0.237,101,333,287,68,21,54,1,40,4,59,1,5,0.337,0.526,0.863,6.15,6.17,NA,NA,NA,NA,NA,NA,NA,NA,NA,NA,NA,NA,NA,NA,NA,NA,NA
今村　信貴,Giants,2600,投手,8,180,88,AB型,左,左,大阪,1994-03-15,45,NA,17,NA,NA,NA,NA,NA,NA,NA,NA,NA,NA,NA,NA,NA,NA,NA,NA,4.08,3,2,0,0,0.6,349,81.2,82,9,26,8,54,39,37,1.32,4.44
大城　卓三,Giants,2000,捕手,2,187,90,B型,右,左,沖縄,1993-02-11,46,0.265,109,329,294,78,6,30,0,25,4,80,5,7,0.33,0.388,0.718,4.32,4.24,NA,NA,NA,NA,NA,NA,NA,NA,NA,NA,NA,NA,NA,NA,NA,NA,NA
藤岡　貴裕,Giants,2900,投手,8,183,94,AB型,左,左,群馬,1989-07-17,47,NA,NA,NA,NA,NA,NA,NA,NA,NA,NA,NA,NA,NA,NA,NA,NA,NA,NA,NA,NA,NA,NA,NA,NA,NA,NA,NA,NA,NA,NA,NA,NA,NA,NA,NA
池田　駿,Giants,1700,投手,3,174,78,A型,左,左,新潟,1992-11-29,48,NA,2,NA,NA,NA,NA,NA,NA,NA,NA,NA,NA,NA,NA,NA,NA,NA,NA,18,0,0,0,0,0,6,1,2,1,1,0,1,2,2,3,17.12
ヤングマン,Giants,11400,投手,2,198,95,不明,右,右,アメリカ,1989-12-18,49,NA,10,NA,NA,NA,NA,NA,NA,NA,NA,NA,NA,NA,NA,NA,NA,NA,NA,6.09,3,4,0,0,0.429,206,44.1,49,9,26,3,28,33,30,1.69,6.46
戸根　千明,Giants,1500,投手,5,174,97,A型,左,左,京都,1992-10-17,50,NA,26,NA,NA,NA,NA,NA,NA,NA,NA,NA,NA,NA,NA,NA,NA,NA,NA,1.99,0,1,0,8,0,104,22.2,17,2,17,3,21,7,5,1.5,4.8
田中　俊太,Giants,1600,内野手,2,178,80,O型,右,左,神奈川,1993-08-18,51,0.224,62,176,156,35,4,14,2,14,0,36,4,2,0.285,0.346,0.631,3.38,3.54,NA,NA,NA,NA,NA,NA,NA,NA,NA,NA,NA,NA,NA,NA,NA,NA,NA
北村　拓己,Giants,840,内野手,2,181,88,A型,右,右,石川,1995-08-29,52,0,5,7,5,0,0,0,1,1,1,2,0,0,0.286,0,0.286,1.59,2.11,NA,NA,NA,NA,NA,NA,NA,NA,NA,NA,NA,NA,NA,NA,NA,NA,NA
髙田　萌生,Giants,680,投手,3,178,80,A型,右,右,岡山,1998-07-04,53,NA,2,NA,NA,NA,NA,NA,NA,NA,NA,NA,NA,NA,NA,NA,NA,NA,NA,5.4,0,0,0,0,0,22,5,7,0,2,0,7,3,3,1.8,0.92
直江　大輔,Giants,500,投手,1,184,77,A型,右,右,長野,2000-06-20,54,NA,NA,NA,NA,NA,NA,NA,NA,NA,NA,NA,NA,NA,NA,NA,NA,NA,NA,NA,NA,NA,NA,NA,NA,NA,NA,NA,NA,NA,NA,NA,NA,NA,NA,NA
山本　泰寛,Giants,1850,内野手,4,176,76,B型,右,右,東京,1993-10-10,56,0.232,92,212,177,41,2,10,2,22,7,51,6,3,0.34,0.339,0.679,4.17,4.12,NA,NA,NA,NA,NA,NA,NA,NA,NA,NA,NA,NA,NA,NA,NA,NA,NA
高木　京介,Giants,500,投手,8,183,86,AB型,左,左,石川,1989-09-05,57,NA,55,NA,NA,NA,NA,NA,NA,NA,NA,NA,NA,NA,NA,NA,NA,NA,NA,3.83,3,1,0,10,0.75,220,54,51,11,13,0,48,23,23,1.19,4.6
坂本　工宜,Giants,420,投手,3,176,82,O型,右,右,滋賀,1994-08-19,58,NA,2,NA,NA,NA,NA,NA,NA,NA,NA,NA,NA,NA,NA,NA,NA,NA,NA,13.5,0,0,0,0,0,12,2,5,0,0,1,3,3,3,2.5,1.62
松原　聖弥,Giants,560,外野手,3,173,72,O型,右,左,大阪,1995-01-26,59,NA,NA,NA,NA,NA,NA,NA,NA,NA,NA,NA,NA,NA,NA,NA,NA,NA,NA,NA,NA,NA,NA,NA,NA,NA,NA,NA,NA,NA,NA,NA,NA,NA,NA,NA
若林　晃弘,Giants,880,内野手,2,180,77,A型,右,両,東京,1993-08-26,60,0.239,77,273,234,56,5,21,11,32,2,51,4,3,0.335,0.35,0.685,4.43,4.46,NA,NA,NA,NA,NA,NA,NA,NA,NA,NA,NA,NA,NA,NA,NA,NA,NA
増田　陸,Giants,600,内野手,1,178,80,A型,右,右,大阪,2000-06-17,61,NA,NA,NA,NA,NA,NA,NA,NA,NA,NA,NA,NA,NA,NA,NA,NA,NA,NA,NA,NA,NA,NA,NA,NA,NA,NA,NA,NA,NA,NA,NA,NA,NA,NA,NA
横川　凱,Giants,500,投手,1,190,90,B型,左,左,滋賀,2000-08-30,62,NA,NA,NA,NA,NA,NA,NA,NA,NA,NA,NA,NA,NA,NA,NA,NA,NA,NA,NA,NA,NA,NA,NA,NA,NA,NA,NA,NA,NA,NA,NA,NA,NA,NA,NA
増田　大輝,Giants,500,内野手,4,172,68,A型,右,右,徳島,1993-07-29,63,0.2,75,58,50,10,0,6,15,6,0,11,2,2,0.286,0.32,0.606,3.69,3.68,NA,NA,NA,NA,NA,NA,NA,NA,NA,NA,NA,NA,NA,NA,NA,NA,NA
大江　竜聖,Giants,560,投手,3,173,82,A型,左,左,神奈川,1999-01-15,64,NA,8,NA,NA,NA,NA,NA,NA,NA,NA,NA,NA,NA,NA,NA,NA,NA,NA,6.75,0,0,0,1,0,49,10.2,13,3,3,0,7,9,8,1.5,6.03
松井　義弥,Giants,500,内野手,1,191,90,A型,右,左,福岡,2000-06-18,65,NA,NA,NA,NA,NA,NA,NA,NA,NA,NA,NA,NA,NA,NA,NA,NA,NA,NA,NA,NA,NA,NA,NA,NA,NA,NA,NA,NA,NA,NA,NA,NA,NA,NA,NA
村上　海斗,Giants,740,外野手,2,189,95,B型,右,右,京都,1995-07-07,66,NA,NA,NA,NA,NA,NA,NA,NA,NA,NA,NA,NA,NA,NA,NA,NA,NA,NA,NA,NA,NA,NA,NA,NA,NA,NA,NA,NA,NA,NA,NA,NA,NA,NA,NA
古川　侑利,Giants,1600,投手,6,178,78,AB型,右,右,佐賀,1995-09-08,67,NA,3,NA,NA,NA,NA,NA,NA,NA,NA,NA,NA,NA,NA,NA,NA,NA,NA,7.2,1,1,0,0,0.5,21,5,4,0,2,0,10,4,4,1.2,0.32
戸郷　翔征,Giants,500,投手,1,186,72,AB型,右,右,宮崎,2000-04-04,68,NA,2,NA,NA,NA,NA,NA,NA,NA,NA,NA,NA,NA,NA,NA,NA,NA,NA,2.08,1,0,0,0,1,34,8.2,6,1,3,1,11,2,2,1.04,3.47
田中　貴也,Giants,540,捕手,5,178,80,O型,右,左,京都,1992-08-27,69,0,1,0,0,0,0,0,0,0,0,0,0,0,0,0,0,0,0,NA,NA,NA,NA,NA,NA,NA,NA,NA,NA,NA,NA,NA,NA,NA,NA,NA
アダメス,Giants,910,投手,4,193,86,不明,右,右,ドミニカ共和国,1994-09-27,92,NA,11,NA,NA,NA,NA,NA,NA,NA,NA,NA,NA,NA,NA,NA,NA,NA,NA,6.75,0,1,0,3,0,40,9.1,10,2,4,0,4,7,7,1.5,6.33
湯浅　大,Giants,520,内野手,2,172,73,A型,右,右,群馬,2000-01-24,93,NA,NA,NA,NA,NA,NA,NA,NA,NA,NA,NA,NA,NA,NA,NA,NA,NA,NA,NA,NA,NA,NA,NA,NA,NA,NA,NA,NA,NA,NA,NA,NA,NA,NA,NA
加藤　脩平,Giants,300,外野手,3,178,79,O型,右,左,静岡,1999-03-28,94,0,5,3,3,0,0,0,0,0,0,1,0,0,0,0,0,-2.77,-2.52,NA,NA,NA,NA,NA,NA,NA,NA,NA,NA,NA,NA,NA,NA,NA,NA,NA
堀岡　隼人,Giants,250,投手,3,183,88,O型,右,右,神奈川,1998-09-11,95,NA,3,NA,NA,NA,NA,NA,NA,NA,NA,NA,NA,NA,NA,NA,NA,NA,NA,6.23,0,0,0,0,0,18,4.1,5,1,3,0,2,3,3,1.85,7.27
マルティネス,Giants,830,内野手,3,188,77,不明,右,両,ドミニカ共和国,1993-03-29,96,0.125,6,8,8,1,0,1,0,0,0,5,0,0,0.125,0.25,0.375,0.2,0.19,NA,NA,NA,NA,NA,NA,NA,NA,NA,NA,NA,NA,NA,NA,NA,NA,NA
デラロサ,Giants,3000,投手,1,183,95,不明,右,右,ドミニカ共和国,1989-03-04,97,NA,26,NA,NA,NA,NA,NA,NA,NA,NA,NA,NA,NA,NA,NA,NA,NA,NA,2.25,1,0,8,5,1,93,24,16,4,5,1,32,6,6,0.88,3.37
山下　航汰,Giants,240,外野手,1,176,80,O型,右,左,大阪,2000-11-15,99,0.167,12,13,12,2,0,0,0,1,0,2,0,0,0.231,0.25,0.481,1.72,1.73,NA,NA,NA,NA,NA,NA,NA,NA,NA,NA,NA,NA,NA,NA,NA,NA,NA
髙松　渡,Dragons,600,内野手,2,176,65,A型,右,左,兵庫,1999-07-02,0,0,2,0,0,0,0,0,0,0,0,0,0,0,0,0,0,0,0,NA,NA,NA,NA,NA,NA,NA,NA,NA,NA,NA,NA,NA,NA,NA,NA,NA
京田　陽太,Dragons,4500,内野手,3,184,83,O型,右,左,石川,1994-04-20,1,0.249,140,574,507,126,3,40,17,37,3,91,24,10,0.302,0.314,0.615,3.11,3.12,NA,NA,NA,NA,NA,NA,NA,NA,NA,NA,NA,NA,NA,NA,NA,NA,NA
高橋　周平,Dragons,3500,内野手,8,180,85,O型,右,左,神奈川,1994-01-18,3,0.293,117,471,430,126,7,59,3,32,3,70,5,10,0.345,0.43,0.776,5.11,4.83,NA,NA,NA,NA,NA,NA,NA,NA,NA,NA,NA,NA,NA,NA,NA,NA,NA
藤井　淳志,Dragons,5500,外野手,14,183,82,O型,右,両,愛知,1981-05-20,4,0.22,61,154,141,31,1,12,1,11,1,33,0,3,0.279,0.312,0.591,2.82,2.87,NA,NA,NA,NA,NA,NA,NA,NA,NA,NA,NA,NA,NA,NA,NA,NA,NA
阿部　寿樹,Dragons,950,内野手,4,185,80,B型,右,右,岩手,1989-12-03,5,0.291,129,484,447,130,7,59,1,31,1,82,3,9,0.337,0.405,0.742,4.89,4.7,NA,NA,NA,NA,NA,NA,NA,NA,NA,NA,NA,NA,NA,NA,NA,NA,NA
平田　良介,Dragons,18000,外野手,14,177,87,B型,右,右,大阪,1988-03-23,6,0.278,95,407,360,100,8,32,3,38,4,53,1,8,0.35,0.425,0.775,5.06,5.01,NA,NA,NA,NA,NA,NA,NA,NA,NA,NA,NA,NA,NA,NA,NA,NA,NA
根尾　昂,Dragons,1500,内野手,1,177,80,O型,右,左,岐阜,2000-04-19,7,0,2,2,2,0,0,0,0,0,0,2,0,0,0,0,0,-2.92,-2.7,NA,NA,NA,NA,NA,NA,NA,NA,NA,NA,NA,NA,NA,NA,NA,NA,NA
大島　洋平,Dragons,18000,外野手,10,176,75,A型,左,左,愛知,1985-11-09,8,0.312,143,623,558,174,3,45,30,50,9,78,3,5,0.376,0.38,0.756,5.85,5.62,NA,NA,NA,NA,NA,NA,NA,NA,NA,NA,NA,NA,NA,NA,NA,NA,NA
石川　駿,Dragons,600,内野手,5,178,82,A型,右,右,滋賀,1990-05-26,9,0.125,8,8,8,1,0,3,0,0,0,3,0,0,0.125,0.375,0.5,1.35,1.5,NA,NA,NA,NA,NA,NA,NA,NA,NA,NA,NA,NA,NA,NA,NA,NA,NA
小笠原　慎之介,Dragons,2100,投手,4,180,95,A型,左,左,神奈川,1997-10-08,11,NA,7,NA,NA,NA,NA,NA,NA,NA,NA,NA,NA,NA,NA,NA,NA,NA,NA,2.56,3,1,0,0,0.75,155,38.2,34,5,7,2,32,12,11,1.06,3.84
田島　慎二,Dragons,7000,投手,8,181,84,B型,右,右,愛知,1989-12-21,12,NA,21,NA,NA,NA,NA,NA,NA,NA,NA,NA,NA,NA,NA,NA,NA,NA,NA,6.86,0,1,0,5,0,91,21,18,5,8,2,22,16,16,1.24,5.55
谷元　圭介,Dragons,8500,投手,11,167,72,A型,右,右,三重,1985-01-28,14,NA,38,NA,NA,NA,NA,NA,NA,NA,NA,NA,NA,NA,NA,NA,NA,NA,NA,5.22,0,1,0,13,0,143,29.1,31,2,21,5,24,17,17,1.77,4.82
又吉　克樹,Dragons,6600,投手,6,181,74,A型,右,右,沖縄,1990-11-04,16,NA,26,NA,NA,NA,NA,NA,NA,NA,NA,NA,NA,NA,NA,NA,NA,NA,NA,4.06,3,3,0,3,0.5,182,44.1,35,5,19,1,37,21,20,1.22,4.27
柳　裕也,Dragons,1450,投手,3,180,85,A型,右,右,宮崎,1994-04-22,17,NA,26,NA,NA,NA,NA,NA,NA,NA,NA,NA,NA,NA,NA,NA,NA,NA,NA,3.53,11,7,0,0,0.611,703,170.2,165,21,38,3,146,69,67,1.19,3.69
松坂　大輔,Dragons,8000,投手,13,183,93,O型,右,右,東京,1980-09-13,18,NA,2,NA,NA,NA,NA,NA,NA,NA,NA,NA,NA,NA,NA,NA,NA,NA,NA,16.88,0,1,0,0,0,32,5.1,12,0,2,3,2,10,10,2.63,5.18
吉見　一起,Dragons,9000,投手,14,182,90,A型,右,右,京都,1984-09-19,19,NA,5,NA,NA,NA,NA,NA,NA,NA,NA,NA,NA,NA,NA,NA,NA,NA,NA,6.41,1,1,0,0,0.5,96,19.2,30,0,4,2,17,14,14,1.73,2.31
岡田　俊哉,Dragons,3000,投手,10,178,67,A型,左,左,和歌山,1991-12-05,21,NA,53,NA,NA,NA,NA,NA,NA,NA,NA,NA,NA,NA,NA,NA,NA,NA,NA,3.58,3,2,13,7,0.6,207,50.1,44,8,14,1,53,20,20,1.15,3.91
大野　雄大,Dragons,6000,投手,9,183,83,O型,左,左,京都,1988-09-26,22,NA,25,NA,NA,NA,NA,NA,NA,NA,NA,NA,NA,NA,NA,NA,NA,NA,NA,2.58,9,8,0,0,0.529,696,177.2,132,18,43,2,156,52,51,0.98,3.41
遠藤　一星,Dragons,900,外野手,5,182,83,O型,右,左,東京,1989-03-23,23,0.27,108,120,111,30,2,11,4,5,2,28,2,1,0.314,0.396,0.71,4.01,3.95,NA,NA,NA,NA,NA,NA,NA,NA,NA,NA,NA,NA,NA,NA,NA,NA,NA
福谷　浩司,Dragons,2300,投手,7,183,90,B型,右,右,愛知,1991-01-09,24,NA,1,NA,NA,NA,NA,NA,NA,NA,NA,NA,NA,NA,NA,NA,NA,NA,NA,1.5,0,0,0,0,0,26,6,6,1,2,0,6,1,1,1.33,4.29
佐藤　優,Dragons,2000,投手,4,187,85,O型,右,左,宮城,1993-06-29,25,NA,7,NA,NA,NA,NA,NA,NA,NA,NA,NA,NA,NA,NA,NA,NA,NA,NA,6.52,1,0,0,0,1,45,9.2,9,0,7,0,6,7,7,1.66,4.05
井領　雅貴,Dragons,720,外野手,5,174,82,O型,右,左,千葉,1989-11-04,26,0.29,55,103,100,29,0,9,0,3,0,21,0,0,0.311,0.4,0.711,4.74,4.37,NA,NA,NA,NA,NA,NA,NA,NA,NA,NA,NA,NA,NA,NA,NA,NA,NA
大野　奨太,Dragons,10000,捕手,11,177,78,O型,右,右,岐阜,1987-01-13,27,0.17,34,62,53,9,0,3,0,5,0,9,3,2,0.237,0.189,0.426,0.86,1.16,NA,NA,NA,NA,NA,NA,NA,NA,NA,NA,NA,NA,NA,NA,NA,NA,NA
梅津　晃大,Dragons,1200,投手,1,187,90,B型,右,右,宮城,1996-10-24,28,NA,6,NA,NA,NA,NA,NA,NA,NA,NA,NA,NA,NA,NA,NA,NA,NA,NA,2.34,4,1,0,0,0.8,140,34.2,28,3,11,3,34,9,9,1.13,3.41
山井　大介,Dragons,6200,投手,18,179,86,A型,右,右,大阪,1978-05-10,29,NA,13,NA,NA,NA,NA,NA,NA,NA,NA,NA,NA,NA,NA,NA,NA,NA,NA,4.85,3,5,0,0,0.375,279,65,66,13,24,3,37,35,35,1.38,5.83
阿知羅　拓馬,Dragons,700,投手,6,190,95,B型,右,右,大阪,1992-11-20,30,NA,7,NA,NA,NA,NA,NA,NA,NA,NA,NA,NA,NA,NA,NA,NA,NA,NA,5.82,1,3,0,0,0.25,146,34,37,11,13,1,21,22,22,1.47,7.15
渡辺　勝,Dragons,500,外野手,4,172,80,A型,右,左,神奈川,1993-10-14,31,0.148,27,29,27,4,0,2,1,1,0,11,0,0,0.172,0.222,0.395,0.9,1.32,NA,NA,NA,NA,NA,NA,NA,NA,NA,NA,NA,NA,NA,NA,NA,NA,NA
石垣　雅海,Dragons,540,内野手,3,181,85,B型,右,右,山形,1998-09-21,32,0.133,15,15,15,2,0,1,0,0,0,7,0,0,0.133,0.267,0.4,0.48,0.44,NA,NA,NA,NA,NA,NA,NA,NA,NA,NA,NA,NA,NA,NA,NA,NA,NA
祖父江　大輔,Dragons,2900,投手,6,175,80,B型,右,左,愛知,1987-08-11,33,NA,44,NA,NA,NA,NA,NA,NA,NA,NA,NA,NA,NA,NA,NA,NA,NA,NA,3.11,3,4,1,3,0.429,187,46.1,42,3,14,1,27,16,16,1.21,3.57
福　敬登,Dragons,900,投手,4,180,88,O型,左,左,兵庫,1992-06-16,34,NA,52,NA,NA,NA,NA,NA,NA,NA,NA,NA,NA,NA,NA,NA,NA,NA,NA,2.05,2,0,0,18,1,216,52.2,39,3,16,2,53,13,12,1.04,2.82
木下　拓哉,Dragons,1000,捕手,4,183,92,B型,右,右,高知,1991-12-18,35,0.227,39,98,88,20,2,8,0,5,3,22,1,2,0.289,0.364,0.652,3.4,3.45,NA,NA,NA,NA,NA,NA,NA,NA,NA,NA,NA,NA,NA,NA,NA,NA,NA
石岡　諒太,Dragons,600,内野手,4,187,90,A型,左,左,兵庫,1992-05-25,36,NA,NA,NA,NA,NA,NA,NA,NA,NA,NA,NA,NA,NA,NA,NA,NA,NA,NA,NA,NA,NA,NA,NA,NA,NA,NA,NA,NA,NA,NA,NA,NA,NA,NA,NA
三ツ俣　大樹,Dragons,600,内野手,9,177,84,O型,右,右,東京,1992-05-11,37,0.111,21,33,27,3,0,0,0,4,0,6,2,1,0.226,0.185,0.411,0.69,0.8,NA,NA,NA,NA,NA,NA,NA,NA,NA,NA,NA,NA,NA,NA,NA,NA,NA
松葉　貴大,Dragons,2800,投手,7,178,82,B型,左,左,兵庫,1990-08-14,38,NA,1,NA,NA,NA,NA,NA,NA,NA,NA,NA,NA,NA,NA,NA,NA,NA,NA,10.13,0,0,0,0,0,16,2.2,5,0,3,0,0,3,3,3,6.5
武山　真吾,Dragons,1500,捕手,17,179,88,O型,右,右,愛知,1984-06-22,39,0.2,30,51,45,9,1,4,0,3,2,13,1,1,0.28,0.311,0.591,2.69,2.78,NA,NA,NA,NA,NA,NA,NA,NA,NA,NA,NA,NA,NA,NA,NA,NA,NA
石川　翔,Dragons,780,投手,2,179,81,B型,右,左,東京,1999-12-14,40,NA,NA,NA,NA,NA,NA,NA,NA,NA,NA,NA,NA,NA,NA,NA,NA,NA,NA,NA,NA,NA,NA,NA,NA,NA,NA,NA,NA,NA,NA,NA,NA,NA,NA,NA
勝野　昌慶,Dragons,1200,投手,1,183,89,O型,右,右,岐阜,1997-06-12,41,NA,3,NA,NA,NA,NA,NA,NA,NA,NA,NA,NA,NA,NA,NA,NA,NA,NA,6.06,1,2,0,0,0.333,71,16.1,16,2,9,0,9,11,11,1.53,5.26
アルモンテ,Dragons,10000,外野手,2,183,98,不明,右,両,ドミニカ共和国,1989-06-10,42,0.329,49,174,164,54,7,25,0,8,1,37,0,6,0.362,0.506,0.868,6.16,5.94,NA,NA,NA,NA,NA,NA,NA,NA,NA,NA,NA,NA,NA,NA,NA,NA,NA
三ツ間　卓也,Dragons,1000,投手,4,183,92,A型,右,右,群馬,1992-07-22,43,NA,29,NA,NA,NA,NA,NA,NA,NA,NA,NA,NA,NA,NA,NA,NA,NA,NA,3.38,2,2,0,4,0.5,143,34.2,30,6,13,2,31,13,13,1.24,4.88
杉山　翔大,Dragons,1500,捕手,7,173,80,O型,右,右,千葉,1991-02-10,45,NA,NA,NA,NA,NA,NA,NA,NA,NA,NA,NA,NA,NA,NA,NA,NA,NA,NA,NA,NA,NA,NA,NA,NA,NA,NA,NA,NA,NA,NA,NA,NA,NA,NA,NA
鈴木　博志,Dragons,2200,投手,2,181,95,A型,右,右,静岡,1997-03-22,46,NA,25,NA,NA,NA,NA,NA,NA,NA,NA,NA,NA,NA,NA,NA,NA,NA,NA,4.32,0,2,14,1,0,117,25,29,1,15,2,16,12,12,1.76,4.4
笠原　祥太郎,Dragons,2100,投手,3,177,85,A型,左,左,新潟,1995-03-17,47,NA,8,NA,NA,NA,NA,NA,NA,NA,NA,NA,NA,NA,NA,NA,NA,NA,NA,5.71,3,2,0,0,0.6,158,34.2,39,4,17,1,22,23,22,1.62,4.91
溝脇　隼人,Dragons,600,内野手,7,179,75,O型,右,左,熊本,1994-05-17,48,0.2,8,16,15,3,0,0,0,1,0,2,0,0,0.25,0.333,0.583,2.85,2.88,NA,NA,NA,NA,NA,NA,NA,NA,NA,NA,NA,NA,NA,NA,NA,NA,NA
伊藤　康祐,Dragons,550,外野手,2,174,75,AB型,右,右,愛知,2000-02-03,49,0.188,14,33,32,6,0,1,0,0,0,8,1,0,0.188,0.219,0.406,0.79,0.86,NA,NA,NA,NA,NA,NA,NA,NA,NA,NA,NA,NA,NA,NA,NA,NA,NA
清水　達也,Dragons,600,投手,2,182,83,AB型,右,右,埼玉,1999-11-03,50,NA,8,NA,NA,NA,NA,NA,NA,NA,NA,NA,NA,NA,NA,NA,NA,NA,NA,4.33,2,2,0,0,0.5,169,35.1,40,5,24,2,24,22,17,1.81,5.72
滝野　要,Dragons,720,外野手,1,185,76,B型,右,左,三重,1996-07-08,51,NA,NA,NA,NA,NA,NA,NA,NA,NA,NA,NA,NA,NA,NA,NA,NA,NA,NA,NA,NA,NA,NA,NA,NA,NA,NA,NA,NA,NA,NA,NA,NA,NA,NA,NA
加藤　匠馬,Dragons,550,捕手,5,175,76,B型,右,右,三重,1992-04-29,52,0.228,92,245,224,51,0,13,0,9,0,57,12,6,0.258,0.286,0.543,2,1.96,NA,NA,NA,NA,NA,NA,NA,NA,NA,NA,NA,NA,NA,NA,NA,NA,NA
亀澤　恭平,Dragons,2600,内野手,8,174,77,B型,右,左,岡山,1988-10-15,53,0.128,47,49,47,6,0,2,0,1,0,5,1,2,0.146,0.17,0.316,-1.09,-0.87,NA,NA,NA,NA,NA,NA,NA,NA,NA,NA,NA,NA,NA,NA,NA,NA,NA
藤嶋　健人,Dragons,1200,投手,3,177,85,O型,右,右,愛知,1998-05-08,54,NA,32,NA,NA,NA,NA,NA,NA,NA,NA,NA,NA,NA,NA,NA,NA,NA,NA,2.48,0,2,0,14,0,114,29,19,1,7,2,35,8,8,0.9,1.88
福田　永将,Dragons,4700,内野手,13,181,88,O型,右,右,神奈川,1988-07-23,55,0.287,105,352,310,89,18,66,0,32,5,69,0,7,0.358,0.519,0.877,6.48,6.47,NA,NA,NA,NA,NA,NA,NA,NA,NA,NA,NA,NA,NA,NA,NA,NA,NA
武田　健吾,Dragons,1700,外野手,7,183,85,O型,右,右,福岡,1994-04-18,56,0.143,29,36,35,5,0,1,0,0,0,12,1,2,0.143,0.143,0.286,-0.96,-0.82,NA,NA,NA,NA,NA,NA,NA,NA,NA,NA,NA,NA,NA,NA,NA,NA,NA
ロドリゲス,Dragons,6000,投手,2,185,91,不明,左,左,ドミニカ共和国,1991-11-14,57,NA,64,NA,NA,NA,NA,NA,NA,NA,NA,NA,NA,NA,NA,NA,NA,NA,NA,1.64,3,4,1,41,0.429,240,60.1,42,3,14,3,77,13,11,0.93,1.96
石橋　康太,Dragons,600,捕手,1,180,87,A型,右,右,千葉,2000-12-07,58,0.059,12,18,17,1,0,2,0,0,1,8,0,0,0.111,0.176,0.288,-0.49,-0.2,NA,NA,NA,NA,NA,NA,NA,NA,NA,NA,NA,NA,NA,NA,NA,NA,NA
山本　拓実,Dragons,550,投手,2,167,71,A型,右,右,兵庫,2000-01-31,59,NA,9,NA,NA,NA,NA,NA,NA,NA,NA,NA,NA,NA,NA,NA,NA,NA,NA,2.98,3,3,0,0,0.5,194,45.1,39,4,24,1,27,15,15,1.39,4.73
垣越　建伸,Dragons,550,投手,1,184,96,B型,左,左,岐阜,2000-04-03,61,NA,NA,NA,NA,NA,NA,NA,NA,NA,NA,NA,NA,NA,NA,NA,NA,NA,NA,NA,NA,NA,NA,NA,NA,NA,NA,NA,NA,NA,NA,NA,NA,NA,NA,NA
友永　翔太,Dragons,650,外野手,5,170,76,O型,右,左,神奈川,1991-04-01,62,0,10,10,9,0,0,0,0,1,0,4,0,0,0.1,0,0.1,-1.88,-1.5,NA,NA,NA,NA,NA,NA,NA,NA,NA,NA,NA,NA,NA,NA,NA,NA,NA
堂上　直倫,Dragons,3000,内野手,13,184,86,O型,右,右,愛知,1988-09-23,63,0.212,98,217,193,41,12,39,1,13,0,56,11,4,0.262,0.446,0.708,3.64,3.75,NA,NA,NA,NA,NA,NA,NA,NA,NA,NA,NA,NA,NA,NA,NA,NA,NA
小熊　凌祐,Dragons,1200,投手,11,178,84,B型,右,右,滋賀,1990-08-11,64,NA,14,NA,NA,NA,NA,NA,NA,NA,NA,NA,NA,NA,NA,NA,NA,NA,NA,3.45,1,2,0,0,0.333,69,15.2,13,1,9,0,14,8,6,1.4,3.69
伊藤　準規,Dragons,1400,投手,11,187,80,B型,右,左,愛知,1991-01-07,65,NA,1,NA,NA,NA,NA,NA,NA,NA,NA,NA,NA,NA,NA,NA,NA,NA,NA,54,0,0,0,0,0,13,1.1,7,0,2,0,1,8,8,6.75,6.12
ビシエド,Dragons,30000,内野手,4,185,108,不明,右,右,キューバ,1989-03-10,66,0.315,143,594,534,168,18,93,2,41,13,88,0,22,0.374,0.496,0.87,6.31,6.04,NA,NA,NA,NA,NA,NA,NA,NA,NA,NA,NA,NA,NA,NA,NA,NA,NA
近藤　弘基,Dragons,700,外野手,5,179,78,A型,右,右,愛知,1993-02-12,67,NA,NA,NA,NA,NA,NA,NA,NA,NA,NA,NA,NA,NA,NA,NA,NA,NA,NA,NA,NA,NA,NA,NA,NA,NA,NA,NA,NA,NA,NA,NA,NA,NA,NA,NA
桂　依央利,Dragons,900,捕手,6,185,90,B型,右,右,大阪,1991-07-09,68,0.25,4,9,8,2,0,0,0,0,0,2,1,0,0.25,0.25,0.5,1.88,1.85,NA,NA,NA,NA,NA,NA,NA,NA,NA,NA,NA,NA,NA,NA,NA,NA,NA
丸山　泰資,Dragons,600,投手,3,176,80,O型,右,右,愛知,1995-02-05,69,NA,NA,NA,NA,NA,NA,NA,NA,NA,NA,NA,NA,NA,NA,NA,NA,NA,NA,NA,NA,NA,NA,NA,NA,NA,NA,NA,NA,NA,NA,NA,NA,NA,NA,NA
ロメロ,Dragons,5000,投手,1,190,103,不明,左,右,ドミニカ共和国,1991-01-24,70,NA,21,NA,NA,NA,NA,NA,NA,NA,NA,NA,NA,NA,NA,NA,NA,NA,NA,4.26,8,10,0,0,0.444,503,116.1,106,19,55,4,105,57,55,1.38,4.93
Ｒ．マルティネス,Dragons,1000,投手,3,193,93,不明,右,左,キューバ,1996-10-11,97,NA,43,NA,NA,NA,NA,NA,NA,NA,NA,NA,NA,NA,NA,NA,NA,NA,NA,2.66,1,4,8,14,0.2,171,40.2,34,2,14,2,48,13,12,1.18,2.51
木下　雄介,Dragons,700,投手,3,183,80,A型,右,右,大阪,1993-10-10,98,NA,5,NA,NA,NA,NA,NA,NA,NA,NA,NA,NA,NA,NA,NA,NA,NA,NA,5.68,0,0,0,0,0,30,6.1,8,0,3,0,6,4,4,1.74,2.65
鈴木　翔太,Dragons,1000,投手,6,183,75,O型,右,右,静岡,1995-06-16,99,NA,NA,NA,NA,NA,NA,NA,NA,NA,NA,NA,NA,NA,NA,NA,NA,NA,NA,NA,NA,NA,NA,NA,NA,NA,NA,NA,NA,NA,NA,NA,NA,NA,NA,NA
ブリトー,Dragons,500,投手,1,185,80,不明,右,右,ドミニカ共和国,1996-07-19,NA,NA,NA,NA,NA,NA,NA,NA,NA,NA,NA,NA,NA,NA,NA,NA,NA,NA,NA,NA,NA,NA,NA,NA,NA,NA,NA,NA,NA,NA,NA,NA,NA,NA,NA,NA
浜田　智博,Dragons,563,投手,5,184,80,O型,左,左,宮崎,1992-10-01,NA,NA,NA,NA,NA,NA,NA,NA,NA,NA,NA,NA,NA,NA,NA,NA,NA,NA,NA,NA,NA,NA,NA,NA,NA,NA,NA,NA,NA,NA,NA,NA,NA,NA,NA,NA
濱田　達郎,Dragons,600,投手,7,185,95,O型,左,左,愛知,1994-08-04,NA,NA,NA,NA,NA,NA,NA,NA,NA,NA,NA,NA,NA,NA,NA,NA,NA,NA,NA,NA,NA,NA,NA,NA,NA,NA,NA,NA,NA,NA,NA,NA,NA,NA,NA,NA
大藏　彰人,Dragons,300,投手,2,190,88,B型,右,右,愛知,1994-05-15,NA,NA,NA,NA,NA,NA,NA,NA,NA,NA,NA,NA,NA,NA,NA,NA,NA,NA,NA,NA,NA,NA,NA,NA,NA,NA,NA,NA,NA,NA,NA,NA,NA,NA,NA,NA
石田　健人マルク,Dragons,300,投手,2,184,83,O型,右,右,愛知,1995-07-18,NA,NA,NA,NA,NA,NA,NA,NA,NA,NA,NA,NA,NA,NA,NA,NA,NA,NA,NA,NA,NA,NA,NA,NA,NA,NA,NA,NA,NA,NA,NA,NA,NA,NA,NA,NA
Ａ．マルティネス,Dragons,1000,捕手,2,190,95,不明,右,右,キューバ,1996-05-28,NA,NA,NA,NA,NA,NA,NA,NA,NA,NA,NA,NA,NA,NA,NA,NA,NA,NA,NA,NA,NA,NA,NA,NA,NA,NA,NA,NA,NA,NA,NA,NA,NA,NA,NA,NA
藤井　亮太,Swallows,1300,内野手,6,176,73,A型,右,左,兵庫,1988-09-30,0,0.077,6,17,13,1,0,0,1,3,0,3,1,0,0.25,0.077,0.327,0.98,1.33,NA,NA,NA,NA,NA,NA,NA,NA,NA,NA,NA,NA,NA,NA,NA,NA,NA
奥村　展征,Swallows,950,内野手,6,178,76,O型,右,左,滋賀,1995-05-26,00,0.199,74,195,166,33,1,12,0,16,3,47,10,2,0.281,0.277,0.558,2.32,2.35,NA,NA,NA,NA,NA,NA,NA,NA,NA,NA,NA,NA,NA,NA,NA,NA,NA
山田　哲人,Swallows,43000,内野手,9,180,76,O型,右,右,兵庫,1992-07-16,1,0.271,142,641,520,141,35,98,33,110,6,121,0,14,0.401,0.56,0.961,8.15,8.02,NA,NA,NA,NA,NA,NA,NA,NA,NA,NA,NA,NA,NA,NA,NA,NA,NA
大引　啓次,Swallows,3600,内野手,13,178,84,A型,右,右,大阪,1984-06-29,2,0.202,70,137,119,24,1,13,1,13,0,28,4,4,0.278,0.286,0.564,2.33,2.38,NA,NA,NA,NA,NA,NA,NA,NA,NA,NA,NA,NA,NA,NA,NA,NA,NA
西浦　直亨,Swallows,3600,内野手,6,178,75,B型,右,右,奈良,1991-04-11,3,0.235,44,162,149,35,4,19,0,10,1,35,2,6,0.288,0.376,0.663,3.2,3.16,NA,NA,NA,NA,NA,NA,NA,NA,NA,NA,NA,NA,NA,NA,NA,NA,NA
バレンティン,Swallows,44000,外野手,9,185,100,不明,右,右,アンティル,1984-07-02,4,0.28,120,468,410,115,33,93,0,54,1,117,0,11,0.363,0.554,0.917,6.85,6.88,NA,NA,NA,NA,NA,NA,NA,NA,NA,NA,NA,NA,NA,NA,NA,NA,NA
川端　慎吾,Swallows,14000,内野手,14,185,86,O型,右,左,大阪,1987-10-16,5,0.164,37,67,61,10,0,7,0,5,0,8,0,2,0.224,0.18,0.404,0.63,0.95,NA,NA,NA,NA,NA,NA,NA,NA,NA,NA,NA,NA,NA,NA,NA,NA,NA
中山　翔太,Swallows,1300,外野手,1,185,95,A型,右,右,大阪,1996-09-22,8,0.289,35,100,97,28,5,14,0,3,0,25,0,2,0.31,0.485,0.795,5.22,5.11,NA,NA,NA,NA,NA,NA,NA,NA,NA,NA,NA,NA,NA,NA,NA,NA,NA
塩見　泰隆,Swallows,950,外野手,2,179,76,B型,右,右,神奈川,1993-06-12,9,0.182,45,98,88,16,1,7,4,8,2,24,0,1,0.265,0.284,0.549,2.5,2.63,NA,NA,NA,NA,NA,NA,NA,NA,NA,NA,NA,NA,NA,NA,NA,NA,NA
荒木　貴裕,Swallows,2300,内野手,10,180,84,AB型,右,右,富山,1987-07-26,10,0.25,93,140,124,31,2,22,1,13,2,29,0,1,0.329,0.347,0.675,4.34,4.35,NA,NA,NA,NA,NA,NA,NA,NA,NA,NA,NA,NA,NA,NA,NA,NA,NA
石山　泰稚,Swallows,10000,投手,7,182,75,A型,右,右,秋田,1988-09-01,12,NA,34,NA,NA,NA,NA,NA,NA,NA,NA,NA,NA,NA,NA,NA,NA,NA,NA,2.73,2,2,10,5,0.5,137,33,30,2,8,0,31,12,10,1.15,2.57
中尾　輝,Swallows,2000,投手,3,180,83,B型,左,左,愛知,1994-09-14,13,NA,12,NA,NA,NA,NA,NA,NA,NA,NA,NA,NA,NA,NA,NA,NA,NA,NA,8.36,0,1,0,0,0,69,14,17,3,8,0,18,13,13,1.79,4.83
高梨　裕稔,Swallows,3600,投手,6,187,90,B型,右,右,千葉,1991-06-05,14,NA,21,NA,NA,NA,NA,NA,NA,NA,NA,NA,NA,NA,NA,NA,NA,NA,NA,6.23,5,7,0,0,0.417,358,78,90,13,34,4,82,56,54,1.59,4.65
大下　佑馬,Swallows,1500,投手,2,179,83,O型,右,左,広島,1992-07-06,15,NA,31,NA,NA,NA,NA,NA,NA,NA,NA,NA,NA,NA,NA,NA,NA,NA,NA,5.18,0,2,0,2,0,187,41.2,52,7,12,0,30,26,24,1.54,4.66
原　樹理,Swallows,4000,投手,4,180,79,A型,右,右,兵庫,1993-07-19,16,NA,12,NA,NA,NA,NA,NA,NA,NA,NA,NA,NA,NA,NA,NA,NA,NA,NA,4.86,3,7,0,0,0.3,322,74,85,10,19,5,57,44,40,1.41,4.27
清水　昇,Swallows,1400,投手,1,180,84,A型,右,左,東京,1996-10-15,17,NA,11,NA,NA,NA,NA,NA,NA,NA,NA,NA,NA,NA,NA,NA,NA,NA,NA,7.27,0,3,0,0,0,124,26,33,7,13,0,24,25,21,1.77,6.27
寺島　成輝,Swallows,1100,投手,3,183,90,O型,左,左,大阪,1998-07-30,18,NA,3,NA,NA,NA,NA,NA,NA,NA,NA,NA,NA,NA,NA,NA,NA,NA,NA,2.25,0,0,0,0,0,21,4,9,0,2,0,0,3,1,2.75,4.62
石川　雅規,Swallows,9500,投手,18,167,73,A型,左,左,秋田,1980-01-22,19,NA,23,NA,NA,NA,NA,NA,NA,NA,NA,NA,NA,NA,NA,NA,NA,NA,NA,3.84,8,6,0,0,0.571,514,124.1,117,18,26,4,88,57,53,1.15,4.26
近藤　一樹,Swallows,6000,投手,18,183,80,A型,右,右,神奈川,1983-07-08,20,NA,59,NA,NA,NA,NA,NA,NA,NA,NA,NA,NA,NA,NA,NA,NA,NA,NA,3.57,3,3,0,19,0.5,245,53,57,6,32,0,54,23,21,1.68,4.14
蔵本　治孝,Swallows,750,投手,2,185,95,B型,右,右,兵庫,1995-05-16,22,NA,8,NA,NA,NA,NA,NA,NA,NA,NA,NA,NA,NA,NA,NA,NA,NA,NA,9.24,0,0,0,0,0,63,12.2,26,3,3,1,9,13,13,2.29,5.73
青木　宣親,Swallows,33000,外野手,10,175,80,A型,右,左,宮崎,1982-01-05,23,0.297,134,565,489,145,16,58,1,61,11,72,1,13,0.385,0.442,0.826,6.17,6.06,NA,NA,NA,NA,NA,NA,NA,NA,NA,NA,NA,NA,NA,NA,NA,NA,NA
星　知弥,Swallows,1900,投手,3,183,78,O型,右,右,栃木,1994-04-15,24,NA,10,NA,NA,NA,NA,NA,NA,NA,NA,NA,NA,NA,NA,NA,NA,NA,NA,8.53,1,3,0,0,0.25,67,12.2,15,1,15,0,10,12,12,2.37,5.88
館山　昌平,Swallows,2400,投手,17,181,98,O型,右,右,神奈川,1981-03-17,25,NA,2,NA,NA,NA,NA,NA,NA,NA,NA,NA,NA,NA,NA,NA,NA,NA,NA,5.4,0,1,0,0,0,18,3.1,5,0,2,1,3,3,2,2.1,4.02
坂本　光士郎,Swallows,900,投手,1,179,75,B型,左,左,広島,1994-09-09,26,NA,19,NA,NA,NA,NA,NA,NA,NA,NA,NA,NA,NA,NA,NA,NA,NA,NA,5.82,0,0,0,3,0,104,21.2,22,2,16,2,15,15,14,1.75,5.43
ブキャナン,Swallows,27500,投手,3,191,90,不明,右,右,アメリカ,1989-05-11,28,NA,18,NA,NA,NA,NA,NA,NA,NA,NA,NA,NA,NA,NA,NA,NA,NA,NA,4.79,4,6,0,0,0.4,438,99.2,118,10,33,4,58,56,53,1.52,4.37
小川　泰弘,Swallows,9200,投手,7,171,80,A型,右,右,愛知,1990-05-16,29,NA,26,NA,NA,NA,NA,NA,NA,NA,NA,NA,NA,NA,NA,NA,NA,NA,NA,4.57,5,12,0,0,0.294,686,159.2,173,26,36,2,132,91,81,1.31,4.3
西田　明央,Swallows,1300,捕手,9,178,83,AB型,右,右,京都,1992-04-28,30,0.204,47,62,54,11,0,4,0,8,0,16,0,1,0.306,0.296,0.603,3.11,2.98,NA,NA,NA,NA,NA,NA,NA,NA,NA,NA,NA,NA,NA,NA,NA,NA,NA
山崎　晃大朗,Swallows,1100,外野手,4,173,68,O型,左,左,和歌山,1993-08-11,31,0.274,80,185,168,46,0,8,4,10,1,39,6,4,0.318,0.333,0.652,3.7,3.57,NA,NA,NA,NA,NA,NA,NA,NA,NA,NA,NA,NA,NA,NA,NA,NA,NA
松本　直樹,Swallows,850,捕手,2,177,82,A型,右,右,香川,1993-10-17,32,0.212,33,73,66,14,1,4,0,3,1,9,3,2,0.257,0.273,0.53,1.88,1.97,NA,NA,NA,NA,NA,NA,NA,NA,NA,NA,NA,NA,NA,NA,NA,NA,NA
畠山　和洋,Swallows,4000,内野手,19,180,96,O型,右,右,岩手,1982-09-13,33,1,1,1,1,1,0,0,0,0,0,0,0,0,1,1,2,NA,NA,NA,NA,NA,NA,NA,NA,NA,NA,NA,NA,NA,NA,NA,NA,NA,NA,NA
山田　大樹,Swallows,1300,投手,13,189,99,B型,左,左,茨城,1988-07-30,34,NA,14,NA,NA,NA,NA,NA,NA,NA,NA,NA,NA,NA,NA,NA,NA,NA,NA,3.9,5,4,0,0,0.556,268,62.1,70,10,16,1,45,29,27,1.38,4.53
寺原　隼人,Swallows,2200,投手,18,179,86,A型,右,右,宮崎,1983-10-09,35,NA,4,NA,NA,NA,NA,NA,NA,NA,NA,NA,NA,NA,NA,NA,NA,NA,NA,6.19,2,1,0,0,0.667,75,16,18,2,9,0,9,11,11,1.69,5.31
廣岡　大志,Swallows,870,内野手,4,183,81,O型,右,右,大阪,1997-04-09,36,0.203,91,243,202,41,10,25,1,33,2,77,5,4,0.319,0.391,0.71,4.11,4.32,NA,NA,NA,NA,NA,NA,NA,NA,NA,NA,NA,NA,NA,NA,NA,NA,NA
マクガフ,Swallows,5500,投手,1,180,86,不明,右,右,アメリカ,1989-10-31,37,NA,65,NA,NA,NA,NA,NA,NA,NA,NA,NA,NA,NA,NA,NA,NA,NA,NA,3.15,6,3,11,18,0.667,296,68.2,71,2,22,2,64,25,24,1.35,2.51
梅野　雄吾,Swallows,1100,投手,3,175,84,A型,右,右,福岡,1999-01-13,38,NA,68,NA,NA,NA,NA,NA,NA,NA,NA,NA,NA,NA,NA,NA,NA,NA,NA,3.72,2,3,4,28,0.4,282,67.2,55,7,25,1,77,34,28,1.18,3.34
宮本　丈,Swallows,900,内野手,2,182,78,B型,右,左,大阪,1995-04-03,39,0.143,26,47,42,6,0,0,2,4,0,19,1,2,0.217,0.143,0.36,-0.01,0.21,NA,NA,NA,NA,NA,NA,NA,NA,NA,NA,NA,NA,NA,NA,NA,NA,NA
市川　悠太,Swallows,580,投手,1,184,75,A型,右,右,高知,2001-03-29,40,NA,NA,NA,NA,NA,NA,NA,NA,NA,NA,NA,NA,NA,NA,NA,NA,NA,NA,NA,NA,NA,NA,NA,NA,NA,NA,NA,NA,NA,NA,NA,NA,NA,NA,NA
雄平,Swallows,10000,外野手,17,174,83,A型,左,左,神奈川,1984-06-25,41,0.273,131,493,447,122,12,56,4,37,2,71,1,4,0.327,0.396,0.723,4.75,4.79,NA,NA,NA,NA,NA,NA,NA,NA,NA,NA,NA,NA,NA,NA,NA,NA,NA
坂口　智隆,Swallows,14000,外野手,17,181,82,O型,右,左,兵庫,1984-07-07,42,0.125,22,77,64,8,0,2,0,10,2,13,1,2,0.263,0.141,0.404,0.86,1.13,NA,NA,NA,NA,NA,NA,NA,NA,NA,NA,NA,NA,NA,NA,NA,NA,NA
村中　恭兵,Swallows,1400,投手,14,188,88,B型,左,左,神奈川,1987-10-25,43,NA,NA,NA,NA,NA,NA,NA,NA,NA,NA,NA,NA,NA,NA,NA,NA,NA,NA,NA,NA,NA,NA,NA,NA,NA,NA,NA,NA,NA,NA,NA,NA,NA,NA,NA
岩橋　慶侍,Swallows,800,投手,6,185,84,AB型,左,左,京都,1991-04-23,44,NA,NA,NA,NA,NA,NA,NA,NA,NA,NA,NA,NA,NA,NA,NA,NA,NA,NA,NA,NA,NA,NA,NA,NA,NA,NA,NA,NA,NA,NA,NA,NA,NA,NA,NA
ハフ,Swallows,7150,投手,2,185,95,不明,左,両,アメリカ,1984-08-22,45,NA,68,NA,NA,NA,NA,NA,NA,NA,NA,NA,NA,NA,NA,NA,NA,NA,NA,3.97,1,5,3,26,0.167,271,65.2,58,6,21,1,58,31,29,1.2,3.46
太田　賢吾,Swallows,920,内野手,5,186,85,A型,右,左,埼玉,1997-01-19,46,0.251,90,337,303,76,3,27,0,23,2,78,8,5,0.307,0.33,0.637,3.45,3.42,NA,NA,NA,NA,NA,NA,NA,NA,NA,NA,NA,NA,NA,NA,NA,NA,NA
高橋　奎二,Swallows,700,投手,4,178,73,O型,左,左,京都,1997-05-14,47,NA,20,NA,NA,NA,NA,NA,NA,NA,NA,NA,NA,NA,NA,NA,NA,NA,NA,5.76,4,6,0,0,0.4,438,95.1,99,14,53,8,99,68,61,1.59,4.81
金久保　優斗,Swallows,500,投手,2,183,74,O型,右,左,千葉,1999-11-04,48,NA,NA,NA,NA,NA,NA,NA,NA,NA,NA,NA,NA,NA,NA,NA,NA,NA,NA,NA,NA,NA,NA,NA,NA,NA,NA,NA,NA,NA,NA,NA,NA,NA,NA,NA
渡邉　大樹,Swallows,580,外野手,4,182,87,O型,右,右,千葉,1997-06-07,49,0.143,16,9,7,1,1,1,1,0,1,2,1,0,0.25,0.571,0.821,5.13,5.55,NA,NA,NA,NA,NA,NA,NA,NA,NA,NA,NA,NA,NA,NA,NA,NA,NA
上田　剛史,Swallows,2500,外野手,13,180,73,B型,右,左,岡山,1988-10-02,50,0.235,56,57,51,12,0,4,1,1,1,7,3,1,0.259,0.235,0.495,1.6,1.85,NA,NA,NA,NA,NA,NA,NA,NA,NA,NA,NA,NA,NA,NA,NA,NA,NA
濱田　太貴,Swallows,500,外野手,1,177,81,A型,右,右,福岡,2000-09-04,51,0,2,5,5,0,0,0,0,0,0,3,0,0,0,0,0,-2.83,-2.54,NA,NA,NA,NA,NA,NA,NA,NA,NA,NA,NA,NA,NA,NA,NA,NA,NA
中村　悠平,Swallows,9000,捕手,11,176,83,A型,右,右,福井,1990-06-17,52,0.269,126,450,372,100,5,36,1,53,10,64,13,11,0.373,0.384,0.757,4.89,4.77,NA,NA,NA,NA,NA,NA,NA,NA,NA,NA,NA,NA,NA,NA,NA,NA,NA
五十嵐　亮太,Swallows,2000,投手,19,178,95,A型,右,右,北海道,1979-05-28,53,NA,45,NA,NA,NA,NA,NA,NA,NA,NA,NA,NA,NA,NA,NA,NA,NA,NA,2.98,5,1,0,4,0.833,193,42.1,35,4,24,3,33,19,14,1.39,4.63
中澤　雅人,Swallows,2100,投手,10,179,80,AB型,左,左,富山,1985-02-16,54,NA,1,NA,NA,NA,NA,NA,NA,NA,NA,NA,NA,NA,NA,NA,NA,NA,NA,21.6,0,0,0,0,0,9,1.2,4,1,0,0,1,4,4,2.4,9.72
村上　宗隆,Swallows,800,内野手,2,188,97,O型,右,左,熊本,2000-02-02,55,0.231,143,593,511,118,36,96,5,74,5,184,0,9,0.332,0.481,0.814,5.42,5.56,NA,NA,NA,NA,NA,NA,NA,NA,NA,NA,NA,NA,NA,NA,NA,NA,NA
鈴木　裕太,Swallows,480,投手,1,182,93,AB型,右,右,新潟,2000-08-02,56,NA,NA,NA,NA,NA,NA,NA,NA,NA,NA,NA,NA,NA,NA,NA,NA,NA,NA,NA,NA,NA,NA,NA,NA,NA,NA,NA,NA,NA,NA,NA,NA,NA,NA,NA
古賀　優大,Swallows,580,捕手,3,177,74,B型,右,右,福岡,1998-08-07,57,0.2,11,17,15,3,0,0,0,1,0,2,1,0,0.25,0.2,0.45,1.51,1.62,NA,NA,NA,NA,NA,NA,NA,NA,NA,NA,NA,NA,NA,NA,NA,NA,NA
屋宜　照悟,Swallows,700,投手,7,178,84,A型,右,左,沖縄,1989-03-29,58,NA,1,NA,NA,NA,NA,NA,NA,NA,NA,NA,NA,NA,NA,NA,NA,NA,NA,18,0,0,0,0,0,5,1,2,1,0,0,1,2,2,2,14.12
大村　孟,Swallows,600,捕手,3,169,78,AB型,右,左,福岡,1991-12-21,59,0.2,5,5,5,1,1,1,0,0,0,0,0,0,0.2,0.8,1,6.68,7.29,NA,NA,NA,NA,NA,NA,NA,NA,NA,NA,NA,NA,NA,NA,NA,NA,NA
三輪　正義,Swallows,1350,内野手,12,168,70,A型,右,左,山口,1984-01-23,60,NA,NA,NA,NA,NA,NA,NA,NA,NA,NA,NA,NA,NA,NA,NA,NA,NA,NA,NA,NA,NA,NA,NA,NA,NA,NA,NA,NA,NA,NA,NA,NA,NA,NA,NA
久保　拓眞,Swallows,600,投手,1,175,75,B型,左,左,佐賀,1996-07-27,61,NA,16,NA,NA,NA,NA,NA,NA,NA,NA,NA,NA,NA,NA,NA,NA,NA,NA,5.73,0,0,0,1,0,54,11,13,2,7,3,11,7,7,1.82,5.94
田川　賢吾,Swallows,500,投手,7,189,79,O型,右,左,大阪,1994-05-22,62,NA,4,NA,NA,NA,NA,NA,NA,NA,NA,NA,NA,NA,NA,NA,NA,NA,NA,7.63,1,2,0,0,0.333,73,15.1,23,2,6,0,12,16,13,1.89,4.42
井野　卓,Swallows,1600,捕手,14,178,83,B型,右,右,群馬,1983-11-23,63,0.2,7,11,10,2,0,0,0,0,0,4,1,1,0.2,0.3,0.5,0.48,0.38,NA,NA,NA,NA,NA,NA,NA,NA,NA,NA,NA,NA,NA,NA,NA,NA,NA
風張　蓮,Swallows,1800,投手,5,182,88,AB型,右,右,岩手,1993-02-26,64,NA,14,NA,NA,NA,NA,NA,NA,NA,NA,NA,NA,NA,NA,NA,NA,NA,NA,7.11,0,0,0,1,0,95,19,23,5,15,2,17,15,15,2,7.44
田代　将太郎,Swallows,900,外野手,8,178,74,A型,左,左,北海道,1989-12-13,65,0.263,51,21,19,5,0,7,1,0,1,6,0,0,0.286,0.526,0.812,4.83,5.16,NA,NA,NA,NA,NA,NA,NA,NA,NA,NA,NA,NA,NA,NA,NA,NA,NA
吉田　大成,Swallows,700,内野手,1,175,80,B型,右,左,千葉,1995-03-07,66,0.188,13,39,32,6,0,2,1,4,2,8,1,1,0.316,0.219,0.535,2.08,2.23,NA,NA,NA,NA,NA,NA,NA,NA,NA,NA,NA,NA,NA,NA,NA,NA,NA
平井　諒,Swallows,810,投手,10,184,78,O型,右,右,和歌山,1991-04-23,67,NA,20,NA,NA,NA,NA,NA,NA,NA,NA,NA,NA,NA,NA,NA,NA,NA,NA,8.53,1,1,0,4,0.5,87,19,24,1,9,0,13,18,18,1.74,3.86
山中　浩史,Swallows,2600,投手,7,175,82,O型,右,右,熊本,1985-09-09,68,NA,4,NA,NA,NA,NA,NA,NA,NA,NA,NA,NA,NA,NA,NA,NA,NA,NA,7.45,0,2,0,0,0,41,9.2,10,2,2,1,5,8,8,1.24,5.71
山川　晃司,Swallows,550,捕手,5,184,87,A型,右,右,福岡,1996-11-15,69,NA,NA,NA,NA,NA,NA,NA,NA,NA,NA,NA,NA,NA,NA,NA,NA,NA,NA,NA,NA,NA,NA,NA,NA,NA,NA,NA,NA,NA,NA,NA,NA,NA,NA,NA
スアレス,Swallows,4950,投手,1,190,106,不明,右,右,ベネズエラ,1989-10-08,70,NA,4,NA,NA,NA,NA,NA,NA,NA,NA,NA,NA,NA,NA,NA,NA,NA,NA,1.53,1,1,0,0,0.5,68,17.2,11,1,5,1,12,3,3,0.91,3.52
沼田　拓巳,Swallows,580,投手,2,184,87,B型,右,右,愛知,1994-03-04,90,NA,NA,NA,NA,NA,NA,NA,NA,NA,NA,NA,NA,NA,NA,NA,NA,NA,NA,NA,NA,NA,NA,NA,NA,NA,NA,NA,NA,NA,NA,NA,NA,NA,NA,NA
松本　友,Swallows,280,内野手,1,179,86,O型,右,左,福岡,1995-02-05,NA,NA,NA,NA,NA,NA,NA,NA,NA,NA,NA,NA,NA,NA,NA,NA,NA,NA,NA,NA,NA,NA,NA,NA,NA,NA,NA,NA,NA,NA,NA,NA,NA,NA,NA,NA
内山　太嗣,Swallows,280,捕手,1,171,77,AB型,右,右,青森,1996-04-21,NA,NA,NA,NA,NA,NA,NA,NA,NA,NA,NA,NA,NA,NA,NA,NA,NA,NA,NA,NA,NA,NA,NA,NA,NA,NA,NA,NA,NA,NA,NA,NA,NA,NA,NA,NA
ジュリアス,Swallows,400,投手,4,183,76,B型,左,左,沖縄,1997-05-25,NA,NA,NA,NA,NA,NA,NA,NA,NA,NA,NA,NA,NA,NA,NA,NA,NA,NA,NA,NA,NA,NA,NA,NA,NA,NA,NA,NA,NA,NA,NA,NA,NA,NA,NA,NA
川瀬　晃,Softbank,550,内野手,4,175,64,B型,右,左,大分,1997-09-15,00,0.176,29,37,34,6,0,1,1,1,0,5,2,1,0.2,0.176,0.376,0.14,0.3,NA,NA,NA,NA,NA,NA,NA,NA,NA,NA,NA,NA,NA,NA,NA,NA,NA
髙田　知季,Softbank,2600,内野手,7,176,68,O型,右,左,兵庫,1990-05-06,0,0.157,93,125,115,18,0,10,2,3,1,36,6,1,0.185,0.165,0.35,0.31,0.46,NA,NA,NA,NA,NA,NA,NA,NA,NA,NA,NA,NA,NA,NA,NA,NA,NA
内川　聖一,Softbank,40000,内野手,19,185,92,B型,右,右,大分,1982-08-04,1,0.256,137,535,500,128,12,41,3,28,2,49,1,16,0.296,0.37,0.666,3.56,3.57,NA,NA,NA,NA,NA,NA,NA,NA,NA,NA,NA,NA,NA,NA,NA,NA,NA
スチュワート・ジュニア,Softbank,11000,投手,1,198,101,不明,右,右,アメリカ,1999-11-02,2,NA,NA,NA,NA,NA,NA,NA,NA,NA,NA,NA,NA,NA,NA,NA,NA,NA,NA,NA,NA,NA,NA,NA,NA,NA,NA,NA,NA,NA,NA,NA,NA,NA,NA,NA
川島　慶三,Softbank,7000,内野手,14,173,75,A型,右,右,長崎,1983-10-05,4,0.364,47,88,66,24,1,8,4,17,1,9,2,3,0.488,0.515,1.004,9.41,9.16,NA,NA,NA,NA,NA,NA,NA,NA,NA,NA,NA,NA,NA,NA,NA,NA,NA
松田　宣浩,Softbank,40000,内野手,14,180,86,B型,右,右,滋賀,1983-05-17,5,0.26,143,576,534,139,30,76,5,33,3,115,2,14,0.305,0.483,0.788,4.87,4.91,NA,NA,NA,NA,NA,NA,NA,NA,NA,NA,NA,NA,NA,NA,NA,NA,NA
今宮　健太,Softbank,26000,内野手,10,172,76,O型,右,右,大分,1991-07-15,6,0.256,106,426,383,98,14,41,4,32,3,67,7,3,0.317,0.405,0.722,4.45,4.45,NA,NA,NA,NA,NA,NA,NA,NA,NA,NA,NA,NA,NA,NA,NA,NA,NA
中村　晃,Softbank,24000,外野手,12,176,85,O型,左,左,埼玉,1989-11-05,7,0.245,44,159,139,34,3,11,0,15,1,13,3,0,0.321,0.345,0.666,4.22,4.31,NA,NA,NA,NA,NA,NA,NA,NA,NA,NA,NA,NA,NA,NA,NA,NA,NA
明石　健志,Softbank,10000,内野手,16,175,66,B型,右,左,北海道,1986-01-09,8,0.248,99,315,282,70,5,21,6,26,1,66,5,6,0.313,0.365,0.678,3.88,3.85,NA,NA,NA,NA,NA,NA,NA,NA,NA,NA,NA,NA,NA,NA,NA,NA,NA
柳田　悠岐,Softbank,57000,外野手,9,187,91,AB型,右,左,広島,1988-10-09,9,0.289,38,157,128,37,7,23,4,28,1,28,0,4,0.42,0.516,0.936,7.86,7.63,NA,NA,NA,NA,NA,NA,NA,NA,NA,NA,NA,NA,NA,NA,NA,NA,NA
大竹　耕太郎,Softbank,1500,投手,2,183,85,A型,左,左,熊本,1995-06-29,10,NA,17,NA,NA,NA,NA,NA,NA,NA,NA,NA,NA,NA,NA,NA,NA,NA,NA,3.82,5,4,0,0,0.556,442,106,111,13,20,4,72,47,45,1.24,4.01
中田　賢一,Softbank,6000,投手,15,181,82,O型,右,右,福岡,1982-05-11,11,NA,1,NA,NA,NA,NA,NA,NA,NA,NA,NA,NA,NA,NA,NA,NA,NA,NA,1.93,0,0,0,0,0,20,4.2,3,0,3,1,2,1,1,1.29,4.83
髙谷　裕亮,Softbank,3400,捕手,13,179,87,O型,右,左,栃木,1981-11-13,12,0.167,55,42,30,5,1,1,0,5,0,15,7,0,0.286,0.267,0.552,2.38,2.57,NA,NA,NA,NA,NA,NA,NA,NA,NA,NA,NA,NA,NA,NA,NA,NA,NA
二保　旭,Softbank,2000,投手,11,182,75,B型,右,右,福岡,1990-05-18,13,NA,8,NA,NA,NA,NA,NA,NA,NA,NA,NA,NA,NA,NA,NA,NA,NA,NA,3.99,1,4,0,0,0.2,165,38.1,40,6,16,0,15,19,17,1.46,5.62
加治屋　蓮,Softbank,4800,投手,6,184,88,B型,右,右,宮崎,1991-11-25,14,NA,30,NA,NA,NA,NA,NA,NA,NA,NA,NA,NA,NA,NA,NA,NA,NA,NA,6,3,1,0,6,0.75,169,36,42,4,22,2,23,26,24,1.78,5.2
東浜　巨,Softbank,8500,投手,7,183,77,A型,右,右,沖縄,1990-06-20,16,NA,7,NA,NA,NA,NA,NA,NA,NA,NA,NA,NA,NA,NA,NA,NA,NA,NA,6.37,2,2,0,0,0.5,158,35.1,36,5,23,1,26,26,25,1.67,5.53
岩嵜　翔,Softbank,9500,投手,12,190,87,O型,右,右,千葉,1989-10-21,17,NA,2,NA,NA,NA,NA,NA,NA,NA,NA,NA,NA,NA,NA,NA,NA,NA,NA,4.5,0,0,0,0,0,8,2,1,0,1,0,2,1,1,1,2.62
武田　翔太,Softbank,8500,投手,8,186,89,B型,右,右,宮崎,1993-04-03,18,NA,32,NA,NA,NA,NA,NA,NA,NA,NA,NA,NA,NA,NA,NA,NA,NA,NA,4.55,5,3,1,9,0.625,361,83,78,6,40,4,70,48,42,1.42,3.96
ミランダ,Softbank,15000,投手,2,188,86,不明,左,左,キューバ,1989-01-10,19,NA,18,NA,NA,NA,NA,NA,NA,NA,NA,NA,NA,NA,NA,NA,NA,NA,NA,4.19,7,5,0,0,0.583,382,86,80,13,48,2,58,44,40,1.49,5.48
甲斐野　央,Softbank,1500,投手,1,187,86,A型,右,左,兵庫,1996-11-16,20,NA,65,NA,NA,NA,NA,NA,NA,NA,NA,NA,NA,NA,NA,NA,NA,NA,NA,4.14,2,5,8,26,0.286,253,58.2,49,6,34,4,73,28,27,1.41,3.85
和田　毅,Softbank,10000,投手,13,179,81,O型,左,左,島根,1981-02-21,21,NA,12,NA,NA,NA,NA,NA,NA,NA,NA,NA,NA,NA,NA,NA,NA,NA,NA,3.9,4,4,0,0,0.5,240,57.2,56,11,14,2,45,26,25,1.21,4.87
西田　哲朗,Softbank,1800,内野手,10,180,84,O型,右,右,大阪,1991-09-04,22,0.125,7,8,8,1,0,1,0,0,0,0,0,0,0.125,0.25,0.375,0.36,0.35,NA,NA,NA,NA,NA,NA,NA,NA,NA,NA,NA,NA,NA,NA,NA,NA,NA
周東　佑京,Softbank,330,内野手,2,179,67,A型,右,左,群馬,1996-02-10,23,0.196,102,114,102,20,1,6,25,2,0,27,10,1,0.212,0.294,0.506,2.3,2.39,NA,NA,NA,NA,NA,NA,NA,NA,NA,NA,NA,NA,NA,NA,NA,NA,NA
長谷川　勇也,Softbank,10000,外野手,13,180,89,AB型,右,左,山形,1984-12-22,24,0.302,25,54,43,13,3,9,1,7,2,4,0,1,0.407,0.605,1.012,8.89,8.99,NA,NA,NA,NA,NA,NA,NA,NA,NA,NA,NA,NA,NA,NA,NA,NA,NA
田中　正義,Softbank,1400,投手,3,187,88,不明,右,右,神奈川,1994-07-19,25,NA,1,NA,NA,NA,NA,NA,NA,NA,NA,NA,NA,NA,NA,NA,NA,NA,NA,0,0,0,0,0,0,5,0.2,1,0,2,0,0,0,0,4.5,12.12
吉住　晴斗,Softbank,800,投手,2,185,81,AB型,右,右,山形,2000-03-12,26,NA,NA,NA,NA,NA,NA,NA,NA,NA,NA,NA,NA,NA,NA,NA,NA,NA,NA,NA,NA,NA,NA,NA,NA,NA,NA,NA,NA,NA,NA,NA,NA,NA,NA,NA
グラシアル,Softbank,15000,内野手,2,187,95,不明,右,右,キューバ,1985-10-14,27,0.319,103,410,373,119,28,68,4,22,7,84,4,10,0.365,0.595,0.96,7.35,7.27,NA,NA,NA,NA,NA,NA,NA,NA,NA,NA,NA,NA,NA,NA,NA,NA,NA
高橋　礼,Softbank,1400,投手,2,188,84,O型,右,右,千葉,1995-11-02,28,NA,23,NA,NA,NA,NA,NA,NA,NA,NA,NA,NA,NA,NA,NA,NA,NA,NA,3.34,12,6,0,0,0.667,584,143,114,10,49,11,73,56,53,1.14,4.27
石川　柊太,Softbank,6000,投手,6,184,87,O型,右,右,東京,1991-12-27,29,NA,2,NA,NA,NA,NA,NA,NA,NA,NA,NA,NA,NA,NA,NA,NA,NA,NA,0,0,0,0,1,0,11,3,2,0,0,0,3,0,0,0.67,1.12
市川　友也,Softbank,2300,捕手,10,175,84,O型,右,右,神奈川,1985-05-09,30,NA,NA,NA,NA,NA,NA,NA,NA,NA,NA,NA,NA,NA,NA,NA,NA,NA,NA,NA,NA,NA,NA,NA,NA,NA,NA,NA,NA,NA,NA,NA,NA,NA,NA,NA
栗原　陵矢,Softbank,700,捕手,5,179,75,A型,右,左,福井,1996-07-04,31,0.231,32,45,39,9,1,7,0,3,2,10,0,1,0.311,0.359,0.67,3.77,4.13,NA,NA,NA,NA,NA,NA,NA,NA,NA,NA,NA,NA,NA,NA,NA,NA,NA
塚田　正義,Softbank,1200,外野手,8,177,83,A型,右,右,茨城,1989-07-23,32,0.222,18,24,18,4,1,3,0,5,1,6,0,1,0.417,0.389,0.806,5.73,5.62,NA,NA,NA,NA,NA,NA,NA,NA,NA,NA,NA,NA,NA,NA,NA,NA,NA
増田　珠,Softbank,620,内野手,2,179,81,O型,右,右,長崎,1999-05-21,33,0,2,4,4,0,0,0,0,0,0,1,0,0,0,0,0,-2.75,-2.5,NA,NA,NA,NA,NA,NA,NA,NA,NA,NA,NA,NA,NA,NA,NA,NA,NA
椎野　新,Softbank,800,投手,2,196,88,A型,右,右,新潟,1995-10-10,34,NA,36,NA,NA,NA,NA,NA,NA,NA,NA,NA,NA,NA,NA,NA,NA,NA,NA,3.13,5,2,0,6,0.714,206,46,37,5,31,2,49,20,16,1.48,4.42
モイネロ,Softbank,5000,投手,3,178,69,不明,左,左,キューバ,1995-12-08,35,NA,60,NA,NA,NA,NA,NA,NA,NA,NA,NA,NA,NA,NA,NA,NA,NA,NA,1.52,3,1,4,34,0.75,245,59.1,37,4,25,6,86,13,10,1.04,2.61
牧原　大成,Softbank,2000,内野手,9,173,76,A型,右,左,福岡,1992-10-15,36,0.242,114,436,409,99,3,27,10,10,4,85,12,2,0.267,0.308,0.575,2.4,2.43,NA,NA,NA,NA,NA,NA,NA,NA,NA,NA,NA,NA,NA,NA,NA,NA,NA
福田　秀平,Softbank,3600,外野手,13,182,77,AB型,右,左,神奈川,1989-02-10,37,0.259,80,183,166,43,9,26,9,11,0,48,4,1,0.302,0.47,0.772,5,5.1,NA,NA,NA,NA,NA,NA,NA,NA,NA,NA,NA,NA,NA,NA,NA,NA,NA
森　唯斗,Softbank,28000,投手,6,176,95,A型,右,右,徳島,1992-01-08,38,NA,54,NA,NA,NA,NA,NA,NA,NA,NA,NA,NA,NA,NA,NA,NA,NA,NA,2.21,2,3,35,7,0.4,213,53,40,5,13,2,59,13,13,1,2.91
堀内　汰門,Softbank,500,捕手,5,175,76,O型,右,右,埼玉,1996-09-16,39,NA,NA,NA,NA,NA,NA,NA,NA,NA,NA,NA,NA,NA,NA,NA,NA,NA,NA,NA,NA,NA,NA,NA,NA,NA,NA,NA,NA,NA,NA,NA,NA,NA,NA,NA
杉山　一樹,Softbank,1200,投手,1,193,92,A型,右,右,静岡,1997-12-07,40,NA,2,NA,NA,NA,NA,NA,NA,NA,NA,NA,NA,NA,NA,NA,NA,NA,NA,9,0,0,0,0,0,21,4,5,0,5,0,4,4,4,2.5,4.87
千賀　滉大,Softbank,16000,投手,9,186,84,A型,右,左,愛知,1993-01-30,41,NA,26,NA,NA,NA,NA,NA,NA,NA,NA,NA,NA,NA,NA,NA,NA,NA,NA,2.79,13,8,0,0,0.619,752,180.1,134,19,75,8,227,60,56,1.16,3.34
松田　遼馬,Softbank,1400,投手,8,183,94,A型,右,右,長崎,1994-02-08,42,NA,51,NA,NA,NA,NA,NA,NA,NA,NA,NA,NA,NA,NA,NA,NA,NA,NA,3.81,2,4,0,5,0.333,230,52,41,8,32,3,57,23,22,1.4,4.95
江川　智晃,Softbank,1400,外野手,15,180,86,B型,右,右,三重,1986-10-31,43,0.333,11,17,15,5,0,0,0,1,1,3,0,0,0.412,0.333,0.745,6.29,6.1,NA,NA,NA,NA,NA,NA,NA,NA,NA,NA,NA,NA,NA,NA,NA,NA,NA
バンデンハーク,Softbank,40000,投手,5,198,105,不明,右,右,オランダ,1985-05-22,44,NA,3,NA,NA,NA,NA,NA,NA,NA,NA,NA,NA,NA,NA,NA,NA,NA,NA,3.12,2,0,0,0,1,66,17.1,13,2,2,0,22,7,6,0.87,2.43
谷川原　健太,Softbank,600,捕手,4,174,87,B型,右,左,愛知,1997-04-16,45,NA,NA,NA,NA,NA,NA,NA,NA,NA,NA,NA,NA,NA,NA,NA,NA,NA,NA,NA,NA,NA,NA,NA,NA,NA,NA,NA,NA,NA,NA,NA,NA,NA,NA,NA
コラス,Softbank,1000,外野手,3,186,95,不明,左,左,キューバ,1998-09-17,46,0.278,7,21,18,5,1,2,0,1,2,6,0,0,0.381,0.444,0.825,6.7,6.73,NA,NA,NA,NA,NA,NA,NA,NA,NA,NA,NA,NA,NA,NA,NA,NA,NA
髙橋　純平,Softbank,1300,投手,4,183,85,A型,右,右,岐阜,1997-05-08,47,NA,45,NA,NA,NA,NA,NA,NA,NA,NA,NA,NA,NA,NA,NA,NA,NA,NA,2.65,3,2,0,17,0.6,205,51,36,4,17,5,58,17,15,1.04,3.04
岡本　健,Softbank,1500,投手,6,178,85,O型,右,右,兵庫,1992-10-29,48,NA,NA,NA,NA,NA,NA,NA,NA,NA,NA,NA,NA,NA,NA,NA,NA,NA,NA,NA,NA,NA,NA,NA,NA,NA,NA,NA,NA,NA,NA,NA,NA,NA,NA,NA
古谷　優人,Softbank,700,投手,3,175,72,A型,左,左,北海道,1999-02-19,49,NA,NA,NA,NA,NA,NA,NA,NA,NA,NA,NA,NA,NA,NA,NA,NA,NA,NA,NA,NA,NA,NA,NA,NA,NA,NA,NA,NA,NA,NA,NA,NA,NA,NA,NA
板東　湧梧,Softbank,1000,投手,1,182,78,AB型,右,右,徳島,1995-12-27,50,NA,NA,NA,NA,NA,NA,NA,NA,NA,NA,NA,NA,NA,NA,NA,NA,NA,NA,NA,NA,NA,NA,NA,NA,NA,NA,NA,NA,NA,NA,NA,NA,NA,NA,NA
上林　誠知,Softbank,7500,外野手,6,185,84,O型,右,左,埼玉,1995-08-01,51,0.194,99,286,258,50,11,31,10,18,3,75,6,2,0.254,0.36,0.614,2.94,3.15,NA,NA,NA,NA,NA,NA,NA,NA,NA,NA,NA,NA,NA,NA,NA,NA,NA
泉　圭輔,Softbank,800,投手,1,187,82,A型,右,右,石川,1997-03-02,53,NA,14,NA,NA,NA,NA,NA,NA,NA,NA,NA,NA,NA,NA,NA,NA,NA,NA,1.96,2,0,0,3,1,80,18.1,17,1,8,1,18,5,4,1.36,3.34
デスパイネ,Softbank,40000,外野手,6,175,95,不明,右,右,キューバ,1986-06-17,54,0.259,130,519,448,116,36,88,0,63,5,119,0,6,0.355,0.52,0.875,6.54,6.68,NA,NA,NA,NA,NA,NA,NA,NA,NA,NA,NA,NA,NA,NA,NA,NA,NA
野村　大樹,Softbank,600,内野手,1,172,81,O型,右,右,兵庫,2000-09-10,55,0.5,2,2,2,1,0,0,0,0,0,0,0,0,0.5,0.5,1,12.3,11.07,NA,NA,NA,NA,NA,NA,NA,NA,NA,NA,NA,NA,NA,NA,NA,NA,NA
田浦　文丸,Softbank,500,投手,2,168,78,O型,左,左,福岡,1999-09-21,56,NA,8,NA,NA,NA,NA,NA,NA,NA,NA,NA,NA,NA,NA,NA,NA,NA,NA,4.5,0,0,0,0,0,41,10,8,1,6,0,6,5,5,1.4,5.02
嘉弥真　新也,Softbank,8000,投手,8,172,72,O型,左,左,沖縄,1989-11-23,57,NA,54,NA,NA,NA,NA,NA,NA,NA,NA,NA,NA,NA,NA,NA,NA,NA,NA,2.61,2,2,1,19,0.5,128,31,29,1,5,4,26,13,9,1.1,2.73
サファテ,Softbank,50000,投手,9,193,102,不明,右,右,アメリカ,1981-04-09,58,NA,NA,NA,NA,NA,NA,NA,NA,NA,NA,NA,NA,NA,NA,NA,NA,NA,NA,NA,NA,NA,NA,NA,NA,NA,NA,NA,NA,NA,NA,NA,NA,NA,NA,NA
水谷　瞬,Softbank,500,外野手,1,192,90,A型,右,右,愛知,2001-03-09,59,NA,NA,NA,NA,NA,NA,NA,NA,NA,NA,NA,NA,NA,NA,NA,NA,NA,NA,NA,NA,NA,NA,NA,NA,NA,NA,NA,NA,NA,NA,NA,NA,NA,NA,NA
釜元　豪,Softbank,600,外野手,8,180,79,B型,右,左,長崎,1993-09-03,60,0.22,86,189,173,38,4,11,11,12,0,56,4,2,0.27,0.312,0.582,3,3.1,NA,NA,NA,NA,NA,NA,NA,NA,NA,NA,NA,NA,NA,NA,NA,NA,NA
奥村　政稔,Softbank,1000,投手,1,178,78,B型,右,右,大分,1992-08-14,61,NA,12,NA,NA,NA,NA,NA,NA,NA,NA,NA,NA,NA,NA,NA,NA,NA,NA,8.76,0,1,0,3,0,58,12.1,13,3,7,3,10,12,12,1.62,6.85
甲斐　拓也,Softbank,6500,捕手,9,170,85,O型,右,右,大分,1992-11-05,62,0.26,137,454,377,98,11,43,9,50,1,114,23,9,0.346,0.387,0.733,4.46,4.5,NA,NA,NA,NA,NA,NA,NA,NA,NA,NA,NA,NA,NA,NA,NA,NA,NA
川原　弘之,Softbank,460,投手,10,187,93,O型,左,左,福岡,1991-08-23,63,NA,19,NA,NA,NA,NA,NA,NA,NA,NA,NA,NA,NA,NA,NA,NA,NA,NA,2.66,0,0,0,1,0,105,23.2,22,1,14,1,10,10,7,1.52,4.73
真砂　勇介,Softbank,620,外野手,7,184,79,B型,右,右,京都,1994-05-04,64,0.143,12,23,21,3,0,1,2,1,0,11,1,0,0.182,0.143,0.325,0.55,0.75,NA,NA,NA,NA,NA,NA,NA,NA,NA,NA,NA,NA,NA,NA,NA,NA,NA
九鬼　隆平,Softbank,600,捕手,3,180,82,A型,右,右,大阪,1998-09-05,65,0,2,3,2,0,0,0,0,0,1,1,0,0,0.333,0,0.333,1.39,2.03,NA,NA,NA,NA,NA,NA,NA,NA,NA,NA,NA,NA,NA,NA,NA,NA,NA
松本　裕樹,Softbank,1200,投手,5,182,86,A型,右,左,神奈川,1996-04-14,66,NA,7,NA,NA,NA,NA,NA,NA,NA,NA,NA,NA,NA,NA,NA,NA,NA,NA,4.01,1,1,0,0,0.5,146,33.2,35,2,11,0,32,18,15,1.37,2.97
笠谷　俊介,Softbank,620,投手,5,173,71,AB型,左,左,大分,1997-03-17,67,NA,2,NA,NA,NA,NA,NA,NA,NA,NA,NA,NA,NA,NA,NA,NA,NA,NA,7.2,0,0,0,0,0,26,5,6,1,7,0,7,4,4,2.6,7.12
三森　大貴,Softbank,500,内野手,3,185,68,A型,右,左,埼玉,1999-02-21,68,0.208,24,51,48,10,0,1,3,2,1,17,0,0,0.255,0.333,0.588,2.6,2.62,NA,NA,NA,NA,NA,NA,NA,NA,NA,NA,NA,NA,NA,NA,NA,NA,NA
美間　優槻,Softbank,650,内野手,7,176,90,B型,右,右,徳島,1994-05-26,69,0.091,15,22,22,2,1,1,0,0,0,5,0,0,0.091,0.273,0.364,0.12,0.43,NA,NA,NA,NA,NA,NA,NA,NA,NA,NA,NA,NA,NA,NA,NA,NA,NA
スアレス,Softbank,5000,投手,4,188,95,不明,右,右,ベネズエラ,1991-03-01,90,NA,9,NA,NA,NA,NA,NA,NA,NA,NA,NA,NA,NA,NA,NA,NA,NA,NA,5.74,0,4,0,0,0,126,26.2,28,6,20,1,27,18,17,1.8,6.38
尾形　崇斗,Softbank,320,投手,2,181,84,O型,右,左,宮城,1999-05-15,NA,NA,NA,NA,NA,NA,NA,NA,NA,NA,NA,NA,NA,NA,NA,NA,NA,NA,NA,NA,NA,NA,NA,NA,NA,NA,NA,NA,NA,NA,NA,NA,NA,NA,NA,NA
小澤　怜史,Softbank,700,投手,4,182,81,A型,右,左,静岡,1998-03-09,NA,NA,NA,NA,NA,NA,NA,NA,NA,NA,NA,NA,NA,NA,NA,NA,NA,NA,NA,NA,NA,NA,NA,NA,NA,NA,NA,NA,NA,NA,NA,NA,NA,NA,NA,NA
古澤　勝吾,Softbank,590,内野手,5,177,78,B型,右,右,滋賀,1996-09-05,NA,NA,NA,NA,NA,NA,NA,NA,NA,NA,NA,NA,NA,NA,NA,NA,NA,NA,NA,NA,NA,NA,NA,NA,NA,NA,NA,NA,NA,NA,NA,NA,NA,NA,NA,NA
大本　将吾,Softbank,300,外野手,3,185,99,AB型,右,左,愛媛,1998-04-22,NA,NA,NA,NA,NA,NA,NA,NA,NA,NA,NA,NA,NA,NA,NA,NA,NA,NA,NA,NA,NA,NA,NA,NA,NA,NA,NA,NA,NA,NA,NA,NA,NA,NA,NA,NA
黒瀬　健太,Softbank,500,内野手,4,181,97,O型,右,右,大阪,1997-08-12,NA,NA,NA,NA,NA,NA,NA,NA,NA,NA,NA,NA,NA,NA,NA,NA,NA,NA,NA,NA,NA,NA,NA,NA,NA,NA,NA,NA,NA,NA,NA,NA,NA,NA,NA,NA
砂川　リチャード,Softbank,300,内野手,2,188,113,O型,右,右,沖縄,1999-06-18,NA,NA,NA,NA,NA,NA,NA,NA,NA,NA,NA,NA,NA,NA,NA,NA,NA,NA,NA,NA,NA,NA,NA,NA,NA,NA,NA,NA,NA,NA,NA,NA,NA,NA,NA,NA
野澤　佑斗,Softbank,270,投手,4,180,71,O型,右,左,茨城,1997-11-06,NA,NA,NA,NA,NA,NA,NA,NA,NA,NA,NA,NA,NA,NA,NA,NA,NA,NA,NA,NA,NA,NA,NA,NA,NA,NA,NA,NA,NA,NA,NA,NA,NA,NA,NA,NA
笠原　大芽,Softbank,620,投手,7,186,89,A型,左,右,福岡,1995-01-20,NA,NA,NA,NA,NA,NA,NA,NA,NA,NA,NA,NA,NA,NA,NA,NA,NA,NA,NA,NA,NA,NA,NA,NA,NA,NA,NA,NA,NA,NA,NA,NA,NA,NA,NA,NA
張本　優大,Softbank,510,捕手,6,182,92,A型,右,右,大阪,1990-10-13,NA,NA,NA,NA,NA,NA,NA,NA,NA,NA,NA,NA,NA,NA,NA,NA,NA,NA,NA,NA,NA,NA,NA,NA,NA,NA,NA,NA,NA,NA,NA,NA,NA,NA,NA,NA
渡邉　陸,Softbank,360,捕手,1,184,80,A型,右,左,熊本,2000-09-24,NA,NA,NA,NA,NA,NA,NA,NA,NA,NA,NA,NA,NA,NA,NA,NA,NA,NA,NA,NA,NA,NA,NA,NA,NA,NA,NA,NA,NA,NA,NA,NA,NA,NA,NA,NA
岡本　直也,Softbank,400,投手,1,180,75,B型,左,左,千葉,1996-10-30,NA,NA,NA,NA,NA,NA,NA,NA,NA,NA,NA,NA,NA,NA,NA,NA,NA,NA,NA,NA,NA,NA,NA,NA,NA,NA,NA,NA,NA,NA,NA,NA,NA,NA,NA,NA
長谷川　宙輝,Softbank,300,投手,3,175,78,O型,左,左,東京,1998-08-23,NA,NA,NA,NA,NA,NA,NA,NA,NA,NA,NA,NA,NA,NA,NA,NA,NA,NA,NA,NA,NA,NA,NA,NA,NA,NA,NA,NA,NA,NA,NA,NA,NA,NA,NA,NA
田城　飛翔,Softbank,300,外野手,3,178,67,B型,右,左,神奈川,1999-03-19,NA,NA,NA,NA,NA,NA,NA,NA,NA,NA,NA,NA,NA,NA,NA,NA,NA,NA,NA,NA,NA,NA,NA,NA,NA,NA,NA,NA,NA,NA,NA,NA,NA,NA,NA,NA
中村　晨,Softbank,270,投手,4,193,85,A型,右,右,熊本,1997-08-08,NA,NA,NA,NA,NA,NA,NA,NA,NA,NA,NA,NA,NA,NA,NA,NA,NA,NA,NA,NA,NA,NA,NA,NA,NA,NA,NA,NA,NA,NA,NA,NA,NA,NA,NA,NA
渡辺　健史,Softbank,270,投手,4,178,74,A型,左,左,福岡,1997-09-09,NA,NA,NA,NA,NA,NA,NA,NA,NA,NA,NA,NA,NA,NA,NA,NA,NA,NA,NA,NA,NA,NA,NA,NA,NA,NA,NA,NA,NA,NA,NA,NA,NA,NA,NA,NA
重田　倫明,Softbank,400,投手,1,185,85,O型,右,右,千葉,1996-05-30,NA,NA,NA,NA,NA,NA,NA,NA,NA,NA,NA,NA,NA,NA,NA,NA,NA,NA,NA,NA,NA,NA,NA,NA,NA,NA,NA,NA,NA,NA,NA,NA,NA,NA,NA,NA
日暮　矢麻人,Softbank,300,外野手,2,178,85,A型,左,左,神奈川,1999-06-16,NA,NA,NA,NA,NA,NA,NA,NA,NA,NA,NA,NA,NA,NA,NA,NA,NA,NA,NA,NA,NA,NA,NA,NA,NA,NA,NA,NA,NA,NA,NA,NA,NA,NA,NA,NA
渡邉　雄大,Softbank,300,投手,2,186,82,B型,左,左,新潟,1991-09-19,NA,NA,NA,NA,NA,NA,NA,NA,NA,NA,NA,NA,NA,NA,NA,NA,NA,NA,NA,NA,NA,NA,NA,NA,NA,NA,NA,NA,NA,NA,NA,NA,NA,NA,NA,NA
清水　陸哉,Softbank,300,外野手,3,185,82,AB型,右,右,大阪,1999-01-22,NA,NA,NA,NA,NA,NA,NA,NA,NA,NA,NA,NA,NA,NA,NA,NA,NA,NA,NA,NA,NA,NA,NA,NA,NA,NA,NA,NA,NA,NA,NA,NA,NA,NA,NA,NA
中村　宜聖,Softbank,360,外野手,1,183,88,O型,右,右,大分,2000-07-03,NA,NA,NA,NA,NA,NA,NA,NA,NA,NA,NA,NA,NA,NA,NA,NA,NA,NA,NA,NA,NA,NA,NA,NA,NA,NA,NA,NA,NA,NA,NA,NA,NA,NA,NA,NA
島袋　洋奨,Softbank,730,投手,5,174,76,O型,左,左,沖縄,1992-10-24,NA,NA,NA,NA,NA,NA,NA,NA,NA,NA,NA,NA,NA,NA,NA,NA,NA,NA,NA,NA,NA,NA,NA,NA,NA,NA,NA,NA,NA,NA,NA,NA,NA,NA,NA,NA
水口　大地,Lions,770,内野手,7,163,70,A型,右,左,長崎,1989-06-28,0,0,20,11,10,0,0,0,2,1,0,4,0,0,0.091,0,0.091,-1.01,-0.62,NA,NA,NA,NA,NA,NA,NA,NA,NA,NA,NA,NA,NA,NA,NA,NA,NA
栗山　巧,Lions,13700,外野手,18,177,85,O型,右,左,兵庫,1983-09-03,1,0.252,123,466,409,103,7,54,0,48,3,100,3,13,0.333,0.355,0.687,3.99,3.98,NA,NA,NA,NA,NA,NA,NA,NA,NA,NA,NA,NA,NA,NA,NA,NA,NA
山野辺　翔,Lions,1200,内野手,1,170,74,AB型,右,右,東京,1994-05-24,4,0.071,9,18,14,1,0,1,1,2,2,4,0,1,0.278,0.143,0.421,1.1,1.33,NA,NA,NA,NA,NA,NA,NA,NA,NA,NA,NA,NA,NA,NA,NA,NA,NA
外崎　修汰,Lions,7000,内野手,5,177,78,O型,右,右,青森,1992-12-20,5,0.274,143,621,533,146,26,90,22,63,5,132,14,9,0.353,0.493,0.846,6.1,6.1,NA,NA,NA,NA,NA,NA,NA,NA,NA,NA,NA,NA,NA,NA,NA,NA,NA
源田　壮亮,Lions,8000,内野手,3,179,75,O型,右,左,大分,1993-02-16,6,0.274,135,609,540,148,2,41,30,40,1,67,25,9,0.324,0.35,0.674,4.01,3.92,NA,NA,NA,NA,NA,NA,NA,NA,NA,NA,NA,NA,NA,NA,NA,NA,NA
金子　侑司,Lions,5700,外野手,7,179,76,B型,右,両,京都,1990-04-24,8,0.251,133,524,463,116,3,33,41,49,3,81,6,3,0.324,0.292,0.616,3.83,3.9,NA,NA,NA,NA,NA,NA,NA,NA,NA,NA,NA,NA,NA,NA,NA,NA,NA
木村　文紀,Lions,2360,外野手,13,183,87,O型,右,右,東京,1988-09-13,9,0.22,130,441,391,86,10,38,16,24,5,101,15,3,0.27,0.343,0.613,2.96,3.19,NA,NA,NA,NA,NA,NA,NA,NA,NA,NA,NA,NA,NA,NA,NA,NA,NA
森　友哉,Lions,8000,捕手,6,170,80,A型,右,左,大阪,1995-08-08,10,0.329,135,573,492,162,23,105,3,72,2,89,1,9,0.413,0.547,0.959,8.38,8.11,NA,NA,NA,NA,NA,NA,NA,NA,NA,NA,NA,NA,NA,NA,NA,NA,NA
今井　達也,Lions,1800,投手,3,180,70,A型,右,右,栃木,1998-05-09,11,NA,23,NA,NA,NA,NA,NA,NA,NA,NA,NA,NA,NA,NA,NA,NA,NA,NA,4.32,7,9,0,0,0.438,596,135.1,127,16,72,5,105,74,65,1.47,4.79
渡邉　勇太朗,Lions,650,投手,1,190,90,A型,右,右,埼玉,2000-09-21,12,NA,NA,NA,NA,NA,NA,NA,NA,NA,NA,NA,NA,NA,NA,NA,NA,NA,NA,NA,NA,NA,NA,NA,NA,NA,NA,NA,NA,NA,NA,NA,NA,NA,NA,NA
髙橋　光成,Lions,1850,投手,5,190,97,B型,右,右,群馬,1997-02-03,13,NA,21,NA,NA,NA,NA,NA,NA,NA,NA,NA,NA,NA,NA,NA,NA,NA,NA,4.51,10,6,0,0,0.625,554,123.2,144,13,47,14,90,77,62,1.54,4.49
増田　達至,Lions,10000,投手,7,180,88,AB型,右,右,兵庫,1988-04-23,14,NA,65,NA,NA,NA,NA,NA,NA,NA,NA,NA,NA,NA,NA,NA,NA,NA,NA,1.81,4,1,30,7,0.8,272,69.2,51,5,10,0,74,15,14,0.88,2.32
大石　達也,Lions,1270,投手,9,185,92,A型,右,左,福岡,1988-10-10,15,NA,2,NA,NA,NA,NA,NA,NA,NA,NA,NA,NA,NA,NA,NA,NA,NA,NA,15.43,0,0,0,0,0,11,2.1,4,1,0,0,5,4,4,1.71,4.41
松本　航,Lions,1500,投手,1,176,84,AB型,右,右,兵庫,1996-11-28,17,NA,16,NA,NA,NA,NA,NA,NA,NA,NA,NA,NA,NA,NA,NA,NA,NA,NA,4.54,7,4,0,0,0.636,384,85.1,87,11,46,2,65,47,43,1.56,4.92
多和田　真三郎,Lions,8000,投手,4,182,82,B型,右,右,沖縄,1993-04-13,18,NA,12,NA,NA,NA,NA,NA,NA,NA,NA,NA,NA,NA,NA,NA,NA,NA,NA,5.83,1,6,0,0,0.143,306,66.1,84,8,25,6,37,47,43,1.64,4.97
齊藤　大将,Lions,1600,投手,2,178,75,A型,左,左,東京,1995-06-03,19,NA,9,NA,NA,NA,NA,NA,NA,NA,NA,NA,NA,NA,NA,NA,NA,NA,NA,6.75,0,0,0,1,0,51,10.2,12,4,6,3,7,9,8,1.69,9.21
高木　勇人,Lions,3230,投手,5,178,90,A型,右,右,三重,1989-07-13,20,NA,2,NA,NA,NA,NA,NA,NA,NA,NA,NA,NA,NA,NA,NA,NA,NA,NA,7.71,0,0,0,0,0,16,2.1,4,1,4,1,1,7,2,3.43,14.26
十亀　剣,Lions,5100,投手,8,183,88,O型,右,右,愛知,1987-11-07,21,NA,19,NA,NA,NA,NA,NA,NA,NA,NA,NA,NA,NA,NA,NA,NA,NA,NA,4.5,5,6,0,0,0.455,444,102,106,12,31,4,57,56,51,1.34,4.56
中塚　駿太,Lions,930,投手,3,191,103,B型,右,右,茨城,1994-12-26,22,NA,NA,NA,NA,NA,NA,NA,NA,NA,NA,NA,NA,NA,NA,NA,NA,NA,NA,NA,NA,NA,NA,NA,NA,NA,NA,NA,NA,NA,NA,NA,NA,NA,NA,NA
野田　昇吾,Lions,3000,投手,4,167,71,A型,左,左,福岡,1993-06-27,23,NA,23,NA,NA,NA,NA,NA,NA,NA,NA,NA,NA,NA,NA,NA,NA,NA,NA,3.66,2,0,0,2,1,84,19.2,14,1,9,3,10,8,8,1.17,4.59
平井　克典,Lions,3500,投手,3,180,84,A型,右,右,愛知,1991-12-20,25,NA,81,NA,NA,NA,NA,NA,NA,NA,NA,NA,NA,NA,NA,NA,NA,NA,NA,3.5,5,4,0,36,0.556,354,82.1,77,6,32,6,66,33,32,1.32,3.74
粟津　凱士,Lions,1000,投手,1,180,80,A型,右,右,山形,1997-03-01,26,NA,1,NA,NA,NA,NA,NA,NA,NA,NA,NA,NA,NA,NA,NA,NA,NA,NA,9,0,0,0,0,0,10,2,4,0,1,0,0,2,2,2.5,4.62
内海　哲也,Lions,10000,投手,16,186,96,A型,左,左,京都,1982-04-29,27,NA,NA,NA,NA,NA,NA,NA,NA,NA,NA,NA,NA,NA,NA,NA,NA,NA,NA,NA,NA,NA,NA,NA,NA,NA,NA,NA,NA,NA,NA,NA,NA,NA,NA,NA
森脇　亮介,Lions,1000,投手,1,175,70,A型,右,右,京都,1992-07-13,28,NA,29,NA,NA,NA,NA,NA,NA,NA,NA,NA,NA,NA,NA,NA,NA,NA,NA,4.94,2,1,0,2,0.667,143,31,29,3,20,3,24,17,17,1.58,5.06
小石　博孝,Lions,1330,投手,8,178,85,A型,左,左,大分,1987-04-13,29,NA,8,NA,NA,NA,NA,NA,NA,NA,NA,NA,NA,NA,NA,NA,NA,NA,NA,5.87,0,0,0,0,0,69,15.1,15,2,5,4,6,10,10,1.3,5.79
榎田　大樹,Lions,5500,投手,9,181,89,AB型,左,左,鹿児島,1986-08-07,30,NA,13,NA,NA,NA,NA,NA,NA,NA,NA,NA,NA,NA,NA,NA,NA,NA,NA,6.52,4,3,0,0,0.571,319,69,86,12,21,9,33,54,50,1.55,5.73
佐藤　龍世,Lions,600,内野手,1,174,81,AB型,右,右,北海道,1997-01-15,31,0.22,52,63,59,13,2,7,0,3,0,14,1,1,0.258,0.424,0.682,3.54,3.45,NA,NA,NA,NA,NA,NA,NA,NA,NA,NA,NA,NA,NA,NA,NA,NA,NA
永江　恭平,Lions,1040,内野手,8,174,80,B型,右,左,佐賀,1993-05-07,32,0.095,27,26,21,2,0,1,1,4,0,12,1,0,0.24,0.143,0.383,0.6,0.86,NA,NA,NA,NA,NA,NA,NA,NA,NA,NA,NA,NA,NA,NA,NA,NA,NA
山川　穂高,Lions,11000,内野手,6,176,108,A型,右,右,沖縄,1991-11-23,33,0.256,143,626,524,134,43,120,1,86,13,142,0,13,0.372,0.54,0.912,6.95,6.98,NA,NA,NA,NA,NA,NA,NA,NA,NA,NA,NA,NA,NA,NA,NA,NA,NA
佐野　泰雄,Lions,1300,投手,5,177,83,B型,左,左,タイ,1993-01-18,34,NA,44,NA,NA,NA,NA,NA,NA,NA,NA,NA,NA,NA,NA,NA,NA,NA,NA,4.39,2,2,0,2,0.5,297,67.2,68,4,32,4,39,34,33,1.48,4.24
伊藤　翔,Lions,820,投手,2,177,74,A型,右,右,千葉,1999-02-10,36,NA,6,NA,NA,NA,NA,NA,NA,NA,NA,NA,NA,NA,NA,NA,NA,NA,NA,6,0,0,0,0,0,25,6,7,1,3,0,2,4,4,1.67,6.12
岡田　雅利,Lions,2870,捕手,6,173,80,B型,右,右,奈良,1989-06-30,37,0.262,36,78,61,16,1,7,0,9,2,12,6,1,0.375,0.393,0.768,5.13,4.98,NA,NA,NA,NA,NA,NA,NA,NA,NA,NA,NA,NA,NA,NA,NA,NA,NA
牧野　翔矢,Lions,600,捕手,1,178,77,B型,右,左,石川,2001-03-04,38,NA,NA,NA,NA,NA,NA,NA,NA,NA,NA,NA,NA,NA,NA,NA,NA,NA,NA,NA,NA,NA,NA,NA,NA,NA,NA,NA,NA,NA,NA,NA,NA,NA,NA,NA
呉　念庭,Lions,650,内野手,4,178,75,AB型,右,左,台湾,1993-06-07,39,NA,NA,NA,NA,NA,NA,NA,NA,NA,NA,NA,NA,NA,NA,NA,NA,NA,NA,NA,NA,NA,NA,NA,NA,NA,NA,NA,NA,NA,NA,NA,NA,NA,NA,NA
田村　伊知郎,Lions,700,投手,3,173,75,B型,右,左,兵庫,1994-09-19,40,NA,6,NA,NA,NA,NA,NA,NA,NA,NA,NA,NA,NA,NA,NA,NA,NA,NA,6.14,0,0,0,0,0,34,7.1,9,1,4,0,3,5,5,1.77,5.71
相内　誠,Lions,640,投手,7,185,80,B型,右,右,千葉,1994-07-23,41,NA,2,NA,NA,NA,NA,NA,NA,NA,NA,NA,NA,NA,NA,NA,NA,NA,NA,11.57,0,1,0,0,0,51,9.1,17,3,6,1,5,12,12,2.46,8.48
マーティン,Lions,9350,投手,2,200,104,不明,右,右,アメリカ,1991-01-18,42,NA,41,NA,NA,NA,NA,NA,NA,NA,NA,NA,NA,NA,NA,NA,NA,NA,NA,3.67,2,5,1,10,0.286,199,41.2,40,2,28,8,36,25,17,1.63,4.54
小川　龍也,Lions,1700,投手,10,182,85,A型,左,左,千葉,1991-09-03,44,NA,55,NA,NA,NA,NA,NA,NA,NA,NA,NA,NA,NA,NA,NA,NA,NA,NA,2.58,4,1,1,15,0.8,157,38.1,35,4,12,3,28,12,11,1.23,4.19
本田　圭佑,Lions,650,投手,4,179,80,A型,右,右,宮城,1993-04-24,45,NA,16,NA,NA,NA,NA,NA,NA,NA,NA,NA,NA,NA,NA,NA,NA,NA,NA,4.63,6,6,0,0,0.5,375,91.1,88,13,28,3,53,48,47,1.27,4.83
鈴木　将平,Lions,600,外野手,3,175,78,O型,左,左,静岡,1998-05-20,46,0.154,16,28,26,4,0,1,1,1,0,6,1,1,0.185,0.154,0.339,-0.36,-0.17,NA,NA,NA,NA,NA,NA,NA,NA,NA,NA,NA,NA,NA,NA,NA,NA,NA
カスティーヨ,Lions,3300,投手,2,191,113,不明,右,右,ドミニカ共和国,1989-02-19,47,NA,NA,NA,NA,NA,NA,NA,NA,NA,NA,NA,NA,NA,NA,NA,NA,NA,NA,NA,NA,NA,NA,NA,NA,NA,NA,NA,NA,NA,NA,NA,NA,NA,NA,NA
武隈　祥太,Lions,6350,投手,12,180,86,A型,左,左,北海道,1989-11-24,48,NA,10,NA,NA,NA,NA,NA,NA,NA,NA,NA,NA,NA,NA,NA,NA,NA,NA,6.14,1,1,0,1,0.5,68,14.2,14,1,12,1,5,11,10,1.77,5.98
廖　任磊,Lions,600,投手,3,201,125,O型,右,右,台湾,1993-08-30,50,NA,3,NA,NA,NA,NA,NA,NA,NA,NA,NA,NA,NA,NA,NA,NA,NA,NA,3,0,0,0,0,0,14,3,4,1,0,1,4,1,1,1.33,5.79
西川　愛也,Lions,700,内野手,2,180,78,A型,右,左,大阪,1999-06-10,51,NA,NA,NA,NA,NA,NA,NA,NA,NA,NA,NA,NA,NA,NA,NA,NA,NA,NA,NA,NA,NA,NA,NA,NA,NA,NA,NA,NA,NA,NA,NA,NA,NA,NA,NA
山田　遥楓,Lions,650,内野手,5,179,84,A型,右,右,佐賀,1996-09-30,52,0.167,4,13,12,2,0,0,0,1,0,4,0,1,0.231,0.167,0.397,-0.06,0.1,NA,NA,NA,NA,NA,NA,NA,NA,NA,NA,NA,NA,NA,NA,NA,NA,NA
愛斗,Lions,620,外野手,4,177,87,O型,右,右,大阪,1997-04-06,53,0.151,42,57,53,8,0,3,0,3,0,11,1,2,0.196,0.17,0.366,0.08,0.12,NA,NA,NA,NA,NA,NA,NA,NA,NA,NA,NA,NA,NA,NA,NA,NA,NA
ニール,Lions,7150,投手,1,191,100,不明,右,右,アメリカ,1988-11-09,54,NA,17,NA,NA,NA,NA,NA,NA,NA,NA,NA,NA,NA,NA,NA,NA,NA,NA,2.87,12,1,0,0,0.923,410,100.1,103,8,15,6,51,38,32,1.18,3.77
秋山　翔吾,Lions,23500,外野手,9,184,85,A型,右,左,神奈川,1988-04-16,55,0.303,143,678,590,179,20,62,12,78,9,108,0,8,0.392,0.471,0.864,6.91,6.68,NA,NA,NA,NA,NA,NA,NA,NA,NA,NA,NA,NA,NA,NA,NA,NA,NA
金子　一輝,Lions,650,内野手,6,182,75,B型,右,右,神奈川,1995-05-29,56,NA,NA,NA,NA,NA,NA,NA,NA,NA,NA,NA,NA,NA,NA,NA,NA,NA,NA,NA,NA,NA,NA,NA,NA,NA,NA,NA,NA,NA,NA,NA,NA,NA,NA,NA
國場　翼,Lions,540,投手,4,181,83,O型,右,左,沖縄,1993-12-05,57,NA,15,NA,NA,NA,NA,NA,NA,NA,NA,NA,NA,NA,NA,NA,NA,NA,NA,3.68,1,0,0,2,1,62,14.2,13,3,7,0,2,6,6,1.36,6.94
熊代　聖人,Lions,1000,外野手,9,175,75,O型,右,右,愛媛,1989-04-18,58,0.267,33,17,15,4,0,0,2,1,0,5,1,0,0.313,0.333,0.646,3.45,3.34,NA,NA,NA,NA,NA,NA,NA,NA,NA,NA,NA,NA,NA,NA,NA,NA,NA
南川　忠亮,Lions,770,投手,4,180,87,A型,右,右,香川,1992-01-13,59,NA,1,NA,NA,NA,NA,NA,NA,NA,NA,NA,NA,NA,NA,NA,NA,NA,NA,NA,0,0,0,0,0,3,0,0,0,3,0,0,1,1,NA,NA
中村　剛也,Lions,28000,内野手,18,175,102,O型,右,右,大阪,1983-08-15,60,0.286,135,557,496,142,30,123,2,54,4,123,0,12,0.359,0.528,0.887,6.61,6.49,NA,NA,NA,NA,NA,NA,NA,NA,NA,NA,NA,NA,NA,NA,NA,NA,NA
平良　海馬,Lions,600,投手,2,173,95,O型,右,左,沖縄,1999-11-15,61,NA,26,NA,NA,NA,NA,NA,NA,NA,NA,NA,NA,NA,NA,NA,NA,NA,NA,3.38,2,1,1,6,0.667,111,24,29,2,9,3,23,13,9,1.58,3.79
駒月　仁人,Lions,510,捕手,8,176,93,O型,右,右,京都,1993-04-21,62,0.143,7,7,7,1,0,0,0,0,0,1,0,0,0.143,0.143,0.286,-0.42,-0.23,NA,NA,NA,NA,NA,NA,NA,NA,NA,NA,NA,NA,NA,NA,NA,NA,NA
綱島　龍生,Lions,500,内野手,2,178,76,A型,右,左,新潟,2000-01-21,63,NA,NA,NA,NA,NA,NA,NA,NA,NA,NA,NA,NA,NA,NA,NA,NA,NA,NA,NA,NA,NA,NA,NA,NA,NA,NA,NA,NA,NA,NA,NA,NA,NA,NA,NA
中田　祥多,Lions,570,捕手,12,182,90,A型,右,右,兵庫,1990-02-22,64,0.125,2,9,8,1,0,0,0,0,0,4,1,0,0.125,0.125,0.25,-0.58,-0.41,NA,NA,NA,NA,NA,NA,NA,NA,NA,NA,NA,NA,NA,NA,NA,NA,NA
斉藤　彰吾,Lions,1500,外野手,12,179,80,B型,左,左,埼玉,1989-05-14,65,0,3,3,3,0,0,0,0,0,0,3,0,0,0,0,0,-2.92,-2.61,NA,NA,NA,NA,NA,NA,NA,NA,NA,NA,NA,NA,NA,NA,NA,NA,NA
松本　直晃,Lions,800,投手,4,180,85,O型,右,右,兵庫,1990-11-14,66,NA,4,NA,NA,NA,NA,NA,NA,NA,NA,NA,NA,NA,NA,NA,NA,NA,NA,7.2,0,0,0,0,0,25,5,9,2,1,0,3,4,4,2,7.72
藤田　航生,Lions,500,投手,4,173,75,O型,左,左,青森,1997-12-11,67,NA,NA,NA,NA,NA,NA,NA,NA,NA,NA,NA,NA,NA,NA,NA,NA,NA,NA,NA,NA,NA,NA,NA,NA,NA,NA,NA,NA,NA,NA,NA,NA,NA,NA,NA
ヒース,Lions,7700,投手,4,193,112,不明,右,右,アメリカ,1985-08-28,68,NA,34,NA,NA,NA,NA,NA,NA,NA,NA,NA,NA,NA,NA,NA,NA,NA,NA,3.73,2,3,2,7,0.4,135,31.1,26,2,14,2,34,15,13,1.28,3.31
郭　俊麟,Lions,1200,投手,5,175,76,不明,右,右,台湾,1992-02-02,69,NA,2,NA,NA,NA,NA,NA,NA,NA,NA,NA,NA,NA,NA,NA,NA,NA,NA,4.5,1,1,0,0,0.5,44,10,7,1,6,1,7,6,5,1.3,5.12
戸川　大輔,Lions,500,外野手,5,188,90,B型,右,左,北海道,1996-04-29,71,0.174,10,25,23,4,1,1,0,2,0,4,0,0,0.24,0.348,0.588,2.15,2.4,NA,NA,NA,NA,NA,NA,NA,NA,NA,NA,NA,NA,NA,NA,NA,NA,NA
川越　誠司,Lions,760,外野手,4,174,80,A型,左,左,北海道,1993-06-30,72,NA,NA,NA,NA,NA,NA,NA,NA,NA,NA,NA,NA,NA,NA,NA,NA,NA,NA,NA,NA,NA,NA,NA,NA,NA,NA,NA,NA,NA,NA,NA,NA,NA,NA,NA
高木　渉,Lions,500,外野手,2,180,77,B型,右,左,福岡,1999-12-06,73,0,1,1,1,0,0,0,0,0,0,0,0,0,0,0,0,-2.7,-2.43,NA,NA,NA,NA,NA,NA,NA,NA,NA,NA,NA,NA,NA,NA,NA,NA,NA
齊藤　誠人,Lions,300,捕手,2,180,83,A型,右,左,北海道,1995-08-07,78,NA,NA,NA,NA,NA,NA,NA,NA,NA,NA,NA,NA,NA,NA,NA,NA,NA,NA,NA,NA,NA,NA,NA,NA,NA,NA,NA,NA,NA,NA,NA,NA,NA,NA,NA
メヒア,Lions,50000,内野手,6,198,118,不明,右,右,ベネズエラ,1985-12-02,99,0.211,75,147,128,27,6,31,0,15,0,46,0,2,0.286,0.422,0.708,4.05,4.42,NA,NA,NA,NA,NA,NA,NA,NA,NA,NA,NA,NA,NA,NA,NA,NA,NA
髙橋　朋己,Lions,2000,投手,7,174,90,B型,左,左,静岡,1988-11-16,NA,NA,NA,NA,NA,NA,NA,NA,NA,NA,NA,NA,NA,NA,NA,NA,NA,NA,NA,NA,NA,NA,NA,NA,NA,NA,NA,NA,NA,NA,NA,NA,NA,NA,NA,NA
與座　海人,Lions,700,投手,2,173,78,O型,右,右,沖縄,1995-09-15,NA,NA,NA,NA,NA,NA,NA,NA,NA,NA,NA,NA,NA,NA,NA,NA,NA,NA,NA,NA,NA,NA,NA,NA,NA,NA,NA,NA,NA,NA,NA,NA,NA,NA,NA,NA
東野　葵,Lions,400,投手,1,183,77,B型,左,左,福岡,1996-11-30,NA,NA,NA,NA,NA,NA,NA,NA,NA,NA,NA,NA,NA,NA,NA,NA,NA,NA,NA,NA,NA,NA,NA,NA,NA,NA,NA,NA,NA,NA,NA,NA,NA,NA,NA,NA
大窪　士夢,Lions,280,投手,1,198,89,A型,右,右,北海道,2000-08-02,NA,NA,NA,NA,NA,NA,NA,NA,NA,NA,NA,NA,NA,NA,NA,NA,NA,NA,NA,NA,NA,NA,NA,NA,NA,NA,NA,NA,NA,NA,NA,NA,NA,NA,NA,NA
中熊　大智,Lions,400,捕手,1,176,87,A型,右,左,熊本,1996-08-27,NA,NA,NA,NA,NA,NA,NA,NA,NA,NA,NA,NA,NA,NA,NA,NA,NA,NA,NA,NA,NA,NA,NA,NA,NA,NA,NA,NA,NA,NA,NA,NA,NA,NA,NA,NA
星　孝典,Lions,1000,捕手,15,175,78,B型,右,右,宮城,1982-05-04,NA,NA,NA,NA,NA,NA,NA,NA,NA,NA,NA,NA,NA,NA,NA,NA,NA,NA,NA,NA,NA,NA,NA,NA,NA,NA,NA,NA,NA,NA,NA,NA,NA,NA,NA,NA
島井　寛仁,Eagles,700,外野手,7,174,70,A型,右,右,沖縄,1990-06-19,0,0,10,2,1,0,0,0,1,1,0,0,0,0,0.5,0,0.5,0.54,1.49,NA,NA,NA,NA,NA,NA,NA,NA,NA,NA,NA,NA,NA,NA,NA,NA,NA
松井　裕樹,Eagles,11000,投手,6,174,74,A型,左,左,神奈川,1995-10-30,1,NA,68,NA,NA,NA,NA,NA,NA,NA,NA,NA,NA,NA,NA,NA,NA,NA,NA,1.94,2,8,38,12,0.2,271,69.2,40,5,24,1,107,17,15,0.92,1.97
太田　光,Eagles,1200,捕手,1,178,76,O型,右,右,岡山,1996-10-14,2,0.219,55,112,96,21,1,6,1,7,1,23,8,2,0.279,0.271,0.55,2.31,2.36,NA,NA,NA,NA,NA,NA,NA,NA,NA,NA,NA,NA,NA,NA,NA,NA,NA
浅村　栄斗,Eagles,50000,内野手,11,182,90,O型,右,右,大阪,1990-11-12,3,0.263,143,635,529,139,33,92,1,93,4,162,0,12,0.372,0.507,0.878,6.6,6.67,NA,NA,NA,NA,NA,NA,NA,NA,NA,NA,NA,NA,NA,NA,NA,NA,NA
茂木　栄五郎,Eagles,5100,内野手,4,171,75,O型,右,左,東京,1994-02-14,5,0.282,141,648,568,160,13,55,7,66,3,121,9,7,0.358,0.421,0.779,5.49,5.35,NA,NA,NA,NA,NA,NA,NA,NA,NA,NA,NA,NA,NA,NA,NA,NA,NA
藤田　一也,Eagles,6600,内野手,15,175,75,O型,右,左,徳島,1982-07-03,6,0.258,61,136,124,32,2,10,1,7,1,16,4,1,0.303,0.339,0.642,3.69,3.6,NA,NA,NA,NA,NA,NA,NA,NA,NA,NA,NA,NA,NA,NA,NA,NA,NA
辰己　涼介,Eagles,1500,外野手,1,180,74,A型,右,左,兵庫,1996-12-27,7,0.229,124,369,314,72,4,25,13,39,4,101,10,4,0.32,0.318,0.639,3.71,3.77,NA,NA,NA,NA,NA,NA,NA,NA,NA,NA,NA,NA,NA,NA,NA,NA,NA
吉持　亮汰,Eagles,500,内野手,4,175,68,AB型,右,右,大阪,1993-11-04,NA,NA,NA,NA,NA,NA,NA,NA,NA,NA,NA,NA,NA,NA,NA,NA,NA,NA,NA,NA,NA,NA,NA,NA,NA,NA,NA,NA,NA,NA,NA,NA,NA,NA,NA,NA
今江　年晶,Eagles,5000,内野手,18,180,89,B型,右,右,京都,1983-08-26,8,0.276,26,79,76,21,1,7,0,3,0,16,0,6,0.304,0.342,0.646,2.36,2.3,NA,NA,NA,NA,NA,NA,NA,NA,NA,NA,NA,NA,NA,NA,NA,NA,NA
オコエ　瑠偉,Eagles,1200,外野手,4,185,90,O型,右,右,東京,1997-07-21,9,0.182,52,122,110,20,3,15,5,6,3,29,2,3,0.242,0.3,0.542,2.09,2.32,NA,NA,NA,NA,NA,NA,NA,NA,NA,NA,NA,NA,NA,NA,NA,NA,NA
岸　孝之,Eagles,30000,投手,13,180,77,A型,右,右,宮城,1984-12-04,11,NA,15,NA,NA,NA,NA,NA,NA,NA,NA,NA,NA,NA,NA,NA,NA,NA,NA,3.56,3,5,0,0,0.375,381,93.2,80,12,25,1,86,37,37,1.12,3.75
近藤　弘樹,Eagles,1400,投手,2,186,96,B型,右,右,広島,1995-06-27,12,NA,2,NA,NA,NA,NA,NA,NA,NA,NA,NA,NA,NA,NA,NA,NA,NA,NA,8.68,0,2,0,0,0,44,9.1,14,2,2,1,3,9,9,1.71,6.23
岩見　雅紀,Eagles,1150,外野手,2,187,108,A型,右,右,滋賀,1994-07-10,13,NA,NA,NA,NA,NA,NA,NA,NA,NA,NA,NA,NA,NA,NA,NA,NA,NA,NA,NA,NA,NA,NA,NA,NA,NA,NA,NA,NA,NA,NA,NA,NA,NA,NA,NA
則本　昂大,Eagles,25000,投手,7,178,82,A型,右,左,滋賀,1990-12-17,14,NA,12,NA,NA,NA,NA,NA,NA,NA,NA,NA,NA,NA,NA,NA,NA,NA,NA,2.78,5,5,0,0,0.5,269,68,58,7,10,3,67,27,21,1,3.06
美馬　学,Eagles,6500,投手,9,169,75,O型,右,左,茨城,1986-09-19,15,NA,25,NA,NA,NA,NA,NA,NA,NA,NA,NA,NA,NA,NA,NA,NA,NA,NA,4.01,8,5,0,0,0.615,600,143.2,146,19,24,4,112,69,64,1.18,3.86
森　雄大,Eagles,880,投手,7,184,74,AB型,左,左,福岡,1994-08-19,16,NA,NA,NA,NA,NA,NA,NA,NA,NA,NA,NA,NA,NA,NA,NA,NA,NA,NA,NA,NA,NA,NA,NA,NA,NA,NA,NA,NA,NA,NA,NA,NA,NA,NA,NA
塩見　貴洋,Eagles,3400,投手,9,182,77,A型,左,左,大阪,1988-09-06,17,NA,9,NA,NA,NA,NA,NA,NA,NA,NA,NA,NA,NA,NA,NA,NA,NA,NA,3.16,3,1,0,0,0.75,197,51.1,42,6,9,0,47,18,18,0.99,3.33
藤平　尚真,Eagles,1800,投手,3,185,85,O型,右,右,千葉,1998-09-21,19,NA,3,NA,NA,NA,NA,NA,NA,NA,NA,NA,NA,NA,NA,NA,NA,NA,NA,10.38,0,1,0,0,0,45,8.2,9,4,7,3,6,10,10,1.85,11.2
安樂　智大,Eagles,1600,投手,5,186,87,A型,右,左,愛媛,1996-11-04,20,NA,9,NA,NA,NA,NA,NA,NA,NA,NA,NA,NA,NA,NA,NA,NA,NA,NA,4.73,0,2,0,0,0,137,32.1,30,5,11,3,19,22,17,1.27,5.25
釜田　佳直,Eagles,2000,投手,8,177,77,A型,右,右,石川,1993-10-26,21,NA,5,NA,NA,NA,NA,NA,NA,NA,NA,NA,NA,NA,NA,NA,NA,NA,NA,5.4,1,1,0,0,0.5,102,21.2,25,4,12,1,15,13,13,1.71,5.94
戸村　健次,Eagles,1600,投手,10,185,76,B型,右,右,埼玉,1987-10-20,22,NA,6,NA,NA,NA,NA,NA,NA,NA,NA,NA,NA,NA,NA,NA,NA,NA,NA,6.32,0,0,0,0,0,73,15.2,17,1,9,0,15,15,11,1.66,3.57
弓削　隼人,Eagles,1000,投手,1,193,105,AB型,左,左,栃木,1994-04-06,23,NA,8,NA,NA,NA,NA,NA,NA,NA,NA,NA,NA,NA,NA,NA,NA,NA,NA,3.74,3,3,0,0,0.5,172,43.1,40,5,9,2,34,18,18,1.13,3.81
田中　和基,Eagles,4000,外野手,3,181,75,A型,右,両,福岡,1994-08-08,25,0.188,59,193,160,30,1,9,3,26,0,37,5,3,0.298,0.269,0.567,2.19,2.43,NA,NA,NA,NA,NA,NA,NA,NA,NA,NA,NA,NA,NA,NA,NA,NA,NA
渡辺　直人,Eagles,1700,内野手,13,173,73,AB型,右,右,茨城,1980-10-15,26,0.063,19,19,16,1,1,1,0,1,1,7,1,0,0.167,0.25,0.417,0.8,1.27,NA,NA,NA,NA,NA,NA,NA,NA,NA,NA,NA,NA,NA,NA,NA,NA,NA
岡島　豪郎,Eagles,3450,捕手,8,176,82,B型,右,左,群馬,1989-09-07,27,NA,NA,NA,NA,NA,NA,NA,NA,NA,NA,NA,NA,NA,NA,NA,NA,NA,NA,NA,NA,NA,NA,NA,NA,NA,NA,NA,NA,NA,NA,NA,NA,NA,NA,NA
小野　郁,Eagles,550,投手,5,175,67,AB型,右,右,福岡,1996-10-23,28,NA,13,NA,NA,NA,NA,NA,NA,NA,NA,NA,NA,NA,NA,NA,NA,NA,NA,6.27,0,0,0,0,0,87,18.2,26,3,5,2,14,13,13,1.66,4.83
山下　斐紹,Eagles,1200,捕手,9,179,93,A型,右,左,北海道,1992-11-16,29,0.183,31,66,60,11,3,5,0,1,2,13,3,0,0.222,0.35,0.572,2.46,2.68,NA,NA,NA,NA,NA,NA,NA,NA,NA,NA,NA,NA,NA,NA,NA,NA,NA
池田　隆英,Eagles,1300,投手,3,181,85,B型,右,右,佐賀,1994-10-01,30,NA,NA,NA,NA,NA,NA,NA,NA,NA,NA,NA,NA,NA,NA,NA,NA,NA,NA,NA,NA,NA,NA,NA,NA,NA,NA,NA,NA,NA,NA,NA,NA,NA,NA,NA
福井　優也,Eagles,2500,投手,9,178,85,A型,右,右,岡山,1988-02-08,31,NA,8,NA,NA,NA,NA,NA,NA,NA,NA,NA,NA,NA,NA,NA,NA,NA,NA,5.18,3,1,0,0,0.75,150,33,31,3,24,2,20,19,19,1.67,5.45
ブセニッツ,Eagles,7000,投手,1,185,81,不明,右,右,アメリカ,1990-08-22,32,NA,54,NA,NA,NA,NA,NA,NA,NA,NA,NA,NA,NA,NA,NA,NA,NA,NA,1.94,4,3,0,28,0.571,220,51,46,1,20,5,45,15,11,1.29,3.08
銀次,Eagles,8500,内野手,14,174,78,A型,右,左,岩手,1988-02-24,33,0.304,141,590,529,161,5,56,2,52,4,58,4,19,0.37,0.382,0.752,4.87,4.66,NA,NA,NA,NA,NA,NA,NA,NA,NA,NA,NA,NA,NA,NA,NA,NA,NA
山﨑　剛,Eagles,1050,内野手,2,173,74,AB型,右,左,福岡,1995-12-29,34,0.333,16,30,27,9,1,2,4,0,0,5,3,0,0.333,0.593,0.926,7.71,7.07,NA,NA,NA,NA,NA,NA,NA,NA,NA,NA,NA,NA,NA,NA,NA,NA,NA
島内　宏明,Eagles,7800,外野手,8,180,75,B型,左,左,石川,1990-02-02,35,0.287,133,585,506,145,10,57,3,58,11,65,9,11,0.372,0.407,0.779,5.43,5.29,NA,NA,NA,NA,NA,NA,NA,NA,NA,NA,NA,NA,NA,NA,NA,NA,NA
内田　靖人,Eagles,1400,内野手,6,185,86,O型,右,右,福島,1995-05-30,36,0,2,5,2,0,0,0,0,2,1,0,0,0,0.6,0,0.6,10.26,11.34,NA,NA,NA,NA,NA,NA,NA,NA,NA,NA,NA,NA,NA,NA,NA,NA,NA
嶋　基宏,Eagles,10000,捕手,13,179,82,A型,右,右,岐阜,1984-12-13,37,0.209,57,131,110,23,3,15,0,13,1,20,7,3,0.298,0.336,0.635,3.11,3.16,NA,NA,NA,NA,NA,NA,NA,NA,NA,NA,NA,NA,NA,NA,NA,NA,NA
西宮　悠介,Eagles,1300,投手,6,180,80,A型,左,左,茨城,1991-05-01,38,NA,14,NA,NA,NA,NA,NA,NA,NA,NA,NA,NA,NA,NA,NA,NA,NA,NA,7.71,1,0,0,1,1,84,16.1,18,0,17,1,21,15,14,2.14,3.85
引地　秀一郎,Eagles,600,投手,1,188,84,B型,右,右,岡山,2000-06-03,39,NA,NA,NA,NA,NA,NA,NA,NA,NA,NA,NA,NA,NA,NA,NA,NA,NA,NA,NA,NA,NA,NA,NA,NA,NA,NA,NA,NA,NA,NA,NA,NA,NA,NA,NA
ウィーラー,Eagles,20000,内野手,5,178,100,不明,右,右,アメリカ,1987-01-16,40,0.243,117,472,411,100,19,67,3,43,8,96,0,22,0.32,0.418,0.738,3.9,4.21,NA,NA,NA,NA,NA,NA,NA,NA,NA,NA,NA,NA,NA,NA,NA,NA,NA
青山　浩二,Eagles,5000,投手,14,180,80,B型,右,右,北海道,1983-08-12,41,NA,62,NA,NA,NA,NA,NA,NA,NA,NA,NA,NA,NA,NA,NA,NA,NA,NA,2.7,2,4,0,16,0.333,208,53.1,37,8,18,0,36,16,16,1.03,4.51
ハーマン,Eagles,13000,投手,3,193,100,不明,右,左,アメリカ,1984-05-30,42,NA,50,NA,NA,NA,NA,NA,NA,NA,NA,NA,NA,NA,NA,NA,NA,NA,NA,3.04,5,3,0,21,0.625,184,47.1,31,5,16,0,49,16,16,0.99,3.31
宋　家豪,Eagles,1500,投手,4,185,92,不明,右,左,台湾,1992-09-06,43,NA,48,NA,NA,NA,NA,NA,NA,NA,NA,NA,NA,NA,NA,NA,NA,NA,NA,2.18,3,2,0,24,0.6,186,45.1,34,2,23,0,40,14,11,1.26,3.32
足立　祐一,Eagles,1500,捕手,4,178,83,A型,右,右,東京,1989-09-22,44,0.154,21,47,39,6,2,4,0,1,1,12,5,0,0.19,0.333,0.524,1.82,2.27,NA,NA,NA,NA,NA,NA,NA,NA,NA,NA,NA,NA,NA,NA,NA,NA,NA
菅原　秀,Eagles,1100,投手,3,183,78,O型,右,左,大阪,1994-04-05,45,NA,9,NA,NA,NA,NA,NA,NA,NA,NA,NA,NA,NA,NA,NA,NA,NA,NA,4.08,1,3,0,0,0.25,160,35.1,35,1,20,4,21,19,16,1.56,4.34
下水流　昂,Eagles,1500,外野手,7,178,88,A型,右,右,神奈川,1988-04-23,46,0.25,50,101,88,22,2,6,0,10,1,28,2,1,0.333,0.341,0.674,3.93,3.97,NA,NA,NA,NA,NA,NA,NA,NA,NA,NA,NA,NA,NA,NA,NA,NA,NA
渡邊　佑樹,Eagles,950,投手,2,183,85,A型,左,左,山梨,1995-11-08,47,NA,1,NA,NA,NA,NA,NA,NA,NA,NA,NA,NA,NA,NA,NA,NA,NA,NA,0,0,0,0,0,0,5,1,0,0,2,0,3,0,0,2,3.12
渡邊　佳明,Eagles,750,内野手,1,180,79,A型,右,左,神奈川,1997-01-08,48,0.225,77,245,218,49,1,26,0,14,1,40,11,5,0.274,0.284,0.558,2.33,2.35,NA,NA,NA,NA,NA,NA,NA,NA,NA,NA,NA,NA,NA,NA,NA,NA,NA
橋本　到,Eagles,2900,外野手,11,172,78,O型,右,左,宮城,1990-04-28,49,0,11,10,9,0,0,0,1,1,0,3,0,0,0.1,0,0.1,-1.33,-0.93,NA,NA,NA,NA,NA,NA,NA,NA,NA,NA,NA,NA,NA,NA,NA,NA,NA
耀飛,Eagles,700,外野手,2,180,96,A型,右,右,大阪,1996-03-05,50,NA,NA,NA,NA,NA,NA,NA,NA,NA,NA,NA,NA,NA,NA,NA,NA,NA,NA,NA,NA,NA,NA,NA,NA,NA,NA,NA,NA,NA,NA,NA,NA,NA,NA,NA
小郷　裕哉,Eagles,700,外野手,1,178,85,O型,右,左,岡山,1996-08-03,51,0.172,22,34,29,5,1,4,0,4,0,11,1,0,0.273,0.345,0.618,3.16,3.27,NA,NA,NA,NA,NA,NA,NA,NA,NA,NA,NA,NA,NA,NA,NA,NA,NA
森原　康平,Eagles,1500,投手,3,185,88,AB型,右,左,広島,1991-12-26,52,NA,64,NA,NA,NA,NA,NA,NA,NA,NA,NA,NA,NA,NA,NA,NA,NA,NA,1.97,4,2,0,29,0.667,255,64,47,3,18,1,65,15,14,1.02,2.54
高梨　雄平,Eagles,5500,投手,3,175,81,O型,左,左,埼玉,1992-07-13,53,NA,48,NA,NA,NA,NA,NA,NA,NA,NA,NA,NA,NA,NA,NA,NA,NA,NA,2.3,2,1,0,14,0.667,146,31.1,25,0,23,4,41,8,8,1.53,2.9
和田　恋,Eagles,800,外野手,6,180,93,O型,右,右,高知,1995-09-26,54,0.252,31,113,107,27,2,11,0,3,1,32,1,4,0.277,0.364,0.641,2.97,3.02,NA,NA,NA,NA,NA,NA,NA,NA,NA,NA,NA,NA,NA,NA,NA,NA,NA
鈴木　翔天,Eagles,700,投手,1,185,82,A型,左,左,神奈川,1996-08-19,56,NA,NA,NA,NA,NA,NA,NA,NA,NA,NA,NA,NA,NA,NA,NA,NA,NA,NA,NA,NA,NA,NA,NA,NA,NA,NA,NA,NA,NA,NA,NA,NA,NA,NA,NA
卓丸,Eagles,480,外野手,5,180,76,O型,右,左,福島,1997-01-17,57,NA,NA,NA,NA,NA,NA,NA,NA,NA,NA,NA,NA,NA,NA,NA,NA,NA,NA,NA,NA,NA,NA,NA,NA,NA,NA,NA,NA,NA,NA,NA,NA,NA,NA,NA
辛島　航,Eagles,5000,投手,11,173,72,A型,左,左,福岡,1990-10-18,58,NA,27,NA,NA,NA,NA,NA,NA,NA,NA,NA,NA,NA,NA,NA,NA,NA,NA,4.14,9,6,0,2,0.6,518,117.1,119,14,57,0,84,59,54,1.5,4.62
熊原　健人,Eagles,1000,投手,4,178,85,O型,右,左,宮城,1993-10-19,59,NA,1,NA,NA,NA,NA,NA,NA,NA,NA,NA,NA,NA,NA,NA,NA,NA,NA,5.4,0,0,0,0,0,17,3.1,4,1,3,0,3,2,2,2.1,7.92
佐藤　智輝,Eagles,600,投手,1,183,80,O型,左,左,山形,2000-06-05,61,NA,NA,NA,NA,NA,NA,NA,NA,NA,NA,NA,NA,NA,NA,NA,NA,NA,NA,NA,NA,NA,NA,NA,NA,NA,NA,NA,NA,NA,NA,NA,NA,NA,NA,NA
西口　直人,Eagles,630,投手,3,183,83,B型,右,右,大阪,1996-11-14,62,NA,NA,NA,NA,NA,NA,NA,NA,NA,NA,NA,NA,NA,NA,NA,NA,NA,NA,NA,NA,NA,NA,NA,NA,NA,NA,NA,NA,NA,NA,NA,NA,NA,NA,NA
由規,Eagles,340,投手,12,179,80,A型,右,左,宮城,1989-12-05,63,NA,1,NA,NA,NA,NA,NA,NA,NA,NA,NA,NA,NA,NA,NA,NA,NA,NA,0,0,0,0,0,0,3,1,0,0,0,0,2,0,0,0,-0.88
福山　博之,Eagles,8000,投手,9,172,70,B型,右,右,島根,1989-03-27,64,NA,7,NA,NA,NA,NA,NA,NA,NA,NA,NA,NA,NA,NA,NA,NA,NA,NA,5.19,0,0,0,1,0,38,8.2,8,0,1,3,4,5,5,1.04,3.58
堀内　謙伍,Eagles,650,捕手,4,174,82,A型,右,左,静岡,1997-04-15,65,0.156,65,140,122,19,0,13,0,5,2,41,11,2,0.202,0.205,0.406,0.69,0.79,NA,NA,NA,NA,NA,NA,NA,NA,NA,NA,NA,NA,NA,NA,NA,NA,NA
村林　一輝,Eagles,630,内野手,4,180,73,O型,右,右,大阪,1997-10-06,66,0.083,49,25,24,2,0,0,0,0,0,5,1,1,0.083,0.125,0.208,-1.73,-1.57,NA,NA,NA,NA,NA,NA,NA,NA,NA,NA,NA,NA,NA,NA,NA,NA,NA
西巻　賢二,Eagles,580,内野手,2,167,68,A型,右,右,福島,1999-04-22,67,0,2,1,1,0,0,0,0,0,0,1,0,0,0,0,0,-2.92,-2.7,NA,NA,NA,NA,NA,NA,NA,NA,NA,NA,NA,NA,NA,NA,NA,NA,NA
寺岡　寛治,Eagles,500,投手,2,180,89,B型,右,右,福岡,1992-12-03,68,NA,1,NA,NA,NA,NA,NA,NA,NA,NA,NA,NA,NA,NA,NA,NA,NA,NA,9,0,0,0,0,0,15,3,6,1,0,0,2,3,3,2,6.12
野元　浩輝,Eagles,500,投手,3,181,73,O型,右,右,長崎,1998-05-16,NA,NA,NA,NA,NA,NA,NA,NA,NA,NA,NA,NA,NA,NA,NA,NA,NA,NA,NA,NA,NA,NA,NA,NA,NA,NA,NA,NA,NA,NA,NA,NA,NA,NA,NA,NA
ブラッシュ,Eagles,12000,外野手,1,196,106,不明,右,右,アメリカ,1989-07-04,69,0.261,128,527,426,111,33,95,2,81,17,157,0,7,0.397,0.54,0.936,7.57,7.6,NA,NA,NA,NA,NA,NA,NA,NA,NA,NA,NA,NA,NA,NA,NA,NA,NA
石原　彪,Eagles,500,捕手,3,172,96,A型,右,右,京都,1999-03-08,70,0,4,7,7,0,0,0,0,0,0,5,0,0,0,0,0,-2.85,-2.58,NA,NA,NA,NA,NA,NA,NA,NA,NA,NA,NA,NA,NA,NA,NA,NA,NA
久保　裕也,Eagles,1700,投手,17,177,78,B型,右,右,福岡,1980-05-23,91,NA,22,NA,NA,NA,NA,NA,NA,NA,NA,NA,NA,NA,NA,NA,NA,NA,NA,2.82,2,1,0,2,0.667,94,22.1,16,3,11,1,14,7,7,1.21,5.22
石橋　良太,Eagles,700,投手,4,175,77,A型,右,左,大阪,1991-06-06,94,NA,28,NA,NA,NA,NA,NA,NA,NA,NA,NA,NA,NA,NA,NA,NA,NA,NA,3.82,8,7,0,0,0.533,535,127.1,116,20,35,6,71,60,54,1.19,5.01
フェルナンド,Eagles,500,外野手,5,175,79,O型,右,右,ブラジル,1992-04-13,97,0.235,16,39,34,8,0,7,0,2,1,10,1,1,0.289,0.265,0.554,2.37,2.66,NA,NA,NA,NA,NA,NA,NA,NA,NA,NA,NA,NA,NA,NA,NA,NA,NA
今野　龍太,Eagles,550,投手,6,178,70,AB型,右,右,宮城,1995-05-11,98,NA,4,NA,NA,NA,NA,NA,NA,NA,NA,NA,NA,NA,NA,NA,NA,NA,NA,10,1,0,0,0,1,44,9,13,1,3,1,7,10,10,1.78,4.34
ヒメネス,Eagles,240,内野手,1,180,94,不明,右,右,ドミニカ共和国,1988-01-18,99,NA,NA,NA,NA,NA,NA,NA,NA,NA,NA,NA,NA,NA,NA,NA,NA,NA,NA,NA,NA,NA,NA,NA,NA,NA,NA,NA,NA,NA,NA,NA,NA,NA,NA,NA
山田　大樹,Eagles,300,内野手,4,174,89,B型,右,左,三重,1997-10-04,NA,NA,NA,NA,NA,NA,NA,NA,NA,NA,NA,NA,NA,NA,NA,NA,NA,NA,NA,NA,NA,NA,NA,NA,NA,NA,NA,NA,NA,NA,NA,NA,NA,NA,NA,NA
千葉　耕太,Eagles,250,投手,3,191,87,A型,右,右,岩手,1998-04-22,NA,NA,NA,NA,NA,NA,NA,NA,NA,NA,NA,NA,NA,NA,NA,NA,NA,NA,NA,NA,NA,NA,NA,NA,NA,NA,NA,NA,NA,NA,NA,NA,NA,NA,NA,NA
南　要輔,Eagles,250,内野手,3,175,73,O型,右,右,東京,1994-08-07,NA,NA,NA,NA,NA,NA,NA,NA,NA,NA,NA,NA,NA,NA,NA,NA,NA,NA,NA,NA,NA,NA,NA,NA,NA,NA,NA,NA,NA,NA,NA,NA,NA,NA,NA,NA
木村　敏靖,Eagles,250,投手,3,176,78,O型,右,左,奈良,1995-09-14,NA,NA,NA,NA,NA,NA,NA,NA,NA,NA,NA,NA,NA,NA,NA,NA,NA,NA,NA,NA,NA,NA,NA,NA,NA,NA,NA,NA,NA,NA,NA,NA,NA,NA,NA,NA
井手　亮太郎,Eagles,250,投手,2,185,83,A型,右,左,福岡,1996-03-20,NA,NA,NA,NA,NA,NA,NA,NA,NA,NA,NA,NA,NA,NA,NA,NA,NA,NA,NA,NA,NA,NA,NA,NA,NA,NA,NA,NA,NA,NA,NA,NA,NA,NA,NA,NA
松本　京志郎,Eagles,250,内野手,2,172,72,O型,右,左,福島,1999-09-21,NA,NA,NA,NA,NA,NA,NA,NA,NA,NA,NA,NA,NA,NA,NA,NA,NA,NA,NA,NA,NA,NA,NA,NA,NA,NA,NA,NA,NA,NA,NA,NA,NA,NA,NA,NA
中村　和希,Eagles,250,外野手,2,173,75,A型,左,左,大阪,1995-10-26,NA,NA,NA,NA,NA,NA,NA,NA,NA,NA,NA,NA,NA,NA,NA,NA,NA,NA,NA,NA,NA,NA,NA,NA,NA,NA,NA,NA,NA,NA,NA,NA,NA,NA,NA,NA
清宮　虎多朗,Eagles,250,投手,1,190,84,A型,右,左,千葉,2000-05-26,NA,NA,NA,NA,NA,NA,NA,NA,NA,NA,NA,NA,NA,NA,NA,NA,NA,NA,NA,NA,NA,NA,NA,NA,NA,NA,NA,NA,NA,NA,NA,NA,NA,NA,NA,NA
則本　佳樹,Eagles,250,投手,1,174,79,A型,右,左,滋賀,1994-05-14,NA,NA,NA,NA,NA,NA,NA,NA,NA,NA,NA,NA,NA,NA,NA,NA,NA,NA,NA,NA,NA,NA,NA,NA,NA,NA,NA,NA,NA,NA,NA,NA,NA,NA,NA,NA
下妻　貴寛,Eagles,550,捕手,7,186,85,B型,右,右,山形,1994-04-15,NA,NA,NA,NA,NA,NA,NA,NA,NA,NA,NA,NA,NA,NA,NA,NA,NA,NA,NA,NA,NA,NA,NA,NA,NA,NA,NA,NA,NA,NA,NA,NA,NA,NA,NA,NA
鶴田　圭祐,Eagles,500,投手,3,180,88,A型,左,左,滋賀,1994-05-12,NA,NA,NA,NA,NA,NA,NA,NA,NA,NA,NA,NA,NA,NA,NA,NA,NA,NA,NA,NA,NA,NA,NA,NA,NA,NA,NA,NA,NA,NA,NA,NA,NA,NA,NA,NA
山﨑　福也,Orix,1500,投手,5,188,88,B型,左,左,埼玉,1992-09-09,0,NA,36,NA,NA,NA,NA,NA,NA,NA,NA,NA,NA,NA,NA,NA,NA,NA,NA,4.5,2,3,0,1,0.4,236,54,49,6,28,3,37,27,27,1.43,4.75
西浦　颯大,Orix,480,外野手,2,178,70,A型,右,左,熊本,1999-05-21,00,0.195,77,239,220,43,1,18,8,13,0,56,5,1,0.239,0.255,0.494,1.82,1.94,NA,NA,NA,NA,NA,NA,NA,NA,NA,NA,NA,NA,NA,NA,NA,NA,NA
モヤ,Orix,5000,外野手,2,201,117,不明,右,両,プエルトリコ,1991-08-09,1,0.244,64,255,242,59,10,35,0,10,2,59,0,7,0.278,0.397,0.675,3.49,3.58,NA,NA,NA,NA,NA,NA,NA,NA,NA,NA,NA,NA,NA,NA,NA,NA,NA
白崎　浩之,Orix,1850,内野手,7,184,90,O型,右,右,北海道,1990-08-20,2,0.204,25,54,49,10,2,6,0,5,0,14,0,1,0.278,0.327,0.604,2.87,3.1,NA,NA,NA,NA,NA,NA,NA,NA,NA,NA,NA,NA,NA,NA,NA,NA,NA
安達　了一,Orix,9000,内野手,8,179,78,O型,右,右,群馬,1988-01-07,3,0.277,56,179,155,43,2,20,10,18,1,29,4,5,0.354,0.368,0.722,4.69,4.62,NA,NA,NA,NA,NA,NA,NA,NA,NA,NA,NA,NA,NA,NA,NA,NA,NA
福田　周平,Orix,2800,内野手,2,167,69,A型,右,左,大阪,1992-08-08,4,0.25,135,583,492,123,2,38,30,62,8,57,19,7,0.342,0.309,0.651,3.85,3.87,NA,NA,NA,NA,NA,NA,NA,NA,NA,NA,NA,NA,NA,NA,NA,NA,NA
西野　真弘,Orix,2800,内野手,5,167,71,O型,右,左,東京,1990-08-02,5,0.241,56,188,166,40,1,14,1,16,2,24,3,1,0.314,0.301,0.615,3.55,3.6,NA,NA,NA,NA,NA,NA,NA,NA,NA,NA,NA,NA,NA,NA,NA,NA,NA
宗　佑磨,Orix,1800,外野手,5,181,78,B型,右,左,東京,1996-06-07,6,0.27,54,177,148,40,2,14,7,13,11,30,4,4,0.37,0.365,0.735,4.82,4.79,NA,NA,NA,NA,NA,NA,NA,NA,NA,NA,NA,NA,NA,NA,NA,NA,NA
後藤　駿太,Orix,2300,外野手,9,180,83,A型,右,左,群馬,1993-03-05,8,0.224,91,194,165,37,1,22,4,19,3,47,6,1,0.314,0.321,0.635,3.48,3.53,NA,NA,NA,NA,NA,NA,NA,NA,NA,NA,NA,NA,NA,NA,NA,NA,NA
ロメロ,Orix,28750,外野手,3,188,100,不明,右,右,アメリカ,1988-10-17,9,0.305,81,331,295,90,18,63,3,25,5,83,0,3,0.363,0.539,0.902,7.04,7.07,NA,NA,NA,NA,NA,NA,NA,NA,NA,NA,NA,NA,NA,NA,NA,NA,NA
大城　滉二,Orix,3800,内野手,4,175,78,B型,右,右,沖縄,1993-06-14,10,0.262,91,345,302,79,3,28,11,25,6,56,11,4,0.329,0.364,0.694,3.92,3.85,NA,NA,NA,NA,NA,NA,NA,NA,NA,NA,NA,NA,NA,NA,NA,NA,NA
マレーロ,Orix,6780,内野手,3,191,95,不明,右,右,アメリカ,1988-07-02,12,0.211,43,133,123,26,2,14,0,7,1,35,0,5,0.256,0.317,0.573,2.16,2.34,NA,NA,NA,NA,NA,NA,NA,NA,NA,NA,NA,NA,NA,NA,NA,NA,NA
山岡　泰輔,Orix,4500,投手,3,172,68,A型,右,左,広島,1995-09-22,13,NA,26,NA,NA,NA,NA,NA,NA,NA,NA,NA,NA,NA,NA,NA,NA,NA,NA,3.71,13,4,0,0,0.765,699,170,154,16,45,4,154,77,70,1.17,3.38
吉田　一将,Orix,3900,投手,6,191,95,A型,右,左,奈良,1989-09-24,14,NA,33,NA,NA,NA,NA,NA,NA,NA,NA,NA,NA,NA,NA,NA,NA,NA,NA,4.06,1,1,0,6,0.5,156,37.2,33,3,14,1,28,17,17,1.25,3.78
荒西　祐大,Orix,1100,投手,1,178,83,B型,右,右,熊本,1992-08-25,15,NA,13,NA,NA,NA,NA,NA,NA,NA,NA,NA,NA,NA,NA,NA,NA,NA,NA,5.57,1,4,0,0,0.2,221,51.2,55,6,18,2,42,32,32,1.41,4.17
増井　浩俊,Orix,30000,投手,10,181,74,A型,右,右,静岡,1984-06-26,17,NA,53,NA,NA,NA,NA,NA,NA,NA,NA,NA,NA,NA,NA,NA,NA,NA,NA,4.83,1,4,18,14,0.2,230,50.1,51,5,24,1,64,29,27,1.49,3.18
岸田　護,Orix,4000,投手,14,180,80,A型,右,右,大阪,1981-05-10,18,NA,1,NA,NA,NA,NA,NA,NA,NA,NA,NA,NA,NA,NA,NA,NA,NA,NA,0,0,0,0,0,0,1,0.1,0,0,0,0,1,0,0,0,-2.88
近藤　大亮,Orix,3850,投手,4,177,76,O型,右,右,大阪,1991-05-29,20,NA,52,NA,NA,NA,NA,NA,NA,NA,NA,NA,NA,NA,NA,NA,NA,NA,NA,3.44,4,6,1,22,0.4,209,49.2,39,4,22,1,61,19,19,1.23,2.92
竹安　大知,Orix,900,投手,4,183,83,O型,右,右,静岡,1994-09-27,21,NA,10,NA,NA,NA,NA,NA,NA,NA,NA,NA,NA,NA,NA,NA,NA,NA,NA,4.5,3,2,0,0,0.6,234,54,63,5,17,5,37,28,27,1.48,4.18
髙城　俊人,Orix,1800,捕手,8,176,86,AB型,右,右,福岡,1993-05-03,22,0.182,5,12,11,2,0,0,0,1,0,4,0,0,0.25,0.182,0.432,1.29,1.5,NA,NA,NA,NA,NA,NA,NA,NA,NA,NA,NA,NA,NA,NA,NA,NA,NA
伏見　寅威,Orix,2200,捕手,7,182,88,AB型,右,右,北海道,1990-05-12,23,0.164,39,72,61,10,1,9,0,8,2,16,0,2,0.278,0.213,0.491,1.5,1.89,NA,NA,NA,NA,NA,NA,NA,NA,NA,NA,NA,NA,NA,NA,NA,NA,NA
宮﨑　祐樹,Orix,1800,外野手,9,178,85,A型,右,右,佐賀,1986-11-29,24,0.13,15,28,23,3,0,1,0,2,2,9,0,0,0.25,0.13,0.38,1.03,1.75,NA,NA,NA,NA,NA,NA,NA,NA,NA,NA,NA,NA,NA,NA,NA,NA,NA
西村　凌,Orix,1350,外野手,2,178,84,O型,右,右,滋賀,1996-02-21,25,0.265,19,53,49,13,2,4,2,2,0,10,2,1,0.294,0.449,0.743,4.59,4.48,NA,NA,NA,NA,NA,NA,NA,NA,NA,NA,NA,NA,NA,NA,NA,NA,NA
東明　大貴,Orix,2300,投手,6,178,77,O型,右,右,岐阜,1989-06-15,26,NA,7,NA,NA,NA,NA,NA,NA,NA,NA,NA,NA,NA,NA,NA,NA,NA,NA,7.11,1,1,0,0,0.5,91,19,20,5,16,1,9,15,15,1.89,8.28
アルバース,Orix,11700,投手,2,185,91,不明,左,右,カナダ,1985-10-06,27,NA,13,NA,NA,NA,NA,NA,NA,NA,NA,NA,NA,NA,NA,NA,NA,NA,NA,5.83,2,6,0,0,0.25,278,63.1,84,12,10,2,45,44,41,1.48,4.73
富山　凌雅,Orix,1000,投手,1,178,84,AB型,左,左,和歌山,1997-05-03,28,NA,1,NA,NA,NA,NA,NA,NA,NA,NA,NA,NA,NA,NA,NA,NA,NA,NA,0,0,0,0,0,0,6,2,0,0,0,0,2,0,0,0,1.12
田嶋　大樹,Orix,2000,投手,2,182,77,A型,左,左,栃木,1996-08-03,29,NA,10,NA,NA,NA,NA,NA,NA,NA,NA,NA,NA,NA,NA,NA,NA,NA,NA,3.44,3,4,0,0,0.429,219,49.2,48,4,20,1,40,26,19,1.37,3.82
Ｋ－鈴木,Orix,1000,投手,2,186,88,A型,右,右,千葉,1994-01-21,30,NA,19,NA,NA,NA,NA,NA,NA,NA,NA,NA,NA,NA,NA,NA,NA,NA,NA,4.31,4,6,0,0,0.4,451,102.1,100,15,49,3,88,56,49,1.46,4.83
太田　椋,Orix,800,内野手,1,181,78,B型,右,右,大阪,2001-02-14,31,0,6,16,13,0,0,0,0,2,1,7,0,0,0.188,0,0.188,-0.91,-0.44,NA,NA,NA,NA,NA,NA,NA,NA,NA,NA,NA,NA,NA,NA,NA,NA,NA
ディクソン,Orix,21800,投手,7,195,84,不明,右,右,アメリカ,1984-11-03,32,NA,37,NA,NA,NA,NA,NA,NA,NA,NA,NA,NA,NA,NA,NA,NA,NA,NA,3.03,2,1,18,5,0.667,150,35.2,29,1,18,0,38,12,12,1.32,2.62
メネセス,Orix,11000,内野手,1,191,100,不明,右,右,メキシコ,1992-05-06,33,0.206,29,118,102,21,4,14,0,13,0,28,0,3,0.288,0.363,0.651,3.17,3.6,NA,NA,NA,NA,NA,NA,NA,NA,NA,NA,NA,NA,NA,NA,NA,NA,NA
松井　雅人,Orix,2000,捕手,10,179,81,A型,右,左,群馬,1987-11-19,33,0.194,24,42,36,7,0,2,0,3,0,7,3,0,0.256,0.194,0.451,1.53,1.66,NA,NA,NA,NA,NA,NA,NA,NA,NA,NA,NA,NA,NA,NA,NA,NA,NA
吉田　正尚,Orix,8500,外野手,4,173,83,B型,右,左,福井,1993-07-15,34,0.322,143,610,521,168,29,85,5,79,5,64,0,12,0.413,0.543,0.956,8.33,8.06,NA,NA,NA,NA,NA,NA,NA,NA,NA,NA,NA,NA,NA,NA,NA,NA,NA
比嘉　幹貴,Orix,2300,投手,10,177,77,A型,右,右,沖縄,1982-12-07,35,NA,45,NA,NA,NA,NA,NA,NA,NA,NA,NA,NA,NA,NA,NA,NA,NA,NA,4.59,3,2,1,8,0.6,141,33.1,32,5,11,2,36,19,17,1.29,3.9
山足　達也,Orix,750,内野手,2,174,76,AB型,右,右,大阪,1993-10-26,36,0.164,28,64,61,10,1,8,0,2,1,12,0,1,0.203,0.246,0.449,0.85,1.08,NA,NA,NA,NA,NA,NA,NA,NA,NA,NA,NA,NA,NA,NA,NA,NA,NA
若月　健矢,Orix,4000,捕手,6,179,90,O型,右,右,埼玉,1995-10-04,37,0.178,138,348,298,53,1,21,2,21,4,73,25,4,0.241,0.218,0.46,1.4,1.49,NA,NA,NA,NA,NA,NA,NA,NA,NA,NA,NA,NA,NA,NA,NA,NA,NA
小島　脩平,Orix,1800,内野手,8,177,78,O型,右,左,群馬,1987-06-05,38,0.22,103,266,246,54,4,18,7,16,0,49,3,2,0.266,0.305,0.571,2.6,2.71,NA,NA,NA,NA,NA,NA,NA,NA,NA,NA,NA,NA,NA,NA,NA,NA,NA
小林　慶祐,Orix,1500,投手,3,187,86,B型,右,右,千葉,1992-11-02,39,NA,20,NA,NA,NA,NA,NA,NA,NA,NA,NA,NA,NA,NA,NA,NA,NA,NA,5.71,0,2,0,3,0,82,17.1,23,4,5,0,17,15,11,1.62,4.85
鈴木　昂平,Orix,1200,内野手,4,175,77,B型,右,右,東京,1991-06-20,40,0.227,58,53,44,10,0,0,0,4,3,12,2,2,0.333,0.25,0.583,2.65,2.69,NA,NA,NA,NA,NA,NA,NA,NA,NA,NA,NA,NA,NA,NA,NA,NA,NA
エップラー,Orix,6500,投手,1,196,104,不明,右,右,アメリカ,1993-01-05,42,NA,24,NA,NA,NA,NA,NA,NA,NA,NA,NA,NA,NA,NA,NA,NA,NA,NA,4.02,4,4,0,3,0.5,137,31.1,41,2,9,0,25,16,14,1.6,3.12
山本　由伸,Orix,4000,投手,3,178,80,AB型,右,右,岡山,1998-08-17,43,NA,20,NA,NA,NA,NA,NA,NA,NA,NA,NA,NA,NA,NA,NA,NA,NA,NA,1.95,8,6,0,0,0.571,553,143,101,8,36,3,127,37,31,0.96,2.89
頓宮　裕真,Orix,1200,内野手,1,181,98,AB型,右,右,岡山,1996-11-17,44,0.198,28,93,91,18,3,10,0,1,0,22,0,3,0.204,0.352,0.556,1.83,2.02,NA,NA,NA,NA,NA,NA,NA,NA,NA,NA,NA,NA,NA,NA,NA,NA,NA
飯田　大祐,Orix,860,捕手,3,181,85,O型,右,右,茨城,1990-09-19,45,0,8,16,13,0,0,0,0,0,0,4,3,1,0,0,0,-2.46,-2.3,NA,NA,NA,NA,NA,NA,NA,NA,NA,NA,NA,NA,NA,NA,NA,NA,NA
成瀬　善久,Orix,1500,投手,16,180,87,AB型,左,左,栃木,1985-10-13,46,NA,6,NA,NA,NA,NA,NA,NA,NA,NA,NA,NA,NA,NA,NA,NA,NA,NA,7.32,0,1,0,0,0,90,19.2,24,3,8,1,13,16,16,1.63,5.15
海田　智行,Orix,2100,投手,8,179,81,B型,左,左,広島,1987-09-02,47,NA,55,NA,NA,NA,NA,NA,NA,NA,NA,NA,NA,NA,NA,NA,NA,NA,NA,1.84,1,2,0,22,0.333,196,49,41,1,11,2,33,15,10,1.06,2.77
齋藤　綱記,Orix,600,投手,5,182,89,O型,左,左,北海道,1996-12-18,48,NA,11,NA,NA,NA,NA,NA,NA,NA,NA,NA,NA,NA,NA,NA,NA,NA,NA,10.29,0,0,0,1,0,46,7,14,0,9,0,8,10,8,3.29,4.69
澤田　圭佑,Orix,2600,投手,3,178,96,B型,右,左,愛媛,1994-04-27,49,NA,28,NA,NA,NA,NA,NA,NA,NA,NA,NA,NA,NA,NA,NA,NA,NA,NA,4.85,2,2,0,17,0.5,122,26,28,3,15,0,19,14,14,1.65,4.43
小田　裕也,Orix,2300,外野手,5,172,75,O型,右,左,熊本,1989-11-04,50,0.206,82,203,180,37,3,21,9,12,6,47,3,0,0.275,0.306,0.581,2.82,3.04,NA,NA,NA,NA,NA,NA,NA,NA,NA,NA,NA,NA,NA,NA,NA,NA,NA
岡﨑　大輔,Orix,610,内野手,3,182,75,AB型,右,左,埼玉,1998-09-17,52,NA,NA,NA,NA,NA,NA,NA,NA,NA,NA,NA,NA,NA,NA,NA,NA,NA,NA,NA,NA,NA,NA,NA,NA,NA,NA,NA,NA,NA,NA,NA,NA,NA,NA,NA
宜保　翔,Orix,500,内野手,1,174,66,O型,右,左,沖縄,2000-11-26,53,0.231,8,28,26,6,0,0,0,2,0,7,0,0,0.286,0.269,0.555,2.76,2.75,NA,NA,NA,NA,NA,NA,NA,NA,NA,NA,NA,NA,NA,NA,NA,NA,NA
黒木　優太,Orix,3500,投手,3,179,85,A型,右,左,神奈川,1994-08-16,54,NA,NA,NA,NA,NA,NA,NA,NA,NA,NA,NA,NA,NA,NA,NA,NA,NA,NA,NA,NA,NA,NA,NA,NA,NA,NA,NA,NA,NA,NA,NA,NA,NA,NA,NA
Ｔ－岡田,Orix,12000,外野手,14,187,100,B型,左,左,大阪,1988-02-09,55,0.12,20,56,50,6,1,2,0,6,0,19,0,3,0.214,0.18,0.394,0.14,0.44,NA,NA,NA,NA,NA,NA,NA,NA,NA,NA,NA,NA,NA,NA,NA,NA,NA
松井　佑介,Orix,1500,外野手,10,185,87,O型,右,右,大阪,1987-07-10,56,0.333,7,18,18,6,1,1,0,0,0,3,0,1,0.333,0.556,0.889,5.85,5.59,NA,NA,NA,NA,NA,NA,NA,NA,NA,NA,NA,NA,NA,NA,NA,NA,NA
山田　修義,Orix,1500,投手,10,184,90,B型,左,左,福井,1991-09-19,57,NA,40,NA,NA,NA,NA,NA,NA,NA,NA,NA,NA,NA,NA,NA,NA,NA,NA,3.56,0,0,0,5,0,172,43,31,6,18,0,44,17,17,1.14,4.07
金田　和之,Orix,1700,投手,7,184,86,O型,右,右,鹿児島,1990-09-18,58,NA,6,NA,NA,NA,NA,NA,NA,NA,NA,NA,NA,NA,NA,NA,NA,NA,NA,4.91,1,0,0,0,1,36,7.1,12,0,3,0,4,4,4,2.05,3.26
根本　薫,Orix,450,外野手,3,185,84,B型,左,左,茨城,1998-07-29,59,NA,NA,NA,NA,NA,NA,NA,NA,NA,NA,NA,NA,NA,NA,NA,NA,NA,NA,NA,NA,NA,NA,NA,NA,NA,NA,NA,NA,NA,NA,NA,NA,NA,NA,NA
左澤　優,Orix,1000,投手,1,172,75,A型,左,左,神奈川,1994-12-28,60,NA,4,NA,NA,NA,NA,NA,NA,NA,NA,NA,NA,NA,NA,NA,NA,NA,NA,0,0,0,0,0,0,13,3,1,0,3,0,3,0,0,1.33,4.12
榊原　翼,Orix,750,投手,3,180,90,AB型,右,右,千葉,1998-08-25,61,NA,13,NA,NA,NA,NA,NA,NA,NA,NA,NA,NA,NA,NA,NA,NA,NA,NA,2.72,3,4,0,0,0.429,333,79.1,64,5,37,5,59,29,24,1.27,4.04
山崎　勝己,Orix,1500,捕手,19,180,88,O型,右,右,兵庫,1982-08-16,62,0,24,8,8,0,0,0,0,0,0,5,0,1,0,0,0,-3.51,-3.39,NA,NA,NA,NA,NA,NA,NA,NA,NA,NA,NA,NA,NA,NA,NA,NA,NA
山﨑　颯一郎,Orix,500,投手,3,190,85,B型,右,右,石川,1998-06-15,63,NA,NA,NA,NA,NA,NA,NA,NA,NA,NA,NA,NA,NA,NA,NA,NA,NA,NA,NA,NA,NA,NA,NA,NA,NA,NA,NA,NA,NA,NA,NA,NA,NA,NA,NA
廣澤　伸哉,Orix,480,内野手,2,175,72,B型,右,右,大分,1999-08-11,64,NA,NA,NA,NA,NA,NA,NA,NA,NA,NA,NA,NA,NA,NA,NA,NA,NA,NA,NA,NA,NA,NA,NA,NA,NA,NA,NA,NA,NA,NA,NA,NA,NA,NA,NA
青山　大紀,Orix,800,投手,4,184,83,B型,右,左,大阪,1994-11-28,65,NA,NA,NA,NA,NA,NA,NA,NA,NA,NA,NA,NA,NA,NA,NA,NA,NA,NA,NA,NA,NA,NA,NA,NA,NA,NA,NA,NA,NA,NA,NA,NA,NA,NA,NA
吉田　凌,Orix,530,投手,4,181,78,A型,右,右,兵庫,1997-06-20,66,NA,4,NA,NA,NA,NA,NA,NA,NA,NA,NA,NA,NA,NA,NA,NA,NA,NA,8.31,0,0,0,0,0,21,4.1,7,2,3,0,2,4,4,2.31,10.27
中川　圭太,Orix,700,内野手,1,180,76,B型,右,右,大阪,1996-04-12,67,0.288,111,396,364,105,3,32,9,25,1,62,4,6,0.334,0.382,0.716,4.53,4.37,NA,NA,NA,NA,NA,NA,NA,NA,NA,NA,NA,NA,NA,NA,NA,NA,NA
鈴木　優,Orix,510,投手,5,181,81,B型,右,右,東京,1997-02-05,68,NA,1,NA,NA,NA,NA,NA,NA,NA,NA,NA,NA,NA,NA,NA,NA,NA,NA,4.5,0,0,0,0,0,9,2,1,0,3,0,2,1,1,2,5.62
岩本　輝,Orix,1200,投手,8,181,84,O型,右,左,山口,1992-10-21,91,NA,9,NA,NA,NA,NA,NA,NA,NA,NA,NA,NA,NA,NA,NA,NA,NA,NA,14.73,0,2,0,1,0,43,7.1,9,2,11,0,5,12,12,2.73,8.57
佐野　皓大,Orix,430,外野手,5,182,73,A型,右,両,大分,1996-09-02,93,0.207,68,130,121,25,1,9,12,5,1,43,3,2,0.244,0.289,0.533,2.22,2.26,NA,NA,NA,NA,NA,NA,NA,NA,NA,NA,NA,NA,NA,NA,NA,NA,NA
神戸　文也,Orix,260,投手,3,182,82,B型,右,右,群馬,1994-05-09,95,NA,19,NA,NA,NA,NA,NA,NA,NA,NA,NA,NA,NA,NA,NA,NA,NA,NA,3.86,0,0,0,5,0,85,21,17,4,5,2,19,10,9,1.05,4.79
本田　仁海,Orix,500,投手,2,181,74,A型,右,左,神奈川,1999-07-27,96,NA,NA,NA,NA,NA,NA,NA,NA,NA,NA,NA,NA,NA,NA,NA,NA,NA,NA,NA,NA,NA,NA,NA,NA,NA,NA,NA,NA,NA,NA,NA,NA,NA,NA,NA
張　奕,Orix,260,投手,3,182,84,O型,右,右,台湾,1994-02-26,98,NA,8,NA,NA,NA,NA,NA,NA,NA,NA,NA,NA,NA,NA,NA,NA,NA,NA,5.93,2,4,0,0,0.333,126,27.1,36,7,9,1,17,20,18,1.65,6.3
杉本　裕太郎,Orix,830,外野手,4,190,98,B型,右,右,徳島,1991-04-05,99,0.157,18,51,51,8,4,7,1,0,0,22,0,2,0.157,0.412,0.569,1.66,2.02,NA,NA,NA,NA,NA,NA,NA,NA,NA,NA,NA,NA,NA,NA,NA,NA,NA
稲富　宏樹,Orix,260,捕手,2,178,83,O型,右,左,大阪,1999-04-27,NA,NA,NA,NA,NA,NA,NA,NA,NA,NA,NA,NA,NA,NA,NA,NA,NA,NA,NA,NA,NA,NA,NA,NA,NA,NA,NA,NA,NA,NA,NA,NA,NA,NA,NA,NA
塚原　頌平,Orix,800,投手,9,184,90,O型,右,左,茨城,1992-07-08,NA,NA,NA,NA,NA,NA,NA,NA,NA,NA,NA,NA,NA,NA,NA,NA,NA,NA,NA,NA,NA,NA,NA,NA,NA,NA,NA,NA,NA,NA,NA,NA,NA,NA,NA,NA
漆原　大晟,Orix,260,投手,1,182,83,B型,右,左,新潟,1996-09-10,NA,NA,NA,NA,NA,NA,NA,NA,NA,NA,NA,NA,NA,NA,NA,NA,NA,NA,NA,NA,NA,NA,NA,NA,NA,NA,NA,NA,NA,NA,NA,NA,NA,NA,NA,NA
東　晃平,Orix,250,投手,2,178,78,O型,右,右,兵庫,1999-12-14,NA,NA,NA,NA,NA,NA,NA,NA,NA,NA,NA,NA,NA,NA,NA,NA,NA,NA,NA,NA,NA,NA,NA,NA,NA,NA,NA,NA,NA,NA,NA,NA,NA,NA,NA,NA
比屋根　彰人,Orix,250,内野手,2,183,94,A型,右,右,沖縄,1999-08-25,NA,NA,NA,NA,NA,NA,NA,NA,NA,NA,NA,NA,NA,NA,NA,NA,NA,NA,NA,NA,NA,NA,NA,NA,NA,NA,NA,NA,NA,NA,NA,NA,NA,NA,NA,NA
フェリペ,Orix,250,捕手,2,176,73,O型,右,右,静岡,1999-09-04,NA,NA,NA,NA,NA,NA,NA,NA,NA,NA,NA,NA,NA,NA,NA,NA,NA,NA,NA,NA,NA,NA,NA,NA,NA,NA,NA,NA,NA,NA,NA,NA,NA,NA,NA,NA
斎藤　佑樹,Fighters,1600,投手,9,176,74,A型,右,右,群馬,1988-06-06,1,NA,11,NA,NA,NA,NA,NA,NA,NA,NA,NA,NA,NA,NA,NA,NA,NA,NA,4.71,0,2,0,0,0,87,21,19,1,8,0,12,12,11,1.29,3.74
杉谷　拳士,Fighters,2600,内野手,11,173,78,B型,右,両,東京,1991-02-04,2,0.209,83,157,134,28,4,12,5,13,3,36,6,2,0.291,0.343,0.635,3.38,3.53,NA,NA,NA,NA,NA,NA,NA,NA,NA,NA,NA,NA,NA,NA,NA,NA,NA
田中　賢介,Fighters,6500,内野手,18,176,80,O型,右,左,福岡,1981-05-20,3,0.255,89,170,153,39,1,16,0,14,0,17,2,3,0.315,0.34,0.655,3.75,3.7,NA,NA,NA,NA,NA,NA,NA,NA,NA,NA,NA,NA,NA,NA,NA,NA,NA
谷口　雄也,Fighters,1300,外野手,9,182,91,B型,右,左,三重,1992-06-01,4,0.229,30,50,48,11,2,10,0,2,0,12,0,1,0.26,0.396,0.656,3.28,3.34,NA,NA,NA,NA,NA,NA,NA,NA,NA,NA,NA,NA,NA,NA,NA,NA,NA
大田　泰示,Fighters,6500,外野手,11,188,94,O型,右,右,広島,1990-06-09,5,0.289,132,594,557,161,20,77,6,27,5,111,0,22,0.325,0.451,0.776,4.78,4.71,NA,NA,NA,NA,NA,NA,NA,NA,NA,NA,NA,NA,NA,NA,NA,NA,NA
中田　翔,Fighters,28000,内野手,12,183,107,O型,右,右,広島,1989-04-22,6,0.242,124,514,450,109,24,80,0,55,5,83,0,16,0.329,0.449,0.778,4.84,4.93,NA,NA,NA,NA,NA,NA,NA,NA,NA,NA,NA,NA,NA,NA,NA,NA,NA
西川　遥輝,Fighters,20000,外野手,9,180,80,A型,右,左,和歌山,1992-04-16,7,0.288,142,651,548,158,5,41,19,93,2,111,8,5,0.393,0.385,0.779,6.13,5.9,NA,NA,NA,NA,NA,NA,NA,NA,NA,NA,NA,NA,NA,NA,NA,NA,NA
近藤　健介,Fighters,10000,外野手,8,173,86,O型,右,左,千葉,1993-08-09,8,0.302,138,600,490,148,2,59,1,103,2,81,0,11,0.422,0.4,0.822,6.64,6.44,NA,NA,NA,NA,NA,NA,NA,NA,NA,NA,NA,NA,NA,NA,NA,NA,NA
中島　卓也,Fighters,10000,内野手,11,178,72,A型,右,左,福岡,1991-01-11,9,0.22,120,328,291,64,0,16,12,22,2,70,12,2,0.278,0.244,0.522,2.25,2.35,NA,NA,NA,NA,NA,NA,NA,NA,NA,NA,NA,NA,NA,NA,NA,NA,NA
清水　優心,Fighters,2000,捕手,5,185,88,A型,右,右,山口,1996-05-22,10,0.259,98,246,216,56,5,24,0,19,1,51,9,6,0.321,0.366,0.686,3.75,3.76,NA,NA,NA,NA,NA,NA,NA,NA,NA,NA,NA,NA,NA,NA,NA,NA,NA
松本　剛,Fighters,2100,内野手,8,180,82,AB型,右,右,埼玉,1993-08-11,12,0.333,4,3,3,1,0,0,0,0,0,0,0,0,0.333,0.333,0.667,4.55,4.32,NA,NA,NA,NA,NA,NA,NA,NA,NA,NA,NA,NA,NA,NA,NA,NA,NA
生田目　翼,Fighters,1000,投手,1,176,86,A型,右,右,茨城,1995-02-19,13,NA,4,NA,NA,NA,NA,NA,NA,NA,NA,NA,NA,NA,NA,NA,NA,NA,NA,7.88,0,1,0,0,0,39,8,10,2,4,0,2,10,7,1.75,7.37
加藤　貴之,Fighters,3500,投手,4,182,87,AB型,左,左,千葉,1992-06-03,14,NA,26,NA,NA,NA,NA,NA,NA,NA,NA,NA,NA,NA,NA,NA,NA,NA,NA,3.52,5,7,0,1,0.417,378,92,85,11,23,3,70,39,36,1.17,4
上沢　直之,Fighters,7000,投手,8,187,90,A型,右,右,千葉,1994-02-06,15,NA,11,NA,NA,NA,NA,NA,NA,NA,NA,NA,NA,NA,NA,NA,NA,NA,NA,3.15,5,3,0,0,0.625,307,71.1,69,5,27,1,64,34,25,1.35,3.37
有原　航平,Fighters,7000,投手,5,189,101,AB型,右,右,広島,1992-08-11,16,NA,24,NA,NA,NA,NA,NA,NA,NA,NA,NA,NA,NA,NA,NA,NA,NA,NA,2.46,15,8,0,0,0.652,639,164.1,111,14,40,9,161,49,45,0.92,3.16
浦野　博司,Fighters,3000,投手,6,179,72,A型,右,右,静岡,1989-07-22,17,NA,25,NA,NA,NA,NA,NA,NA,NA,NA,NA,NA,NA,NA,NA,NA,NA,NA,4.98,3,1,0,7,0.75,143,34.1,37,11,7,0,34,20,19,1.28,5.83
吉田　輝星,Fighters,1000,投手,1,175,84,AB型,右,右,秋田,2001-01-12,18,NA,4,NA,NA,NA,NA,NA,NA,NA,NA,NA,NA,NA,NA,NA,NA,NA,NA,12.27,1,3,0,0,0.25,59,11,18,3,7,1,13,15,15,2.27,6.48
金子　弌大,Fighters,15000,投手,15,180,77,O型,右,左,新潟,1983-11-08,19,NA,26,NA,NA,NA,NA,NA,NA,NA,NA,NA,NA,NA,NA,NA,NA,NA,NA,3.04,8,7,0,2,0.533,460,109.2,106,10,40,0,75,42,37,1.33,4.03
上原　健太,Fighters,1700,投手,4,190,84,A型,左,左,沖縄,1994-03-29,20,NA,13,NA,NA,NA,NA,NA,NA,NA,NA,NA,NA,NA,NA,NA,NA,NA,NA,5.56,1,3,0,0,0.25,195,45.1,53,7,9,0,30,31,28,1.37,4.33
清宮　幸太郎,Fighters,1800,内野手,2,184,102,O型,右,左,東京,1999-05-25,21,0.204,81,278,250,51,7,33,0,21,3,75,0,4,0.27,0.34,0.61,2.9,3.16,NA,NA,NA,NA,NA,NA,NA,NA,NA,NA,NA,NA,NA,NA,NA,NA,NA
鶴岡　慎也,Fighters,6000,捕手,17,176,78,A型,右,右,鹿児島,1981-04-11,22,0.177,35,69,62,11,1,4,0,3,0,13,4,2,0.215,0.258,0.473,1.13,1.25,NA,NA,NA,NA,NA,NA,NA,NA,NA,NA,NA,NA,NA,NA,NA,NA,NA
渡邉　諒,Fighters,1400,内野手,6,178,80,B型,右,右,茨城,1995-04-30,23,0.262,132,543,481,126,11,58,0,48,6,120,3,8,0.333,0.385,0.718,4.53,4.59,NA,NA,NA,NA,NA,NA,NA,NA,NA,NA,NA,NA,NA,NA,NA,NA,NA
野村　佑希,Fighters,600,内野手,1,185,90,O型,右,右,アメリカ,2000-06-26,24,NA,NA,NA,NA,NA,NA,NA,NA,NA,NA,NA,NA,NA,NA,NA,NA,NA,NA,NA,NA,NA,NA,NA,NA,NA,NA,NA,NA,NA,NA,NA,NA,NA,NA,NA
宮西　尚生,Fighters,15000,投手,12,180,79,O型,左,左,兵庫,1985-06-02,25,NA,55,NA,NA,NA,NA,NA,NA,NA,NA,NA,NA,NA,NA,NA,NA,NA,NA,1.71,1,2,0,43,0.333,182,47.1,32,1,6,3,51,13,9,0.8,1.81
淺間　大基,Fighters,1100,外野手,5,183,80,B型,右,左,東京,1996-06-21,26,0.207,13,33,29,6,0,1,0,1,0,5,3,0,0.233,0.345,0.578,2.52,2.42,NA,NA,NA,NA,NA,NA,NA,NA,NA,NA,NA,NA,NA,NA,NA,NA,NA
マルティネス,Fighters,25000,投手,2,185,90,不明,右,左,アメリカ,1990-08-05,27,NA,NA,NA,NA,NA,NA,NA,NA,NA,NA,NA,NA,NA,NA,NA,NA,NA,NA,NA,NA,NA,NA,NA,NA,NA,NA,NA,NA,NA,NA,NA,NA,NA,NA,NA
ハンコック,Fighters,7000,投手,1,193,83,不明,右,右,アメリカ,1990-10-28,28,NA,8,NA,NA,NA,NA,NA,NA,NA,NA,NA,NA,NA,NA,NA,NA,NA,NA,9,0,1,2,2,0,33,7,8,1,5,0,8,7,7,1.86,4.41
井口　和朋,Fighters,2050,投手,4,175,80,O型,右,右,神奈川,1994-01-07,29,NA,32,NA,NA,NA,NA,NA,NA,NA,NA,NA,NA,NA,NA,NA,NA,NA,NA,2.53,1,0,1,7,1,131,32,28,3,7,2,19,9,9,1.09,3.9
宇佐見　真吾,Fighters,1600,捕手,4,181,90,O型,右,左,千葉,1993-06-04,30,0.198,45,103,96,19,0,9,0,6,0,19,1,4,0.245,0.229,0.474,1.15,1.21,NA,NA,NA,NA,NA,NA,NA,NA,NA,NA,NA,NA,NA,NA,NA,NA,NA
村田　透,Fighters,5000,投手,6,183,83,O型,右,左,大阪,1985-05-20,31,NA,13,NA,NA,NA,NA,NA,NA,NA,NA,NA,NA,NA,NA,NA,NA,NA,NA,3.18,0,2,0,2,0,138,34,32,4,5,2,23,15,12,1.09,3.91
谷内　亮太,Fighters,1050,内野手,7,177,79,B型,右,右,石川,1991-02-03,32,0.08,24,26,25,2,0,1,0,0,1,8,0,2,0.115,0.08,0.195,-1.86,-1.65,NA,NA,NA,NA,NA,NA,NA,NA,NA,NA,NA,NA,NA,NA,NA,NA,NA
バーベイト,Fighters,7000,投手,1,185,104,不明,右,右,アメリカ,1992-07-11,33,NA,15,NA,NA,NA,NA,NA,NA,NA,NA,NA,NA,NA,NA,NA,NA,NA,NA,5.63,2,2,0,1,0.5,147,32,35,5,21,1,22,23,20,1.75,5.75
堀　瑞輝,Fighters,960,投手,3,177,78,A型,左,左,広島,1998-05-10,34,NA,53,NA,NA,NA,NA,NA,NA,NA,NA,NA,NA,NA,NA,NA,NA,NA,NA,5.22,4,4,1,5,0.5,265,60.1,61,9,18,3,61,37,35,1.31,4.03
西村　天裕,Fighters,1400,投手,2,177,93,O型,右,右,和歌山,1993-05-06,35,NA,35,NA,NA,NA,NA,NA,NA,NA,NA,NA,NA,NA,NA,NA,NA,NA,NA,3.83,1,0,0,3,1,196,44.2,40,6,20,3,55,22,19,1.34,3.95
中村　勝,Fighters,1100,投手,10,185,83,A型,右,右,埼玉,1991-12-11,36,NA,1,NA,NA,NA,NA,NA,NA,NA,NA,NA,NA,NA,NA,NA,NA,NA,NA,27,0,1,0,0,0,14,2,3,1,4,0,0,6,6,3.5,15.62
柿木　蓮,Fighters,520,投手,1,181,88,A型,右,右,佐賀,2000-06-25,37,NA,NA,NA,NA,NA,NA,NA,NA,NA,NA,NA,NA,NA,NA,NA,NA,NA,NA,NA,NA,NA,NA,NA,NA,NA,NA,NA,NA,NA,NA,NA,NA,NA,NA,NA
石井　一成,Fighters,1620,内野手,3,182,80,O型,右,左,栃木,1994-05-06,38,0.224,76,226,196,44,4,22,2,16,0,61,13,3,0.282,0.367,0.649,3.1,3.14,NA,NA,NA,NA,NA,NA,NA,NA,NA,NA,NA,NA,NA,NA,NA,NA,NA
秋吉　亮,Fighters,6800,投手,6,182,73,A型,右,右,東京,1989-03-21,39,NA,53,NA,NA,NA,NA,NA,NA,NA,NA,NA,NA,NA,NA,NA,NA,NA,NA,2.96,0,5,25,7,0,212,51.2,38,6,19,2,48,19,17,1.1,3.82
福田　俊,Fighters,700,投手,1,170,74,A型,左,左,北海道,1996-12-14,40,NA,NA,NA,NA,NA,NA,NA,NA,NA,NA,NA,NA,NA,NA,NA,NA,NA,NA,NA,NA,NA,NA,NA,NA,NA,NA,NA,NA,NA,NA,NA,NA,NA,NA,NA
ロドリゲス,Fighters,6000,投手,2,196,81,不明,右,右,ドミニカ共和国,1991-07-06,41,NA,34,NA,NA,NA,NA,NA,NA,NA,NA,NA,NA,NA,NA,NA,NA,NA,NA,3.25,6,7,1,8,0.462,383,91.1,89,7,27,4,55,36,33,1.27,3.83
黒羽根　利規,Fighters,1700,捕手,14,179,90,A型,右,右,神奈川,1987-06-02,42,0,4,3,2,0,0,1,0,1,0,1,0,0,0.333,0,0.333,1.39,2.03,NA,NA,NA,NA,NA,NA,NA,NA,NA,NA,NA,NA,NA,NA,NA,NA,NA
白村　明弘,Fighters,1850,外野手,6,187,87,B型,右,左,岐阜,1991-12-11,43,0,1,3,3,0,0,0,0,0,0,3,0,0,0,0,0,-2.92,-2.61,NA,NA,NA,NA,NA,NA,NA,NA,NA,NA,NA,NA,NA,NA,NA,NA,NA
森山　恵佑,Fighters,820,外野手,3,188,97,B型,左,左,富山,1994-05-02,44,NA,NA,NA,NA,NA,NA,NA,NA,NA,NA,NA,NA,NA,NA,NA,NA,NA,NA,NA,NA,NA,NA,NA,NA,NA,NA,NA,NA,NA,NA,NA,NA,NA,NA,NA
平沼　翔太,Fighters,570,内野手,4,179,78,A型,右,左,福井,1997-08-16,45,0.236,73,184,165,39,1,16,2,10,3,26,5,3,0.291,0.333,0.624,3.17,3.15,NA,NA,NA,NA,NA,NA,NA,NA,NA,NA,NA,NA,NA,NA,NA,NA,NA
田中　瑛斗,Fighters,540,投手,2,184,73,A型,右,左,大分,1999-07-13,46,NA,1,NA,NA,NA,NA,NA,NA,NA,NA,NA,NA,NA,NA,NA,NA,NA,NA,9,0,1,0,0,0,9,2,2,0,1,0,1,2,2,1.5,3.62
田中　豊樹,Fighters,950,投手,4,180,98,AB型,右,右,佐賀,1993-12-01,47,NA,NA,NA,NA,NA,NA,NA,NA,NA,NA,NA,NA,NA,NA,NA,NA,NA,NA,NA,NA,NA,NA,NA,NA,NA,NA,NA,NA,NA,NA,NA,NA,NA,NA,NA
高山　優希,Fighters,530,投手,3,181,82,O型,左,左,大阪,1998-05-17,48,NA,NA,NA,NA,NA,NA,NA,NA,NA,NA,NA,NA,NA,NA,NA,NA,NA,NA,NA,NA,NA,NA,NA,NA,NA,NA,NA,NA,NA,NA,NA,NA,NA,NA,NA
公文　克彦,Fighters,4100,投手,7,173,83,A型,左,左,高知,1992-03-04,49,NA,61,NA,NA,NA,NA,NA,NA,NA,NA,NA,NA,NA,NA,NA,NA,NA,NA,3.96,2,0,1,17,1,213,52.1,41,5,18,1,31,24,23,1.13,4.09
鈴木　遼太郎,Fighters,750,投手,2,183,83,A型,右,右,宮城,1996-02-18,50,NA,1,NA,NA,NA,NA,NA,NA,NA,NA,NA,NA,NA,NA,NA,NA,NA,NA,0,0,0,0,0,0,9,2,2,0,1,0,3,0,0,1.5,1.62
石川　直也,Fighters,3400,投手,5,191,94,A型,右,右,山形,1996-07-11,51,NA,60,NA,NA,NA,NA,NA,NA,NA,NA,NA,NA,NA,NA,NA,NA,NA,NA,3.31,3,2,5,21,0.6,220,54.1,39,6,16,1,75,20,20,1.01,2.73
宮台　康平,Fighters,770,投手,2,179,84,O型,左,左,神奈川,1995-07-01,52,NA,NA,NA,NA,NA,NA,NA,NA,NA,NA,NA,NA,NA,NA,NA,NA,NA,NA,NA,NA,NA,NA,NA,NA,NA,NA,NA,NA,NA,NA,NA,NA,NA,NA,NA
立田　将太,Fighters,530,投手,5,180,101,AB型,右,右,奈良,1996-06-04,53,NA,NA,NA,NA,NA,NA,NA,NA,NA,NA,NA,NA,NA,NA,NA,NA,NA,NA,NA,NA,NA,NA,NA,NA,NA,NA,NA,NA,NA,NA,NA,NA,NA,NA,NA
玉井　大翔,Fighters,1950,投手,3,178,79,A型,右,右,北海道,1992-06-16,54,NA,65,NA,NA,NA,NA,NA,NA,NA,NA,NA,NA,NA,NA,NA,NA,NA,NA,2.61,2,3,0,11,0.4,256,62,52,1,22,1,34,22,18,1.19,3.25
難波　侑平,Fighters,520,内野手,2,178,76,B型,右,左,岡山,1999-05-06,55,NA,NA,NA,NA,NA,NA,NA,NA,NA,NA,NA,NA,NA,NA,NA,NA,NA,NA,NA,NA,NA,NA,NA,NA,NA,NA,NA,NA,NA,NA,NA,NA,NA,NA,NA
吉川　光夫,Fighters,7500,投手,13,178,76,O型,左,左,福岡,1988-04-06,56,NA,4,NA,NA,NA,NA,NA,NA,NA,NA,NA,NA,NA,NA,NA,NA,NA,NA,6.75,0,3,0,0,0,50,10.2,11,2,7,0,8,8,8,1.69,6.03
杉浦　稔大,Fighters,1600,投手,6,189,88,A型,右,右,北海道,1992-02-25,57,NA,14,NA,NA,NA,NA,NA,NA,NA,NA,NA,NA,NA,NA,NA,NA,NA,NA,3.74,4,4,0,0,0.5,252,65,52,7,13,2,50,30,27,1,3.67
横尾　俊建,Fighters,2100,内野手,4,177,95,O型,右,右,東京,1993-05-27,58,0.188,78,191,170,32,3,13,0,15,4,34,1,4,0.268,0.3,0.568,2.44,2.54,NA,NA,NA,NA,NA,NA,NA,NA,NA,NA,NA,NA,NA,NA,NA,NA,NA
吉田　侑樹,Fighters,920,投手,4,188,85,B型,右,右,大阪,1994-02-16,59,NA,9,NA,NA,NA,NA,NA,NA,NA,NA,NA,NA,NA,NA,NA,NA,NA,NA,6,0,0,0,0,0,98,21,27,6,11,1,17,14,14,1.81,6.93
郡　拓也,Fighters,490,捕手,3,178,81,B型,右,右,東京,1998-04-25,60,0.25,2,4,4,1,0,0,0,0,0,2,0,0,0.25,0.25,0.5,1.89,1.89,NA,NA,NA,NA,NA,NA,NA,NA,NA,NA,NA,NA,NA,NA,NA,NA,NA
姫野　優也,Fighters,490,外野手,4,184,84,B型,右,両,大阪,1997-04-02,61,NA,NA,NA,NA,NA,NA,NA,NA,NA,NA,NA,NA,NA,NA,NA,NA,NA,NA,NA,NA,NA,NA,NA,NA,NA,NA,NA,NA,NA,NA,NA,NA,NA,NA,NA
髙濱　祐仁,Fighters,510,内野手,5,184,89,B型,右,右,佐賀,1996-08-08,62,NA,NA,NA,NA,NA,NA,NA,NA,NA,NA,NA,NA,NA,NA,NA,NA,NA,NA,NA,NA,NA,NA,NA,NA,NA,NA,NA,NA,NA,NA,NA,NA,NA,NA,NA
北浦　竜次,Fighters,560,投手,2,184,91,AB型,左,左,栃木,2000-01-12,63,NA,6,NA,NA,NA,NA,NA,NA,NA,NA,NA,NA,NA,NA,NA,NA,NA,NA,5.71,1,1,0,0,0.5,78,17.1,21,1,6,0,6,11,11,1.56,4.22
田宮　裕涼,Fighters,480,捕手,1,174,77,A型,右,左,千葉,2000-06-13,64,NA,NA,NA,NA,NA,NA,NA,NA,NA,NA,NA,NA,NA,NA,NA,NA,NA,NA,NA,NA,NA,NA,NA,NA,NA,NA,NA,NA,NA,NA,NA,NA,NA,NA,NA
万波　中正,Fighters,520,外野手,1,190,90,A型,右,右,東京,2000-04-07,66,0,2,4,4,0,0,0,0,0,0,2,0,0,0,0,0,-2.81,-2.57,NA,NA,NA,NA,NA,NA,NA,NA,NA,NA,NA,NA,NA,NA,NA,NA,NA
岸里　亮佑,Fighters,530,外野手,6,180,76,B型,右,左,岩手,1995-04-03,67,NA,NA,NA,NA,NA,NA,NA,NA,NA,NA,NA,NA,NA,NA,NA,NA,NA,NA,NA,NA,NA,NA,NA,NA,NA,NA,NA,NA,NA,NA,NA,NA,NA,NA,NA
石川　亮,Fighters,800,捕手,6,180,84,O型,右,右,神奈川,1995-07-20,68,0.2,46,86,75,15,0,3,0,2,0,29,9,2,0.221,0.24,0.461,1.07,1.08,NA,NA,NA,NA,NA,NA,NA,NA,NA,NA,NA,NA,NA,NA,NA,NA,NA
今井　順之助,Fighters,480,内野手,3,177,94,A型,右,左,岐阜,1998-05-25,70,0.143,2,7,7,1,0,1,0,0,0,2,0,0,0.143,0.143,0.286,-0.45,-0.27,NA,NA,NA,NA,NA,NA,NA,NA,NA,NA,NA,NA,NA,NA,NA,NA,NA
實松　一成,Fighters,1150,捕手,21,177,89,A型,右,右,佐賀,1981-01-18,90,0,5,1,1,0,0,0,0,0,0,0,0,0,0,0,0,-2.7,-2.43,NA,NA,NA,NA,NA,NA,NA,NA,NA,NA,NA,NA,NA,NA,NA,NA,NA
王　柏融,Fighters,9000,外野手,1,182,85,不明,右,左,台湾,1993-09-09,99,0.255,88,340,306,78,3,35,1,25,6,65,0,6,0.321,0.327,0.647,3.74,3.78,NA,NA,NA,NA,NA,NA,NA,NA,NA,NA,NA,NA,NA,NA,NA,NA,NA
森本　龍弥,Fighters,430,内野手,7,185,103,O型,右,右,兵庫,1994-06-12,NA,NA,NA,NA,NA,NA,NA,NA,NA,NA,NA,NA,NA,NA,NA,NA,NA,NA,NA,NA,NA,NA,NA,NA,NA,NA,NA,NA,NA,NA,NA,NA,NA,NA,NA,NA
海老原　一佳,Fighters,260,外野手,1,188,92,A型,右,左,東京,1995-09-13,NA,NA,NA,NA,NA,NA,NA,NA,NA,NA,NA,NA,NA,NA,NA,NA,NA,NA,NA,NA,NA,NA,NA,NA,NA,NA,NA,NA,NA,NA,NA,NA,NA,NA,NA,NA
レイビン,Lotte,8720,投手,1,193,98,不明,右,右,アメリカ,1988-01-21,00,NA,2,NA,NA,NA,NA,NA,NA,NA,NA,NA,NA,NA,NA,NA,NA,NA,NA,27,0,0,0,0,0,12,1.2,3,1,3,1,1,5,5,3.6,16.92
荻野　貴司,Lotte,4500,外野手,10,172,75,O型,右,右,奈良,1985-10-21,0,0.315,125,569,508,160,10,46,28,40,8,56,9,4,0.371,0.47,0.842,6.58,6.3,NA,NA,NA,NA,NA,NA,NA,NA,NA,NA,NA,NA,NA,NA,NA,NA,NA
清田　育宏,Lotte,4400,外野手,10,180,85,A型,右,右,千葉,1986-02-11,1,0.253,117,377,336,85,10,57,1,35,2,77,2,6,0.325,0.378,0.703,4.2,4.28,NA,NA,NA,NA,NA,NA,NA,NA,NA,NA,NA,NA,NA,NA,NA,NA,NA
藤原　恭大,Lotte,1500,外野手,1,181,78,B型,左,左,大阪,2000-05-06,2,0.105,6,19,19,2,0,2,0,0,0,6,0,0,0.105,0.105,0.211,-1.15,-0.92,NA,NA,NA,NA,NA,NA,NA,NA,NA,NA,NA,NA,NA,NA,NA,NA,NA
角中　勝也,Lotte,13100,外野手,13,180,85,A型,右,左,石川,1987-05-25,3,0.258,108,435,368,95,8,48,2,55,5,63,3,10,0.359,0.375,0.734,4.78,4.81,NA,NA,NA,NA,NA,NA,NA,NA,NA,NA,NA,NA,NA,NA,NA,NA,NA
藤岡　裕大,Lotte,3500,内野手,2,178,77,O型,右,左,岡山,1993-08-08,4,0.264,81,278,250,66,2,21,3,16,0,33,10,4,0.306,0.352,0.658,3.69,3.63,NA,NA,NA,NA,NA,NA,NA,NA,NA,NA,NA,NA,NA,NA,NA,NA,NA
安田　尚憲,Lotte,1300,内野手,2,188,95,A型,右,左,大阪,1999-04-15,5,NA,NA,NA,NA,NA,NA,NA,NA,NA,NA,NA,NA,NA,NA,NA,NA,NA,NA,NA,NA,NA,NA,NA,NA,NA,NA,NA,NA,NA,NA,NA,NA,NA,NA,NA
鈴木　大地,Lotte,10000,内野手,8,175,79,O型,右,左,静岡,1989-08-18,7,0.288,140,614,527,152,15,68,3,56,16,75,13,11,0.373,0.454,0.826,6.06,5.86,NA,NA,NA,NA,NA,NA,NA,NA,NA,NA,NA,NA,NA,NA,NA,NA,NA
中村　奨吾,Lotte,7000,内野手,5,180,79,A型,右,右,兵庫,1992-05-28,8,0.232,143,586,512,119,17,59,12,53,12,96,6,10,0.317,0.375,0.692,4.04,4.13,NA,NA,NA,NA,NA,NA,NA,NA,NA,NA,NA,NA,NA,NA,NA,NA,NA
福浦　和也,Lotte,2000,内野手,26,183,88,B型,左,左,千葉,1975-12-14,9,0,1,4,4,0,0,0,0,0,0,0,0,0,0,0,0,-2.7,-2.43,NA,NA,NA,NA,NA,NA,NA,NA,NA,NA,NA,NA,NA,NA,NA,NA,NA
加藤　翔平,Lotte,2700,外野手,7,183,84,AB型,右,両,埼玉,1991-03-28,10,0.202,60,120,109,22,4,9,4,7,2,32,2,2,0.263,0.358,0.621,2.85,3,NA,NA,NA,NA,NA,NA,NA,NA,NA,NA,NA,NA,NA,NA,NA,NA,NA
佐々木　千隼,Lotte,1670,投手,3,181,83,O型,右,右,東京,1994-06-08,11,NA,7,NA,NA,NA,NA,NA,NA,NA,NA,NA,NA,NA,NA,NA,NA,NA,NA,2.53,2,1,0,0,0.667,130,32,26,2,12,1,22,11,9,1.19,3.78
石川　歩,Lotte,11500,投手,6,186,80,A型,右,右,富山,1988-04-11,12,NA,27,NA,NA,NA,NA,NA,NA,NA,NA,NA,NA,NA,NA,NA,NA,NA,NA,3.64,8,5,0,5,0.615,503,118.2,129,9,28,4,81,50,48,1.32,3.52
平沢　大河,Lotte,2620,内野手,4,176,80,A型,右,左,宮城,1997-12-24,13,0.198,51,108,91,18,1,8,0,12,0,28,5,0,0.291,0.286,0.577,2.59,2.7,NA,NA,NA,NA,NA,NA,NA,NA,NA,NA,NA,NA,NA,NA,NA,NA,NA
大谷　智久,Lotte,8400,投手,10,176,82,A型,右,右,兵庫,1985-02-14,14,NA,2,NA,NA,NA,NA,NA,NA,NA,NA,NA,NA,NA,NA,NA,NA,NA,NA,10.8,0,2,0,0,0,10,1.2,2,0,2,0,1,3,2,2.4,5.52
関谷　亮太,Lotte,1650,投手,4,180,84,A型,右,右,神奈川,1991-05-10,15,NA,NA,NA,NA,NA,NA,NA,NA,NA,NA,NA,NA,NA,NA,NA,NA,NA,NA,NA,NA,NA,NA,NA,NA,NA,NA,NA,NA,NA,NA,NA,NA,NA,NA,NA
涌井　秀章,Lotte,20000,投手,15,185,85,A型,右,右,千葉,1986-06-21,18,NA,18,NA,NA,NA,NA,NA,NA,NA,NA,NA,NA,NA,NA,NA,NA,NA,NA,4.5,3,7,0,0,0.3,462,104,121,14,27,6,87,58,52,1.42,4.12
唐川　侑己,Lotte,5600,投手,12,181,80,O型,右,右,千葉,1989-07-05,19,NA,40,NA,NA,NA,NA,NA,NA,NA,NA,NA,NA,NA,NA,NA,NA,NA,NA,5.26,5,3,0,14,0.625,168,37.2,47,7,6,1,30,25,22,1.41,4.5
東條　大樹,Lotte,1200,投手,4,177,81,O型,右,右,神奈川,1991-08-15,20,NA,58,NA,NA,NA,NA,NA,NA,NA,NA,NA,NA,NA,NA,NA,NA,NA,NA,3.78,1,0,0,16,1,232,52.1,52,7,21,7,53,26,22,1.39,4.38
内　竜也,Lotte,5400,投手,16,182,87,A型,右,右,神奈川,1985-07-13,21,NA,NA,NA,NA,NA,NA,NA,NA,NA,NA,NA,NA,NA,NA,NA,NA,NA,NA,NA,NA,NA,NA,NA,NA,NA,NA,NA,NA,NA,NA,NA,NA,NA,NA,NA
田村　龍弘,Lotte,7200,捕手,7,174,80,A型,右,右,大阪,1994-05-13,22,0.243,100,321,284,69,3,31,1,22,0,59,12,8,0.294,0.324,0.618,2.89,2.96,NA,NA,NA,NA,NA,NA,NA,NA,NA,NA,NA,NA,NA,NA,NA,NA,NA
酒居　知史,Lotte,2150,投手,3,178,80,A型,右,右,大阪,1993-01-02,23,NA,54,NA,NA,NA,NA,NA,NA,NA,NA,NA,NA,NA,NA,NA,NA,NA,NA,4.37,5,4,0,20,0.556,248,57.2,51,9,25,1,60,28,28,1.32,4.21
東妻　勇輔,Lotte,1200,投手,1,172,80,B型,右,右,和歌山,1996-04-04,24,NA,24,NA,NA,NA,NA,NA,NA,NA,NA,NA,NA,NA,NA,NA,NA,NA,NA,4.71,3,2,0,7,0.6,92,21,19,2,13,0,16,11,11,1.52,4.41
岡　大海,Lotte,2300,外野手,6,185,80,B型,右,右,岡山,1991-07-15,25,0.227,95,182,154,35,6,16,13,18,6,32,3,5,0.33,0.409,0.739,4.82,4.86,NA,NA,NA,NA,NA,NA,NA,NA,NA,NA,NA,NA,NA,NA,NA,NA,NA
山本　大貴,Lotte,1150,投手,2,182,80,B型,左,左,北海道,1995-11-10,27,NA,NA,NA,NA,NA,NA,NA,NA,NA,NA,NA,NA,NA,NA,NA,NA,NA,NA,NA,NA,NA,NA,NA,NA,NA,NA,NA,NA,NA,NA,NA,NA,NA,NA,NA
松永　昂大,Lotte,7000,投手,7,175,82,O型,左,左,香川,1988-04-16,28,NA,46,NA,NA,NA,NA,NA,NA,NA,NA,NA,NA,NA,NA,NA,NA,NA,NA,2.6,2,3,0,25,0.4,144,34.2,25,3,17,3,32,13,10,1.21,4.04
西野　勇士,Lotte,6000,投手,11,182,82,A型,右,右,富山,1991-03-06,29,NA,37,NA,NA,NA,NA,NA,NA,NA,NA,NA,NA,NA,NA,NA,NA,NA,NA,2.96,2,3,2,5,0.4,277,70,56,6,23,0,64,23,23,1.13,3.39
大嶺　祐太,Lotte,1970,投手,13,184,80,A型,右,左,沖縄,1988-06-16,30,NA,NA,NA,NA,NA,NA,NA,NA,NA,NA,NA,NA,NA,NA,NA,NA,NA,NA,NA,NA,NA,NA,NA,NA,NA,NA,NA,NA,NA,NA,NA,NA,NA,NA,NA
菅野　剛士,Lotte,1440,外野手,2,171,83,A型,右,左,東京,1993-05-06,31,0.197,28,73,66,13,3,7,0,6,1,11,0,0,0.274,0.364,0.638,3.54,3.71,NA,NA,NA,NA,NA,NA,NA,NA,NA,NA,NA,NA,NA,NA,NA,NA,NA
髙濱　卓也,Lotte,1100,内野手,12,184,84,A型,右,左,佐賀,1989-07-06,32,0.286,8,7,7,2,0,3,0,0,0,3,0,0,0.286,0.571,0.857,6.12,5.24,NA,NA,NA,NA,NA,NA,NA,NA,NA,NA,NA,NA,NA,NA,NA,NA,NA
南　昌輝,Lotte,4000,投手,9,182,88,A型,右,右,和歌山,1989-01-18,33,NA,4,NA,NA,NA,NA,NA,NA,NA,NA,NA,NA,NA,NA,NA,NA,NA,NA,12.27,0,1,0,0,0,18,3.2,4,1,4,0,3,5,5,2.18,7.48
土肥　星也,Lotte,1180,投手,3,186,82,B型,左,左,大阪,1995-07-07,34,NA,6,NA,NA,NA,NA,NA,NA,NA,NA,NA,NA,NA,NA,NA,NA,NA,NA,3.13,1,0,0,0,1,137,31.2,35,4,12,0,28,12,11,1.48,4.13
渡邉　啓太,Lotte,1100,投手,2,177,72,B型,右,右,福島,1993-09-13,35,NA,NA,NA,NA,NA,NA,NA,NA,NA,NA,NA,NA,NA,NA,NA,NA,NA,NA,NA,NA,NA,NA,NA,NA,NA,NA,NA,NA,NA,NA,NA,NA,NA,NA,NA
有吉　優樹,Lotte,4200,投手,3,178,87,AB型,右,右,千葉,1991-03-12,36,NA,2,NA,NA,NA,NA,NA,NA,NA,NA,NA,NA,NA,NA,NA,NA,NA,NA,13.5,0,2,0,0,0,37,7.1,12,4,5,0,2,11,11,2.32,11.71
三木　亮,Lotte,2240,内野手,6,175,78,A型,右,右,大阪,1991-10-25,37,0.214,89,145,126,27,2,15,5,6,4,38,8,1,0.27,0.286,0.556,2.69,2.84,NA,NA,NA,NA,NA,NA,NA,NA,NA,NA,NA,NA,NA,NA,NA,NA,NA
伊志嶺　翔大,Lotte,1690,外野手,9,179,79,A型,右,右,沖縄,1988-05-12,38,NA,NA,NA,NA,NA,NA,NA,NA,NA,NA,NA,NA,NA,NA,NA,NA,NA,NA,NA,NA,NA,NA,NA,NA,NA,NA,NA,NA,NA,NA,NA,NA,NA,NA,NA
吉田　裕太,Lotte,1300,捕手,6,183,94,O型,右,右,千葉,1991-07-21,39,0.234,32,56,47,11,2,7,0,5,0,13,4,2,0.308,0.383,0.691,3.07,3.18,NA,NA,NA,NA,NA,NA,NA,NA,NA,NA,NA,NA,NA,NA,NA,NA,NA
島　孝明,Lotte,590,投手,3,180,82,A型,右,右,千葉,1998-06-26,40,NA,NA,NA,NA,NA,NA,NA,NA,NA,NA,NA,NA,NA,NA,NA,NA,NA,NA,NA,NA,NA,NA,NA,NA,NA,NA,NA,NA,NA,NA,NA,NA,NA,NA,NA
成田　翔,Lotte,700,投手,4,170,70,B型,左,左,秋田,1998-02-03,41,NA,NA,NA,NA,NA,NA,NA,NA,NA,NA,NA,NA,NA,NA,NA,NA,NA,NA,NA,NA,NA,NA,NA,NA,NA,NA,NA,NA,NA,NA,NA,NA,NA,NA,NA
バルガス,Lotte,17000,内野手,1,196,133,不明,右,両,プエルトリコ,1990-08-01,42,0.179,35,102,84,15,1,6,0,16,2,36,0,2,0.324,0.274,0.597,3.09,3.17,NA,NA,NA,NA,NA,NA,NA,NA,NA,NA,NA,NA,NA,NA,NA,NA,NA
小島　和哉,Lotte,1000,投手,1,177,81,O型,左,左,埼玉,1996-07-07,43,NA,10,NA,NA,NA,NA,NA,NA,NA,NA,NA,NA,NA,NA,NA,NA,NA,NA,4.31,3,5,0,0,0.375,232,54.1,55,5,20,1,45,28,26,1.38,3.82
井上　晴哉,Lotte,5000,内野手,6,180,114,A型,右,右,広島,1989-07-03,44,0.252,129,509,429,108,24,65,0,67,9,98,0,10,0.362,0.462,0.824,5.91,5.99,NA,NA,NA,NA,NA,NA,NA,NA,NA,NA,NA,NA,NA,NA,NA,NA,NA
宗接　唯人,Lotte,800,捕手,3,183,90,O型,右,右,兵庫,1994-07-06,45,NA,NA,NA,NA,NA,NA,NA,NA,NA,NA,NA,NA,NA,NA,NA,NA,NA,NA,NA,NA,NA,NA,NA,NA,NA,NA,NA,NA,NA,NA,NA,NA,NA,NA,NA
岩下　大輝,Lotte,1000,投手,5,181,80,O型,右,右,石川,1996-10-02,46,NA,21,NA,NA,NA,NA,NA,NA,NA,NA,NA,NA,NA,NA,NA,NA,NA,NA,3.64,5,3,0,1,0.625,406,96.1,80,14,47,2,74,44,39,1.32,4.97
田中　靖洋,Lotte,2000,投手,14,183,88,A型,右,右,石川,1987-06-21,47,NA,44,NA,NA,NA,NA,NA,NA,NA,NA,NA,NA,NA,NA,NA,NA,NA,NA,2.72,4,1,0,2,0.8,166,39.2,42,2,12,3,29,12,12,1.36,3.3
中村　稔弥,Lotte,800,投手,1,177,86,A型,左,左,長崎,1996-07-08,48,NA,10,NA,NA,NA,NA,NA,NA,NA,NA,NA,NA,NA,NA,NA,NA,NA,NA,4.32,1,1,0,3,0.5,103,25,23,2,8,1,21,12,12,1.24,3.56
チェン・グァンユウ,Lotte,2160,投手,9,179,75,B型,左,左,台湾,1990-10-29,49,NA,44,NA,NA,NA,NA,NA,NA,NA,NA,NA,NA,NA,NA,NA,NA,NA,NA,3.63,1,1,0,5,0.5,253,57,54,2,27,2,45,28,23,1.42,3.37
松田　進,Lotte,770,内野手,1,188,95,O型,右,右,神奈川,1994-08-29,50,0.2,3,6,5,1,0,1,0,1,0,1,0,0,0.333,0.2,0.533,0.45,0.81,NA,NA,NA,NA,NA,NA,NA,NA,NA,NA,NA,NA,NA,NA,NA,NA,NA
山口　航輝,Lotte,560,外野手,1,182,85,A型,右,右,大阪,2000-08-18,51,NA,NA,NA,NA,NA,NA,NA,NA,NA,NA,NA,NA,NA,NA,NA,NA,NA,NA,NA,NA,NA,NA,NA,NA,NA,NA,NA,NA,NA,NA,NA,NA,NA,NA,NA
益田　直也,Lotte,13000,投手,8,177,80,B型,右,右,和歌山,1989-10-25,52,NA,60,NA,NA,NA,NA,NA,NA,NA,NA,NA,NA,NA,NA,NA,NA,NA,NA,2.15,4,5,27,12,0.444,229,58.2,36,5,22,2,56,15,14,0.99,3.44
江村　直也,Lotte,1200,捕手,9,176,83,B型,右,右,広島,1992-05-06,53,0.097,23,35,31,3,1,4,0,2,0,10,2,2,0.152,0.194,0.345,-0.41,-0.12,NA,NA,NA,NA,NA,NA,NA,NA,NA,NA,NA,NA,NA,NA,NA,NA,NA
レアード,Lotte,11880,内野手,5,185,98,不明,右,右,アメリカ,1987-09-11,54,0.248,139,553,487,121,32,89,0,55,8,128,0,18,0.333,0.483,0.815,5.22,5.32,NA,NA,NA,NA,NA,NA,NA,NA,NA,NA,NA,NA,NA,NA,NA,NA,NA
細川　亨,Lotte,1500,捕手,18,183,103,B型,右,右,青森,1980-01-04,55,0.333,31,8,6,2,0,1,0,0,0,1,2,0,0.333,0.333,0.667,3.41,3.2,NA,NA,NA,NA,NA,NA,NA,NA,NA,NA,NA,NA,NA,NA,NA,NA,NA
原　嵩,Lotte,500,投手,4,185,85,B型,右,右,茨城,1997-12-06,56,NA,NA,NA,NA,NA,NA,NA,NA,NA,NA,NA,NA,NA,NA,NA,NA,NA,NA,NA,NA,NA,NA,NA,NA,NA,NA,NA,NA,NA,NA,NA,NA,NA,NA,NA
香月　一也,Lotte,580,内野手,5,176,83,A型,右,左,福岡,1996-04-16,57,0.152,26,33,33,5,1,3,0,0,0,9,0,0,0.152,0.242,0.394,0.54,0.82,NA,NA,NA,NA,NA,NA,NA,NA,NA,NA,NA,NA,NA,NA,NA,NA,NA
石崎　剛,Lotte,1440,投手,5,183,91,O型,右,右,茨城,1990-09-09,58,NA,2,NA,NA,NA,NA,NA,NA,NA,NA,NA,NA,NA,NA,NA,NA,NA,NA,9,0,0,0,0,0,10,2,4,0,1,0,0,2,2,2.5,4.62
細谷　圭,Lotte,2020,内野手,14,182,84,B型,右,右,群馬,1988-01-17,59,0.158,29,20,19,3,0,1,0,1,0,7,0,0,0.2,0.211,0.411,0.85,0.95,NA,NA,NA,NA,NA,NA,NA,NA,NA,NA,NA,NA,NA,NA,NA,NA,NA
阿部　和成,Lotte,810,投手,12,183,80,A型,右,右,福岡,1989-05-19,60,NA,4,NA,NA,NA,NA,NA,NA,NA,NA,NA,NA,NA,NA,NA,NA,NA,NA,0,0,0,0,2,0,14,4,1,0,2,0,2,0,0,0.75,3.62
三家　和真,Lotte,520,外野手,5,180,80,B型,右,両,和歌山,1993-08-13,61,0.286,25,22,21,6,1,5,0,1,0,8,0,0,0.318,0.571,0.89,6.77,6.53,NA,NA,NA,NA,NA,NA,NA,NA,NA,NA,NA,NA,NA,NA,NA,NA,NA
永野　将司,Lotte,850,投手,2,181,82,A型,左,左,大分,1993-03-02,62,NA,5,NA,NA,NA,NA,NA,NA,NA,NA,NA,NA,NA,NA,NA,NA,NA,NA,4.5,0,1,0,3,0,15,4,3,0,2,1,2,2,2,1.25,4.37
種市　篤暉,Lotte,680,投手,3,183,83,AB型,右,右,青森,1998-09-07,63,NA,26,NA,NA,NA,NA,NA,NA,NA,NA,NA,NA,NA,NA,NA,NA,NA,NA,3.24,8,2,0,2,0.8,506,116.2,114,11,51,2,135,47,42,1.41,3.37
二木　康太,Lotte,4300,投手,6,190,85,O型,右,右,鹿児島,1995-08-01,64,NA,22,NA,NA,NA,NA,NA,NA,NA,NA,NA,NA,NA,NA,NA,NA,NA,NA,4.41,7,10,0,0,0.412,538,128.2,127,16,30,6,115,68,63,1.22,3.79
古谷　拓郎,Lotte,460,投手,1,182,76,O型,右,右,千葉,2000-04-21,65,NA,NA,NA,NA,NA,NA,NA,NA,NA,NA,NA,NA,NA,NA,NA,NA,NA,NA,NA,NA,NA,NA,NA,NA,NA,NA,NA,NA,NA,NA,NA,NA,NA,NA,NA
李　杜軒,Lotte,500,内野手,12,173,90,A型,右,右,台湾,1988-04-21,67,0,1,1,1,0,0,0,0,0,0,1,0,0,0,0,0,-2.92,-2.7,NA,NA,NA,NA,NA,NA,NA,NA,NA,NA,NA,NA,NA,NA,NA,NA,NA
大木　貴将,Lotte,450,内野手,4,174,73,B型,右,左,千葉,1991-11-22,68,NA,NA,NA,NA,NA,NA,NA,NA,NA,NA,NA,NA,NA,NA,NA,NA,NA,NA,NA,NA,NA,NA,NA,NA,NA,NA,NA,NA,NA,NA,NA,NA,NA,NA,NA
土居　豪人,Lotte,440,投手,1,191,84,O型,右,右,愛媛,2000-04-02,69,NA,NA,NA,NA,NA,NA,NA,NA,NA,NA,NA,NA,NA,NA,NA,NA,NA,NA,NA,NA,NA,NA,NA,NA,NA,NA,NA,NA,NA,NA,NA,NA,NA,NA,NA
マーティン,Lotte,3300,外野手,1,189,91,不明,右,左,キューバ,1988-03-06,79,0.232,52,228,194,45,14,39,3,26,7,57,0,4,0.342,0.495,0.837,5.61,5.74,NA,NA,NA,NA,NA,NA,NA,NA,NA,NA,NA,NA,NA,NA,NA,NA,NA
ブランドン,Lotte,2160,投手,3,188,91,不明,左,左,アメリカ,1984-05-16,85,NA,14,NA,NA,NA,NA,NA,NA,NA,NA,NA,NA,NA,NA,NA,NA,NA,NA,3.94,0,2,0,3,0,75,16,16,1,12,1,20,9,7,1.75,3.68
ボルシンガー,Lotte,18530,投手,2,185,97,不明,右,右,アメリカ,1988-01-29,86,NA,20,NA,NA,NA,NA,NA,NA,NA,NA,NA,NA,NA,NA,NA,NA,NA,NA,4.63,4,6,0,0,0.4,465,103,105,14,52,5,86,61,53,1.52,4.88
柿沼　友哉,Lotte,490,捕手,4,180,82,A型,右,右,茨城,1993-05-12,99,0.167,34,73,54,9,1,2,0,4,5,20,10,0,0.286,0.222,0.508,2.11,2.3,NA,NA,NA,NA,NA,NA,NA,NA,NA,NA,NA,NA,NA,NA,NA,NA,NA
鎌田　光津希,Lotte,230,投手,1,180,91,A型,右,右,千葉,1995-09-06,NA,NA,NA,NA,NA,NA,NA,NA,NA,NA,NA,NA,NA,NA,NA,NA,NA,NA,NA,NA,NA,NA,NA,NA,NA,NA,NA,NA,NA,NA,NA,NA,NA,NA,NA,NA
和田　康士朗,Lotte,240,外野手,2,185,72,B型,左,左,埼玉,1999-01-14,NA,NA,NA,NA,NA,NA,NA,NA,NA,NA,NA,NA,NA,NA,NA,NA,NA,NA,NA,NA,NA,NA,NA,NA,NA,NA,NA,NA,NA,NA,NA,NA,NA,NA,NA,NA
森　遼大朗,Lotte,230,投手,2,180,80,A型,右,左,宮崎,1999-04-22,NA,NA,NA,NA,NA,NA,NA,NA,NA,NA,NA,NA,NA,NA,NA,NA,NA,NA,NA,NA,NA,NA,NA,NA,NA,NA,NA,NA,NA,NA,NA,NA,NA,NA,NA,NA
茶谷　健太,Lotte,300,内野手,4,186,85,O型,右,右,神奈川,1998-01-16,NA,NA,NA,NA,NA,NA,NA,NA,NA,NA,NA,NA,NA,NA,NA,NA,NA,NA,NA,NA,NA,NA,NA,NA,NA,NA,NA,NA,NA,NA,NA,NA,NA,NA,NA,NA
下水流　昂,Carp,NA,NA,NA,NA,NA,NA,NA,NA,NA,NA,35,0,2,4,4,0,0,0,0,0,0,2,0,1,0,0,0,-4.04,-4.05,NA,NA,NA,NA,NA,NA,NA,NA,NA,NA,NA,NA,NA,NA,NA,NA,NA
宇佐見　真吾,Giants,NA,NA,NA,NA,NA,NA,NA,NA,NA,NA,32,0.25,3,4,4,1,0,0,0,0,0,0,0,0,0.25,0.25,0.5,2.05,2.07,NA,NA,NA,NA,NA,NA,NA,NA,NA,NA,NA,NA,NA,NA,NA,NA,NA
和田　恋,Giants,NA,NA,NA,NA,NA,NA,NA,NA,NA,NA,67,NA,NA,NA,NA,NA,NA,NA,NA,NA,NA,NA,NA,NA,NA,NA,NA,NA,NA,NA,NA,NA,NA,NA,NA,NA,NA,NA,NA,NA,NA,NA,NA,NA,NA,NA
松井　雅人,Dragons,NA,NA,NA,NA,NA,NA,NA,NA,NA,NA,38,0.212,20,39,33,7,0,2,0,4,0,12,2,1,0.297,0.273,0.57,2.42,2.39,NA,NA,NA,NA,NA,NA,NA,NA,NA,NA,NA,NA,NA,NA,NA,NA,NA
松井　佑介,Dragons,NA,NA,NA,NA,NA,NA,NA,NA,NA,NA,56,0.219,16,37,32,7,0,2,0,3,0,13,2,0,0.286,0.281,0.567,2.73,2.69,NA,NA,NA,NA,NA,NA,NA,NA,NA,NA,NA,NA,NA,NA,NA,NA,NA
モヤ,Dragons,NA,NA,NA,NA,NA,NA,NA,NA,NA,NA,44,0.227,7,22,22,5,1,3,0,0,0,7,0,0,0.227,0.364,0.591,2.76,2.94,NA,NA,NA,NA,NA,NA,NA,NA,NA,NA,NA,NA,NA,NA,NA,NA,NA
三好　匠,Eagles,NA,NA,NA,NA,NA,NA,NA,NA,NA,NA,24,0.25,17,4,4,1,0,1,1,0,0,1,0,0,0.25,0.25,0.5,3.67,3.6,NA,NA,NA,NA,NA,NA,NA,NA,NA,NA,NA,NA,NA,NA,NA,NA,NA
武田　健吾,Orix,NA,NA,NA,NA,NA,NA,NA,NA,NA,NA,56,0.125,6,9,8,1,0,0,1,0,1,1,0,0,0.222,0.125,0.347,1.2,1.47,NA,NA,NA,NA,NA,NA,NA,NA,NA,NA,NA,NA,NA,NA,NA,NA,NA
石崎　剛,Tigers,NA,NA,NA,NA,NA,NA,NA,NA,NA,NA,30,NA,2,NA,NA,NA,NA,NA,NA,NA,NA,NA,NA,NA,NA,NA,NA,NA,NA,6.75,0,0,0,0,0,6,1.1,2,0,1,0,0,1,1,2.25,5.37
熊原　健人,DeNA,NA,NA,NA,NA,NA,NA,NA,NA,NA,NA,22,NA,NA,NA,NA,NA,NA,NA,NA,NA,NA,NA,NA,NA,NA,NA,NA,NA,NA,NA,NA,NA,NA,NA,NA,NA,NA,NA,NA,NA,NA,NA,NA,NA,NA,NA
吉川　光夫,Giants,NA,NA,NA,NA,NA,NA,NA,NA,NA,NA,47,NA,9,NA,NA,NA,NA,NA,NA,NA,NA,NA,NA,NA,NA,NA,NA,NA,NA,9.95,0,1,0,3,0,35,6.1,12,2,6,0,4,7,7,2.84,8.8
古川　侑利,Eagles,NA,NA,NA,NA,NA,NA,NA,NA,NA,NA,60,NA,8,NA,NA,NA,NA,NA,NA,NA,NA,NA,NA,NA,NA,NA,NA,NA,NA,6.34,1,2,0,0,0.333,170,38.1,37,6,21,0,31,27,27,1.51,5.18
濱矢　廣大,Eagles,NA,NA,NA,NA,NA,NA,NA,NA,NA,NA,46,NA,NA,NA,NA,NA,NA,NA,NA,NA,NA,NA,NA,NA,NA,NA,NA,NA,NA,NA,NA,NA,NA,NA,NA,NA,NA,NA,NA,NA,NA,NA,NA,NA,NA,NA
松葉　貴大,Orix,NA,NA,NA,NA,NA,NA,NA,NA,NA,NA,11,NA,5,NA,NA,NA,NA,NA,NA,NA,NA,NA,NA,NA,NA,NA,NA,NA,NA,5.56,0,4,0,0,0,104,22.2,26,3,9,3,13,16,14,1.54,5.15
鍵谷　陽平,Fighters,NA,NA,NA,NA,NA,NA,NA,NA,NA,NA,30,NA,18,NA,NA,NA,NA,NA,NA,NA,NA,NA,NA,NA,NA,NA,NA,NA,NA,5.94,0,0,0,1,0,77,16.2,16,0,12,0,16,11,11,1.68,3.18
藤岡　貴裕,Fighters,NA,NA,NA,NA,NA,NA,NA,NA,NA,NA,56,NA,2,NA,NA,NA,NA,NA,NA,NA,NA,NA,NA,NA,NA,NA,NA,NA,NA,15,0,0,0,0,0,17,3,4,0,5,0,2,5,5,3,6.79
高野　圭佑,Lotte,NA,NA,NA,NA,NA,NA,NA,NA,NA,NA,58,NA,2,NA,NA,NA,NA,NA,NA,NA,NA,NA,NA,NA,NA,NA,NA,NA,NA,13.5,0,0,0,0,0,8,1.1,3,2,1,0,0,2,2,3,24.87
