This is LuaHBTeX, Version 1.24.0 (TeX Live 2026)  (format=lualatex 2026.6.16)  17 JUN 2026 16:56
 restricted system commands enabled.
**BasicBook3.tex
(./BasicBook3.tex
LaTeX2e <2026-06-01>
L3 programming layer <2026-05-26>
Lua module: luaotfload 2024-12-03 v3.29 Lua based OpenType font support
Lua module: lualibs 2023-07-13 v2.76 ConTeXt Lua standard libraries.
Lua module: lualibs-extended 2023-07-13 v2.76 ConTeXt Lua libraries -- extended 
collection.
luaotfload | conf : Root cache directory is "/Users/newton/Library/texlive/2026/
texmf-var/luatex-cache/generic/names".
luaotfload | init : Loading fontloader "fontloader-2023-12-28.lua" from kpse-res
olved path "/usr/local/texlive/2026/texmf-dist/tex/luatex/luaotfload/fontloader-
2023-12-28.lua".
Lua-only attribute luaotfload@noligature = 1
luaotfload | init : Context OpenType loader version 3.134
Inserting `luaotfload.node_processor' in `pre_linebreak_filter'.
Inserting `luaotfload.node_processor' in `hpack_filter'.
Inserting `luaotfload.glyph_stream' in `glyph_stream_provider'.
Inserting `luaotfload.define_font' in `define_font'.
Lua-only attribute luaotfload_color_attribute = 2
luaotfload | conf : Root cache directory is "/Users/newton/Library/texlive/2026/
texmf-var/luatex-cache/generic/names".
Inserting `luaotfload.harf.strip_prefix' in `find_opentype_file'.
Inserting `luaotfload.harf.strip_prefix' in `find_truetype_file'.
Removing  `luaotfload.glyph_stream' from `glyph_stream_provider'.
Inserting `luaotfload.harf.glyphstream' in `glyph_stream_provider'.
Inserting `luaotfload.harf.finalize_vlist' in `post_linebreak_filter'.
Inserting `luaotfload.harf.finalize_hlist' in `hpack_filter'.
Inserting `luaotfload.cleanup_files' in `wrapup_run'.
Inserting `luaotfload.harf.finalize_unicode' in `finish_pdffile'.
Inserting `luaotfload.glyphinfo' in `glyph_info'.
Lua-only attribute luaotfload.letterspace_done = 3
Inserting `luaotfload.aux.set_sscale_dimens' in `luaotfload.patch_font'.
Inserting `luaotfload.aux.set_font_index' in `luaotfload.patch_font'.
Inserting `luaotfload.aux.patch_cambria_domh' in `luaotfload.patch_font'.
Inserting `luaotfload.aux.fixup_fontdata' in `luaotfload.patch_font_unsafe'.
Inserting `luaotfload.aux.set_capheight' in `luaotfload.patch_font'.
Inserting `luaotfload.aux.set_xheight' in `luaotfload.patch_font'.
Inserting `luaotfload.rewrite_fontname' in `luaotfload.patch_font'.
Inserting `tracingstacklevels' in `input_level_string'. (/usr/local/texlive/202
6/texmf-dist/tex/luatex/luatexja/ltjsbook.cls
Document Class: ltjsbook 2026-05-17 ltjsclasses 
(/usr/local/texlive/2026/texmf-dist/tex/luatex/luatexja/luatexja.sty
Package: luatexja 2026-05-17 Japanese Typesetting with Lua(La)TeX

(/usr/local/texlive/2026/texmf-dist/tex/luatex/luatexja/luatexja-core.sty
Package: luatexja-core 2023-10-07 Core of LuaTeX-ja

(/usr/local/texlive/2026/texmf-dist/tex/generic/infwarerr/infwarerr.sty
Package: infwarerr 2019/12/03 v1.5 Providing info/warning/error messages (HO)
)
(/usr/local/texlive/2026/texmf-dist/tex/luatex/luatexbase/luatexbase.sty
Package: luatexbase 2015/10/04 v1.3 luatexbase interface to LuaTeX 

(/usr/local/texlive/2026/texmf-dist/tex/luatex/ctablestack/ctablestack.sty
Package: ctablestack 2015/10/01 v1.0 Catcode table stable support
\@catcodetablestackcnt=\count274
)
\CatcodeTableOther=\catcodetable14
\CatcodeTableExpl=\catcodetable15
)
(/usr/local/texlive/2026/texmf-dist/tex/generic/ltxcmds/ltxcmds.sty
Package: ltxcmds 2023-12-04 v1.26 LaTeX kernel commands for general use (HO)
)
(/usr/local/texlive/2026/texmf-dist/tex/generic/pdftexcmds/pdftexcmds.sty
Package: pdftexcmds 2020-06-27 v0.33 Utility functions of pdfTeX for LuaTeX (HO
)

(/usr/local/texlive/2026/texmf-dist/tex/generic/iftex/iftex.sty
Package: iftex 2024/12/12 v1.0g TeX engine tests
)
Package pdftexcmds Info: \pdf@primitive is available.
Package pdftexcmds Info: \pdf@ifprimitive is available.
Package pdftexcmds Info: \pdfdraftmode found.
\pdftexcmds@toks=\toks17
)
(/usr/local/texlive/2026/texmf-dist/tex/latex/xkeyval/xkeyval.sty
Package: xkeyval 2025/11/04 v2.10 package option processing (HA)

(/usr/local/texlive/2026/texmf-dist/tex/generic/xkeyval/xkeyval.tex
(/usr/local/texlive/2026/texmf-dist/tex/generic/xkeyval/xkvutils.tex
\XKV@toks=\toks18
\XKV@tempa@toks=\toks19
\XKV@tempb@toks=\toks20

(/usr/local/texlive/2026/texmf-dist/tex/generic/xkeyval/keyval.tex))
\XKV@depth=\count275
File: xkeyval.tex 2014/12/03 v2.7a key=value parser (HA)
))
(/usr/local/texlive/2026/texmf-dist/tex/latex/etoolbox/etoolbox.sty
Package: etoolbox 2025/10/02 v2.5m e-TeX tools for LaTeX (JAW)
\etb@tempcnta=\count276
)
(/usr/local/texlive/2026/texmf-dist/tex/latex/everyhook/everyhook.sty
(/usr/local/texlive/2026/texmf-dist/tex/latex/svn-prov/svn-prov.sty
Package: svn-prov 2010/04/24 v3.1862 Package Date/Version from SVN Keywords
)
Package: everyhook 2014/11/26 v1.2 (SVN Rev: 12)\ Hooks for low level TeX every
X primitives.
\everypar=\toks21
\frozen@everymath=\toks22
\frozen@everydisplay=\toks23
\everyhbox=\toks24
\everyvbox=\toks25
\everycr=\toks26
)
\ltjlineendcomment=\count277
\ltj@dimen@zw=\dimen149
\ltj@dimen@zh=\dimen150
\ltj@dimen@jQ=\dimen151
\ltj@icflag=\attribute4
\ltj@curjfnt=\attribute5
\ltj@curtfnt=\attribute6
\ltj@charclass=\attribute7
\ltj@charcode=\attribute8
\ltj@autospc=\attribute9
\ltj@autoxspc=\attribute10
\ltj@yablshift=\attribute11
\ltj@ykblshift=\attribute12
\ltj@tablshift=\attribute13
\ltj@tkblshift=\attribute14
\jfam=\attribute15
\ltj@vert@ori=\attribute16
\ltj@dir=\attribute17
\ltj@@japanese=\language2
\ltj@tempcnta=\count278
\ltj@tempdima=\dimen152
\ltj@@stack=\count279
\ltj@@group@level=\count280
\ltj@kcat0=\attribute18
\ltj@kcat1=\attribute19
\ltj@kcat2=\attribute20
\ltj@kcat3=\attribute21
\ltj@kcat4=\attribute22
\ltj@kcat5=\attribute23
\ltj@kcat6=\attribute24
Custom whatsit inhibitglue = 1
Custom whatsit stack_marker = 2
Custom whatsit begin_par = 3
Custom whatsit direction = 4
Custom whatsit box_boundary = 5
Custom whatsit ja_al_boundary = 6
Module luatexbase Info: Uninstalling kernel luatexbase code on input line 184
(load cache: ltj-cid-auto-adobe-japan1.luc)
Lua module: luatexja.charrange 2022-08-19 Handling the range of Japanese charact
ers
Lua module: luatexja.stack 2022-08-20 LuaTeX-ja stack system
Inserting `ltj.create_dir_whatsit' in `hpack_filter'.
Inserting `ltj.create_dir_whatsit' in `post_linebreak_filter'.
Inserting `ltj.direction' in `vpack_filter'.
Inserting `ltj.direction' in `pre_output_filter'.
Inserting `ltj.lineskip' in `post_linebreak_filter'.
Inserting `ltj.lineskip' in `append_to_vlist_filter'.
Lua module: luatexja.jfont 2025-05-04 Loader for Japanese fonts
Removing  `luaotfload.define_font' from `define_font'.
Inserting `luatexja.font_callback' in `define_font'.
Removing  `luaotfload.aux.set_sscale_dimens' from `luaotfload.patch_font'.
Removing  `luaotfload.aux.set_font_index' from `luaotfload.patch_font'.
Removing  `luaotfload.aux.patch_cambria_domh' from `luaotfload.patch_font'.
Removing  `luaotfload.aux.set_capheight' from `luaotfload.patch_font'.
Removing  `luaotfload.aux.set_xheight' from `luaotfload.patch_font'.
Removing  `luaotfload.rewrite_fontname' from `luaotfload.patch_font'.
Inserting `ltj.prepare_extra_data' in `luaotfload.patch_font'.
Inserting `luaotfload.aux.set_sscale_dimens' in `luaotfload.patch_font'.
Inserting `luaotfload.aux.set_font_index' in `luaotfload.patch_font'.
Inserting `luaotfload.aux.patch_cambria_domh' in `luaotfload.patch_font'.
Inserting `luaotfload.aux.set_capheight' in `luaotfload.patch_font'.
Inserting `luaotfload.aux.set_xheight' in `luaotfload.patch_font'.
Inserting `luaotfload.rewrite_fontname' in `luaotfload.patch_font'.
Inserting `ltj.prepare_extra_data' in `luatexja.define_font'.
Inserting `ltj.get_vert_form' in `luatexja.define_jfont'.
Removing  `ltj.prepare_extra_data' from `luaotfload.patch_font'.
Removing  `luaotfload.aux.set_sscale_dimens' from `luaotfload.patch_font'.
Removing  `luaotfload.aux.set_font_index' from `luaotfload.patch_font'.
Removing  `luaotfload.aux.patch_cambria_domh' from `luaotfload.patch_font'.
Removing  `luaotfload.aux.set_capheight' from `luaotfload.patch_font'.
Removing  `luaotfload.aux.set_xheight' from `luaotfload.patch_font'.
Removing  `luaotfload.rewrite_fontname' from `luaotfload.patch_font'.
Inserting `ltj.supply_tounicode' in `luaotfload.patch_font'.
Inserting `ltj.prepare_extra_data' in `luaotfload.patch_font'.
Inserting `luaotfload.aux.set_sscale_dimens' in `luaotfload.patch_font'.
Inserting `luaotfload.aux.set_font_index' in `luaotfload.patch_font'.
Inserting `luaotfload.aux.patch_cambria_domh' in `luaotfload.patch_font'.
Inserting `luaotfload.aux.set_capheight' in `luaotfload.patch_font'.
Inserting `luaotfload.aux.set_xheight' in `luaotfload.patch_font'.
Inserting `luaotfload.rewrite_fontname' in `luaotfload.patch_font'.
Inserting `ltj.process_input_buffer' in `process_input_buffer'.
Inserting `ltj.hyphenate' in `hyphenate'.
Removing  `luaotfload.node_processor' from `hpack_filter'.
Removing  `luaotfload.harf.finalize_hlist' from `hpack_filter'.
Removing  `ltj.create_dir_whatsit' from `hpack_filter'.
Inserting `ltj.set_stack_level' in `hpack_filter'.
Inserting `luaotfload.node_processor' in `hpack_filter'.
Inserting `luaotfload.harf.finalize_hlist' in `hpack_filter'.
Inserting `ltj.create_dir_whatsit' in `hpack_filter'.
Removing  `luaotfload.node_processor' from `pre_linebreak_filter'.
Inserting `ltj.set_stack_level' in `pre_linebreak_filter'.
Inserting `luaotfload.node_processor' in `pre_linebreak_filter'.
Lua module: luatexja.jfmglue 2026-01-07 Insertion process of JFM glues, [x]kanji
skip and others
Inserting `luatexja.beginpar.np_info' in `luatexja.jfmglue.whatsit_getinfo'.
Inserting `luatexja.beginpar.np_info_after' in `luatexja.jfmglue.whatsit_after'.
Inserting `ltj.mlist_to_hlist_pre' in `pre_mlist_to_hlist_filter'.
Inserting `ltj.main' in `pre_linebreak_filter'.
Removing  `luaotfload.harf.finalize_hlist' from `hpack_filter'.
Removing  `ltj.create_dir_whatsit' from `hpack_filter'.
Inserting `ltj.main' in `hpack_filter'.
Inserting `luaotfload.harf.finalize_hlist' in `hpack_filter'.
Inserting `ltj.create_dir_whatsit' in `hpack_filter'.
Removing  `ltj.set_stack_level' from `pre_linebreak_filter'.
Removing  `luaotfload.node_processor' from `pre_linebreak_filter'.
Removing  `ltj.main' from `pre_linebreak_filter'.
Inserting `ltj.adjust_icflag' in `pre_linebreak_filter'.
Inserting `ltj.set_stack_level' in `pre_linebreak_filter'.
Inserting `luaotfload.node_processor' in `pre_linebreak_filter'.
Inserting `ltj.main' in `pre_linebreak_filter'.
Removing  `ltj.set_stack_level' from `hpack_filter'.
Removing  `luaotfload.node_processor' from `hpack_filter'.
Removing  `ltj.main' from `hpack_filter'.
Removing  `luaotfload.harf.finalize_hlist' from `hpack_filter'.
Removing  `ltj.create_dir_whatsit' from `hpack_filter'.
Inserting `ltj.adjust_icflag' in `hpack_filter'.
Inserting `ltj.set_stack_level' in `hpack_filter'.
Inserting `luaotfload.node_processor' in `hpack_filter'.
Inserting `ltj.main' in `hpack_filter'.
Inserting `luaotfload.harf.finalize_hlist' in `hpack_filter'.
Inserting `ltj.create_dir_whatsit' in `hpack_filter'.
(/usr/local/texlive/2026/texmf-dist/tex/luatex/luatexja/ltj-base.sty
Package: ltj-base 2021-03-16
\ltj@tempcntb=\count281
\ltj@tempcntc=\count282
\ltj@afbox=\box53
)
\ltj@@italic@inner=\luafunction31
\ltj@@start@time@measure@inner=\luafunction32
\ltj@@stop@time@measure@inner=\luafunction33
\ltj@@jfont@inner=\luafunction34
\ltj@zw@inner=\luafunction35
\ltj@zh@inner=\luafunction36
\ltj@reset@globaldefs@inner=\luafunction37
\ltj@restore@globaldefs@inner=\luafunction38
\ltj@@disihb@inner=\luafunction39
\ltj@@ihb@inner=\luafunction40
\ltj@@fakeparbegin@inner=\luafunction41
\ltj@@fakeboxbdd@inner=\luafunction42
\ltj@@ins@xk@inner=\luafunction43
\ltj@@ins@k@inner=\luafunction44
\ltjsetkanjiskip@inner=\luafunction45
\ltjsetxkanjiskip@inner=\luafunction46
\ltj@@getparam@one@inner=\luafunction47
\ltj@alljachar@inner=\luafunction48
\ltj@@lua@populate@insertwhatsit@inner=\luafunction49
\ltj@@vadjust@begin@inner=\luafunction50
\ltj@@vadjust@dirhook@inner=\luafunction51
\ltj@@vadjust@check@dir@inner=\luafunction52
\ltj@@box@dirhook@inner=\luafunction53
\ltj@@reset@badness@inner=\luafunction54
\ltj@@lua@raisebox@inner=\luafunction55
\ltj@@vsplit@inner=\luafunction56
\ltj@@lua@unboxcheckdir@inner=\luafunction57
\ltj@@lua@uncopycheckdir@inner=\luafunction58
\ltj@@lua@uncopy@restore@whatsit@inner=\luafunction59
(load cache: ltj-kinsoku_default.luc)
(/usr/local/texlive/2026/texmf-dist/tex/luatex/luatexja/ltj-latex.sty
Package: ltj-latex 2026-05-17 LaTeX support of LuaTeX-ja
Inserting `ltj.direction' in `pre_shipout_filter'.
(/usr/local/texlive/2026/texmf-dist/tex/luatex/luatexja/patches/lltjfont.sty
Package: lltjfont 2026-03-15 Patch to NFSS2 for LuaTeX-ja
\ltj@@latex@plv=\count283

(/usr/local/texlive/2026/texmf-dist/tex/latex/base/tuenc.def
File: tuenc.def 2025/07/18 v2.1d Standard LaTeX file
\@remove@tlig@@@=\luafunction60
LaTeX Font Info:    Redeclaring font encoding TU on input line 105.
LaTeX Encoding Info:    Redeclaring text command \textquotesingle (encoding TU)
 on input line 148.
LaTeX Encoding Info:    Redeclaring text command \textasciigrave (encoding TU) 
on input line 149.
LaTeX Encoding Info:    Redeclaring text command \textquotedbl (encoding TU) on
 input line 150.
LaTeX Encoding Info:    Redeclaring text command \textdollar (encoding TU) on i
nput line 151.
LaTeX Encoding Info:    Redeclaring text command \textless (encoding TU) on inp
ut line 152.
LaTeX Encoding Info:    Redeclaring text command \textgreater (encoding TU) on 
input line 153.
LaTeX Encoding Info:    Redeclaring text command \textbackslash (encoding TU) o
n input line 154.
LaTeX Encoding Info:    Redeclaring text command \textasciicircum (encoding TU)
 on input line 155.
LaTeX Encoding Info:    Redeclaring text command \textunderscore (encoding TU) 
on input line 156.
LaTeX Encoding Info:    Redeclaring text command \textbraceleft (encoding TU) o
n input line 157.
LaTeX Encoding Info:    Redeclaring text command \textbar (encoding TU) on inpu
t line 158.
LaTeX Encoding Info:    Redeclaring text command \textbraceright (encoding TU) 
on input line 159.
LaTeX Encoding Info:    Redeclaring text command \textasciitilde (encoding TU) 
on input line 160.
LaTeX Encoding Info:    Redeclaring text command \textexclamdown (encoding TU) 
on input line 161.
LaTeX Encoding Info:    Redeclaring text command \textcent (encoding TU) on inp
ut line 162.
LaTeX Encoding Info:    Redeclaring text command \textsterling (encoding TU) on
 input line 163.
LaTeX Encoding Info:    Redeclaring text command \textcurrency (encoding TU) on
 input line 164.
LaTeX Encoding Info:    Redeclaring text command \textyen (encoding TU) on inpu
t line 165.
LaTeX Encoding Info:    Redeclaring text command \textbrokenbar (encoding TU) o
n input line 166.
LaTeX Encoding Info:    Redeclaring text command \textsection (encoding TU) on 
input line 167.
LaTeX Encoding Info:    Redeclaring text command \textasciidieresis (encoding T
U) on input line 168.
LaTeX Encoding Info:    Redeclaring text command \textcopyright (encoding TU) o
n input line 169.
LaTeX Encoding Info:    Redeclaring text command \textordfeminine (encoding TU)
 on input line 170.
LaTeX Encoding Info:    Redeclaring text command \guillemetleft (encoding TU) o
n input line 171.
LaTeX Encoding Info:    Redeclaring text command \guillemotleft (encoding TU) o
n input line 172.
LaTeX Encoding Info:    Redeclaring text command \textlnot (encoding TU) on inp
ut line 173.
LaTeX Encoding Info:    Redeclaring text command \textregistered (encoding TU) 
on input line 174.
LaTeX Encoding Info:    Redeclaring text command \textasciimacron (encoding TU)
 on input line 175.
LaTeX Encoding Info:    Redeclaring text command \textdegree (encoding TU) on i
nput line 176.
LaTeX Encoding Info:    Redeclaring text command \textpm (encoding TU) on input
 line 177.
LaTeX Encoding Info:    Redeclaring text command \texttwosuperior (encoding TU)
 on input line 178.
LaTeX Encoding Info:    Redeclaring text command \textthreesuperior (encoding T
U) on input line 179.
LaTeX Encoding Info:    Redeclaring text command \textasciiacute (encoding TU) 
on input line 180.
LaTeX Encoding Info:    Redeclaring text command \textmu (encoding TU) on input
 line 181.
LaTeX Encoding Info:    Redeclaring text command \textparagraph (encoding TU) o
n input line 182.
LaTeX Encoding Info:    Redeclaring text command \textperiodcentered (encoding 
TU) on input line 183.
LaTeX Encoding Info:    Redeclaring text command \textonesuperior (encoding TU)
 on input line 184.
LaTeX Encoding Info:    Redeclaring text command \textordmasculine (encoding TU
) on input line 185.
LaTeX Encoding Info:    Redeclaring text command \guillemetright (encoding TU) 
on input line 186.
LaTeX Encoding Info:    Redeclaring text command \guillemotright (encoding TU) 
on input line 187.
LaTeX Encoding Info:    Redeclaring text command \textonequarter (encoding TU) 
on input line 188.
LaTeX Encoding Info:    Redeclaring text command \textonehalf (encoding TU) on 
input line 189.
LaTeX Encoding Info:    Redeclaring text command \textthreequarters (encoding T
U) on input line 190.
LaTeX Encoding Info:    Redeclaring text command \textquestiondown (encoding TU
) on input line 191.
LaTeX Encoding Info:    Redeclaring text command \AE (encoding TU) on input lin
e 192.
LaTeX Encoding Info:    Redeclaring text command \DH (encoding TU) on input lin
e 193.
LaTeX Encoding Info:    Redeclaring text command \texttimes (encoding TU) on in
put line 194.
LaTeX Encoding Info:    Redeclaring text command \O (encoding TU) on input line
 195.
LaTeX Encoding Info:    Redeclaring text command \TH (encoding TU) on input lin
e 196.
LaTeX Encoding Info:    Redeclaring text command \ss (encoding TU) on input lin
e 197.
LaTeX Encoding Info:    Redeclaring text command \ae (encoding TU) on input lin
e 198.
LaTeX Encoding Info:    Redeclaring text command \dh (encoding TU) on input lin
e 199.
LaTeX Encoding Info:    Redeclaring text command \textdiv (encoding TU) on inpu
t line 200.
LaTeX Encoding Info:    Redeclaring text command \o (encoding TU) on input line
 201.
LaTeX Encoding Info:    Redeclaring text command \th (encoding TU) on input lin
e 202.
LaTeX Encoding Info:    Redeclaring text command \DJ (encoding TU) on input lin
e 203.
LaTeX Encoding Info:    Redeclaring text command \dj (encoding TU) on input lin
e 204.
LaTeX Encoding Info:    Redeclaring text command \i (encoding TU) on input line
 205.
LaTeX Encoding Info:    Redeclaring text command \IJ (encoding TU) on input lin
e 206.
LaTeX Encoding Info:    Redeclaring text command \ij (encoding TU) on input lin
e 207.
LaTeX Encoding Info:    Redeclaring text command \L (encoding TU) on input line
 208.
LaTeX Encoding Info:    Redeclaring text command \l (encoding TU) on input line
 209.
LaTeX Encoding Info:    Redeclaring text command \NG (encoding TU) on input lin
e 210.
LaTeX Encoding Info:    Redeclaring text command \ng (encoding TU) on input lin
e 211.
LaTeX Encoding Info:    Redeclaring text command \OE (encoding TU) on input lin
e 212.
LaTeX Encoding Info:    Redeclaring text command \oe (encoding TU) on input lin
e 213.
LaTeX Encoding Info:    Redeclaring text command \textflorin (encoding TU) on i
nput line 214.
LaTeX Encoding Info:    Redeclaring text command \j (encoding TU) on input line
 215.
LaTeX Encoding Info:    Redeclaring text command \textasciicaron (encoding TU) 
on input line 216.
LaTeX Encoding Info:    Redeclaring text command \textasciibreve (encoding TU) 
on input line 217.
LaTeX Encoding Info:    Redeclaring text command \textacutedbl (encoding TU) on
 input line 218.
LaTeX Encoding Info:    Redeclaring text command \textgravedbl (encoding TU) on
 input line 219.
LaTeX Encoding Info:    Redeclaring text command \texttildelow (encoding TU) on
 input line 220.
LaTeX Encoding Info:    Redeclaring text command \textbaht (encoding TU) on inp
ut line 221.
LaTeX Encoding Info:    Redeclaring text command \SS (encoding TU) on input lin
e 222.
LaTeX Encoding Info:    Redeclaring text command \textcompwordmark (encoding TU
) on input line 223.
LaTeX Encoding Info:    Redeclaring text command \textendash (encoding TU) on i
nput line 224.
LaTeX Encoding Info:    Redeclaring text command \textemdash (encoding TU) on i
nput line 225.
LaTeX Encoding Info:    Redeclaring text command \textnonbreakinghyphen (encodi
ng TU) on input line 226.
LaTeX Encoding Info:    Redeclaring text command \textfiguredash (encoding TU) 
on input line 228.
LaTeX Encoding Info:    Redeclaring text command \texthorizontalbar (encoding T
U) on input line 230.
LaTeX Encoding Info:    Redeclaring text command \textbardbl (encoding TU) on i
nput line 232.
LaTeX Encoding Info:    Redeclaring text command \textquoteleft (encoding TU) o
n input line 233.
LaTeX Encoding Info:    Redeclaring text command \textquoteright (encoding TU) 
on input line 234.
LaTeX Encoding Info:    Redeclaring text command \quotesinglbase (encoding TU) 
on input line 235.
LaTeX Encoding Info:    Redeclaring text command \textquotedblleft (encoding TU
) on input line 236.
LaTeX Encoding Info:    Redeclaring text command \textquotedblright (encoding T
U) on input line 237.
LaTeX Encoding Info:    Redeclaring text command \quotedblbase (encoding TU) on
 input line 238.
LaTeX Encoding Info:    Redeclaring text command \textdagger (encoding TU) on i
nput line 239.
LaTeX Encoding Info:    Redeclaring text command \textdaggerdbl (encoding TU) o
n input line 240.
LaTeX Encoding Info:    Redeclaring text command \textbullet (encoding TU) on i
nput line 241.
LaTeX Encoding Info:    Redeclaring text command \textellipsis (encoding TU) on
 input line 242.
LaTeX Encoding Info:    Redeclaring text command \textperthousand (encoding TU)
 on input line 243.
LaTeX Encoding Info:    Redeclaring text command \textpertenthousand (encoding 
TU) on input line 244.
LaTeX Encoding Info:    Redeclaring text command \guilsinglleft (encoding TU) o
n input line 245.
LaTeX Encoding Info:    Redeclaring text command \guilsinglright (encoding TU) 
on input line 246.
LaTeX Encoding Info:    Redeclaring text command \textreferencemark (encoding T
U) on input line 247.
LaTeX Encoding Info:    Redeclaring text command \textinterrobang (encoding TU)
 on input line 248.
LaTeX Encoding Info:    Redeclaring text command \textfractionsolidus (encoding
 TU) on input line 249.
LaTeX Encoding Info:    Redeclaring text command \textlquill (encoding TU) on i
nput line 250.
LaTeX Encoding Info:    Redeclaring text command \textrquill (encoding TU) on i
nput line 251.
LaTeX Encoding Info:    Redeclaring text command \textdiscount (encoding TU) on
 input line 252.
LaTeX Encoding Info:    Redeclaring text command \textcolonmonetary (encoding T
U) on input line 253.
LaTeX Encoding Info:    Redeclaring text command \textlira (encoding TU) on inp
ut line 254.
LaTeX Encoding Info:    Redeclaring text command \textnaira (encoding TU) on in
put line 255.
LaTeX Encoding Info:    Redeclaring text command \textwon (encoding TU) on inpu
t line 256.
LaTeX Encoding Info:    Redeclaring text command \textdong (encoding TU) on inp
ut line 257.
LaTeX Encoding Info:    Redeclaring text command \texteuro (encoding TU) on inp
ut line 258.
LaTeX Encoding Info:    Redeclaring text command \textpeso (encoding TU) on inp
ut line 259.
LaTeX Encoding Info:    Redeclaring text command \textcelsius (encoding TU) on 
input line 260.
LaTeX Encoding Info:    Redeclaring text command \textnumero (encoding TU) on i
nput line 261.
LaTeX Encoding Info:    Redeclaring text command \textcircledP (encoding TU) on
 input line 262.
LaTeX Encoding Info:    Redeclaring text command \textrecipe (encoding TU) on i
nput line 263.
LaTeX Encoding Info:    Redeclaring text command \textservicemark (encoding TU)
 on input line 264.
LaTeX Encoding Info:    Redeclaring text command \texttrademark (encoding TU) o
n input line 265.
LaTeX Encoding Info:    Redeclaring text command \textohm (encoding TU) on inpu
t line 266.
LaTeX Encoding Info:    Redeclaring text command \textmho (encoding TU) on inpu
t line 267.
LaTeX Encoding Info:    Redeclaring text command \textestimated (encoding TU) o
n input line 268.
LaTeX Encoding Info:    Redeclaring text command \textleftarrow (encoding TU) o
n input line 269.
LaTeX Encoding Info:    Redeclaring text command \textuparrow (encoding TU) on 
input line 270.
LaTeX Encoding Info:    Redeclaring text command \textrightarrow (encoding TU) 
on input line 271.
LaTeX Encoding Info:    Redeclaring text command \textdownarrow (encoding TU) o
n input line 272.
LaTeX Encoding Info:    Redeclaring text command \textminus (encoding TU) on in
put line 273.
LaTeX Encoding Info:    Redeclaring text command \Hwithstroke (encoding TU) on 
input line 275.
LaTeX Encoding Info:    Redeclaring text command \hwithstroke (encoding TU) on 
input line 276.
LaTeX Encoding Info:    Redeclaring text command \textasteriskcentered (encodin
g TU) on input line 277.
LaTeX Encoding Info:    Redeclaring text command \textsurd (encoding TU) on inp
ut line 288.
LaTeX Encoding Info:    Redeclaring text command \textlangle (encoding TU) on i
nput line 289.
LaTeX Encoding Info:    Redeclaring text command \textrangle (encoding TU) on i
nput line 290.
LaTeX Encoding Info:    Redeclaring text command \textblank (encoding TU) on in
put line 291.
LaTeX Encoding Info:    Redeclaring text command \textvisiblespace (encoding TU
) on input line 292.
LaTeX Encoding Info:    Redeclaring text command \textopenbullet (encoding TU) 
on input line 293.
LaTeX Encoding Info:    Redeclaring text command \textbigcircle (encoding TU) o
n input line 294.
LaTeX Encoding Info:    Redeclaring text command \textmusicalnote (encoding TU)
 on input line 295.
LaTeX Encoding Info:    Redeclaring text command \textmarried (encoding TU) on 
input line 296.
LaTeX Encoding Info:    Redeclaring text command \textdivorced (encoding TU) on
 input line 297.
LaTeX Encoding Info:    Redeclaring text command \textinterrobangdown (encoding
 TU) on input line 298.
LaTeX Encoding Info:    Redeclaring text command \` (encoding TU) on input line
 299.
LaTeX Encoding Info:    Redeclaring text command \' (encoding TU) on input line
 300.
LaTeX Encoding Info:    Redeclaring text command \^ (encoding TU) on input line
 301.
LaTeX Encoding Info:    Redeclaring text command \~ (encoding TU) on input line
 302.
LaTeX Encoding Info:    Redeclaring text command \= (encoding TU) on input line
 303.
LaTeX Encoding Info:    Redeclaring text command \u (encoding TU) on input line
 304.
LaTeX Encoding Info:    Redeclaring text command \. (encoding TU) on input line
 305.
LaTeX Encoding Info:    Redeclaring text command \" (encoding TU) on input line
 306.
LaTeX Encoding Info:    Redeclaring text command \r (encoding TU) on input line
 307.
LaTeX Encoding Info:    Redeclaring text command \H (encoding TU) on input line
 308.
LaTeX Encoding Info:    Redeclaring text command \v (encoding TU) on input line
 309.
LaTeX Encoding Info:    Redeclaring text command \b (encoding TU) on input line
 310.
LaTeX Encoding Info:    Redeclaring text command \d (encoding TU) on input line
 311.
LaTeX Encoding Info:    Redeclaring text command \c (encoding TU) on input line
 312.
LaTeX Encoding Info:    Redeclaring text command \k (encoding TU) on input line
 313.
LaTeX Encoding Info:    Redeclaring text command \textcommabelow (encoding TU) 
on input line 314.
)
\Cht=\dimen153
\cht=\dimen154
\Cdp=\dimen155
\cdp=\dimen156
\Cwd=\dimen157
\cwd=\dimen158
\Cvs=\dimen159
\cvs=\dimen160
\Chs=\dimen161
\chs=\dimen162
\cHT=\dimen163
\dstrutbox=\box54
\tstrutbox=\box55
\zstrutbox=\box56
LaTeX Info: Redefining \strut on input line 71.
\ltj@@add@fenc@@inner=\luafunction61
\ltj@@add@kyenc@@inner=\luafunction62
\ltj@@add@ktenc@@inner=\luafunction63
\ltj@@is@kyenc@@inner=\luafunction64
\ltj@@is@ktenc@@inner=\luafunction65
\ltj@@is@kenc@@inner=\luafunction66
\ltj@@is@ffam@@inner=\luafunction67
\ltj@@add@ffam@@inner=\luafunction68
\ltj@@add@kfam@@inner=\luafunction69
\ltj@@adjust@baseline@inner=\luafunction70
LaTeX Info: Redefining \fontencoding on input line 573.
LaTeX Info: Redefining \fontfamily on input line 619.
LaTeX Info: Redefining \fontseries on input line 813.
LaTeX Info: Redefining \fontseriesforce on input line 814.
LaTeX Info: Redefining \fontshape on input line 822.
LaTeX Info: Redefining \fontshapeforce on input line 833.
\ltj@@jfont@@jfmonly@@inner=\luafunction71
\ltj@@does@alt@set@@inner=\luafunction72
\ltj@@cipath@clear@inner=\luafunction73
)
(/usr/local/texlive/2026/texmf-dist/tex/luatex/luatexja/patches/lltjdefs.sty
Package: lltjdefs 2024-05-16 Default font settings of LuaTeX-ja
luaotfload | db : Font names database loaded from /Users/newton/Library/texlive/
2026/texmf-var/luatex-cache/generic/names/luaotfload-names.luc.gz(load cache: ex
tra_lmroman10-regular.luc)
LaTeX Font Info:    Font shape `JT3/mc/m/n' will be
(Font)              scaled to size 9.24713pt on input line 69.

(/usr/local/texlive/2026/texmf-dist/tex/luatex/luatexja/jfm-ujisv.lua)
LaTeX Font Info:    Font shape `JY3/mc/m/n' will be
(Font)              scaled to size 9.24713pt on input line 69.
(load cache: extra_haranoajimincho-regular.luc)
(/usr/local/texlive/2026/texmf-dist/tex/luatex/luatexja/jfm-ujis.lua)
\symmincho=\mathgroup4
LaTeX Font Info:    Overwriting symbol font `mincho' in version `bold'
(Font)                  JY3/mc/m/n --> JY3/gt/m/n on input line 78.
)
(/usr/local/texlive/2026/texmf-dist/tex/luatex/luatexja/patches/lltjcore.sty
Package: lltjcore 2026-05-17 Patch to LaTeX2e Kernel for LuaTeX-ja

(/usr/local/texlive/2026/texmf-dist/tex/latex/l3kernel/expl3.sty
Package: expl3 2026-05-26 L3 programming layer (loader) 

(/usr/local/texlive/2026/texmf-dist/tex/latex/l3backend/l3backend-luatex.def
File: l3backend-luatex.def 2026-02-18 L3 backend support: PDF output (LuaTeX)
\l__color_backend_stack_int=\count284
Inserting `l3color' in `luaotfload.parse_color'.))
\@tombowwidth=\dimen164
\@TL=\box57
\@Tl=\box58
\@TC=\box59
\@TR=\box60
\@Tr=\box61
\@BL=\box62
\@Bl=\box63
\@BC=\box64
\@BR=\box65
\@Br=\box66
\@CL=\box67
\@CR=\box68
(load cache: extra_lmmono9-regular.luc)
\@bannertoken=\toks27
\@@paperheight=\dimen165
\@@paperwidth=\dimen166
\@@topmargin=\dimen167
LaTeX Info: Redefining \underline on input line 311.
)
(/usr/local/texlive/2026/texmf-dist/tex/luatex/luatexja/patches/lltjp-atbegshi.
sty
Package: lltjp-atbegshi 2024-05-14 Patching \shipout hooks for LuaTeX-ja
\l__platex_shipout_dummy_box=\box69
)
(/usr/local/texlive/2026/texmf-dist/tex/luatex/luatexja/patches/lltjp-geometry.
sty
Package: lltjp-geometry 2024-05-16 Patch to geometry for LuaTeX-ja with vertica
l writing mode
 (/usr/local/texlive/2026/texmf-dist/tex/generic/iftex/ifluatex.sty
Package: ifluatex 2019/10/25 v1.5 ifluatex legacy package. Use iftex instead.
)))
\ltj@temp@cctb=\catcodetable16
)
(/usr/local/texlive/2026/texmf-dist/tex/luatex/luatexja/luatexja-compat.sty
Package: luatexja-compat 2025-09-21 Compatibility with pTeX
(load cache: ltj-jisx0208.luc)
\hour=\count285
\minute=\count286
))
\jsc@mpt=\dimen168
\jsc@mmm=\dimen169
\jsc@smallskipamount=\skip49
LaTeX Font Info:    Font shape `JY3/mc/m/n' will be
(Font)              scaled to size 9.24713pt on input line 425.
\fullwidth=\dimen170
(load cache: extra_lmroman8-regular.luc)
LaTeX Font Info:    Font shape `JT3/mc/m/n' will be
(Font)              scaled to size 7.3977pt on input line 574.
LaTeX Font Info:    Font shape `JY3/mc/m/n' will be
(Font)              scaled to size 7.3977pt on input line 574.
\c@part=\count287
\c@chapter=\count288
\c@section=\count289
\c@subsection=\count290
\c@subsubsection=\count291
\c@paragraph=\count292
\c@subparagraph=\count293
\c@figure=\count294
\c@table=\count295
\abovecaptionskip=\skip50
\belowcaptionskip=\skip51
LaTeX Info: Redefining \mc on input line 1427.
LaTeX Info: Redefining \gt on input line 1428.
\jsc@tocl@width=\dimen171
\@lnumwidth=\dimen172
\bibindent=\dimen173

(/usr/local/texlive/2026/texmf-dist/tex/platex/jsclasses/jslogo.sty
Package: jslogo 2019/07/25 okumura, texjporg
LaTeX Info: Redefining \TeX on input line 82.
LaTeX Info: Redefining \LaTeX on input line 135.
LaTeX Info: Redefining \LaTeXe on input line 188.
)
\heisei=\count296
)
(../../myStyle.sty
(/usr/local/texlive/2026/texmf-dist/tex/latex/biblatex/biblatex.sty
Package: biblatex 2025/07/10 v3.21 programmable bibliographies (PK/MW)

(/usr/local/texlive/2026/texmf-dist/tex/latex/kvoptions/kvoptions.sty
Package: kvoptions 2022-06-15 v3.15 Key value format for package options (HO)

(/usr/local/texlive/2026/texmf-dist/tex/latex/kvsetkeys/kvsetkeys.sty
Package: kvsetkeys 2022-10-05 v1.19 Key value parser (HO)
))
(/usr/local/texlive/2026/texmf-dist/tex/latex/logreq/logreq.sty
Package: logreq 2010/08/04 v1.0 xml request logger
\lrq@indent=\count297

(/usr/local/texlive/2026/texmf-dist/tex/latex/logreq/logreq.def
File: logreq.def 2010/08/04 v1.0 logreq spec v1.0
))
(/usr/local/texlive/2026/texmf-dist/tex/latex/base/ifthen.sty
Package: ifthen 2024/03/16 v1.1e Standard LaTeX ifthen package (DPC)
)
(/usr/local/texlive/2026/texmf-dist/tex/latex/url/url.sty
\Urlmuskip=\muskip17
Package: url 2013/09/16  ver 3.4  Verb mode for urls, etc.
)
\c@tabx@nest=\count298
\c@listtotal=\count299
\c@listcount=\count300
\c@liststart=\count301
\c@liststop=\count302
\c@citecount=\count303
\c@citetotal=\count304
\c@multicitecount=\count305
\c@multicitetotal=\count306
\c@instcount=\count307
\c@maxnames=\count308
\c@minnames=\count309
\c@maxitems=\count310
\c@minitems=\count311
\c@citecounter=\count312
\c@maxcitecounter=\count313
\c@savedcitecounter=\count314
\c@uniquelist=\count315
\c@uniquename=\count316
\c@refsection=\count317
\c@refsegment=\count318
\c@maxextratitle=\count319
\c@maxextratitleyear=\count320
\c@maxextraname=\count321
\c@maxextradate=\count322
\c@maxextraalpha=\count323
\c@abbrvpenalty=\count324
\c@highnamepenalty=\count325
\c@lownamepenalty=\count326
\c@maxparens=\count327
\c@parenlevel=\count328
\blx@tempcnta=\count329
\blx@tempcntb=\count330
\blx@tempcntc=\count331
\c@blx@maxsection=\count332
\blx@maxsegment@0=\count333
\blx@notetype=\count334
\blx@parenlevel@text=\count335
\blx@parenlevel@foot=\count336
\blx@sectionciteorder@0=\count337
\blx@sectionciteorderinternal@0=\count338
\blx@entrysetcounter=\count339
\blx@biblioinstance=\count340
\labelnumberwidth=\skip52
\labelalphawidth=\skip53
\biblabelsep=\skip54
\bibitemsep=\skip55
\bibnamesep=\skip56
\bibinitsep=\skip57
\bibparsep=\skip58
\bibhang=\skip59
\blx@bcfin=\read2
\blx@bcfout=\write3
\blx@langwohyphens=\language3
\c@mincomprange=\count341
\c@maxcomprange=\count342
\c@mincompwidth=\count343
Package biblatex Info: Trying to load biblatex default data model...
Package biblatex Info: ... file 'blx-dm.def' found.

(/usr/local/texlive/2026/texmf-dist/tex/latex/biblatex/blx-dm.def
File: blx-dm.def 2025/07/10 v3.21 biblatex datamodel (PK/MW)
)
Package biblatex Info: Trying to load biblatex style data model...
Package biblatex Info: ... file 'jpa2.dbx' found.
 (./jpa2.dbx
File: jpa2.dbx 2026/03/24 v0.1 JPA 2022 biblatex data model
)
Package biblatex Info: Trying to load biblatex custom data model...
Package biblatex Info: ... file 'biblatex-dm.cfg' not found.
\c@afterword=\count344
\c@savedafterword=\count345
\c@annotator=\count346
\c@savedannotator=\count347
\c@author=\count348
\c@savedauthor=\count349
\c@bookauthor=\count350
\c@savedbookauthor=\count351
\c@commentator=\count352
\c@savedcommentator=\count353
\c@editor=\count354
\c@savededitor=\count355
\c@editora=\count356
\c@savededitora=\count357
\c@editorb=\count358
\c@savededitorb=\count359
\c@editorc=\count360
\c@savededitorc=\count361
\c@foreword=\count362
\c@savedforeword=\count363
\c@holder=\count364
\c@savedholder=\count365
\c@introduction=\count366
\c@savedintroduction=\count367
\c@namea=\count368
\c@savednamea=\count369
\c@nameb=\count370
\c@savednameb=\count371
\c@namec=\count372
\c@savednamec=\count373
\c@translator=\count374
\c@savedtranslator=\count375
\c@shortauthor=\count376
\c@savedshortauthor=\count377
\c@shorteditor=\count378
\c@savedshorteditor=\count379
\c@origauthor=\count380
\c@savedorigauthor=\count381
\c@translatora=\count382
\c@savedtranslatora=\count383
\c@labelname=\count384
\c@savedlabelname=\count385
\c@institution=\count386
\c@savedinstitution=\count387
\c@lista=\count388
\c@savedlista=\count389
\c@listb=\count390
\c@savedlistb=\count391
\c@listc=\count392
\c@savedlistc=\count393
\c@listd=\count394
\c@savedlistd=\count395
\c@liste=\count396
\c@savedliste=\count397
\c@listf=\count398
\c@savedlistf=\count399
\c@location=\count400
\c@savedlocation=\count401
\c@organization=\count402
\c@savedorganization=\count403
\c@origlocation=\count404
\c@savedoriglocation=\count405
\c@origpublisher=\count406
\c@savedorigpublisher=\count407
\c@publisher=\count408
\c@savedpublisher=\count409
\c@language=\count410
\c@savedlanguage=\count411
\c@origlanguage=\count412
\c@savedoriglanguage=\count413
\c@pageref=\count414
\c@savedpageref=\count415
\shorthandwidth=\skip60
\shortjournalwidth=\skip61
\shortserieswidth=\skip62
\shorttitlewidth=\skip63
\shortauthorwidth=\skip64
\shorteditorwidth=\skip65
\origauthorwidth=\skip66
\translatorawidth=\skip67
\locallabelnumberwidth=\skip68
\locallabelalphawidth=\skip69
\localshorthandwidth=\skip70
\localshortjournalwidth=\skip71
\localshortserieswidth=\skip72
\localshorttitlewidth=\skip73
\localshortauthorwidth=\skip74
\localshorteditorwidth=\skip75
\localorigauthorwidth=\skip76
\localtranslatorawidth=\skip77
Package biblatex Info: Trying to load enhanced support for Unicode engines...
Package biblatex Info: ... file 'blx-unicode.def' found.
(/usr/local/texlive/2026/texmf-dist/tex/latex/biblatex/blx-unicode.def)
Package biblatex Info: Trying to load compatibility code...
Package biblatex Info: ... file 'blx-compat.def' found.

(/usr/local/texlive/2026/texmf-dist/tex/latex/biblatex/blx-compat.def
File: blx-compat.def 2025/07/10 v3.21 biblatex compatibility (PK/MW)
)
Package biblatex Info: Trying to load generic definitions...
Package biblatex Info: ... file 'biblatex.def' found.

(/usr/local/texlive/2026/texmf-dist/tex/latex/biblatex/biblatex.def
File: biblatex.def 2025/07/10 v3.21 biblatex compatibility (PK/MW)
\c@textcitecount=\count416
\c@textcitetotal=\count417
\c@textcitemaxnames=\count418
\c@biburlbigbreakpenalty=\count419
\c@biburlbreakpenalty=\count420
\c@biburlnumpenalty=\count421
\c@biburlucpenalty=\count422
\c@biburllcpenalty=\count423
\biburlbigskip=\muskip18
\biburlnumskip=\muskip19
\biburlucskip=\muskip20
\biburllcskip=\muskip21
\c@smartand=\count424
)
Package biblatex Info: Trying to load bibliography style 'jpa2'...
Package biblatex Info: ... file 'jpa2.bbx' found.

(./jpa2.bbx
File: jpa2.bbx 2026/03/24 v0.1 JPA 2022 bibliography style
Package biblatex Info: Trying to load bibliography style 'authoryear'...
Package biblatex Info: ... file 'authoryear.bbx' found.

(/usr/local/texlive/2026/texmf-dist/tex/latex/biblatex/bbx/authoryear.bbx
File: authoryear.bbx 2025/07/10 v3.21 biblatex bibliography style (PK/MW)
Package biblatex Info: Trying to load bibliography style 'standard'...
Package biblatex Info: ... file 'standard.bbx' found.

(/usr/local/texlive/2026/texmf-dist/tex/latex/biblatex/bbx/standard.bbx
File: standard.bbx 2025/07/10 v3.21 biblatex bibliography style (PK/MW)
\c@bbx:relatedcount=\count425
\c@bbx:relatedtotal=\count426
))
Package biblatex Info: Delimiter 'multinamedelim' in context '' already defined
, overwriting.
\maxprtnames=\count427
)
Package biblatex Info: Trying to load citation style 'jpa2'...
Package biblatex Info: ... file 'jpa2.cbx' found.

(./jpa2.cbx
File: jpa2.cbx 2026/06/07 v0.2 JPA 2022 citation style
Package biblatex Info: Trying to load citation style 'authoryear-comp'...
Package biblatex Info: ... file 'authoryear-comp.cbx' found.

(/usr/local/texlive/2026/texmf-dist/tex/latex/biblatex/cbx/authoryear-comp.cbx
File: authoryear-comp.cbx 2025/07/10 v3.21 biblatex citation style (PK/MW)
Package biblatex Info: Redefining '\cite'.
Package biblatex Info: Redefining '\parencite'.
Package biblatex Info: Redefining '\footcite'.
Package biblatex Info: Redefining '\footcitetext'.
Package biblatex Info: Redefining '\smartcite'.
Package biblatex Info: Redefining '\textcite'.
Package biblatex Info: Redefining '\textcites'.
Package biblatex Info: Redefining '\cites'.
Package biblatex Info: Redefining '\parencites'.
Package biblatex Info: Redefining '\footcites'.
Package biblatex Info: Redefining '\footcitetexts'.
Package biblatex Info: Redefining '\smartcites'.
)
Package biblatex Info: Delimiter 'nameyeardelim' in context '' already defined,
 overwriting.
)
Package biblatex Info: Trying to load configuration file...
Package biblatex Info: ... file 'biblatex.cfg' found.
 (/usr/local/texlive/2026/texmf-dist/tex/latex/biblatex/biblatex.cfg
File: biblatex.cfg 
)
Package biblatex Info: LuaTeX detected.
(biblatex)             Assuming input encoding 'utf8'.
Package biblatex Info: Document encoding is UTF8 ....
Package biblatex Info: ... and expl3
(biblatex)             2026-05-26 L3 programming layer (loader) 
(biblatex)             is new enough (at least 2020/04/06),
(biblatex)             setting 'casechanger=expl3'.

(/usr/local/texlive/2026/texmf-dist/tex/latex/biblatex/blx-case-expl3.sty
(/usr/local/texlive/2026/texmf-dist/tex/latex/l3packages/xparse/xparse.sty
Package: xparse 2025-10-09 L3 Experimental document command parser
)
Package: blx-case-expl3 2025/07/10 v3.21 expl3 case changing code for biblatex
))
(/usr/local/texlive/2026/texmf-dist/tex/latex/bxpapersize/bxpapersize.sty
Package: bxpapersize 2026/05/30 v0.7

(/usr/local/texlive/2026/texmf-dist/tex/generic/iftex/ifpdf.sty
Package: ifpdf 2019/10/25 v3.4 ifpdf legacy package. Use iftex instead.
)
(/usr/local/texlive/2026/texmf-dist/tex/generic/iftex/ifxetex.sty
Package: ifxetex 2019/10/25 v0.7 ifxetex legacy package. Use iftex instead.
)
(/usr/local/texlive/2026/texmf-dist/tex/generic/iftex/ifvtex.sty
Package: ifvtex 2019/10/25 v1.7 ifvtex legacy package. Use iftex instead.
)
(/usr/local/texlive/2026/texmf-dist/tex/generic/ifptex/ifptex.sty
Package: ifptex 2023/04/08 v2.2c pTeX checker
)
\bxpr@dima=\dimen174
Package bxpapersize Info: Detected the new LaTeX kernel (2020-10-01).

(/usr/local/texlive/2026/texmf-dist/tex/latex/base/atbegshi-ltx.sty
Package: atbegshi-ltx 2021/01/10 v1.0c Emulation of the original atbegshi
package with kernel methods
))
(/usr/local/texlive/2026/texmf-dist/tex/latex/geometry/geometry.sty
Package: geometry 2026/03/07 v6.0 Page Geometry
\Gm@cnth=\count428
\Gm@cntv=\count429
\c@Gm@tempcnt=\count430
\Gm@bindingoffset=\dimen175
\Gm@wd@mp=\dimen176
\Gm@odd@mp=\dimen177
\Gm@even@mp=\dimen178
\Gm@layoutwidth=\dimen179
\Gm@layoutheight=\dimen180
\Gm@layouthoffset=\dimen181
\Gm@layoutvoffset=\dimen182
\Gm@dimlist=\toks28
)
(/usr/local/texlive/2026/texmf-dist/tex/latex/amsmath/amsmath.sty
Package: amsmath 2026/05/19 v2.18d AMS math features
\@mathmargin=\skip78

For additional information on amsmath, use the `?' option.
(/usr/local/texlive/2026/texmf-dist/tex/latex/amsmath/amstext.sty
Package: amstext 2024/11/17 v2.01 AMS text

(/usr/local/texlive/2026/texmf-dist/tex/latex/amsmath/amsgen.sty
File: amsgen.sty 1999/11/30 v2.0 generic functions
\@emptytoks=\toks29
\ex@=\dimen183
))
(/usr/local/texlive/2026/texmf-dist/tex/latex/amsmath/amsbsy.sty
Package: amsbsy 1999/11/29 v1.2d Bold Symbols
\pmbraise@=\dimen184
)
(/usr/local/texlive/2026/texmf-dist/tex/latex/amsmath/amsopn.sty
Package: amsopn 2022/04/08 v2.04 operator names
)
\inf@bad=\count431
LaTeX Info: Redefining \frac on input line 235.
\uproot@=\count432
\leftroot@=\count433
LaTeX Info: Redefining \overline on input line 398.
LaTeX Info: Redefining \colon on input line 409.
\classnum@=\count434
\DOTSCASE@=\count435
LaTeX Info: Redefining \ldots on input line 495.
LaTeX Info: Redefining \dots on input line 498.
LaTeX Info: Redefining \cdots on input line 619.
\Mathstrutbox@=\box70
\strutbox@=\box71
LaTeX Info: Redefining \big on input line 721.
LaTeX Info: Redefining \Big on input line 722.
LaTeX Info: Redefining \bigg on input line 723.
LaTeX Info: Redefining \Bigg on input line 724.
\big@size=\dimen185
LaTeX Font Info:    Redeclaring font encoding OML on input line 742.
LaTeX Font Info:    Redeclaring font encoding OMS on input line 743.
\macc@depth=\count436
LaTeX Info: Redefining \bmod on input line 904.
LaTeX Info: Redefining \pmod on input line 909.
LaTeX Info: Redefining \smash on input line 939.
LaTeX Info: Redefining \relbar on input line 969.
LaTeX Info: Redefining \Relbar on input line 970.
\c@MaxMatrixCols=\count437
\dotsspace@=\muskip22
\c@parentequation=\count438
\dspbrk@lvl=\count439
\tag@help=\toks30
\row@=\count440
\column@=\count441
\maxfields@=\count442
\andhelp@=\toks31
\eqnshift@=\dimen186
\alignsep@=\dimen187
\tagshift@=\dimen188
\tagwidth@=\dimen189
\totwidth@=\dimen190
\lineht@=\dimen191
\@envbody=\toks32
\multlinegap=\skip79
\multlinetaggap=\skip80
\mathdisplay@stack=\toks33
LaTeX Info: Redefining \[ on input line 2965.
LaTeX Info: Redefining \] on input line 2966.
)
(/usr/local/texlive/2026/texmf-dist/tex/latex/amsfonts/amssymb.sty
Package: amssymb 2013/01/14 v3.01 AMS font symbols

(/usr/local/texlive/2026/texmf-dist/tex/latex/amsfonts/amsfonts.sty
Package: amsfonts 2013/01/14 v3.01 Basic AMSFonts support
\symAMSa=\mathgroup5
\symAMSb=\mathgroup6
LaTeX Font Info:    Redeclaring math symbol \hbar on input line 98.
LaTeX Font Info:    Overwriting math alphabet `\mathfrak' in version `bold'
(Font)                  U/euf/m/n --> U/euf/b/n on input line 106.
))
(/usr/local/texlive/2026/texmf-dist/tex/latex/graphics/graphicx.sty
Package: graphicx 2026-05-17 v1.2e Enhanced LaTeX Graphics (DPC,SPQR)

(/usr/local/texlive/2026/texmf-dist/tex/latex/graphics/graphics.sty
Package: graphics 2026-05-17 v1.4h Standard LaTeX Graphics (DPC,SPQR)

(/usr/local/texlive/2026/texmf-dist/tex/latex/graphics/trig.sty
Package: trig 2023/12/02 v1.11 sin cos tan (DPC)
)
(/usr/local/texlive/2026/texmf-dist/tex/latex/graphics-cfg/graphics.cfg
File: graphics.cfg 2016/06/04 v1.11 sample graphics configuration
)
Package graphics Info: Driver file: luatex.def on input line 106.

(/usr/local/texlive/2026/texmf-dist/tex/latex/graphics-def/luatex.def
File: luatex.def 2025/09/29 v1.2f Graphics/color driver for luatex
))
\Gin@req@height=\dimen192
\Gin@req@width=\dimen193
)
(/usr/local/texlive/2026/texmf-dist/tex/latex/float/float.sty
Package: float 2001/11/08 v1.3d Float enhancements (AL)
\c@float@type=\count443
\float@exts=\toks34
\float@box=\box72
\@float@everytoks=\toks35
\@floatcapt=\box73
)
(/usr/local/texlive/2026/texmf-dist/tex/latex/lineno/lineno.sty
Package: lineno 2026/03/08 line numbers on paragraphs v5.9
\linenopenalty=\count444
\output=\toks36
\linenoprevgraf=\count445
\linenumbersep=\dimen194
\linenumberwidth=\dimen195
\c@linenumber=\count446
\c@pagewiselinenumber=\count447
\c@LN@truepage=\count448
\c@internallinenumber=\count449
\c@internallinenumbers=\count450
\quotelinenumbersep=\dimen196
\bframerule=\dimen197
\bframesep=\dimen198
\bframebox=\box74
\@LN@amsmath@ams@eqpen=\count451
)
(/usr/local/texlive/2026/texmf-dist/tex/latex/graphics/lscape.sty
Package: lscape 2020/05/28 v3.02 Landscape Pages (DPC)
)
(/usr/local/texlive/2026/texmf-dist/tex/luatex/luatexja/addons/luatexja-ruby.st
y
Package: luatexja-ruby 2024-09-09 v0.7
\ltj@rubyattr=\attribute25
Lua module: luatexja.ruby 2024-09-06 Ruby annotation
Custom whatsit ruby_pre = 7
Custom whatsit ruby_post = 8
Inserting `ltj.ruby.pre' in `pre_linebreak_filter'.
Inserting `ltj.ruby.post_break' in `pre_append_to_vlist_filter'.
Inserting `ltj.ruby' in `hpack_filter'.
Removing  `luatexja.beginpar.np_info' from `luatexja.jfmglue.whatsit_getinfo'.
Inserting `luatexja.ruby.np_info' in `luatexja.jfmglue.whatsit_getinfo'.
Inserting `luatexja.beginpar.np_info' in `luatexja.jfmglue.whatsit_getinfo'.
Removing  `luatexja.beginpar.np_info_after' from `luatexja.jfmglue.whatsit_after
'.
Inserting `luatexja.ruby.np_info_after' in `luatexja.jfmglue.whatsit_after'.
Inserting `luatexja.beginpar.np_info_after' in `luatexja.jfmglue.whatsit_after'.
Inserting `luatexja.ruby.np_info_last_minute' in `luatexja.jfmglue.whatsit_last_
minute'.) (/usr/local/texlive/2026/texmf-dist/tex/latex/epsdice/epsdice.sty
Package: epsdice 2007/02/15 by Thomas Heim (v. 2.1)

(/usr/local/texlive/2026/texmf-dist/tex/latex/epsdice/epsdice.cfg)
\c@eps@face=\count452
)
(/usr/local/texlive/2026/texmf-dist/tex/latex/fancyvrb/fancyvrb.sty
Package: fancyvrb 2026/04/16 4.6a verbatim text (tvz,hv)
\FV@CodeLineNo=\count453
\FV@InFile=\read3
\FV@TabBox=\box75
\c@FancyVerbLine=\count454
\FV@StepNumber=\count455
\FV@OutFile=\write4
)
(/usr/local/texlive/2026/texmf-dist/tex/luatex/luatexja/patches/lltjp-fancyvrb.
sty

LaTeX Warning: You have requested package `fancyvrb',
               but the package provides `lltjp-fancyvrb'.

Package: lltjp-fancyvrb 2026-04-18 Patch to fancyvrb for LuaTeX-ja
) (/usr/local/texlive/2026/texmf-dist/tex/generic/ulem/ulem.sty
\UL@box=\box76
\UL@hyphenbox=\box77
\UL@skip=\skip81
\UL@hook=\toks37
\UL@height=\dimen199
\UL@pe=\count456
\UL@pixel=\dimen256
\ULC@box=\box78
Package: ulem 2019/11/18
\ULdepth=\dimen257
)
(/usr/local/texlive/2026/texmf-dist/tex/latex/colortbl/colortbl.sty
Package: colortbl 2026/05/01 v1.0l Color table columns (DPC)

(/usr/local/texlive/2026/texmf-dist/tex/latex/tools/array.sty
Package: array 2026/02/24 v2.7b Tabular extension package (FMi)
\col@sep=\dimen258
\ar@mcellbox=\box79
\extrarowheight=\dimen259
\NC@list=\toks38
\extratabsurround=\skip82
\backup@length=\skip83
\ar@cellbox=\box80
)
(/usr/local/texlive/2026/texmf-dist/tex/latex/graphics/color.sty
Package: color 2026-05-17 v1.3f Standard LaTeX Color (DPC)

(/usr/local/texlive/2026/texmf-dist/tex/latex/graphics-cfg/color.cfg
File: color.cfg 2016/01/02 v1.6 sample color configuration
)
Package color Info: Driver file: luatex.def on input line 149.

(/usr/local/texlive/2026/texmf-dist/tex/latex/graphics/dvipsnam.def
File: dvipsnam.def 2026-05-17 v3.0m Driver-dependent file (DPC,SPQR)
)
(/usr/local/texlive/2026/texmf-dist/tex/latex/graphics/mathcolor.ltx))
new hooks used!!
\minrowclearance=\skip84
\rownum=\count457
) (/usr/local/texlive/2026/texmf-dist/tex/latex/tools/bm.sty
Package: bm 2025/10/21 v1.2g Bold Symbol Support (DPC/FMi)
\symboldoperators=\mathgroup7
\symboldletters=\mathgroup8
\symboldsymbols=\mathgroup9
Package bm Info: No bold for \OMX/cmex/m/n, using \pmb.
\symboldmincho=\mathgroup10
Package bm Info: No bold for \U/msa/m/n, using \pmb.
Package bm Info: No bold for \U/msb/m/n, using \pmb.
LaTeX Font Info:    Redeclaring math alphabet \mathbf on input line 149.
)
(/usr/local/texlive/2026/texmf-dist/tex/latex/pdfpages/pdfpages.sty
Package: pdfpages 2026/03/30 v0.6h Insert pages of external PDF documents (AM)

(/usr/local/texlive/2026/texmf-dist/tex/latex/tools/calc.sty
Package: calc 2025/03/01 v4.3b Infix arithmetic (KKT,FJ)
\calc@Acount=\count458
\calc@Bcount=\count459
\calc@Adimen=\dimen260
\calc@Bdimen=\dimen261
\calc@Askip=\skip85
\calc@Bskip=\skip86
LaTeX Info: Redefining \setlength on input line 86.
LaTeX Info: Redefining \addtolength on input line 87.
\calc@Ccount=\count460
\calc@Cskip=\skip87
)
(/usr/local/texlive/2026/texmf-dist/tex/latex/eso-pic/eso-pic.sty
Package: eso-pic 2026/05/31 v3.0e eso-pic (RN)
\ESO@tempdima=\dimen262
\ESO@tempdimb=\dimen263
)
\AM@pagewidth=\dimen264
\AM@pageheight=\dimen265
\AM@fboxrule=\dimen266

(/usr/local/texlive/2026/texmf-dist/tex/latex/pdfpages/ppluatex.def
File: ppluatex.def 2026/03/30 v0.6h Pdfpages driver for LuaTeX (AM)
)
\pdfpages@includegraphics@status=\count461
\AM@pagebox=\box81
\AM@global@opts=\toks39
\AM@pagecnt=\count462
\AM@toc@title=\toks40
\AM@lof@heading=\toks41
\c@AM@survey=\count463
\AM@templatesizebox=\box82
)
(/usr/local/texlive/2026/texmf-dist/tex/latex/wrapfig/wrapfig.sty
\wrapoverhang=\dimen267
\WF@size=\dimen268
\c@WF@wrappedlines=\count464
\WF@box=\box83
\WF@everypar=\toks42
Package: wrapfig 2003/01/31  v 3.6
)
(/usr/local/texlive/2026/texmf-dist/tex/latex/multirow/multirow.sty
Package: multirow 2024/11/12 v2.9 Span multiple rows of a table
\multirow@colwidth=\skip88
\multirow@cntb=\count465
\multirow@dima=\skip89
\bigstrutjot=\dimen269
)
(/usr/local/texlive/2026/texmf-dist/tex/latex/pgf/frontendlayer/tikz.sty
(/usr/local/texlive/2026/texmf-dist/tex/latex/pgf/basiclayer/pgf.sty
(/usr/local/texlive/2026/texmf-dist/tex/latex/pgf/utilities/pgfrcs.sty
(/usr/local/texlive/2026/texmf-dist/tex/generic/pgf/utilities/pgfutil-common.te
x
\pgfutil@everybye=\toks43
\pgfutil@tempdima=\dimen270
\pgfutil@tempdimb=\dimen271
)
(/usr/local/texlive/2026/texmf-dist/tex/generic/pgf/utilities/pgfutil-latex.def
\pgfutil@abb=\box84
) (/usr/local/texlive/2026/texmf-dist/tex/generic/pgf/utilities/pgfrcs.code.tex
(/usr/local/texlive/2026/texmf-dist/tex/generic/pgf/pgf.revision.tex)
Package: pgfrcs 2025-08-29 v3.1.11a (3.1.11a)
))
Package: pgf 2025-08-29 v3.1.11a (3.1.11a)

(/usr/local/texlive/2026/texmf-dist/tex/latex/pgf/basiclayer/pgfcore.sty
(/usr/local/texlive/2026/texmf-dist/tex/latex/pgf/systemlayer/pgfsys.sty
(/usr/local/texlive/2026/texmf-dist/tex/generic/pgf/systemlayer/pgfsys.code.tex
Package: pgfsys 2025-08-29 v3.1.11a (3.1.11a)
(/usr/local/texlive/2026/texmf-dist/tex/generic/pgf/utilities/pgfkeys.code.tex
\pgfkeys@pathtoks=\toks44
\pgfkeys@temptoks=\toks45

(/usr/local/texlive/2026/texmf-dist/tex/generic/pgf/utilities/pgfkeyslibraryfil
tered.code.tex
\pgfkeys@tmptoks=\toks46
))
\pgf@x=\dimen272
\pgf@y=\dimen273
\pgf@xa=\dimen274
\pgf@ya=\dimen275
\pgf@xb=\dimen276
\pgf@yb=\dimen277
\pgf@xc=\dimen278
\pgf@yc=\dimen279
\pgf@xd=\dimen280
\pgf@yd=\dimen281
\w@pgf@writea=\write5
\r@pgf@reada=\read4
\c@pgf@counta=\count466
\c@pgf@countb=\count467
\c@pgf@countc=\count468
\c@pgf@countd=\count469
\t@pgf@toka=\toks47
\t@pgf@tokb=\toks48
\t@pgf@tokc=\toks49
\pgf@sys@id@count=\count470

(/usr/local/texlive/2026/texmf-dist/tex/generic/pgf/systemlayer/pgf.cfg
File: pgf.cfg 2025-08-29 v3.1.11a (3.1.11a)
)
Driver file for pgf: pgfsys-luatex.def

(/usr/local/texlive/2026/texmf-dist/tex/generic/pgf/systemlayer/pgfsys-luatex.d
ef
File: pgfsys-luatex.def 2025-08-29 v3.1.11a (3.1.11a)

(/usr/local/texlive/2026/texmf-dist/tex/generic/pgf/systemlayer/pgfsys-common-p
df.def
File: pgfsys-common-pdf.def 2025-08-29 v3.1.11a (3.1.11a)
)))
(/usr/local/texlive/2026/texmf-dist/tex/generic/pgf/systemlayer/pgfsyssoftpath.
code.tex
File: pgfsyssoftpath.code.tex 2025-08-29 v3.1.11a (3.1.11a)
\pgfsyssoftpath@smallbuffer@items=\count471
\pgfsyssoftpath@bigbuffer@items=\count472
)
(/usr/local/texlive/2026/texmf-dist/tex/generic/pgf/systemlayer/pgfsysprotocol.
code.tex
File: pgfsysprotocol.code.tex 2025-08-29 v3.1.11a (3.1.11a)
)) (/usr/local/texlive/2026/texmf-dist/tex/latex/xcolor/xcolor.sty
Package: xcolor 2024/09/29 v3.02 LaTeX color extensions (UK)

(/usr/local/texlive/2026/texmf-dist/tex/latex/graphics-cfg/color.cfg
File: color.cfg 2016/01/02 v1.6 sample color configuration
)
Package xcolor Info: Driver file: luatex.def on input line 274.
LaTeX Info: Redefining \color on input line 762.

(/usr/local/texlive/2026/texmf-dist/tex/latex/graphics/mathcolor.ltx)
Package xcolor Info: Model `cmy' substituted by `cmy0' on input line 1349.
Package xcolor Info: Model `hsb' substituted by `rgb' on input line 1353.
Package xcolor Info: Model `RGB' extended on input line 1365.
Package xcolor Info: Model `HTML' substituted by `rgb' on input line 1367.
Package xcolor Info: Model `Hsb' substituted by `hsb' on input line 1368.
Package xcolor Info: Model `tHsb' substituted by `hsb' on input line 1369.
Package xcolor Info: Model `HSB' substituted by `hsb' on input line 1370.
Package xcolor Info: Model `Gray' substituted by `gray' on input line 1371.
Package xcolor Info: Model `wave' substituted by `hsb' on input line 1372.
)
(/usr/local/texlive/2026/texmf-dist/tex/latex/graphics/dvipsnam.def
File: dvipsnam.def 2026-05-17 v3.0m Driver-dependent file (DPC,SPQR)
)
(/usr/local/texlive/2026/texmf-dist/tex/generic/pgf/basiclayer/pgfcore.code.tex
Package: pgfcore 2025-08-29 v3.1.11a (3.1.11a)
(/usr/local/texlive/2026/texmf-dist/tex/generic/pgf/math/pgfmath.code.tex
(/usr/local/texlive/2026/texmf-dist/tex/generic/pgf/math/pgfmathutil.code.tex)
(/usr/local/texlive/2026/texmf-dist/tex/generic/pgf/math/pgfmathparser.code.tex
\pgfmath@dimen=\dimen282
\pgfmath@count=\count473
\pgfmath@box=\box85
\pgfmath@toks=\toks50
\pgfmath@stack@operand=\toks51
\pgfmath@stack@operation=\toks52
)
(/usr/local/texlive/2026/texmf-dist/tex/generic/pgf/math/pgfmathfunctions.code.
tex)
(/usr/local/texlive/2026/texmf-dist/tex/generic/pgf/math/pgfmathfunctions.basic
.code.tex)
(/usr/local/texlive/2026/texmf-dist/tex/generic/pgf/math/pgfmathfunctions.trigo
nometric.code.tex)
(/usr/local/texlive/2026/texmf-dist/tex/generic/pgf/math/pgfmathfunctions.rando
m.code.tex)
(/usr/local/texlive/2026/texmf-dist/tex/generic/pgf/math/pgfmathfunctions.compa
rison.code.tex)
(/usr/local/texlive/2026/texmf-dist/tex/generic/pgf/math/pgfmathfunctions.base.
code.tex)
(/usr/local/texlive/2026/texmf-dist/tex/generic/pgf/math/pgfmathfunctions.round
.code.tex)
(/usr/local/texlive/2026/texmf-dist/tex/generic/pgf/math/pgfmathfunctions.misc.
code.tex)
(/usr/local/texlive/2026/texmf-dist/tex/generic/pgf/math/pgfmathfunctions.integ
erarithmetics.code.tex)
(/usr/local/texlive/2026/texmf-dist/tex/generic/pgf/math/pgfmathcalc.code.tex)
(/usr/local/texlive/2026/texmf-dist/tex/generic/pgf/math/pgfmathfloat.code.tex
\c@pgfmathroundto@lastzeros=\count474
)) (/usr/local/texlive/2026/texmf-dist/tex/generic/pgf/math/pgfint.code.tex)
(/usr/local/texlive/2026/texmf-dist/tex/generic/pgf/basiclayer/pgfcorepoints.co
de.tex
File: pgfcorepoints.code.tex 2025-08-29 v3.1.11a (3.1.11a)
\pgf@picminx=\dimen283
\pgf@picmaxx=\dimen284
\pgf@picminy=\dimen285
\pgf@picmaxy=\dimen286
\pgf@pathminx=\dimen287
\pgf@pathmaxx=\dimen288
\pgf@pathminy=\dimen289
\pgf@pathmaxy=\dimen290
\pgf@xx=\dimen291
\pgf@xy=\dimen292
\pgf@yx=\dimen293
\pgf@yy=\dimen294
\pgf@zx=\dimen295
\pgf@zy=\dimen296
)
(/usr/local/texlive/2026/texmf-dist/tex/generic/pgf/basiclayer/pgfcorepathconst
ruct.code.tex
File: pgfcorepathconstruct.code.tex 2025-08-29 v3.1.11a (3.1.11a)
\pgf@path@lastx=\dimen297
\pgf@path@lasty=\dimen298
)
(/usr/local/texlive/2026/texmf-dist/tex/generic/pgf/basiclayer/pgfcorepathusage
.code.tex
File: pgfcorepathusage.code.tex 2025-08-29 v3.1.11a (3.1.11a)
\pgf@shorten@end@additional=\dimen299
\pgf@shorten@start@additional=\dimen300
)
(/usr/local/texlive/2026/texmf-dist/tex/generic/pgf/basiclayer/pgfcorescopes.co
de.tex
File: pgfcorescopes.code.tex 2025-08-29 v3.1.11a (3.1.11a)
\pgfpic=\box86
\pgf@hbox=\box87
\pgf@layerbox@main=\box88
\pgf@picture@serial@count=\count475
)
(/usr/local/texlive/2026/texmf-dist/tex/generic/pgf/basiclayer/pgfcoregraphicst
ate.code.tex
File: pgfcoregraphicstate.code.tex 2025-08-29 v3.1.11a (3.1.11a)
\pgflinewidth=\dimen301
)
(/usr/local/texlive/2026/texmf-dist/tex/generic/pgf/basiclayer/pgfcoretransform
ations.code.tex
File: pgfcoretransformations.code.tex 2025-08-29 v3.1.11a (3.1.11a)
\pgf@pt@x=\dimen302
\pgf@pt@y=\dimen303
\pgf@pt@temp=\dimen304
)
(/usr/local/texlive/2026/texmf-dist/tex/generic/pgf/basiclayer/pgfcorequick.cod
e.tex
File: pgfcorequick.code.tex 2025-08-29 v3.1.11a (3.1.11a)
)
(/usr/local/texlive/2026/texmf-dist/tex/generic/pgf/basiclayer/pgfcoreobjects.c
ode.tex
File: pgfcoreobjects.code.tex 2025-08-29 v3.1.11a (3.1.11a)
)
(/usr/local/texlive/2026/texmf-dist/tex/generic/pgf/basiclayer/pgfcorepathproce
ssing.code.tex
File: pgfcorepathprocessing.code.tex 2025-08-29 v3.1.11a (3.1.11a)
)
(/usr/local/texlive/2026/texmf-dist/tex/generic/pgf/basiclayer/pgfcorearrows.co
de.tex
File: pgfcorearrows.code.tex 2025-08-29 v3.1.11a (3.1.11a)
\pgfarrowsep=\dimen305
)
(/usr/local/texlive/2026/texmf-dist/tex/generic/pgf/basiclayer/pgfcoreshade.cod
e.tex
File: pgfcoreshade.code.tex 2025-08-29 v3.1.11a (3.1.11a)
\pgf@max=\dimen306
\pgf@sys@shading@range@num=\count476
\pgf@shadingcount=\count477
)
(/usr/local/texlive/2026/texmf-dist/tex/generic/pgf/basiclayer/pgfcoreimage.cod
e.tex
File: pgfcoreimage.code.tex 2025-08-29 v3.1.11a (3.1.11a)
)
(/usr/local/texlive/2026/texmf-dist/tex/generic/pgf/basiclayer/pgfcoreexternal.
code.tex
File: pgfcoreexternal.code.tex 2025-08-29 v3.1.11a (3.1.11a)
\pgfexternal@startupbox=\box89
)
(/usr/local/texlive/2026/texmf-dist/tex/generic/pgf/basiclayer/pgfcorelayers.co
de.tex
File: pgfcorelayers.code.tex 2025-08-29 v3.1.11a (3.1.11a)
)
(/usr/local/texlive/2026/texmf-dist/tex/generic/pgf/basiclayer/pgfcoretranspare
ncy.code.tex
File: pgfcoretransparency.code.tex 2025-08-29 v3.1.11a (3.1.11a)
)
(/usr/local/texlive/2026/texmf-dist/tex/generic/pgf/basiclayer/pgfcorepatterns.
code.tex
File: pgfcorepatterns.code.tex 2025-08-29 v3.1.11a (3.1.11a)
)
(/usr/local/texlive/2026/texmf-dist/tex/generic/pgf/basiclayer/pgfcorerdf.code.
tex
File: pgfcorerdf.code.tex 2025-08-29 v3.1.11a (3.1.11a)
)))
(/usr/local/texlive/2026/texmf-dist/tex/generic/pgf/modules/pgfmoduleshapes.cod
e.tex
File: pgfmoduleshapes.code.tex 2025-08-29 v3.1.11a (3.1.11a)
\pgfnodeparttextbox=\box90
)
(/usr/local/texlive/2026/texmf-dist/tex/generic/pgf/modules/pgfmoduleplot.code.
tex
File: pgfmoduleplot.code.tex 2025-08-29 v3.1.11a (3.1.11a)
)
(/usr/local/texlive/2026/texmf-dist/tex/latex/pgf/compatibility/pgfcomp-version
-0-65.sty
Package: pgfcomp-version-0-65 2025-08-29 v3.1.11a (3.1.11a)
\pgf@nodesepstart=\dimen307
\pgf@nodesepend=\dimen308
)
(/usr/local/texlive/2026/texmf-dist/tex/latex/pgf/compatibility/pgfcomp-version
-1-18.sty
Package: pgfcomp-version-1-18 2025-08-29 v3.1.11a (3.1.11a)
))
(/usr/local/texlive/2026/texmf-dist/tex/latex/pgf/utilities/pgffor.sty
(/usr/local/texlive/2026/texmf-dist/tex/latex/pgf/utilities/pgfkeys.sty
(/usr/local/texlive/2026/texmf-dist/tex/generic/pgf/utilities/pgfkeys.code.tex))
 (/usr/local/texlive/2026/texmf-dist/tex/latex/pgf/math/pgfmath.sty
(/usr/local/texlive/2026/texmf-dist/tex/generic/pgf/math/pgfmath.code.tex))
(/usr/local/texlive/2026/texmf-dist/tex/generic/pgf/utilities/pgffor.code.tex
Package: pgffor 2025-08-29 v3.1.11a (3.1.11a)
\pgffor@iter=\dimen309
\pgffor@skip=\dimen310
\pgffor@stack=\toks53
\pgffor@toks=\toks54
))
(/usr/local/texlive/2026/texmf-dist/tex/generic/pgf/frontendlayer/tikz/tikz.cod
e.tex
Package: tikz 2025-08-29 v3.1.11a (3.1.11a)

(/usr/local/texlive/2026/texmf-dist/tex/generic/pgf/libraries/pgflibraryplothan
dlers.code.tex
File: pgflibraryplothandlers.code.tex 2025-08-29 v3.1.11a (3.1.11a)
\pgf@plot@mark@count=\count478
\pgfplotmarksize=\dimen311
)
\tikz@lastx=\dimen312
\tikz@lasty=\dimen313
\tikz@lastxsaved=\dimen314
\tikz@lastysaved=\dimen315
\tikz@lastmovetox=\dimen316
\tikz@lastmovetoy=\dimen317
\tikzleveldistance=\dimen318
\tikzsiblingdistance=\dimen319
\tikz@figbox=\box91
\tikz@figbox@bg=\box92
\tikz@tempbox=\box93
\tikz@tempbox@bg=\box94
\tikztreelevel=\count479
\tikznumberofchildren=\count480
\tikznumberofcurrentchild=\count481
\tikz@fig@count=\count482

(/usr/local/texlive/2026/texmf-dist/tex/generic/pgf/modules/pgfmodulematrix.cod
e.tex
File: pgfmodulematrix.code.tex 2025-08-29 v3.1.11a (3.1.11a)
\pgfmatrixcurrentrow=\count483
\pgfmatrixcurrentcolumn=\count484
\pgf@matrix@numberofcolumns=\count485
)
\tikz@expandcount=\count486

(/usr/local/texlive/2026/texmf-dist/tex/generic/pgf/frontendlayer/tikz/librarie
s/tikzlibrarytopaths.code.tex
File: tikzlibrarytopaths.code.tex 2025-08-29 v3.1.11a (3.1.11a)
)))
(/usr/local/texlive/2026/texmf-dist/tex/generic/pgf/frontendlayer/tikz/librarie
s/tikzlibrarypositioning.code.tex
File: tikzlibrarypositioning.code.tex 2025-08-29 v3.1.11a (3.1.11a)
)
(/usr/local/texlive/2026/texmf-dist/tex/generic/pgf/libraries/pgflibraryarrows.
meta.code.tex
File: pgflibraryarrows.meta.code.tex 2025-08-29 v3.1.11a (3.1.11a)
\pgfarrowinset=\dimen320
\pgfarrowlength=\dimen321
\pgfarrowwidth=\dimen322
\pgfarrowlinewidth=\dimen323
)
(/usr/local/texlive/2026/texmf-dist/tex/generic/pgf/frontendlayer/tikz/librarie
s/tikzlibraryintersections.code.tex
(/usr/local/texlive/2026/texmf-dist/tex/generic/pgf/libraries/pgflibraryinterse
ctions.code.tex
(/usr/local/texlive/2026/texmf-dist/tex/generic/pgf/libraries/pgflibraryfpu.cod
e.tex)
\pgf@intersect@solutions=\count487
))
(/usr/local/texlive/2026/texmf-dist/tex/generic/pgf/frontendlayer/tikz/librarie
s/tikzlibrarycalc.code.tex
File: tikzlibrarycalc.code.tex 2025-08-29 v3.1.11a (3.1.11a)
)
(/usr/local/texlive/2026/texmf-dist/tex/generic/pgf/frontendlayer/tikz/librarie
s/tikzlibraryshapes.code.tex
File: tikzlibraryshapes.code.tex 2025-08-29 v3.1.11a (3.1.11a)

(/usr/local/texlive/2026/texmf-dist/tex/generic/pgf/frontendlayer/tikz/librarie
s/tikzlibraryshapes.geometric.code.tex
File: tikzlibraryshapes.geometric.code.tex 2025-08-29 v3.1.11a (3.1.11a)

(/usr/local/texlive/2026/texmf-dist/tex/generic/pgf/libraries/shapes/pgflibrary
shapes.geometric.code.tex
File: pgflibraryshapes.geometric.code.tex 2025-08-29 v3.1.11a (3.1.11a)
))
(/usr/local/texlive/2026/texmf-dist/tex/generic/pgf/frontendlayer/tikz/librarie
s/tikzlibraryshapes.misc.code.tex
File: tikzlibraryshapes.misc.code.tex 2025-08-29 v3.1.11a (3.1.11a)

(/usr/local/texlive/2026/texmf-dist/tex/generic/pgf/libraries/shapes/pgflibrary
shapes.misc.code.tex
File: pgflibraryshapes.misc.code.tex 2025-08-29 v3.1.11a (3.1.11a)
))
(/usr/local/texlive/2026/texmf-dist/tex/generic/pgf/frontendlayer/tikz/librarie
s/tikzlibraryshapes.symbols.code.tex
File: tikzlibraryshapes.symbols.code.tex 2025-08-29 v3.1.11a (3.1.11a)

(/usr/local/texlive/2026/texmf-dist/tex/generic/pgf/libraries/shapes/pgflibrary
shapes.symbols.code.tex
File: pgflibraryshapes.symbols.code.tex 2025-08-29 v3.1.11a (3.1.11a)
))
(/usr/local/texlive/2026/texmf-dist/tex/generic/pgf/frontendlayer/tikz/librarie
s/tikzlibraryshapes.arrows.code.tex
File: tikzlibraryshapes.arrows.code.tex 2025-08-29 v3.1.11a (3.1.11a)

(/usr/local/texlive/2026/texmf-dist/tex/generic/pgf/libraries/shapes/pgflibrary
shapes.arrows.code.tex
File: pgflibraryshapes.arrows.code.tex 2025-08-29 v3.1.11a (3.1.11a)
))
(/usr/local/texlive/2026/texmf-dist/tex/generic/pgf/frontendlayer/tikz/librarie
s/tikzlibraryshapes.callouts.code.tex
(/usr/local/texlive/2026/texmf-dist/tex/generic/pgf/libraries/shapes/pgflibrary
shapes.callouts.code.tex))
(/usr/local/texlive/2026/texmf-dist/tex/generic/pgf/frontendlayer/tikz/librarie
s/tikzlibraryshapes.multipart.code.tex
File: tikzlibraryshapes.multipart.code.tex 2025-08-29 v3.1.11a (3.1.11a)

(/usr/local/texlive/2026/texmf-dist/tex/generic/pgf/libraries/shapes/pgflibrary
shapes.multipart.code.tex
File: pgflibraryshapes.multipart.code.tex 2025-08-29 v3.1.11a (3.1.11a)
\pgfnodepartlowerbox=\box95
\pgfnodeparttwobox=\box96
\pgfnodepartthreebox=\box97
\pgfnodepartfourbox=\box98
\pgfnodeparttwentybox=\box99
\pgfnodepartnineteenbox=\box100
\pgfnodeparteighteenbox=\box101
\pgfnodepartseventeenbox=\box102
\pgfnodepartsixteenbox=\box103
\pgfnodepartfifteenbox=\box104
\pgfnodepartfourteenbox=\box105
\pgfnodepartthirteenbox=\box106
\pgfnodeparttwelvebox=\box107
\pgfnodepartelevenbox=\box108
\pgfnodeparttenbox=\box109
\pgfnodepartninebox=\box110
\pgfnodeparteightbox=\box111
\pgfnodepartsevenbox=\box112
\pgfnodepartsixbox=\box113
\pgfnodepartfivebox=\box114
)))
(/usr/local/texlive/2026/texmf-dist/tex/generic/pgf/frontendlayer/tikz/librarie
s/tikzlibraryarrows.code.tex
File: tikzlibraryarrows.code.tex 2025-08-29 v3.1.11a (3.1.11a)

(/usr/local/texlive/2026/texmf-dist/tex/generic/pgf/libraries/pgflibraryarrows.
code.tex
File: pgflibraryarrows.code.tex 2025-08-29 v3.1.11a (3.1.11a)
\arrowsize=\dimen324
))
(/usr/local/texlive/2026/texmf-dist/tex/latex/tikz-3dplot/tikz-3dplot.sty
(/usr/local/texlive/2026/texmf-dist/tex/generic/pgf/frontendlayer/tikz/librarie
s/tikzlibrary3d.code.tex
File: tikzlibrary3d.code.tex 2025-08-29 v3.1.11a (3.1.11a)
))
(/usr/local/texlive/2026/texmf-dist/tex/luatex/luatexja/lltjext.sty
Package: lltjext 2026-05-10 v1.2k-ltj-20 Macros for vertical writing
\ltj@ext@dir=\count488
\@floatbox=\box115
\floatwidth=\dimen325
\floatheight=\dimen326
\floatruletick=\dimen327
\captionfloatsep=\dimen328
\captionwidth=\dimen329
\@captionbox=\box116
LaTeX Info: Redefining \parbox on input line 389.
\@picwd=\dimen330
\rensujiskip=\skip90
)
(/usr/local/texlive/2026/texmf-dist/tex/latex/tools/longtable.sty
Package: longtable 2026-01-28 v4.27 Multi-page Table package (DPC)
\LTleft=\skip91
\LTright=\skip92
\LTpre=\skip93
\LTpost=\skip94
\LTchunksize=\count489
\LTcapwidth=\dimen331
\LT@head=\box117
\LT@firsthead=\box118
\LT@foot=\box119
\LT@lastfoot=\box120
\LT@gbox=\box121
\LT@cols=\count490
\LT@rows=\count491
\c@LT@tables=\count492
\c@LT@chunks=\count493
\LT@p@ftn=\toks55
)
(/usr/local/texlive/2026/texmf-dist/tex/latex/tablefootnote/tablefootnote.sty
Package: tablefootnote 2014/01/26 v1.1c Table foot notes (HMM)

(/usr/local/texlive/2026/texmf-dist/tex/latex/letltxmacro/letltxmacro.sty
Package: letltxmacro 2019/12/03 v1.6 Let assignment for LaTeX macros (HO)
)
(/usr/local/texlive/2026/texmf-dist/tex/latex/xifthen/xifthen.sty
Package: xifthen 2015/11/05 v1.4.0 Extended ifthen features

(/usr/local/texlive/2026/texmf-dist/tex/latex/ifmtarg/ifmtarg.sty
Package: ifmtarg 2018/04/16 v1.2b check for an empty argument
)))
(/usr/local/texlive/2026/texmf-dist/tex/luatex/luatexja/addons/luatexja-fontspe
c.sty
Package: luatexja-fontspec 2025-09-30 fontspec support of LuaTeX-ja

(/usr/local/texlive/2026/texmf-dist/tex/latex/l3packages/l3keys2e/l3keys2e.sty
Package: l3keys2e 2025-10-09 LaTeX2e option processing using LaTeX3 keys
) (/usr/local/texlive/2026/texmf-dist/tex/latex/fontspec/fontspec.sty
Package: fontspec 2025/09/29 v2.9g Font selection for XeLaTeX and LuaLaTeX
Lua module: fontspec 2025/09/29 v2.9g Font selection for XeLaTeX and LuaLaTeX
(/usr/local/texlive/2026/texmf-dist/tex/latex/fontspec/fontspec-luatex.sty
Package: fontspec-luatex 2025/09/29 v2.9g Font selection for XeLaTeX and LuaLaT
eX
\l__fontspec_script_int=\count494
\l__fontspec_language_int=\count495
\l__fontspec_strnum_int=\count496
\l__fontspec_tmp_int=\count497
\l__fontspec_tmpa_int=\count498
\l__fontspec_tmpb_int=\count499
\l__fontspec_tmpc_int=\count500
\l__fontspec_em_int=\count501
\l__fontspec_emdef_int=\count502
\l__fontspec_strong_int=\count503
\l__fontspec_strongdef_int=\count504
\l__fontspec_tmpa_dim=\dimen332
\l__fontspec_tmpb_dim=\dimen333
\l__fontspec_tmpc_dim=\dimen334

(/usr/local/texlive/2026/texmf-dist/tex/latex/base/fontenc.sty
Package: fontenc 2025/07/18 v2.1d Standard LaTeX package
)
(/usr/local/texlive/2026/texmf-dist/tex/latex/fontspec/fontspec.cfg)(load cache:
 extra_lmroman10-bold.luc)
LaTeX Font Info:    Font shape `JT3/mc/b/n' in size <10> not available
(Font)              Font shape `JT3/gt/m/n' tried instead on input line 3974.
LaTeX Font Info:    Font shape `JT3/gt/m/n' will be
(Font)              scaled to size 9.24713pt on input line 3974.
LaTeX Font Info:    Font shape `JY3/mc/b/n' in size <10> not available
(Font)              Font shape `JY3/gt/m/n' tried instead on input line 3974.
LaTeX Font Info:    Font shape `JY3/gt/m/n' will be
(Font)              scaled to size 9.24713pt on input line 3974.
(load cache: extra_haranoajigothic-medium.luc)))
(/usr/local/texlive/2026/texmf-dist/tex/luatex/luatexja/patches/lltjp-fontspec.
sty)
(/usr/local/texlive/2026/texmf-dist/tex/luatex/luatexja/addons/luatexja-fontspe
c-29e.sty
Package: luatexja-fontspec-29e 2025-11-01 fontspec support of LuaTeX-ja
\g__ltj_fontspec_altnumber_int=\count505
))
luaotfload | cache : Lookup cache loaded from /Users/newton/Library/texlive/2026
/texmf-var/luatex-cache/generic/names/luaotfload-lookup-cache.luc.(load cache: e
xtra_texgyretermes-regular.luc)(load cache: extra_texgyretermes-bolditalic.luc)(
load cache: extra_texgyretermes-bold.luc)(load cache: extra_texgyretermes-italic
.luc)

Package fontspec Info: 
(fontspec)             Font family 'TeXGyreTermes(0)' created for font 'TeX
(fontspec)             Gyre Termes' with options [Ligatures=TeX].
(fontspec)              
(fontspec)              This font family consists of the following NFSS
(fontspec)             series/shapes:
(fontspec)              
(fontspec)             - 'normal' (m/n) with NFSS spec.: <->"name:TeX Gyre
(fontspec)             Termes:mode=node;script=latn;language=dflt;+tlig;"
(fontspec)             - 'small caps'  (m/sc) with NFSS spec.: <->"name:TeX
(fontspec)             Gyre
(fontspec)             Termes:mode=node;script=latn;language=dflt;+tlig;+smcp;"

(fontspec)             - 'bold' (b/n) with NFSS spec.: <->"name:TeX Gyre
(fontspec)             Termes/B:mode=node;script=latn;language=dflt;+tlig;"
(fontspec)             - 'bold small caps'  (b/sc) with NFSS spec.:
(fontspec)             <->"name:TeX Gyre
(fontspec)             Termes/B:mode=node;script=latn;language=dflt;+tlig;+smcp
;"
(fontspec)             - 'italic' (m/it) with NFSS spec.: <->"name:TeX Gyre
(fontspec)             Termes/I:mode=node;script=latn;language=dflt;+tlig;"
(fontspec)             - 'italic small caps'  (m/scit) with NFSS spec.:
(fontspec)             <->"name:TeX Gyre
(fontspec)             Termes/I:mode=node;script=latn;language=dflt;+tlig;+smcp
;"
(fontspec)             - 'bold italic' (b/it) with NFSS spec.: <->"name:TeX
(fontspec)             Gyre
(fontspec)             Termes/BI:mode=node;script=latn;language=dflt;+tlig;"
(fontspec)             - 'bold italic small caps'  (b/scit) with NFSS spec.:
(fontspec)             <->"name:TeX Gyre
(fontspec)             Termes/BI:mode=node;script=latn;language=dflt;+tlig;+smc
p;"


(/usr/local/texlive/2026/texmf-dist/tex/latex/nicematrix/nicematrix.sty
Package: nicematrix 2026/06/13 v7.10 Enhanced arrays with the help of PGF/TikZ
\l__nicematrix_tmpc_dim=\dimen335
\l__nicematrix_tmpd_dim=\dimen336
\l__nicematrix_tmpc_int=\count506
\g__nicematrix_env_int=\count507
\l__nicematrix_the_array_box=\box122
\g__nicematrix_NiceMatrixBlock_int=\count508
\g__nicematrix_notes_caption_int=\count509
\l__nicematrix_columns_width_dim=\dimen337
\l__nicematrix_col_width_dim=\dimen338
\g__nicematrix_row_total_int=\count510
\g__nicematrix_col_total_int=\count511
\g__nicematrix_last_row_node_int=\count512
\l__nicematrix_key_nb_rows_int=\count513
\g__nicematrix_blocks_wd_dim=\dimen339
\g__nicematrix_blocks_ht_dim=\dimen340
\g__nicematrix_blocks_dp_dim=\dimen341
\l__nicematrix_width_dim=\dimen342
\l__nicematrix_tabular_width_dim=\dimen343
\l__nicematrix_rule_width_before_dim=\dimen344
\l__nicematrix_rule_width_after_dim=\dimen345
\l__nicematrix_old_iRow_int=\count514
\l__nicematrix_old_jCol_int=\count515
\l__nicematrix_X_columns_dim=\dimen346
\l__nicematrix_x_initial_dim=\dimen347
\l__nicematrix_y_initial_dim=\dimen348
\l__nicematrix_x_final_dim=\dimen349
\l__nicematrix_y_final_dim=\dimen350
\g__nicematrix_dp_row_zero_dim=\dimen351
\g__nicematrix_ht_row_zero_dim=\dimen352
\g__nicematrix_ht_row_one_dim=\dimen353
\g__nicematrix_dp_ante_last_row_dim=\dimen354
\g__nicematrix_ht_last_row_dim=\dimen355
\g__nicematrix_dp_last_row_dim=\dimen356
\g__nicematrix_width_last_col_dim=\dimen357
\g__nicematrix_width_first_col_dim=\dimen358
\l__nicematrix_multiplicity_int=\count516
\g__nicematrix_ddots_int=\count517
\g__nicematrix_iddots_int=\count518
\g__nicematrix_delta_x_one_dim=\dimen359
\g__nicematrix_delta_y_one_dim=\dimen360
\g__nicematrix_delta_x_two_dim=\dimen361
\g__nicematrix_delta_y_two_dim=\dimen362
\l__nicematrix_row_min_int=\count519
\l__nicematrix_row_max_int=\count520
\l__nicematrix_col_min_int=\count521
\l__nicematrix_col_max_int=\count522
\l__nicematrix_initial_i_int=\count523
\l__nicematrix_initial_j_int=\count524
\l__nicematrix_final_i_int=\count525
\l__nicematrix_final_j_int=\count526
\l__nicematrix_segment_start_int=\count527
\l__nicematrix_segment_end_int=\count528
\g__nicematrix_static_num_of_col_int=\count529
\g__nicematrix_block_box_int=\count530
\l__nicematrix_first_row_int=\count531
\l__nicematrix_first_col_int=\count532
\l__nicematrix_last_row_int=\count533
\l__nicematrix_last_col_int=\count534
\c@tabularnote=\count535
\g__nicematrix_tabularnote_int=\count536
\c@nicematrix_draft=\count537
\l__nicematrix_xdots_inter_dim=\dimen363
\l__nicematrix_xdots_shorten_start_dim=\dimen364
\l__nicematrix_xdots_shorten_end_dim=\dimen365
\l__nicematrix_xdots_radius_dim=\dimen366
\l__nicematrix_brace_shift_dim=\dimen367
\l__nicematrix_trees_line_width_dim=\dimen368
\l__nicematrix_trees_rounded_corners_dim=\dimen369
\l__nicematrix_tab_rounded_corners_dim=\dimen370
\l__nicematrix_cell_space_top_limit_dim=\dimen371
\l__nicematrix_cell_space_bottom_limit_dim=\dimen372
\l__nicematrix_left_margin_dim=\dimen373
\l__nicematrix_right_margin_dim=\dimen374
\l__nicematrix_extra_left_margin_dim=\dimen375
\l__nicematrix_extra_right_margin_dim=\dimen376
\c__nicematrix_max_l_dim=\dimen377
\l__nicematrix_rounded_corners_dim=\dimen378
\l__nicematrix_position_int=\count538
\l__nicematrix_start_int=\count539
\l__nicematrix_end_int=\count540
\l__nicematrix_line_width_dim=\dimen379
\l__nicematrix_offset_dim=\dimen380
\l__nicematrix_submatrix_extra_height_dim=\dimen381
\l__nicematrix_submatrix_left_xshift_dim=\dimen382
\l__nicematrix_submatrix_right_xshift_dim=\dimen383
\l__nicematrix_brace_yshift_dim=\dimen384
)
(/usr/local/texlive/2026/texmf-dist/tex/latex/booktabs/booktabs.sty
Package: booktabs 2020/01/12 v1.61803398 Publication quality tables
\heavyrulewidth=\dimen385
\lightrulewidth=\dimen386
\cmidrulewidth=\dimen387
\belowrulesep=\dimen388
\belowbottomsep=\dimen389
\aboverulesep=\dimen390
\abovetopsep=\dimen391
\cmidrulesep=\dimen392
\cmidrulekern=\dimen393
\defaultaddspace=\dimen394
\@cmidla=\count541
\@cmidlb=\count542
\@aboverulesep=\dimen395
\@belowrulesep=\dimen396
\@thisruleclass=\count543
\@lastruleclass=\count544
\@thisrulewidth=\dimen397
)
(/usr/local/texlive/2026/texmf-dist/tex/latex/accents/accents.sty
Package: accents 2006/05/12 v1.4 Math Accent Tools
\cc@skew=\dimen398
\cc@wd=\dimen399
\cc@code=\count545
\cc@group=\count546
\cc@skewchar=\count547
)(load cache: extra_biz-udmincho-medium.luc)

Package fontspec Info: 
(fontspec)             BIZ UDMincho Medium scale = 0.924715.


Package fontspec Info: 
(fontspec)             BIZ UDMincho Medium scale = 0.924715.


Package fontspec Info: 
(fontspec)             BIZ UDMincho Medium scale = 0.924715.


Package fontspec Info: 
(fontspec)             Font family 'BIZUDMinchoMedium(0)' created for font
(fontspec)             'BIZ UDMincho Medium' with options
(fontspec)             [YokoFeatures={JFM=ujis},TateFeatures={JFM=ujisv},Scale=
0.924715,Kerning=Off,Script=CJK,BoldFont={},ItalicFont={},SmallCapsFont={},Yoko
Features={JFM=ujis}].
(fontspec)              
(fontspec)              This font family consists of the following NFSS
(fontspec)             series/shapes:
(fontspec)              

(load cache: extra_biz-udpmincho-medium.luc)

Package fontspec Info: 
(fontspec)             BIZ UDPMincho Medium scale = 0.924715.


Package fontspec Info: 
(fontspec)             BIZ UDPMincho Medium scale = 0.924715.


Package fontspec Info: 
(fontspec)             BIZ UDPMincho Medium scale = 0.924715.

(load cache: extra_biz-udpgothic-bold.luc)

Package fontspec Info: 
(fontspec)             BIZ UDPGothic Bold scale = 0.924715.


Package fontspec Info: 
(fontspec)             BIZ UDPGothic Bold scale = 0.924715.


Package fontspec Info: 
(fontspec)             BIZ UDPMincho Medium scale = 0.924715.


Package fontspec Info: 
(fontspec)             BIZ UDPMincho Medium scale = 0.924715.


Package fontspec Info: 
(fontspec)             BIZ UDPMincho Medium scale = 0.924715.


Package fontspec Info: 
(fontspec)             BIZ UDPMincho Medium scale = 0.924715.


Package fontspec Info: 
(fontspec)             BIZ UDPGothic Bold scale = 0.924715.


Package fontspec Info: 
(fontspec)             BIZ UDPGothic Bold scale = 0.924715.


Package fontspec Info: 
(fontspec)             BIZ UDPGothic Bold scale = 0.924715.


Package fontspec Info: 
(fontspec)             BIZ UDPGothic Bold scale = 0.924715.


Package fontspec Info: 
(fontspec)             Font family 'BIZUDPMinchoMedium(0)' created for font
(fontspec)             'BIZ UDPMincho Medium' with options
(fontspec)             [YokoFeatures={JFM=ujis},TateFeatures={JFM=ujisv},Scale=
0.924715,Kerning=Off,Script=CJK,Ligatures={Common,TeX},ItalicFont={BIZ
(fontspec)             UDPMincho
(fontspec)             Medium},ItalicFeatures={FakeSlant=0.27},SlantedFont={BIZ

(fontspec)             UDPMincho
(fontspec)             Medium},SlantedFeatures={FakeSlant=0.18},BoldFont={BIZ
(fontspec)             UDPGothic Bold},BoldSlantedFont={BIZ UDPGothic
(fontspec)             Bold},BoldSlantedFeatures={FakeSlant=0.18},BoldItalicFon
t={BIZ
(fontspec)             UDPGothic
(fontspec)             Bold},BoldItalicFeatures={FakeSlant=0.27},YokoFeatures={
JFM=prop}].
(fontspec)              
(fontspec)              This font family consists of the following NFSS
(fontspec)             series/shapes:
(fontspec)              

LaTeX Font Info:    Redeclaring symbol font `mincho' on input line 50.
LaTeX Font Info:    Overwriting symbol font `mincho' in version `normal'
(Font)                  JY3/mc/m/n --> JY3/BIZUDPMinchoMedium(0)/m/n on input l
ine 50.
LaTeX Font Info:    Overwriting symbol font `mincho' in version `bold'
(Font)                  JY3/gt/m/n --> JY3/BIZUDPMinchoMedium(0)/m/n on input l
ine 50.
LaTeX Font Info:    Overwriting symbol font `mincho' in version `bold'
(Font)                  JY3/BIZUDPMinchoMedium(0)/m/n --> JY3/BIZUDPMinchoMediu
m(0)/b/n on input line 50.
LaTeX Font Info:    Font shape `JT3/BIZUDPMinchoMedium(0)/m/n' will be
(Font)              scaled to size 9.24713pt on input line 50.
LaTeX Font Info:    Font shape `JY3/BIZUDPMinchoMedium(0)/m/n' will be
(Font)              scaled to size 9.24713pt on input line 50.

(/usr/local/texlive/2026/texmf-dist/tex/luatex/luatexja/jfm-prop.lua)
(/usr/local/texlive/2026/texmf-dist/tex/latex/listingsutf8/listingsutf8.sty
Package: listingsutf8 2019-12-10 v1.5 Allow UTF-8 in listings input (HO)

(/usr/local/texlive/2026/texmf-dist/tex/latex/listings/listings.sty
\lst@mode=\count548
\lst@gtempboxa=\box123
\lst@token=\toks56
\lst@length=\count549
\lst@currlwidth=\dimen400
\lst@column=\count550
\lst@pos=\count551
\lst@lostspace=\dimen401
\lst@width=\dimen402
\lst@newlines=\count552
\lst@lineno=\count553
\lst@maxwidth=\dimen403

(/usr/local/texlive/2026/texmf-dist/tex/latex/listings/lstpatch.sty
File: lstpatch.sty 2025/11/14 1.11b (Carsten Heinz)
)
(/usr/local/texlive/2026/texmf-dist/tex/latex/listings/lstmisc.sty
File: lstmisc.sty 2025/11/14 1.11b (Carsten Heinz)
\c@lstnumber=\count554
\lst@skipnumbers=\count555
\lst@framebox=\box124
)
(/usr/local/texlive/2026/texmf-dist/tex/latex/listings/listings.cfg
File: listings.cfg 2025/11/14 1.11b listings configuration
))
Package: listings 2025/11/14 1.11b (Carsten Heinz)

(/usr/local/texlive/2026/texmf-dist/tex/luatex/luatexja/patches/lltjp-listings.
sty
(/usr/local/texlive/2026/texmf-dist/tex/luatex/luatexbase/luatexbase-cctb.sty
Package: luatexbase-cctb 2015/10/04 v1.3 luatexbase interface to LuaTeX (legacy
 subpackage) 
)
\ltj@lst@japanese@min=\count556
\CatcodeTableLTJlistings=\catcodetable17
\ltj@lst@frame@lslimit@h=\dimen404
\ltj@lst@frame@lslimit@d=\dimen405
\@temptokenb=\toks57

(/usr/local/texlive/2026/texmf-dist/tex/latex/listings/lstmisc.sty
File: lstmisc.sty 2025/11/14 1.11b (Carsten Heinz)
\lst@WFtoken=\toks58
\lst@WF=\write6
))
(/usr/local/texlive/2026/texmf-dist/tex/generic/stringenc/stringenc.sty
Package: stringenc 2019/11/29 v1.12 Convert strings between diff. encodings (HO
)

(/usr/local/texlive/2026/texmf-dist/tex/generic/pdfescape/pdfescape.sty
Package: pdfescape 2019/12/09 v1.15 Implements pdfTeX's escape features (HO)
)))
(/usr/local/texlive/2026/texmf-dist/tex/latex/hyperref/hyperref.sty
Package: hyperref 2026-04-24 v7.01q Hypertext links for LaTeX

(/usr/local/texlive/2026/texmf-dist/tex/generic/kvdefinekeys/kvdefinekeys.sty
Package: kvdefinekeys 2019-12-19 v1.6 Define keys (HO)
)
(/usr/local/texlive/2026/texmf-dist/tex/latex/hycolor/hycolor.sty
Package: hycolor 2020-01-27 v1.10 Color options for hyperref/bookmark (HO)
)
(/usr/local/texlive/2026/texmf-dist/tex/latex/hyperref/nameref.sty
Package: nameref 2026-01-29 v2.58 Cross-referencing by name of section

(/usr/local/texlive/2026/texmf-dist/tex/latex/refcount/refcount.sty
Package: refcount 2019/12/15 v3.6 Data extraction from label references (HO)
)
(/usr/local/texlive/2026/texmf-dist/tex/generic/gettitlestring/gettitlestring.s
ty
Package: gettitlestring 2019/12/15 v1.6 Cleanup title references (HO)
)
\c@section@level=\count557
)
\@linkdim=\dimen406
\Hy@linkcounter=\count558
\Hy@pagecounter=\count559
 (/usr/local/texlive/2026/texmf-dist/tex/latex/hyperref/pd1enc.def
File: pd1enc.def 2026-04-24 v7.01q Hyperref: PDFDocEncoding definition (HO)
)
(/usr/local/texlive/2026/texmf-dist/tex/generic/intcalc/intcalc.sty
Package: intcalc 2019/12/15 v1.3 Expandable calculations with integers (HO)
)
\Hy@SavedSpaceFactor=\count560

(/usr/local/texlive/2026/texmf-dist/tex/latex/hyperref/puenc.def
File: puenc.def 2026-04-24 v7.01q Hyperref: PDF Unicode definition (HO)
)
Package hyperref Info: Hyper figures OFF on input line 4199.
Package hyperref Info: Link nesting OFF on input line 4204.
Package hyperref Info: Hyper index ON on input line 4207.
Package hyperref Info: Plain pages OFF on input line 4214.
Package hyperref Info: Backreferencing OFF on input line 4219.
Package hyperref Info: Implicit mode ON; LaTeX internals redefined.
Package hyperref Info: Bookmarks ON on input line 4466.
\c@Hy@tempcnt=\count561
LaTeX Info: Redefining \url on input line 4805.
\XeTeXLinkMargin=\dimen407

(/usr/local/texlive/2026/texmf-dist/tex/generic/bitset/bitset.sty
Package: bitset 2019/12/09 v1.3 Handle bit-vector datatype (HO)

(/usr/local/texlive/2026/texmf-dist/tex/generic/bigintcalc/bigintcalc.sty
Package: bigintcalc 2019/12/15 v1.5 Expandable calculations on big integers (HO
)
))
\Fld@menulength=\count562
\Field@Width=\dimen408
\Fld@charsize=\dimen409
Package hyperref Info: Hyper figures OFF on input line 6091.
Package hyperref Info: Link nesting OFF on input line 6096.
Package hyperref Info: Hyper index ON on input line 6099.
Package hyperref Info: backreferencing OFF on input line 6106.
Package hyperref Info: Link coloring OFF on input line 6111.
Package hyperref Info: Link coloring with OCG OFF on input line 6116.
Package hyperref Info: PDF/A mode OFF on input line 6121.
\Hy@abspage=\count563
\c@Item=\count564
\c@Hfootnote=\count565
)
Package hyperref Info: Driver (autodetected): hluatex.

(/usr/local/texlive/2026/texmf-dist/tex/latex/hyperref/hluatex.def
File: hluatex.def 2026-04-24 v7.01q Hyperref driver for luaTeX
\Fld@listcount=\count566
\c@bookmark@seq@number=\count567

(/usr/local/texlive/2026/texmf-dist/tex/latex/rerunfilecheck/rerunfilecheck.sty
Package: rerunfilecheck 2025-06-21 v1.11 Rerun checks for auxiliary files (HO)

(/usr/local/texlive/2026/texmf-dist/tex/generic/uniquecounter/uniquecounter.sty
Package: uniquecounter 2019/12/15 v1.4 Provide unlimited unique counter (HO)
)
Package uniquecounter Info: New unique counter `rerunfilecheck' on input line 2
84.
)
\Hy@SectionHShift=\skip95
)
Package hyperref Info: Option `setpagesize' set `false' on input line 84.
Package hyperref Info: Option `bookmarksnumbered' set `true' on input line 84.
Package hyperref Info: Option `bookmarksopen' set `true' on input line 84.
Package hyperref Info: Option `colorlinks' set `true' on input line 84.
 (/usr/local/texlive/2026/texmf-dist/tex/latex/tcolorbox/tcolorbox.sty
Package: tcolorbox 2026/05/28 version 6.10.0 text color boxes

(/usr/local/texlive/2026/texmf-dist/tex/latex/tools/verbatim.sty
Package: verbatim 2024-01-22 v1.5x LaTeX2e package for verbatim enhancements
\every@verbatim=\toks59
\verbatim@line=\toks60
\verbatim@in@stream=\read5
)
(/usr/local/texlive/2026/texmf-dist/tex/latex/environ/environ.sty
Package: environ 2014/05/04 v0.3 A new way to define environments

(/usr/local/texlive/2026/texmf-dist/tex/latex/trimspaces/trimspaces.sty
Package: trimspaces 2009/09/17 v1.1 Trim spaces around a token list
))
\tcb@titlebox=\box125
\tcb@upperbox=\box126
\tcb@lowerbox=\box127
\tcb@phantombox=\box128
\c@tcbbreakpart=\count568
\c@tcblayer=\count569
\c@tcolorbox@number=\count570
\l__tcobox_tmpa_box=\box129
\l__tcobox_tmpa_dim=\dimen410
\tcb@temp=\box130
\tcb@temp=\box131
\tcb@temp=\box132
\tcb@temp=\box133
)
(/usr/local/texlive/2026/texmf-dist/tex/latex/tcolorbox/tcbbreakable.code.tex
Library (tcolorbox): 'tcbbreakable.code.tex' version '6.10.0'
(/usr/local/texlive/2026/texmf-dist/tex/latex/pdfcol/pdfcol.sty
Package: pdfcol 2022-09-21 v1.7 Handle new color stacks for pdfTeX (HO)
)
Package pdfcol Info: New color stack `tcb@breakable' = 1 on input line 23.
\tcb@testbox=\box134
\tcb@totalupperbox=\box135
\tcb@totallowerbox=\box136
)
(/usr/local/texlive/2026/texmf-dist/tex/latex/tcolorbox/tcbskins.code.tex
Library (tcolorbox): 'tcbskins.code.tex' version '6.10.0'
(/usr/local/texlive/2026/texmf-dist/tex/latex/tikzfill/tikzfill.image.sty
Package: tikzfill.image 2026/04/23 v1.2.0 Image filling library for TikZ

(/usr/local/texlive/2026/texmf-dist/tex/latex/tikzfill/tikzlibraryfill.image.co
de.tex
File: tikzlibraryfill.image.code.tex 2026/04/23 v1.2.0 Image filling library
\l__tikzfill_tmpa_dim=\dimen411
\l__tikzfill_tmpb_dim=\dimen412
\l__tikzfill_img_box=\box137
))
(/usr/local/texlive/2026/texmf-dist/tex/latex/tcolorbox/tcbskinsjigsaw.code.tex
Library (tcolorbox): 'tcbskinsjigsaw.code.tex' version '6.10.0'
)) (/usr/local/texlive/2026/texmf-dist/tex/latex/tcolorbox/tcbtheorems.code.tex
Library (tcolorbox): 'tcbtheorems.code.tex' version '6.10.0'
)
\c@tcb@cnt@Rscreen=\count571
\c@tcb@cnt@SCrstan=\count572
\c@tcb@cnt@SCcmd=\count573
\c@tcb@cnt@MCMCout=\count574
\c@tcb@cnt@reidai=\count575
\c@tcb@cnt@hinto=\count576
 (/usr/local/texlive/2026/texmf-dist/tex/latex/capt-of/capt-of.sty
Package: capt-of 2009/12/29 v0.2 standard captions outside of floats
)
\c@tcb@cnt@FAQ=\count577
\c@tcb@cnt@caution=\count578

(/usr/local/texlive/2026/texmf-dist/tex/latex/base/makeidx.sty
Package: makeidx 2021/10/04 v1.0m Standard LaTeX package
)
\@indexfile=\write7

\openout7 = BasicBook3.idx

Writing index file BasicBook3.idx
(/usr/local/texlive/2026/texmf-dist/tex/latex/fancyhdr/fancyhdr.sty
Package: fancyhdr 2025/02/07 v5.2 Extensive control of page headers and footers

\f@nch@headwidth=\skip96
\f@nch@offset@elh=\skip97
\f@nch@offset@erh=\skip98
\f@nch@offset@olh=\skip99
\f@nch@offset@orh=\skip100
\f@nch@offset@elf=\skip101
\f@nch@offset@erf=\skip102
\f@nch@offset@olf=\skip103
\f@nch@offset@orf=\skip104
\f@nch@height=\skip105
\f@nch@footalignment=\skip106
\f@nch@widthL=\skip107
\f@nch@widthC=\skip108
\f@nch@widthR=\skip109
))
(/usr/local/texlive/2026/texmf-dist/tex/latex/docmute/docmute.sty
Package: docmute 2012/03/22 v1.4 Input stand-alone documents
)
(/usr/local/texlive/2026/texmf-dist/tex/luatex/luatexja/patches/lltjp-array.sty
Package: lltjp-array 2026-05-13 Patch to array for LuaTeX-ja
)
\@quotelevel=\count579
\@quotereset=\count580
 (./BasicBook3.aux (./ch01_introduction.aux) (./ch02_PCs.aux)
(./ch03_introR.aux) (./ch04_Number_and_Data.aux) (./ch05_descriptives.aux)
(./ch06_Corr.aux) (./ch07_Regression.aux) (./ch08_MultipleRegression.aux)
(./ch09_Regression_onR.aux) (./ch10_probability.aux) (./ch11_inference.aux)
(./ch12_test.aux) (./ch13_NHST.aux) (./ch14_NHST2.aux)
(./ch15_FirstSemester.aux) (./ch16_ttest.aux) (./ch17_RCT.aux)
(./ch18_BetweenDesign.aux) (./anova_worksheet.aux) (./ch19_Ftest.aux))
\openout1 = BasicBook3.aux

LaTeX Font Info:    Checking defaults for OML/cmm/m/it on input line 6.
LaTeX Font Info:    ... okay on input line 6.
LaTeX Font Info:    Checking defaults for OMS/cmsy/m/n on input line 6.
LaTeX Font Info:    ... okay on input line 6.
LaTeX Font Info:    Checking defaults for OT1/cmr/m/n on input line 6.
LaTeX Font Info:    ... okay on input line 6.
LaTeX Font Info:    Checking defaults for T1/cmr/m/n on input line 6.
LaTeX Font Info:    ... okay on input line 6.
LaTeX Font Info:    Checking defaults for TS1/cmr/m/n on input line 6.
LaTeX Font Info:    ... okay on input line 6.
LaTeX Font Info:    Checking defaults for TU/lmr/m/n on input line 6.
LaTeX Font Info:    ... okay on input line 6.
LaTeX Font Info:    Checking defaults for OMX/cmex/m/n on input line 6.
LaTeX Font Info:    ... okay on input line 6.
LaTeX Font Info:    Checking defaults for U/cmr/m/n on input line 6.
LaTeX Font Info:    ... okay on input line 6.
LaTeX Font Info:    Checking defaults for JY3/mc/m/n on input line 6.
LaTeX Font Info:    ... okay on input line 6.
LaTeX Font Info:    Checking defaults for JT3/mc/m/n on input line 6.
LaTeX Font Info:    ... okay on input line 6.
LaTeX Font Info:    Checking defaults for PD1/pdf/m/n on input line 6.
LaTeX Font Info:    ... okay on input line 6.
LaTeX Font Info:    Checking defaults for PU/pdf/m/n on input line 6.
LaTeX Font Info:    ... okay on input line 6.
Package biblatex Info: Trying to load language 'english'...
Package biblatex Info: ... file 'english.lbx' found.

(/usr/local/texlive/2026/texmf-dist/tex/latex/biblatex/lbx/english.lbx
File: english.lbx 2025/07/10 v3.21 biblatex localization (PK/MW)
)
Package biblatex Info: LuaTeX detected.
(biblatex)             Assuming input encoding 'utf8'.
Package biblatex Info: Automatic encoding selection.
(biblatex)             Assuming data encoding 'utf8'.

\openout3 = BasicBook3.bcf
Package biblatex Info: Trying to load bibliographic data...
Package biblatex Info: ... file 'BasicBook3.bbl' found.

(./BasicBook3.bbl)
Package biblatex Info: Reference section=0 on input line 6.
Package biblatex Info: Reference segment=0 on input line 6.

*geometry* driver: auto-detecting
*geometry* detected driver: luatex
*geometry* verbose mode - [ preamble ] result:
* driver: luatex
* paper: <default>
* layout: <same size as paper>
* layoutoffset:(h,v)=(0.0pt,0.0pt)
* modes: includehead includefoot twoside heightrounded 
* h-part:(L,W,R)=(71.70166pt, 418.25368pt, 107.55254pt)
* v-part:(T,H,B)=(71.13188pt, 702.78308pt, 71.13188pt)
* \paperwidth=597.50787pt
* \paperheight=845.04684pt
* \textwidth=418.25368pt
* \textheight=668.76108pt
* \oddsidemargin=-0.56833pt
* \evensidemargin=35.28255pt
* \topmargin=-1.1381pt
* \headheight=20.0pt
* \headsep=14.31049pt
* \topskip=12.76108pt
* \footskip=16.0pt
* \marginparwidth=120.2127pt
* \marginparsep=18.49426pt
* \columnsep=18.49426pt
* \skip\footins=16.0pt plus 5.0pt minus 2.0pt
* \hoffset=0.0pt
* \voffset=0.0pt
* \mag=1000
* \@twocolumnfalse
* \@twosidetrue
* \@mparswitchtrue
* \@reversemarginfalse
* (1in=72.27pt=25.4mm, 1cm=28.453pt)

(/usr/local/texlive/2026/texmf-dist/tex/context/base/mkii/supp-pdf.mkii
[Loading MPS to PDF converter (version 2006.09.02).]
\scratchcounter=\count581
\scratchdimen=\dimen413
\scratchbox=\box138
\nofMPsegments=\count582
\nofMParguments=\count583
\everyMPshowfont=\toks61
\MPscratchCnt=\count584
\MPscratchDim=\dimen414
\MPnumerator=\count585
\makeMPintoPDFobject=\count586
\everyMPtoPDFconversion=\toks62
) (/usr/local/texlive/2026/texmf-dist/tex/latex/epstopdf-pkg/epstopdf-base.sty
Package: epstopdf-base 2020-01-24 v2.11 Base part for package epstopdf
Package epstopdf-base Info: Redefining graphics rule for `.eps' on input line 4
85.

(/usr/local/texlive/2026/texmf-dist/tex/latex/latexconfig/epstopdf-sys.cfg
File: epstopdf-sys.cfg 2010/07/13 v1.3 Configuration of (r)epstopdf for TeX Liv
e
))
(/usr/local/texlive/2026/texmf-dist/tex/latex/pdflscape/pdflscape.sty
Package: pdflscape 2025-06-23 v0.14 Display of landscape pages in PDF

(/usr/local/texlive/2026/texmf-dist/tex/latex/pdflscape/pdflscape-nometadata.st
y
Package: pdflscape-nometadata 2025-06-23 v0.14 Display of landscape pages in PD
F (HO)
Package pdflscape Info: Auto-detected driver: pdftex on input line 81.
))

Package tablefootnote Warning: LuaTeX and hyperref package used:
(tablefootnote)                Hyperreferences in rotated content
(tablefootnote)                will be misplaced
(tablefootnote)                regardless of tablefootnote package.
(tablefootnote)                The text to be printed will be OK.


Package fontspec Info: 
(fontspec)             Adjusting the maths setup (use [no-math] to avoid
(fontspec)             this).

\symlegacymaths=\mathgroup11
LaTeX Font Info:    Overwriting symbol font `legacymaths' in version `bold'
(Font)                  OT1/cmr/m/n --> OT1/cmr/bx/n on input line 6.
LaTeX Font Info:    Redeclaring math accent \acute on input line 6.
LaTeX Font Info:    Redeclaring math accent \grave on input line 6.
LaTeX Font Info:    Redeclaring math accent \ddot on input line 6.
LaTeX Font Info:    Redeclaring math accent \tilde on input line 6.
LaTeX Font Info:    Redeclaring math accent \bar on input line 6.
LaTeX Font Info:    Redeclaring math accent \breve on input line 6.
LaTeX Font Info:    Redeclaring math accent \check on input line 6.
LaTeX Font Info:    Redeclaring math accent \hat on input line 6.
LaTeX Font Info:    Redeclaring math accent \dot on input line 6.
LaTeX Font Info:    Redeclaring math accent \mathring on input line 6.
LaTeX Font Info:    Redeclaring math symbol \Gamma on input line 6.
LaTeX Font Info:    Redeclaring math symbol \Delta on input line 6.
LaTeX Font Info:    Redeclaring math symbol \Theta on input line 6.
LaTeX Font Info:    Redeclaring math symbol \Lambda on input line 6.
LaTeX Font Info:    Redeclaring math symbol \Xi on input line 6.
LaTeX Font Info:    Redeclaring math symbol \Pi on input line 6.
LaTeX Font Info:    Redeclaring math symbol \Sigma on input line 6.
LaTeX Font Info:    Redeclaring math symbol \Upsilon on input line 6.
LaTeX Font Info:    Redeclaring math symbol \Phi on input line 6.
LaTeX Font Info:    Redeclaring math symbol \Psi on input line 6.
LaTeX Font Info:    Redeclaring math symbol \Omega on input line 6.
LaTeX Font Info:    Redeclaring math symbol \mathdollar on input line 6.
LaTeX Font Info:    Redeclaring symbol font `operators' on input line 6.
LaTeX Font Info:    Encoding `OT1' has changed to `TU' for symbol font
(Font)              `operators' in the math version `normal' on input line 6.
LaTeX Font Info:    Overwriting symbol font `operators' in version `normal'
(Font)                  OT1/cmr/m/n --> TU/TeXGyreTermes(0)/m/n on input line 6
.
LaTeX Font Info:    Encoding `OT1' has changed to `TU' for symbol font
(Font)              `operators' in the math version `bold' on input line 6.
LaTeX Font Info:    Overwriting symbol font `operators' in version `bold'
(Font)                  OT1/cmr/bx/n --> TU/TeXGyreTermes(0)/m/n on input line 
6.
LaTeX Font Info:    Overwriting symbol font `operators' in version `normal'
(Font)                  TU/TeXGyreTermes(0)/m/n --> TU/TeXGyreTermes(0)/m/n on 
input line 6.
LaTeX Font Info:    Overwriting math alphabet `\mathit' in version `normal'
(Font)                  OT1/cmr/m/it --> TU/TeXGyreTermes(0)/m/it on input line
 6.
LaTeX Font Info:    Overwriting math alphabet `\mathbf' in version `normal'
(Font)                  OT1/cmr/bx/n --> TU/TeXGyreTermes(0)/b/n on input line 
6.
LaTeX Font Info:    Overwriting math alphabet `\mathsf' in version `normal'
(Font)                  OT1/cmss/m/n --> TU/lmss/m/n on input line 6.
LaTeX Font Info:    Overwriting math alphabet `\mathtt' in version `normal'
(Font)                  OT1/cmtt/m/n --> TU/lmtt/m/n on input line 6.
LaTeX Font Info:    Overwriting symbol font `operators' in version `bold'
(Font)                  TU/TeXGyreTermes(0)/m/n --> TU/TeXGyreTermes(0)/b/n on 
input line 6.
LaTeX Font Info:    Overwriting math alphabet `\mathit' in version `bold'
(Font)                  OT1/cmr/bx/it --> TU/TeXGyreTermes(0)/b/it on input lin
e 6.
LaTeX Font Info:    Overwriting math alphabet `\mathsf' in version `bold'
(Font)                  OT1/cmss/bx/n --> TU/lmss/b/n on input line 6.
LaTeX Font Info:    Overwriting math alphabet `\mathtt' in version `bold'
(Font)                  OT1/cmtt/m/n --> TU/lmtt/b/n on input line 6.
\c__nicematrix_shift_Ldots_last_row_dim=\dimen415
\c__nicematrix_innersep_middle_dim=\dimen416
\c@lstlisting=\count587
(/usr/local/texlive/2026/texmf-dist/tex/latex/base/inputenc.sty
Package: inputenc 2024/02/08 v1.3d Input encoding file
\inpenc@prehook=\toks63
\inpenc@posthook=\toks64
)
Package hyperref Info: Link coloring ON on input line 6.

(./BasicBook3.out) (./BasicBook3.out)
\@outlinefile=\write8

\openout8 = BasicBook3.out
\docmute@nestinglevel=\count588
<figures/cover1v3.pdf, id=493, 597.5123pt x 845.04709pt>
File: figures/cover1v3.pdf Graphic file (type pdf)
<use figures/cover1v3.pdf>
Package luatex.def Info: figures/cover1v3.pdf  used on input line 7.
(luatex.def)             Requested size: 597.51083pt x 845.04503pt.
<figures/cover1v3.pdf, id=495, page=1, 597.5123pt x 845.04709pt>
File: figures/cover1v3.pdf Graphic file (type pdf)
<use figures/cover1v3.pdf, page 1>
Package luatex.def Info: figures/cover1v3.pdf , page1 used on input line 7.
(luatex.def)             Requested size: 597.51083pt x 845.04503pt.
File: figures/cover1v3.pdf Graphic file (type pdf)
<use figures/cover1v3.pdf, page 1>
Package luatex.def Info: figures/cover1v3.pdf , page1 used on input line 7.
(luatex.def)             Requested size: 597.53818pt x 845.08371pt.
File: figures/cover1v3.pdf Graphic file (type pdf)
<use figures/cover1v3.pdf, page 1>
Package luatex.def Info: figures/cover1v3.pdf , page1 used on input line 7.
(luatex.def)             Requested size: 597.53818pt x 845.08371pt.
File: figures/cover1v3.pdf Graphic file (type pdf)
<use figures/cover1v3.pdf, page 1>
Package luatex.def Info: figures/cover1v3.pdf , page1 used on input line 7.
(luatex.def)             Requested size: 597.53818pt x 845.08371pt.
File: figures/cover1v3.pdf Graphic file (type pdf)
<use figures/cover1v3.pdf, page 1>
Package luatex.def Info: figures/cover1v3.pdf , page1 used on input line 7.
(luatex.def)             Requested size: 597.53818pt x 845.08371pt.
 [1


<./figures/cover1v3.pdf>]
(../common_contents/copyright.tex
LaTeX Font Info:    Font shape `JY3/BIZUDPMinchoMedium(0)/m/n' will be
(Font)              scaled to size 6.47299pt on input line 13.
LaTeX Font Info:    Font shape `JY3/BIZUDPMinchoMedium(0)/m/n' will be
(Font)              scaled to size 4.62357pt on input line 13.
LaTeX Font Info:    Trying loading font information for U+msa on input line 13.


(/usr/local/texlive/2026/texmf-dist/tex/latex/amsfonts/umsa.fd
File: umsa.fd 2013/01/14 v3.01 AMS symbols A
)
LaTeX Font Info:    Trying loading font information for U+msb on input line 13.


(/usr/local/texlive/2026/texmf-dist/tex/latex/amsfonts/umsb.fd
File: umsb.fd 2013/01/14 v3.01 AMS symbols B
)
LaTeX Font Info:    Font shape `JY3/gt/m/n' will be
(Font)              scaled to size 6.47299pt on input line 13.
LaTeX Font Info:    Font shape `JY3/gt/m/n' will be
(Font)              scaled to size 4.62357pt on input line 13.
LaTeX Font Info:    Font shape `TU/TeXGyreTermes(0)/m/sl' in size <10> not avai
lable
(Font)              Font shape `TU/TeXGyreTermes(0)/m/it' tried instead on inpu
t line 24.
LaTeX Font Info:    Font shape `JT3/BIZUDPMinchoMedium(0)/m/sl' will be
(Font)              scaled to size 9.24713pt on input line 24.
LaTeX Font Info:    Font shape `JY3/BIZUDPMinchoMedium(0)/m/sl' will be
(Font)              scaled to size 9.24713pt on input line 24.
 [2{/usr/local/texlive/2026/texmf-var/fonts/map/pdftex/updmap/pdftex.map}

])
LaTeX Font Info:    Font shape `JT3/BIZUDPMinchoMedium(0)/m/n' will be
(Font)              scaled to size 15.97903pt on input line 14.
LaTeX Font Info:    Font shape `JY3/BIZUDPMinchoMedium(0)/m/n' will be
(Font)              scaled to size 15.97903pt on input line 14.
LaTeX Font Info:    Font shape `JT3/BIZUDPMinchoMedium(0)/m/n' will be
(Font)              scaled to size 11.09656pt on input line 14.
LaTeX Font Info:    Font shape `JY3/BIZUDPMinchoMedium(0)/m/n' will be
(Font)              scaled to size 11.09656pt on input line 14.

warning  (pdf backend): ignoring duplicate destination with the name 'page.1'
[1

] (./preface1.tex
LaTeX Font Info:    Font shape `JT3/BIZUDPMinchoMedium(0)/m/n' will be
(Font)              scaled to size 13.31586pt on input line 1.
LaTeX Font Info:    Font shape `JY3/BIZUDPMinchoMedium(0)/m/n' will be
(Font)              scaled to size 13.31586pt on input line 1.
LaTeX Font Info:    Font shape `JT3/gt/m/n' will be
(Font)              scaled to size 13.31586pt on input line 1.
LaTeX Font Info:    Font shape `JY3/gt/m/n' will be
(Font)              scaled to size 13.31586pt on input line 1.
(load cache: extra_lmsans12-regular.luc)
LaTeX Font Info:    Font shape `JT3/gt/m/n' will be
(Font)              scaled to size 11.09656pt on input line 2.
LaTeX Font Info:    Font shape `JY3/gt/m/n' will be
(Font)              scaled to size 11.09656pt on input line 2.
LaTeX Font Info:    Font shape `JT3/gt/m/n' will be
(Font)              scaled to size 9.24713pt on input line 8.
(load cache: extra_lmsans10-regular.luc)
LaTeX Font Info:    Font shape `JT3/BIZUDPMinchoMedium(0)/m/n' will be
(Font)              scaled to size 6.47299pt on input line 16.
LaTeX Font Info:    Font shape `JT3/BIZUDPMinchoMedium(0)/m/n' will be
(Font)              scaled to size 7.3977pt on input line 16.
LaTeX Font Info:    Font shape `JY3/BIZUDPMinchoMedium(0)/m/n' will be
(Font)              scaled to size 7.3977pt on input line 16.
LaTeX Font Info:    Font shape `JY3/BIZUDPMinchoMedium(0)/m/n' will be
(Font)              scaled to size 5.54828pt on input line 16.
LaTeX Font Info:    Font shape `JY3/gt/m/n' will be
(Font)              scaled to size 7.3977pt on input line 16.
LaTeX Font Info:    Font shape `JY3/gt/m/n' will be
(Font)              scaled to size 5.54828pt on input line 16.
LaTeX Font Info:    Font shape `JT3/BIZUDPMinchoMedium(0)/m/n' will be
(Font)              scaled to size 5.54828pt on input line 16.
)
warning  (pdf backend): ignoring duplicate destination with the name 'page.2'
[2]
LaTeX Font Info:    Font shape `JT3/BIZUDPMinchoMedium(0)/m/n' will be
(Font)              scaled to size 23.00687pt on input line 19.
LaTeX Font Info:    Font shape `JY3/BIZUDPMinchoMedium(0)/m/n' will be
(Font)              scaled to size 23.00687pt on input line 19.
LaTeX Font Info:    Font shape `JT3/gt/m/n' will be
(Font)              scaled to size 23.00687pt on input line 19.
LaTeX Font Info:    Font shape `JY3/gt/m/n' will be
(Font)              scaled to size 23.00687pt on input line 19.
(load cache: extra_lmsans17-regular.luc) (./BasicBook3.toc)
\tf@toc=\write9

\openout9 = BasicBook3.toc
LaTeX Font Info:    Font shape `JT3/BIZUDPMinchoMedium(0)/b/n' will be
(Font)              scaled to size 9.24713pt on input line 24.
LaTeX Font Info:    Font shape `JY3/BIZUDPMinchoMedium(0)/b/n' will be
(Font)              scaled to size 9.24713pt on input line 24.
 [3

] [4

]
LaTeX Font Info:    Font shape `JT3/BIZUDPMinchoMedium(0)/m/n' will be
(Font)              scaled to size 19.17854pt on input line 24.
LaTeX Font Info:    Font shape `JY3/BIZUDPMinchoMedium(0)/m/n' will be
(Font)              scaled to size 19.17854pt on input line 24.
LaTeX Font Info:    Font shape `JT3/gt/m/n' will be
(Font)              scaled to size 19.17854pt on input line 24.
LaTeX Font Info:    Font shape `JY3/gt/m/n' will be
(Font)              scaled to size 19.17854pt on input line 24.
LaTeX Font Info:    Font shape `JT3/BIZUDPMinchoMedium(0)/m/n' will be
(Font)              scaled to size 4.62357pt on input line 24.
(load cache: extra_lmsans8-regular.luc)
LaTeX Font Info:    Font shape `JT3/gt/m/n' will be
(Font)              scaled to size 4.62357pt on input line 24.
 [5] [6]
\openout2 = ch01_introduction.aux
 (./ch01_introduction.tex
第1章
[7


]
LaTeX Font Info:    Font shape `JT3/BIZUDPMinchoMedium(0)/m/n' will be
(Font)              scaled to size 8.32242pt on input line 49.
LaTeX Font Info:    Font shape `JY3/BIZUDPMinchoMedium(0)/m/n' will be
(Font)              scaled to size 8.32242pt on input line 49.
 [8] [9] [10]
<figures/01_introduction/psychology_base.png, id=598, 550.055pt x 152.57pt>
File: figures/01_introduction/psychology_base.png Graphic file (type png)
<use figures/01_introduction/psychology_base.png>
Package luatex.def Info: figures/01_introduction/psychology_base.png  used on i
nput line 119.
(luatex.def)             Requested size: 271.86234pt x 75.40947pt.
 [11<./figures/01_introduction/psychology_base.png>]) [12]
\openout2 = ch02_PCs.aux

(./ch02_PCs.tex
第2章
[13




] [14] [15]
<figures/02_PCs/computer_01.png, id=652, 1177.39874pt x 559.08875pt>
File: figures/02_PCs/computer_01.png Graphic file (type png)
<use figures/02_PCs/computer_01.png>
Package luatex.def Info: figures/02_PCs/computer_01.png  used on input line 47.

(luatex.def)             Requested size: 334.60422pt x 158.8898pt.
 [16<./figures/02_PCs/computer_01.png>] [17] [18]
LaTeX Font Info:    Font shape `JT3/BIZUDPMinchoMedium(0)/b/n' will be
(Font)              scaled to size 7.3977pt on input line 86.
LaTeX Font Info:    Font shape `JY3/BIZUDPMinchoMedium(0)/b/n' will be
(Font)              scaled to size 7.3977pt on input line 86.
 [19](load cache: extra_lmmono10-regular.luc)
<figures/02_PCs/computer_06.png, id=703, 837.1275pt x 476.78125pt>
File: figures/02_PCs/computer_06.png Graphic file (type png)
<use figures/02_PCs/computer_06.png>
Package luatex.def Info: figures/02_PCs/computer_06.png  used on input line 100
.
(luatex.def)             Requested size: 334.60422pt x 190.57089pt.
 [20](load cache: extra_lmmono8-regular.luc)
LaTeX Font Info:    Font shape `JT3/gt/m/n' will be
(Font)              scaled to size 7.3977pt on input line 110.

[21<./figures/02_PCs/computer_06.png>]
(/usr/local/texlive/2026/texmf-dist/tex/latex/listings/lstlang1.sty
File: lstlang1.sty 2025/11/14 1.11b listings language file
)
(/usr/local/texlive/2026/texmf-dist/tex/latex/listings/lstlang1.sty
File: lstlang1.sty 2025/11/14 1.11b listings language file
)
(/usr/local/texlive/2026/texmf-dist/tex/latex/listings/lstmisc.sty
File: lstmisc.sty 2025/11/14 1.11b (Carsten Heinz)
)
Package hyperref Info: bookmark level for unknown lstlisting defaults to 0 on i
nput line 126.
LaTeX Font Info:    Font shape `JT3/gt/m/n' will be
(Font)              scaled to size 8.32242pt on input line 126.
LaTeX Font Info:    Font shape `JY3/gt/m/n' will be
(Font)              scaled to size 8.32242pt on input line 126.
Removing  `ltj.process_input_buffer' from `process_input_buffer'.
Inserting `ltj.listings_unicode' in `process_input_buffer'.
Inserting `ltj.process_input_buffer' in `process_input_buffer'.
Removing  `ltj.listings_unicode' from `process_input_buffer'.
Removing  `ltj.process_input_buffer' from `process_input_buffer'.
Inserting `ltj.listings_unicode' in `process_input_buffer'.
Inserting `ltj.process_input_buffer' in `process_input_buffer'.
Removing  `ltj.listings_unicode' from `process_input_buffer'. [22]
Removing  `ltj.process_input_buffer' from `process_input_buffer'.
Inserting `ltj.listings_unicode' in `process_input_buffer'.
Inserting `ltj.process_input_buffer' in `process_input_buffer'.
Removing  `ltj.listings_unicode' from `process_input_buffer'.
[23](load cache: extra_lmmono12-regular.luc)
Overfull \hbox (44.15285pt too wide) in paragraph at lines 186--217
 [][][] 
 []

<figures/02_PCs/JapaneseKeyChange.png, id=761, 282.05376pt x 264.99pt>
File: figures/02_PCs/JapaneseKeyChange.png Graphic file (type png)
<use figures/02_PCs/JapaneseKeyChange.png>
Package luatex.def Info: figures/02_PCs/JapaneseKeyChange.png  used on input li
ne 222.
(luatex.def)             Requested size: 113.81102pt x 106.9241pt.
<figures/02_PCs/JPkeyAssign.png, id=765, 925.4575pt x 517.935pt>
File: figures/02_PCs/JPkeyAssign.png Graphic file (type png)
<use figures/02_PCs/JPkeyAssign.png>
Package luatex.def Info: figures/02_PCs/JPkeyAssign.png  used on input line 231
.
(luatex.def)             Requested size: 334.60422pt x 187.26256pt.
<figures/02_PCs/usKeyAssign.png, id=766, 837.1275pt x 545.03625pt>
File: figures/02_PCs/usKeyAssign.png Graphic file (type png)
<use figures/02_PCs/usKeyAssign.png>
Package luatex.def Info: figures/02_PCs/usKeyAssign.png  used on input line 237
.
(luatex.def)             Requested size: 334.60422pt x 217.85262pt.

LaTeX Warning: `h' float specifier changed to `ht'.

[24<./figures/02_PCs/JapaneseKeyChange.png>]) [25] [26<./figures/02_PCs/JPkeyAss
ign.png><./figures/02_PCs/usKeyAssign.png>]
\openout2 = ch03_introR.aux
 (./ch03_introR.tex
第3章
[27




] [28]
<figures/03_introR/Screen1.png, id=842, 1466.47874pt x 1024.82875pt>
File: figures/03_introR/Screen1.png Graphic file (type png)
<use figures/03_introR/Screen1.png>
Package luatex.def Info: figures/03_introR/Screen1.png  used on input line 71.
(luatex.def)             Requested size: 313.69025pt x 219.20798pt.
<figures/03_introR/Screen2.png, id=843, 1353.055pt x 935.495pt>
File: figures/03_introR/Screen2.png Graphic file (type png)
<use figures/03_introR/Screen2.png>
Package luatex.def Info: figures/03_introR/Screen2.png  used on input line 78.
(luatex.def)             Requested size: 313.69025pt x 216.88654pt.
<figures/03_introR/Screen3.png, id=844, 1466.47874pt x 1024.82875pt>
File: figures/03_introR/Screen3.png Graphic file (type png)
<use figures/03_introR/Screen3.png>
Package luatex.def Info: figures/03_introR/Screen3.png  used on input line 85.
(luatex.def)             Requested size: 313.69025pt x 219.20798pt.
(load cache: extra_lmsans10-bold.luc)
LaTeX Font Info:    Font shape `JT3/gt/b/n' in size <10> not available
(Font)              Font shape `JT3/gt/m/n' tried instead on input line 93.
LaTeX Font Info:    Font shape `JT3/gt/m/n' will be
(Font)              scaled to size 9.24713pt on input line 93.
LaTeX Font Info:    Font shape `JY3/gt/b/n' in size <10> not available
(Font)              Font shape `JY3/gt/m/n' tried instead on input line 93.
LaTeX Font Info:    Font shape `JY3/gt/m/n' will be
(Font)              scaled to size 9.24713pt on input line 93.
 [29] [30<./figures/03_introR/Screen1.png><./figures/03_introR/Screen2.png>] [3
1<./figures/03_introR/Screen3.png>]
Removing  `ltj.process_input_buffer' from `process_input_buffer'.
Inserting `ltj.listings_unicode' in `process_input_buffer'.
Inserting `ltj.process_input_buffer' in `process_input_buffer'.
Removing  `ltj.listings_unicode' from `process_input_buffer'.
<figures/03_introR/screen4.png, id=889, 771.88374pt x 998.73125pt>
File: figures/03_introR/screen4.png Graphic file (type png)
<use figures/03_introR/screen4.png>
Package luatex.def Info: figures/03_introR/screen4.png  used on input line 134.

(luatex.def)             Requested size: 271.86234pt x 351.75565pt.
 [32] [33<./figures/03_introR/screen4.png>] [34]
<figures/03_introR/Screen5.png, id=929, 550.055pt x 398.48875pt>
File: figures/03_introR/Screen5.png Graphic file (type png)
<use figures/03_introR/Screen5.png>
Package luatex.def Info: figures/03_introR/Screen5.png  used on input line 187.

(luatex.def)             Requested size: 271.86234pt x 196.95764pt.
<figures/03_introR/screen6.png, id=932, 1806.75pt x 870.25125pt>
File: figures/03_introR/screen6.png Graphic file (type png)
<use figures/03_introR/screen6.png>
Package luatex.def Info: figures/03_introR/screen6.png  used on input line 205.

(luatex.def)             Requested size: 334.60422pt x 161.16658pt.
 [35<./figures/03_introR/Screen5.png>] [36<./figures/03_introR/screen6.png>]
Removing  `ltj.process_input_buffer' from `process_input_buffer'.
Inserting `ltj.listings_unicode' in `process_input_buffer'.
Inserting `ltj.process_input_buffer' in `process_input_buffer'.
Removing  `ltj.listings_unicode' from `process_input_buffer'. [37]
<figures/03_introR/packages.png, id=985, 1230.5975pt x 610.28pt>
File: figures/03_introR/packages.png Graphic file (type png)
<use figures/03_introR/packages.png>
Package luatex.def Info: figures/03_introR/packages.png  used on input line 253
.
(luatex.def)             Requested size: 334.60422pt x 165.9325pt.
 [38<./figures/03_introR/packages.png>]
Removing  `ltj.process_input_buffer' from `process_input_buffer'.
Inserting `ltj.listings_unicode' in `process_input_buffer'.
Inserting `ltj.process_input_buffer' in `process_input_buffer'.
Removing  `ltj.listings_unicode' from `process_input_buffer'.
Removing  `ltj.process_input_buffer' from `process_input_buffer'.
Inserting `ltj.listings_unicode' in `process_input_buffer'.
Inserting `ltj.process_input_buffer' in `process_input_buffer'.
Removing  `ltj.listings_unicode' from `process_input_buffer'. [39]
Removing  `ltj.process_input_buffer' from `process_input_buffer'.
Inserting `ltj.listings_unicode' in `process_input_buffer'.
Inserting `ltj.process_input_buffer' in `process_input_buffer'.
Removing  `ltj.listings_unicode' from `process_input_buffer'.
<figures/03_introR/screen7.png, id=1022, 562.1pt x 580.1675pt>
File: figures/03_introR/screen7.png Graphic file (type png)
<use figures/03_introR/screen7.png>
Package luatex.def Info: figures/03_introR/screen7.png  used on input line 328.

(luatex.def)             Requested size: 271.86234pt x 280.60185pt.
Removing  `ltj.process_input_buffer' from `process_input_buffer'.
Inserting `ltj.listings_unicode' in `process_input_buffer'.
Inserting `ltj.process_input_buffer' in `process_input_buffer'.
Removing  `ltj.listings_unicode' from `process_input_buffer'. [40]
Removing  `ltj.process_input_buffer' from `process_input_buffer'.
Inserting `ltj.listings_unicode' in `process_input_buffer'.
Inserting `ltj.process_input_buffer' in `process_input_buffer'. [41<./figures/03
_introR/screen7.png>]
Removing  `ltj.listings_unicode' from `process_input_buffer'.
Removing  `ltj.process_input_buffer' from `process_input_buffer'.
Inserting `ltj.listings_unicode' in `process_input_buffer'.
Inserting `ltj.process_input_buffer' in `process_input_buffer'.
Removing  `ltj.listings_unicode' from `process_input_buffer'. [42] [43] [44]) [
45]
\openout2 = ch04_Number_and_Data.aux
 (./ch04_Number_and_Data.tex
[46




]
第4章
<figures/04_ND/scaling_statistics.png, id=1114, 771.88374pt x 273.02pt>
File: figures/04_ND/scaling_statistics.png Graphic file (type png)
<use figures/04_ND/scaling_statistics.png>
Package luatex.def Info: figures/04_ND/scaling_statistics.png  used on input li
ne 19.
(luatex.def)             Requested size: 334.60422pt x 118.35031pt.
[47<./figures/04_ND/scaling_statistics.png>]
<figures/04_ND/rawdata.png, id=1127, 725.71124pt x 364.36125pt>
File: figures/04_ND/rawdata.png Graphic file (type png)
<use figures/04_ND/rawdata.png>
Package luatex.def Info: figures/04_ND/rawdata.png  used on input line 28.
(luatex.def)             Requested size: 334.60422pt x 167.99738pt.
<figures/04_ND/scaling.png, id=1130, 732.7375pt x 442.65375pt>
File: figures/04_ND/scaling.png Graphic file (type png)
<use figures/04_ND/scaling.png>
Package luatex.def Info: figures/04_ND/scaling.png  used on input line 39.
(luatex.def)             Requested size: 334.60422pt x 202.13722pt.
 [48<./figures/04_ND/rawdata.png>]
[49<./figures/04_ND/scaling.png>]
<figures/04_ND/constructs.png, id=1158, 900.36375pt x 581.17125pt>
File: figures/04_ND/constructs.png Graphic file (type png)
<use figures/04_ND/constructs.png>
Package luatex.def Info: figures/04_ND/constructs.png  used on input line 56.
(luatex.def)             Requested size: 292.77629pt x 188.98483pt.
 [50<./figures/04_ND/constructs.png>] [51]
[52]
<figures/04_ND/ordinal_scale.png, id=1192, 845.1575pt x 198.7425pt>
File: figures/04_ND/ordinal_scale.png Graphic file (type png)
<use figures/04_ND/ordinal_scale.png>
Package luatex.def Info: figures/04_ND/ordinal_scale.png  used on input line 11
3.
(luatex.def)             Requested size: 334.60422pt x 78.68588pt.
 [53<./figures/04_ND/ordinal_scale.png>] [54]
Removing  `ltj.process_input_buffer' from `process_input_buffer'.
Inserting `ltj.listings_unicode' in `process_input_buffer'.
Inserting `ltj.process_input_buffer' in `process_input_buffer'.
Removing  `ltj.listings_unicode' from `process_input_buffer'. [55]
Removing  `ltj.process_input_buffer' from `process_input_buffer'.
Inserting `ltj.listings_unicode' in `process_input_buffer'.
Inserting `ltj.process_input_buffer' in `process_input_buffer'.
Removing  `ltj.listings_unicode' from `process_input_buffer'. [56]
Removing  `ltj.process_input_buffer' from `process_input_buffer'.
Inserting `ltj.listings_unicode' in `process_input_buffer'.
Inserting `ltj.process_input_buffer' in `process_input_buffer'.
Removing  `ltj.listings_unicode' from `process_input_buffer'. [57]) [58]
\openout2 = ch05_descriptives.aux

(./ch05_descriptives.tex
第5章
[59




]
<figures/05_descriptives/money.png, id=1279, 1196.47pt x 445.665pt>
File: figures/05_descriptives/money.png Graphic file (type png)
<use figures/05_descriptives/money.png>
Package luatex.def Info: figures/05_descriptives/money.png  used on input line 
37.
(luatex.def)             Requested size: 334.60422pt x 124.63574pt.
 [60<./figures/05_descriptives/money.png>] [61]
<figures/05_descriptives/japanese_2023.png, id=1310, 642.4pt x 402.50375pt>
File: figures/05_descriptives/japanese_2023.png Graphic file (type png)
<use figures/05_descriptives/japanese_2023.png>
Package luatex.def Info: figures/05_descriptives/japanese_2023.png  used on inp
ut line 86.
(luatex.def)             Requested size: 334.60422pt x 209.65323pt.
<figures/05_descriptives/binwidth.png, id=1313, 1282.7925pt x 536.0025pt>
File: figures/05_descriptives/binwidth.png Graphic file (type png)
<use figures/05_descriptives/binwidth.png>
Package luatex.def Info: figures/05_descriptives/binwidth.png  used on input li
ne 94.
(luatex.def)             Requested size: 334.60422pt x 139.80719pt.
 [62<./figures/05_descriptives/japanese_2023.png>]
<figures/05_descriptives/variance1.png, id=1326, 4818.0pt x 2409.0pt>
File: figures/05_descriptives/variance1.png Graphic file (type png)
<use figures/05_descriptives/variance1.png>
Package luatex.def Info: figures/05_descriptives/variance1.png  used on input l
ine 130.
(luatex.def)             Requested size: 334.60422pt x 167.28717pt.
<figures/05_descriptives/variance2.png, id=1328, 736.7525pt x 383.4325pt>
File: figures/05_descriptives/variance2.png Graphic file (type png)
<use figures/05_descriptives/variance2.png>
Package luatex.def Info: figures/05_descriptives/variance2.png  used on input l
ine 141.
(luatex.def)             Requested size: 334.60422pt x 174.13441pt.
 [63<./figures/05_descriptives/binwidth.png>] [64<./figures/05_descriptives/vari
ance1.png><./figures/05_descriptives/variance2.png>]
[65]
<figures/05_descriptives/iqr.png, id=1359, 685.56125pt x 250.9375pt>
File: figures/05_descriptives/iqr.png Graphic file (type png)
<use figures/05_descriptives/iqr.png>
Package luatex.def Info: figures/05_descriptives/iqr.png  used on input line 20
1.
(luatex.def)             Requested size: 334.60422pt x 122.47798pt.
 [66<./figures/05_descriptives/iqr.png>]
Removing  `ltj.process_input_buffer' from `process_input_buffer'.
Inserting `ltj.listings_unicode' in `process_input_buffer'.
Inserting `ltj.process_input_buffer' in `process_input_buffer'.
Removing  `ltj.listings_unicode' from `process_input_buffer'.
Removing  `ltj.process_input_buffer' from `process_input_buffer'.
Inserting `ltj.listings_unicode' in `process_input_buffer'.
Inserting `ltj.process_input_buffer' in `process_input_buffer'.
Removing  `ltj.listings_unicode' from `process_input_buffer'. [67]
Removing  `ltj.process_input_buffer' from `process_input_buffer'.
Inserting `ltj.listings_unicode' in `process_input_buffer'.
Inserting `ltj.process_input_buffer' in `process_input_buffer'.
Removing  `ltj.listings_unicode' from `process_input_buffer'. [68]
Removing  `ltj.process_input_buffer' from `process_input_buffer'.
Inserting `ltj.listings_unicode' in `process_input_buffer'.
Inserting `ltj.process_input_buffer' in `process_input_buffer'.
Removing  `ltj.listings_unicode' from `process_input_buffer'.
Removing  `ltj.process_input_buffer' from `process_input_buffer'.
Inserting `ltj.listings_unicode' in `process_input_buffer'.
Inserting `ltj.process_input_buffer' in `process_input_buffer'.
Removing  `ltj.listings_unicode' from `process_input_buffer'.
Removing  `ltj.process_input_buffer' from `process_input_buffer'.
Inserting `ltj.listings_unicode' in `process_input_buffer'.
Inserting `ltj.process_input_buffer' in `process_input_buffer'.
Removing  `ltj.listings_unicode' from `process_input_buffer'.
Removing  `ltj.process_input_buffer' from `process_input_buffer'.
Inserting `ltj.listings_unicode' in `process_input_buffer'.
Inserting `ltj.process_input_buffer' in `process_input_buffer'.
Removing  `ltj.listings_unicode' from `process_input_buffer'.
Removing  `ltj.process_input_buffer' from `process_input_buffer'.
Inserting `ltj.listings_unicode' in `process_input_buffer'.
Inserting `ltj.process_input_buffer' in `process_input_buffer'.
Removing  `ltj.listings_unicode' from `process_input_buffer'.
Removing  `ltj.process_input_buffer' from `process_input_buffer'.
Inserting `ltj.listings_unicode' in `process_input_buffer'.
Inserting `ltj.process_input_buffer' in `process_input_buffer'.
Removing  `ltj.listings_unicode' from `process_input_buffer'. [69]
Removing  `ltj.process_input_buffer' from `process_input_buffer'.
Inserting `ltj.listings_unicode' in `process_input_buffer'.
Inserting `ltj.process_input_buffer' in `process_input_buffer'.
Removing  `ltj.listings_unicode' from `process_input_buffer'.
Removing  `ltj.process_input_buffer' from `process_input_buffer'.
Inserting `ltj.listings_unicode' in `process_input_buffer'.
Inserting `ltj.process_input_buffer' in `process_input_buffer'.
Removing  `ltj.listings_unicode' from `process_input_buffer'.
<figures/05_descriptives/hist_func.png, id=1420, 1204.5pt x 401.5pt>
File: figures/05_descriptives/hist_func.png Graphic file (type png)
<use figures/05_descriptives/hist_func.png>
Package luatex.def Info: figures/05_descriptives/hist_func.png  used on input l
ine 377.
(luatex.def)             Requested size: 334.60422pt x 111.53702pt.
 [70<./figures/05_descriptives/hist_func.png>]
Removing  `ltj.process_input_buffer' from `process_input_buffer'.
Inserting `ltj.listings_unicode' in `process_input_buffer'.
Inserting `ltj.process_input_buffer' in `process_input_buffer'.
Removing  `ltj.listings_unicode' from `process_input_buffer'.
<figures/05_descriptives/boxplot.png, id=1435, 696.6025pt x 206.7725pt>
File: figures/05_descriptives/boxplot.png Graphic file (type png)
<use figures/05_descriptives/boxplot.png>
Package luatex.def Info: figures/05_descriptives/boxplot.png  used on input lin
e 392.
(luatex.def)             Requested size: 334.60422pt x 99.31908pt.
 [71<./figures/05_descriptives/boxplot.png>]
Overfull \hbox (66.80504pt too wide) in paragraph at lines 437--437
[]|\JY3/gt/m/n/9 ─|─ \TU/lmtt/m/n/9 Attaching core tidyverse packages |\JY3
/gt/m/n/9 ─|─|─|─|─|─|─|─|─|─|─|─|─|─|─|─|─|
─|─|─|─|─ \TU/lmtt/m/n/9 tidyverse 2.0.0 |\JY3/gt/m/n/9 ─
 []


Overfull \hbox (67.89752pt too wide) in paragraph at lines 449--450
[]\JY3/BIZUDPMinchoMedium(0)/m/n/10 こ こ に 示 さ れ て い る の 
は ， \TU/lmtt/m/n/10 dplyr, readr, forcats, stringr, ggplot2, tibble, lubrida
te, tidyr, purrr
 []

[72]
Overfull \hbox (5.21977pt too wide) in paragraph at lines 464--464
[]\TU/lmtt/m/n/9 [i] Specify the column types or set `show_col_types = FALSE` to
 quiet this message.[] 
 []

Removing  `ltj.process_input_buffer' from `process_input_buffer'.
Inserting `ltj.listings_unicode' in `process_input_buffer'.
Inserting `ltj.process_input_buffer' in `process_input_buffer'.
Removing  `ltj.listings_unicode' from `process_input_buffer'. [73]
Removing  `ltj.process_input_buffer' from `process_input_buffer'.
Inserting `ltj.listings_unicode' in `process_input_buffer'.
Inserting `ltj.process_input_buffer' in `process_input_buffer'.
Removing  `ltj.listings_unicode' from `process_input_buffer'. [74]
Removing  `ltj.process_input_buffer' from `process_input_buffer'.
Inserting `ltj.listings_unicode' in `process_input_buffer'.
Inserting `ltj.process_input_buffer' in `process_input_buffer'.
Removing  `ltj.listings_unicode' from `process_input_buffer'. [75]
<figures/05_descriptives/filter_select.png, id=1519, 1133.23375pt x 743.77875pt
>
File: figures/05_descriptives/filter_select.png Graphic file (type png)
<use figures/05_descriptives/filter_select.png>
Package luatex.def Info: figures/05_descriptives/filter_select.png  used on inp
ut line 551.
(luatex.def)             Requested size: 334.60422pt x 219.60576pt.
Removing  `ltj.process_input_buffer' from `process_input_buffer'.
Inserting `ltj.listings_unicode' in `process_input_buffer'.
Inserting `ltj.process_input_buffer' in `process_input_buffer'.
Removing  `ltj.listings_unicode' from `process_input_buffer'.) [76<./figures/05_
descriptives/filter_select.png>]
\openout2 = ch06_Corr.aux

(./ch06_Corr.tex
第6章
[77




]
<figures/06_Corr/scatter_plot.png, id=1542, 865.5537pt x 590.9277pt>
File: figures/06_Corr/scatter_plot.png Graphic file (type png)
<use figures/06_Corr/scatter_plot.png>
Package luatex.def Info: figures/06_Corr/scatter_plot.png  used on input line 8
7.
(luatex.def)             Requested size: 334.60422pt x 228.4411pt.
 [78<./figures/06_Corr/scatter_plot.png>] [79] [80]
<figures/06_Corr/relative_position.png, id=1575, 631.35875pt x 561.09625pt>
File: figures/06_Corr/relative_position.png Graphic file (type png)
<use figures/06_Corr/relative_position.png>
Package luatex.def Info: figures/06_Corr/relative_position.png  used on input l
ine 165.
(luatex.def)             Requested size: 334.60422pt x 297.37103pt.
 [81] [82<./figures/06_Corr/relative_position.png>]
<figures/06_Corr/correlations.png, id=1591, 7227.0pt x 7227.0pt>
File: figures/06_Corr/correlations.png Graphic file (type png)
<use figures/06_Corr/correlations.png>
Package luatex.def Info: figures/06_Corr/correlations.png  used on input line 1
97.
(luatex.def)             Requested size: 271.86234pt x 271.82787pt.
 [83<./figures/06_Corr/correlations.png>] [84]
[85] [86]
Removing  `ltj.process_input_buffer' from `process_input_buffer'.
Inserting `ltj.listings_unicode' in `process_input_buffer'.
Inserting `ltj.process_input_buffer' in `process_input_buffer'.
Removing  `ltj.listings_unicode' from `process_input_buffer'. (/usr/local/texli
ve/2026/texmf-dist/tex/latex/listings/lstlang1.sty
File: lstlang1.sty 2025/11/14 1.11b listings language file
)
(/usr/local/texlive/2026/texmf-dist/tex/latex/listings/lstlang2.sty
File: lstlang2.sty 2025/11/14 1.11b listings language file
)
(/usr/local/texlive/2026/texmf-dist/tex/latex/listings/lstlang3.sty
File: lstlang3.sty 2025/11/14 1.11b listings language file
)
Removing  `ltj.process_input_buffer' from `process_input_buffer'.
Inserting `ltj.listings_unicode' in `process_input_buffer'.
Inserting `ltj.process_input_buffer' in `process_input_buffer'.
Removing  `ltj.listings_unicode' from `process_input_buffer'.
<figures/06_Corr/Scatter_base.png, id=1637, 865.73438pt x 590.95781pt>
File: figures/06_Corr/Scatter_base.png Graphic file (type png)
<use figures/06_Corr/Scatter_base.png>
Package luatex.def Info: figures/06_Corr/Scatter_base.png  used on input line 3
33.
(luatex.def)             Requested size: 334.60422pt x 228.39864pt.
 [87]
Removing  `ltj.process_input_buffer' from `process_input_buffer'.
Inserting `ltj.listings_unicode' in `process_input_buffer'.
Inserting `ltj.process_input_buffer' in `process_input_buffer'.
Removing  `ltj.listings_unicode' from `process_input_buffer'.
<figures/06_Corr/Scatter_ggplot2.png, id=1665, 865.73438pt x 590.95781pt>
File: figures/06_Corr/Scatter_ggplot2.png Graphic file (type png)
<use figures/06_Corr/Scatter_ggplot2.png>
Package luatex.def Info: figures/06_Corr/Scatter_ggplot2.png  used on input lin
e 361.
(luatex.def)             Requested size: 334.60422pt x 228.39864pt.
Removing  `ltj.process_input_buffer' from `process_input_buffer'.
Inserting `ltj.listings_unicode' in `process_input_buffer'.
Inserting `ltj.process_input_buffer' in `process_input_buffer'.
Removing  `ltj.listings_unicode' from `process_input_buffer'.
[88<./figures/06_Corr/Scatter_base.png>]
Removing  `ltj.process_input_buffer' from `process_input_buffer'.
Inserting `ltj.listings_unicode' in `process_input_buffer'.
Inserting `ltj.process_input_buffer' in `process_input_buffer'.
Removing  `ltj.listings_unicode' from `process_input_buffer'. [89<./figures/06_C
orr/Scatter_ggplot2.png>]
Removing  `ltj.process_input_buffer' from `process_input_buffer'.
Inserting `ltj.listings_unicode' in `process_input_buffer'.
Inserting `ltj.process_input_buffer' in `process_input_buffer'.
Removing  `ltj.listings_unicode' from `process_input_buffer'.
Removing  `ltj.process_input_buffer' from `process_input_buffer'.
Inserting `ltj.listings_unicode' in `process_input_buffer'.
Inserting `ltj.process_input_buffer' in `process_input_buffer'.
Removing  `ltj.listings_unicode' from `process_input_buffer'.
Removing  `ltj.process_input_buffer' from `process_input_buffer'.
Inserting `ltj.listings_unicode' in `process_input_buffer'.
Inserting `ltj.process_input_buffer' in `process_input_buffer'.
Removing  `ltj.listings_unicode' from `process_input_buffer'. [90]
Removing  `ltj.process_input_buffer' from `process_input_buffer'.
Inserting `ltj.listings_unicode' in `process_input_buffer'.
Inserting `ltj.process_input_buffer' in `process_input_buffer'.
Removing  `ltj.listings_unicode' from `process_input_buffer'. [91]
<figures/06_Corr/datasaurs.png, id=1751, 867.24pt x 289.08pt>
File: figures/06_Corr/datasaurs.png Graphic file (type png)
<use figures/06_Corr/datasaurs.png>
Package luatex.def Info: figures/06_Corr/datasaurs.png  used on input line 523.

(luatex.def)             Requested size: 334.60422pt x 111.53653pt.
 [92<./figures/06_Corr/datasaurs.png>]
<figures/06_Corr/U_curve.png, id=1763, 7227.0pt x 7227.0pt>
File: figures/06_Corr/U_curve.png Graphic file (type png)
<use figures/06_Corr/U_curve.png>
Package luatex.def Info: figures/06_Corr/U_curve.png  used on input line 537.
(luatex.def)             Requested size: 271.86234pt x 271.82787pt.
<figures/06_Corr/outlier.png, id=1765, 7227.0pt x 7227.0pt>
File: figures/06_Corr/outlier.png Graphic file (type png)
<use figures/06_Corr/outlier.png>
Package luatex.def Info: figures/06_Corr/outlier.png  used on input line 546.
(luatex.def)             Requested size: 271.86234pt x 271.82787pt.
<figures/06_Corr/setudan.png, id=1768, 7227.0pt x 7227.0pt>
File: figures/06_Corr/setudan.png Graphic file (type png)
<use figures/06_Corr/setudan.png>
Package luatex.def Info: figures/06_Corr/setudan.png  used on input line 559.
(luatex.def)             Requested size: 167.28717pt x 167.2989pt.
 [93<./figures/06_Corr/U_curve.png>]
<figures/06_Corr/HLM.png, id=1780, 7227.0pt x 3613.5pt>
File: figures/06_Corr/HLM.png Graphic file (type png)
<use figures/06_Corr/HLM.png>
Package luatex.def Info: figures/06_Corr/HLM.png  used on input line 570.
(luatex.def)             Requested size: 334.57434pt x 167.2989pt.
 [94<./figures/06_Corr/outlier.png><./figures/06_Corr/setudan.png>]
[95<./figures/06_Corr/HLM.png>]) [96]
\openout2 = ch07_Regression.aux
 (./ch07_Regression.tex
第7章
<figures/07_Regressions/simple_scatter.png, id=1814, 578.16pt x 433.62pt>
File: figures/07_Regressions/simple_scatter.png Graphic file (type png)
<use figures/07_Regressions/simple_scatter.png>
Package luatex.def Info: figures/07_Regressions/simple_scatter.png  used on inp
ut line 57.
(luatex.def)             Requested size: 271.86234pt x 203.89406pt.
[97




] [98<./figures/07_Regressions/simple_scatter.png>]
<figures/07_Regressions/linerModel.png, id=1828, 578.16pt x 578.16pt>
File: figures/07_Regressions/linerModel.png Graphic file (type png)
<use figures/07_Regressions/linerModel.png>
Package luatex.def Info: figures/07_Regressions/linerModel.png  used on input l
ine 86.
(luatex.def)             Requested size: 271.86234pt x 271.85873pt.
 [99]
<figures/07_Regressions/yhatg.png, id=1842, 578.16pt x 433.62pt>
File: figures/07_Regressions/yhatg.png Graphic file (type png)
<use figures/07_Regressions/yhatg.png>
Package luatex.def Info: figures/07_Regressions/yhatg.png  used on input line 1
13.
(luatex.def)             Requested size: 271.86234pt x 203.89406pt.
 [100<./figures/07_Regressions/linerModel.png>]
<figures/07_Regressions/bestFit.png, id=1849, 578.16pt x 433.62pt>
File: figures/07_Regressions/bestFit.png Graphic file (type png)
<use figures/07_Regressions/bestFit.png>
Package luatex.def Info: figures/07_Regressions/bestFit.png  used on input line
 130.
(luatex.def)             Requested size: 271.86234pt x 203.89406pt.
 [101<./figures/07_Regressions/yhatg.png>] [102<./figures/07_Regressions/bestFit
.png>] [103] [104] [105] [106]) [107]
\openout2 = ch08_MultipleRegression.aux

(./ch08_MultipleRegression.tex [108




]
第8章
<figures/08_MultipleRegression/surface.png, id=1917, 505.89pt x 433.62pt>
File: figures/08_MultipleRegression/surface.png Graphic file (type png)
<use figures/08_MultipleRegression/surface.png>
Package luatex.def Info: figures/08_MultipleRegression/surface.png  used on inp
ut line 29.
(luatex.def)             Requested size: 271.86234pt x 233.0265pt.
[109]
<figures/08_MultipleRegression/corrMat2.png, id=1929, 578.16pt x 505.89pt>
File: figures/08_MultipleRegression/corrMat2.png Graphic file (type png)
<use figures/08_MultipleRegression/corrMat2.png>
Package luatex.def Info: figures/08_MultipleRegression/corrMat2.png  used on in
put line 68.
(luatex.def)             Requested size: 271.86234pt x 237.87639pt.
 [110<./figures/08_MultipleRegression/surface.png>] [111]
<figures/08_MultipleRegression/corrMat3.png, id=1950, 650.43pt x 578.16pt>
File: figures/08_MultipleRegression/corrMat3.png Graphic file (type png)
<use figures/08_MultipleRegression/corrMat3.png>
Package luatex.def Info: figures/08_MultipleRegression/corrMat3.png  used on in
put line 128.
(luatex.def)             Requested size: 313.69025pt x 278.83694pt.
 [112<./figures/08_MultipleRegression/corrMat2.png>] [113]
<figures/08_MultipleRegression/partial_slope.png, id=1974, 505.89pt x 433.62pt>

File: figures/08_MultipleRegression/partial_slope.png Graphic file (type png)
<use figures/08_MultipleRegression/partial_slope.png>
Package luatex.def Info: figures/08_MultipleRegression/partial_slope.png  used 
on input line 236.
(luatex.def)             Requested size: 313.69025pt x 268.88132pt.
 [114<./figures/08_MultipleRegression/corrMat3.png>] [115] [116<./figures/08_Mul
tipleRegression/partial_slope.png>]
[117]
<figures/08_MultipleRegression/corrMat.png, id=2003, 4818.0pt x 3613.5pt>
File: figures/08_MultipleRegression/corrMat.png Graphic file (type png)
<use figures/08_MultipleRegression/corrMat.png>
Package luatex.def Info: figures/08_MultipleRegression/corrMat.png  used on inp
ut line 347.
(luatex.def)             Requested size: 271.86234pt x 203.84334pt.
 [118] [119<./figures/08_MultipleRegression/corrMat.png>]) [120]
\openout2 = ch09_Regression_onR.aux

(./ch09_Regression_onR.tex
第9章
Removing  `ltj.process_input_buffer' from `process_input_buffer'.
Inserting `ltj.listings_unicode' in `process_input_buffer'.
Inserting `ltj.process_input_buffer' in `process_input_buffer'.
Removing  `ltj.listings_unicode' from `process_input_buffer'. [121




]
Removing  `ltj.process_input_buffer' from `process_input_buffer'.
Inserting `ltj.listings_unicode' in `process_input_buffer'.
Inserting `ltj.process_input_buffer' in `process_input_buffer'.
Removing  `ltj.listings_unicode' from `process_input_buffer'.
<figures/09_Regression_onR/scatter_batter1.png, id=2044, 641.2758pt x 329.5512p
t>
File: figures/09_Regression_onR/scatter_batter1.png Graphic file (type png)
<use figures/09_Regression_onR/scatter_batter1.png>
Package luatex.def Info: figures/09_Regression_onR/scatter_batter1.png  used on
 input line 56.
(luatex.def)             Requested size: 271.86234pt x 139.71294pt.
Removing  `ltj.process_input_buffer' from `process_input_buffer'.
Inserting `ltj.listings_unicode' in `process_input_buffer'.
Inserting `ltj.process_input_buffer' in `process_input_buffer'.
Removing  `ltj.listings_unicode' from `process_input_buffer'. [122<./figures/09_
Regression_onR/scatter_batter1.png>]
Removing  `ltj.process_input_buffer' from `process_input_buffer'.
Inserting `ltj.listings_unicode' in `process_input_buffer'.
Inserting `ltj.process_input_buffer' in `process_input_buffer'.
Removing  `ltj.listings_unicode' from `process_input_buffer'. [123] [124]
Removing  `ltj.process_input_buffer' from `process_input_buffer'.
Inserting `ltj.listings_unicode' in `process_input_buffer'.
Inserting `ltj.process_input_buffer' in `process_input_buffer'.
Removing  `ltj.listings_unicode' from `process_input_buffer'.
<figures/09_Regression_onR/plot_lm01.png, id=2089, 602.25pt x 451.6875pt>
File: figures/09_Regression_onR/plot_lm01.png Graphic file (type png)
<use figures/09_Regression_onR/plot_lm01.png>
Package luatex.def Info: figures/09_Regression_onR/plot_lm01.png  used on input
 line 138.
(luatex.def)             Requested size: 334.60422pt x 250.96521pt.
<figures/09_Regression_onR/plot_lm02.png, id=2090, 602.25pt x 451.6875pt>
File: figures/09_Regression_onR/plot_lm02.png Graphic file (type png)
<use figures/09_Regression_onR/plot_lm02.png>
Package luatex.def Info: figures/09_Regression_onR/plot_lm02.png  used on input
 line 149.
(luatex.def)             Requested size: 334.60422pt x 250.96521pt.

[125<./figures/09_Regression_onR/plot_lm01.png>]
<figures/09_Regression_onR/plot_lm03.png, id=2099, 602.25pt x 451.6875pt>
File: figures/09_Regression_onR/plot_lm03.png Graphic file (type png)
<use figures/09_Regression_onR/plot_lm03.png>
Package luatex.def Info: figures/09_Regression_onR/plot_lm03.png  used on input
 line 160.
(luatex.def)             Requested size: 334.60422pt x 250.96521pt.
<figures/09_Regression_onR/plot_lm04.png, id=2100, 602.25pt x 451.6875pt>
File: figures/09_Regression_onR/plot_lm04.png Graphic file (type png)
<use figures/09_Regression_onR/plot_lm04.png>
Package luatex.def Info: figures/09_Regression_onR/plot_lm04.png  used on input
 line 167.
(luatex.def)             Requested size: 334.60422pt x 250.96521pt.
 [126<./figures/09_Regression_onR/plot_lm02.png><./figures/09_Regression_onR/plo
t_lm03.png>]
Removing  `ltj.process_input_buffer' from `process_input_buffer'.
Inserting `ltj.listings_unicode' in `process_input_buffer'.
Inserting `ltj.process_input_buffer' in `process_input_buffer'.
Removing  `ltj.listings_unicode' from `process_input_buffer'. [127<./figures/09_
Regression_onR/plot_lm04.png>]
<figures/09_Regression_onR/PlotMultipleReg.png, id=2121, 602.25pt x 602.25pt>
File: figures/09_Regression_onR/PlotMultipleReg.png Graphic file (type png)
<use figures/09_Regression_onR/PlotMultipleReg.png>
Package luatex.def Info: figures/09_Regression_onR/PlotMultipleReg.png  used on
 input line 230.
(luatex.def)             Requested size: 334.60422pt x 334.62029pt.
 [128] [129<./figures/09_Regression_onR/PlotMultipleReg.png>]
Removing  `ltj.process_input_buffer' from `process_input_buffer'.
Inserting `ltj.listings_unicode' in `process_input_buffer'.
Inserting `ltj.process_input_buffer' in `process_input_buffer'.
Removing  `ltj.listings_unicode' from `process_input_buffer'.
<figures/09_Regression_onR/scatter_batter2.png, id=2141, 602.25pt x 451.6875pt>

File: figures/09_Regression_onR/scatter_batter2.png Graphic file (type png)
<use figures/09_Regression_onR/scatter_batter2.png>
Package luatex.def Info: figures/09_Regression_onR/scatter_batter2.png  used on
 input line 274.
(luatex.def)             Requested size: 334.60422pt x 250.96521pt.
Removing  `ltj.process_input_buffer' from `process_input_buffer'.
Inserting `ltj.listings_unicode' in `process_input_buffer'.
Inserting `ltj.process_input_buffer' in `process_input_buffer'. [130<./figures/0
9_Regression_onR/scatter_batter2.png>]
Removing  `ltj.listings_unicode' from `process_input_buffer'.
Removing  `ltj.process_input_buffer' from `process_input_buffer'.
Inserting `ltj.listings_unicode' in `process_input_buffer'.
Inserting `ltj.process_input_buffer' in `process_input_buffer'.
Removing  `ltj.listings_unicode' from `process_input_buffer'. [131]
[132]) [133]
\openout2 = ch10_probability.aux
 (./ch10_probability.tex [134




]
第10章
[135] [136]
<figures/10_Probability/dice_prob.png, id=2208, 1120.185pt x 380.42125pt>
File: figures/10_Probability/dice_prob.png Graphic file (type png)
<use figures/10_Probability/dice_prob.png>
Package luatex.def Info: figures/10_Probability/dice_prob.png  used on input li
ne 59.
(luatex.def)             Requested size: 334.60422pt x 113.63383pt.
<figures/10_Probability/hist_dist.png, id=2210, 7227.0pt x 4818.0pt>
File: figures/10_Probability/hist_dist.png Graphic file (type png)
<use figures/10_Probability/hist_dist.png>
Package luatex.def Info: figures/10_Probability/hist_dist.png  used on input li
ne 71.
(luatex.def)             Requested size: 271.86234pt x 181.21858pt.
<figures/10_Probability/hist_dist2.png, id=2212, 7227.0pt x 4818.0pt>
File: figures/10_Probability/hist_dist2.png Graphic file (type png)
<use figures/10_Probability/hist_dist2.png>
Package luatex.def Info: figures/10_Probability/hist_dist2.png  used on input l
ine 78.
(luatex.def)             Requested size: 271.86234pt x 181.21858pt.
 [137<./figures/10_Probability/dice_prob.png>] [138<./figures/10_Probability/his
t_dist.png><./figures/10_Probability/hist_dist2.png>] [139]
[140]
LaTeX Font Info:    Font shape `JT3/BIZUDPMinchoMedium(0)/m/it' will be
(Font)              scaled to size 9.24713pt on input line 177.
LaTeX Font Info:    Font shape `JY3/BIZUDPMinchoMedium(0)/m/it' will be
(Font)              scaled to size 9.24713pt on input line 177.
 [141]
<figures/10_Probability/binomial.png, id=2266, 7227.0pt x 4818.0pt>
File: figures/10_Probability/binomial.png Graphic file (type png)
<use figures/10_Probability/binomial.png>
Package luatex.def Info: figures/10_Probability/binomial.png  used on input lin
e 200.
(luatex.def)             Requested size: 271.86234pt x 181.21858pt.
 [142<./figures/10_Probability/binomial.png>]
<figures/10_Probability/random1.png, id=2282, 628.3475pt x 522.95375pt>
File: figures/10_Probability/random1.png Graphic file (type png)
<use figures/10_Probability/random1.png>
Package luatex.def Info: figures/10_Probability/random1.png  used on input line
 222.
(luatex.def)             Requested size: 271.86234pt x 226.26216pt.
 [143<./figures/10_Probability/random1.png>]
<figures/10_Probability/random2.png, id=2291, 610.28pt x 430.60875pt>
File: figures/10_Probability/random2.png Graphic file (type png)
<use figures/10_Probability/random2.png>
Package luatex.def Info: figures/10_Probability/random2.png  used on input line
 232.
(luatex.def)             Requested size: 271.86234pt x 191.82726pt.
<figures/10_Probability/GaltonBoard.png, id=2293, 374.39874pt x 592.2125pt>
File: figures/10_Probability/GaltonBoard.png Graphic file (type png)
<use figures/10_Probability/GaltonBoard.png>
Package luatex.def Info: figures/10_Probability/GaltonBoard.png  used on input 
line 250.
(luatex.def)             Requested size: 132.20694pt x 209.12683pt.
 [144<./figures/10_Probability/random2.png>]
<figures/10_Probability/random3.png, id=2306, 675.52374pt x 749.80125pt>
File: figures/10_Probability/random3.png Graphic file (type png)
<use figures/10_Probability/random3.png>
Package luatex.def Info: figures/10_Probability/random3.png  used on input line
 270.
(luatex.def)             Requested size: 271.86234pt x 301.75719pt.
 [145<./figures/10_Probability/GaltonBoard.png>]
<figures/10_Probability/pilot.png, id=2319, 1135.24126pt x 704.6325pt>
File: figures/10_Probability/pilot.png Graphic file (type png)
<use figures/10_Probability/pilot.png>
Package luatex.def Info: figures/10_Probability/pilot.png  used on input line 2
83.
(luatex.def)             Requested size: 355.51817pt x 220.6702pt.
 [146<./figures/10_Probability/random3.png>]
<figures/10_Probability/normal1.png, id=2329, 1097.5404pt x 520.1031pt>
File: figures/10_Probability/normal1.png Graphic file (type png)
<use figures/10_Probability/normal1.png>
Package luatex.def Info: figures/10_Probability/normal1.png  used on input line
 304.
(luatex.def)             Requested size: 271.86234pt x 128.82709pt.

[147<./figures/10_Probability/pilot.png>]
<figures/10_Probability/prob_func.png, id=2346, 1155.31625pt x 648.4225pt>
File: figures/10_Probability/prob_func.png Graphic file (type png)
<use figures/10_Probability/prob_func.png>
Package luatex.def Info: figures/10_Probability/prob_func.png  used on input li
ne 348.
(luatex.def)             Requested size: 271.86234pt x 152.57718pt.
 [148<./figures/10_Probability/normal1.png>]
Removing  `ltj.process_input_buffer' from `process_input_buffer'.
Inserting `ltj.listings_unicode' in `process_input_buffer'.
Inserting `ltj.process_input_buffer' in `process_input_buffer'.
Removing  `ltj.listings_unicode' from `process_input_buffer'. [149<./figures/10_
Probability/prob_func.png>] [150] [151] [152]
<figures/10_Probability/normal_form.png, id=2433, 701.62125pt x 524.96124pt>
File: figures/10_Probability/normal_form.png Graphic file (type png)
<use figures/10_Probability/normal_form.png>
Package luatex.def Info: figures/10_Probability/normal_form.png  used on input 
line 491.
(luatex.def)             Requested size: 418.25368pt x 312.95258pt.
 [153]
[154
warning  (pdf backend): ignoring duplicate destination with the name 'Hfootnote.
153'

warning  (pdf backend): ignoring duplicate destination with the name 'Hfootnote.
153'

warning  (pdf backend): ignoring duplicate destination with the name 'Hfootnote.
153'
<./figures/10_Probability/normal_form.png>]
<figures/10_Probability/normal_area.png, id=2455, 4818.0pt x 3613.5pt>
File: figures/10_Probability/normal_area.png Graphic file (type png)
<use figures/10_Probability/normal_area.png>
Package luatex.def Info: figures/10_Probability/normal_area.png  used on input 
line 513.
(luatex.def)             Requested size: 271.86234pt x 203.84334pt.
 [155<./figures/10_Probability/normal_area.png>]) [156]
\openout2 = ch11_inference.aux
 (./ch11_inference.tex
第11章
<figures/11_inference/population_sample.png, id=2468, 1027.84pt x 770.88pt>
File: figures/11_inference/population_sample.png Graphic file (type png)
<use figures/11_inference/population_sample.png>
Package luatex.def Info: figures/11_inference/population_sample.png  used on in
put line 38.
(luatex.def)             Requested size: 334.59297pt x 250.95476pt.
[157




] [158<./figures/11_inference/population_sample.png>]
<figures/11_inference/samples.png, id=2486, 1027.84pt x 770.88pt>
File: figures/11_inference/samples.png Graphic file (type png)
<use figures/11_inference/samples.png>
Package luatex.def Info: figures/11_inference/samples.png  used on input line 6
2.
(luatex.def)             Requested size: 334.59297pt x 250.95476pt.
<dice.pdf, id=2488, 258.9675pt x 86.3225pt>
File: dice.pdf Graphic file (type pdf)
<use dice.pdf>
Package luatex.def Info: dice.pdf  used on input line 68.
(luatex.def)             Requested size: 6.29977pt x 6.3pt.
File: dice.pdf Graphic file (type pdf)
<use dice.pdf>
Package luatex.def Info: dice.pdf  used on input line 68.
(luatex.def)             Requested size: 6.29977pt x 6.3pt.
 [159<./figures/11_inference/samples.png>] [160</usr/local/texlive/2026/texmf-di
st/tex/latex/epsdice/dice.pdf>]
<figures/11_inference/sample.png, id=2516, 4818.0pt x 2409.0pt>
File: figures/11_inference/sample.png Graphic file (type png)
<use figures/11_inference/sample.png>
Package luatex.def Info: figures/11_inference/sample.png  used on input line 12
8.
(luatex.def)             Requested size: 334.57434pt x 167.2989pt.
 [161] [162<./figures/11_inference/sample.png>] [163]
<figures/11_inference/estimation.png, id=2550, 1141.26375pt x 927.465pt>
File: figures/11_inference/estimation.png Graphic file (type png)
<use figures/11_inference/estimation.png>
Package luatex.def Info: figures/11_inference/estimation.png  used on input lin
e 221.
(luatex.def)             Requested size: 308.80707pt x 250.95476pt.
<figures/11_inference/simulation.png, id=2552, 4818.0pt x 2409.0pt>
File: figures/11_inference/simulation.png Graphic file (type png)
<use figures/11_inference/simulation.png>
Package luatex.def Info: figures/11_inference/simulation.png  used on input lin
e 230.
(luatex.def)             Requested size: 334.57434pt x 167.2989pt.
 [164<./figures/11_inference/estimation.png>]) [165<./figures/11_inference/simul
ation.png>]
\openout2 = ch12_test.aux

(./ch12_test.tex [166




]
第12章
<figures/12_test/biased.png, id=2573, 4818.0pt x 2409.0pt>
File: figures/12_test/biased.png Graphic file (type png)
<use figures/12_test/biased.png>
Package luatex.def Info: figures/12_test/biased.png  used on input line 22.
(luatex.def)             Requested size: 334.57434pt x 167.2989pt.
[167]
<figures/12_test/unbiased.png, id=2584, 4818.0pt x 2409.0pt>
File: figures/12_test/unbiased.png Graphic file (type png)
<use figures/12_test/unbiased.png>
Package luatex.def Info: figures/12_test/unbiased.png  used on input line 53.
(luatex.def)             Requested size: 334.57434pt x 167.2989pt.


Class ltjsbook Warning: deprecated old font command `\tt' used.
(ltjsbook)              You should note, that since 1994 LaTeX2e provides a
(ltjsbook)              new font selection scheme called NFSS2 with several
(ltjsbook)              new, combinable font commands. This ltjsbook
(ltjsbook)              class has defined the old font commands like
(ltjsbook)              `\tt' only for compatibility on input line 59.

[168<./figures/12_test/biased.png>]
<figures/12_test/sampling.png, id=2598, 1104.125pt x 836.12375pt>
File: figures/12_test/sampling.png Graphic file (type png)
<use figures/12_test/sampling.png>
Package luatex.def Info: figures/12_test/sampling.png  used on input line 78.
(luatex.def)             Requested size: 331.39168pt x 250.95476pt.
 [169<./figures/12_test/unbiased.png>]
<figures/12_test/ci.png, id=2610, 1264.725pt x 445.665pt>
File: figures/12_test/ci.png Graphic file (type png)
<use figures/12_test/ci.png>
Package luatex.def Info: figures/12_test/ci.png  used on input line 92.
(luatex.def)             Requested size: 334.60422pt x 117.90344pt.

[170<./figures/12_test/sampling.png><./figures/12_test/ci.png>] [171]
Overfull \hbox (6.53514pt too wide) detected at line 131
[] [] \OT1/cmr/m/n/10 = 36\OML/cmm/m/it/10 :\OT1/cmr/m/n/10 5394
 []

<figures/12_test/t_dist.png, id=2635, 4818.0pt x 2409.0pt>
File: figures/12_test/t_dist.png Graphic file (type png)
<use figures/12_test/t_dist.png>
Package luatex.def Info: figures/12_test/t_dist.png  used on input line 141.
(luatex.def)             Requested size: 334.60422pt x 167.28717pt.
[172] [173<./figures/12_test/t_dist.png>]
<figures/12_test/design.png, id=2658, 1192.455pt x 436.63126pt>
File: figures/12_test/design.png Graphic file (type png)
<use figures/12_test/design.png>
Package luatex.def Info: figures/12_test/design.png  used on input line 171.
(luatex.def)             Requested size: 334.60422pt x 122.51575pt.
<figures/12_test/design_test.png, id=2660, 1278.7775pt x 941.5175pt>
File: figures/12_test/design_test.png Graphic file (type png)
<use figures/12_test/design_test.png>
Package luatex.def Info: figures/12_test/design_test.png  used on input line 18
3.
(luatex.def)             Requested size: 340.84518pt x 250.95476pt.
 [174<./figures/12_test/design.png>])
[175<./figures/12_test/design_test.png>]
\openout2 = ch13_NHST.aux
 (./ch13_NHST.tex [176




]
第13章
[177] [178] [179] [180]
<figures/13_NHST/corr_sample20.png, id=2731, 3011.25pt x 3011.25pt>
File: figures/13_NHST/corr_sample20.png Graphic file (type png)
<use figures/13_NHST/corr_sample20.png>
Package luatex.def Info: figures/13_NHST/corr_sample20.png  used on input line 
103.
(luatex.def)             Requested size: 334.60422pt x 334.59273pt.
 [181] [182<./figures/13_NHST/corr_sample20.png>]
<figures/13_NHST/t_18_95.png, id=2755, 1026.83624pt x 416.55624pt>
File: figures/13_NHST/t_18_95.png Graphic file (type png)
<use figures/13_NHST/t_18_95.png>
Package luatex.def Info: figures/13_NHST/t_18_95.png  used on input line 135.
(luatex.def)             Requested size: 334.60422pt x 135.74147pt.


Package hyperref Warning: Token not allowed in a PDF string (Unicode):
(hyperref)                removing `math shift' on input line 142.


Package hyperref Warning: Token not allowed in a PDF string (Unicode):
(hyperref)                removing `\chi' on input line 142.


Package hyperref Warning: Token not allowed in a PDF string (Unicode):
(hyperref)                removing `superscript' on input line 142.


Package hyperref Warning: Token not allowed in a PDF string (Unicode):
(hyperref)                removing `math shift' on input line 142.

[183<./figures/13_NHST/t_18_95.png>]
Removing  `ltj.process_input_buffer' from `process_input_buffer'.
Inserting `ltj.listings_unicode' in `process_input_buffer'.
Inserting `ltj.process_input_buffer' in `process_input_buffer'.
Removing  `ltj.listings_unicode' from `process_input_buffer'. [184] [185]
<figures/13_NHST/normal_95.png, id=2797, 1019.81pt x 473.77pt>
File: figures/13_NHST/normal_95.png Graphic file (type png)
<use figures/13_NHST/normal_95.png>
Package luatex.def Info: figures/13_NHST/normal_95.png  used on input line 259.

(luatex.def)             Requested size: 334.60422pt x 155.44817pt.
 [186<./figures/13_NHST/normal_95.png>]
<figures/13_NHST/t8_3.png, id=2813, 1028.84375pt x 392.46625pt>
File: figures/13_NHST/t8_3.png Graphic file (type png)
<use figures/13_NHST/t8_3.png>
Package luatex.def Info: figures/13_NHST/t8_3.png  used on input line 280.
(luatex.def)             Requested size: 334.60422pt x 127.63983pt.
 [187<./figures/13_NHST/t8_3.png>]) [188]
\openout2 = ch14_NHST2.aux
 (./ch14_NHST2.tex
第14章

Package hyperref Warning: Token not allowed in a PDF string (Unicode):
(hyperref)                removing `math shift' on input line 13.


Package hyperref Warning: Token not allowed in a PDF string (Unicode):
(hyperref)                removing `math shift' on input line 13.

[189




] [190]
<figures/14_NHST2/p_value_curve.png, id=2856, 4818.0pt x 2409.0pt>
File: figures/14_NHST2/p_value_curve.png Graphic file (type png)
<use figures/14_NHST2/p_value_curve.png>
Package luatex.def Info: figures/14_NHST2/p_value_curve.png  used on input line
 58.
(luatex.def)             Requested size: 334.60422pt x 167.28717pt.
 [191]
<figures/14_NHST2/type12.png, id=2865, 1443.3925pt x 818.05624pt>
File: figures/14_NHST2/type12.png Graphic file (type png)
<use figures/14_NHST2/type12.png>
Package luatex.def Info: figures/14_NHST2/type12.png  used on input line 98.
(luatex.def)             Requested size: 334.60422pt x 189.6344pt.
 [192<./figures/14_NHST2/p_value_curve.png>] [193<./figures/14_NHST2/type12.png>
] [194]
<figures/14_NHST2/conditions4.png, id=2891, 512.91624pt x 314.17375pt>
File: figures/14_NHST2/conditions4.png Graphic file (type png)
<use figures/14_NHST2/conditions4.png>
Package luatex.def Info: figures/14_NHST2/conditions4.png  used on input line 1
59.
(luatex.def)             Requested size: 334.60422pt x 204.95357pt.
 [195]) [196<./figures/14_NHST2/conditions4.png>]
\openout2 = ch15_FirstSemester.aux

(./ch15_FirstSemester.tex
第15章
[197




]) [198] [199



] [200]
\openout2 = ch16_ttest.aux
 (./ch16_ttest.tex
第16章
<figures/16_ttest/paired_design.png, id=2923, 824.07875pt x 462.72874pt>
File: figures/16_ttest/paired_design.png Graphic file (type png)
<use figures/16_ttest/paired_design.png>
Package luatex.def Info: figures/16_ttest/paired_design.png  used on input line
 23.
(luatex.def)             Requested size: 334.60422pt x 187.88423pt.
[201


] [202<./figures/16_ttest/paired_design.png>] [203]
<figures/16_ttest/direction_of_test.png, id=2958, 578.16pt x 433.62pt>
File: figures/16_ttest/direction_of_test.png Graphic file (type png)
<use figures/16_ttest/direction_of_test.png>
Package luatex.def Info: figures/16_ttest/direction_of_test.png  used on input 
line 109.
(luatex.def)             Requested size: 334.60422pt x 250.9506pt.
 [204]
<figures/16_ttest/independent_t.png, id=2967, 1278.7775pt x 941.5175pt>
File: figures/16_ttest/independent_t.png Graphic file (type png)
<use figures/16_ttest/independent_t.png>
Package luatex.def Info: figures/16_ttest/independent_t.png  used on input line
 130.
(luatex.def)             Requested size: 334.60422pt x 246.3547pt.
 [205<./figures/16_ttest/direction_of_test.png>] [206<./figures/16_ttest/indepen
dent_t.png>]
[207]
Removing  `ltj.process_input_buffer' from `process_input_buffer'.
Inserting `ltj.listings_unicode' in `process_input_buffer'.
Inserting `ltj.process_input_buffer' in `process_input_buffer'.
Removing  `ltj.listings_unicode' from `process_input_buffer'. [208]
Removing  `ltj.process_input_buffer' from `process_input_buffer'.
Inserting `ltj.listings_unicode' in `process_input_buffer'.
Inserting `ltj.process_input_buffer' in `process_input_buffer'.
Removing  `ltj.listings_unicode' from `process_input_buffer'. [209] [210]
Removing  `ltj.process_input_buffer' from `process_input_buffer'.
Inserting `ltj.listings_unicode' in `process_input_buffer'.
Inserting `ltj.process_input_buffer' in `process_input_buffer'.
Removing  `ltj.listings_unicode' from `process_input_buffer'.
Removing  `ltj.process_input_buffer' from `process_input_buffer'.
Inserting `ltj.listings_unicode' in `process_input_buffer'.
Inserting `ltj.process_input_buffer' in `process_input_buffer'.
Removing  `ltj.listings_unicode' from `process_input_buffer'. [211]
Removing  `ltj.process_input_buffer' from `process_input_buffer'.
Inserting `ltj.listings_unicode' in `process_input_buffer'.
Inserting `ltj.process_input_buffer' in `process_input_buffer'.
Removing  `ltj.listings_unicode' from `process_input_buffer'. [212]
Removing  `ltj.process_input_buffer' from `process_input_buffer'.
Inserting `ltj.listings_unicode' in `process_input_buffer'.
Inserting `ltj.process_input_buffer' in `process_input_buffer'.
Removing  `ltj.listings_unicode' from `process_input_buffer'.
Removing  `ltj.process_input_buffer' from `process_input_buffer'.
Inserting `ltj.listings_unicode' in `process_input_buffer'.
Inserting `ltj.process_input_buffer' in `process_input_buffer'.
Removing  `ltj.listings_unicode' from `process_input_buffer'. [213]
Removing  `ltj.process_input_buffer' from `process_input_buffer'.
Inserting `ltj.listings_unicode' in `process_input_buffer'.
Inserting `ltj.process_input_buffer' in `process_input_buffer'.
Removing  `ltj.listings_unicode' from `process_input_buffer'.
Overfull \hbox (28.8448pt too wide) in paragraph at lines 421--421
[]\TU/lmtt/m/n/9 Trying to compute paired samples Cohen's d using formula input.
 Results may be incorrect[] 
 []


Overfull \hbox (33.56981pt too wide) in paragraph at lines 422--422
[] \TU/lmtt/m/n/9 if cases do not appear in the same order for both levels of th
e grouping factor. Use the[] 
 []

Removing  `ltj.process_input_buffer' from `process_input_buffer'.
Inserting `ltj.listings_unicode' in `process_input_buffer'.
Inserting `ltj.process_input_buffer' in `process_input_buffer'.
Removing  `ltj.listings_unicode' from `process_input_buffer'. [214]) [215]
\openout2 = ch17_RCT.aux
 (./c
h17_RCT.tex [216




]
第17章
[217] [218]
<figures/17_RCT/RCT.png, id=3149, 1167.36125pt x 413.545pt>
File: figures/17_RCT/RCT.png Graphic file (type png)
<use figures/17_RCT/RCT.png>
Package luatex.def Info: figures/17_RCT/RCT.png  used on input line 43.
(luatex.def)             Requested size: 334.60422pt x 118.53673pt.
 [219<./figures/17_RCT/RCT.png>]
<figures/17_RCT/example_between.png, id=3162, 996.72375pt x 369.38pt>
File: figures/17_RCT/example_between.png Graphic file (type png)
<use figures/17_RCT/example_between.png>
Package luatex.def Info: figures/17_RCT/example_between.png  used on input line
 72.
(luatex.def)             Requested size: 334.60422pt x 123.9981pt.
<figures/17_RCT/example_between2.png, id=3164, 994.71625pt x 353.32pt>
File: figures/17_RCT/example_between2.png Graphic file (type png)
<use figures/17_RCT/example_between2.png>
Package luatex.def Info: figures/17_RCT/example_between2.png  used on input lin
e 83.
(luatex.def)             Requested size: 334.60422pt x 118.84949pt.
<figures/17_RCT/mixed_design.png, id=3166, 1013.7875pt x 417.56pt>
File: figures/17_RCT/mixed_design.png Graphic file (type png)
<use figures/17_RCT/mixed_design.png>
Package luatex.def Info: figures/17_RCT/mixed_design.png  used on input line 93
.
(luatex.def)             Requested size: 334.60422pt x 137.81433pt.
 [220<./figures/17_RCT/example_between.png>] [221<./figures/17_RCT/example_betwe
en2.png><./figures/17_RCT/mixed_design.png>] [222] [223] [224]
<figures/17_RCT/effectSize.png, id=3208, 730.73pt x 356.33125pt>
File: figures/17_RCT/effectSize.png Graphic file (type png)
<use figures/17_RCT/effectSize.png>
Package luatex.def Info: figures/17_RCT/effectSize.png  used on input line 210.

(luatex.def)             Requested size: 334.60422pt x 163.16403pt.
<figures/17_RCT/effectSize2.png, id=3211, 1199.48125pt x 591.20876pt>
File: figures/17_RCT/effectSize2.png Graphic file (type png)
<use figures/17_RCT/effectSize2.png>
Package luatex.def Info: figures/17_RCT/effectSize2.png  used on input line 224
.
(luatex.def)             Requested size: 334.60422pt x 164.91486pt.
 [225<./figures/17_RCT/effectSize.png><./figures/17_RCT/effectSize2.png>]) [226
]
\openout2 = ch18_BetweenDesign.aux
 (./ch18_BetweenDesign.tex
第18章
<figures/18_BetweenDesign/BetweenDesign1.png, id=3234, 3613.5pt x 2409.0pt>
File: figures/18_BetweenDesign/BetweenDesign1.png Graphic file (type png)
<use figures/18_BetweenDesign/BetweenDesign1.png>
Package luatex.def Info: figures/18_BetweenDesign/BetweenDesign1.png  used on i
nput line 57.
(luatex.def)             Requested size: 334.60422pt x 223.04956pt.
[227




] [228<./figures/18_BetweenDesign/BetweenDesign1.png>] [229]
<figures/18_BetweenDesign/BetweenDesign2.png, id=3267, 578.16pt x 289.08pt>
File: figures/18_BetweenDesign/BetweenDesign2.png Graphic file (type png)
<use figures/18_BetweenDesign/BetweenDesign2.png>
Package luatex.def Info: figures/18_BetweenDesign/BetweenDesign2.png  used on i
nput line 117.
(luatex.def)             Requested size: 334.60422pt x 167.3004pt.
 [230<./figures/18_BetweenDesign/BetweenDesign2.png>]
Overfull \hbox (3.41785pt too wide) detected at line 187
[][]
 []

[231]
<figures/18_BetweenDesign/mainEffect.png, id=3292, 944.52875pt x 608.2725pt>
File: figures/18_BetweenDesign/mainEffect.png Graphic file (type png)
<use figures/18_BetweenDesign/mainEffect.png>
Package luatex.def Info: figures/18_BetweenDesign/mainEffect.png  used on input
 line 197.
(luatex.def)             Requested size: 292.77629pt x 188.54396pt.
<figures/18_BetweenDesign/interaction.png, id=3293, 966.61125pt x 613.29124pt>
File: figures/18_BetweenDesign/interaction.png Graphic file (type png)
<use figures/18_BetweenDesign/interaction.png>
Package luatex.def Info: figures/18_BetweenDesign/interaction.png  used on inpu
t line 204.
(luatex.def)             Requested size: 292.77629pt x 185.75746pt.
 [232<./figures/18_BetweenDesign/mainEffect.png>]
<figures/18_BetweenDesign/interaction_pattern1.png, id=3306, 578.16pt x 289.08p
t>
File: figures/18_BetweenDesign/interaction_pattern1.png Graphic file (type png)

<use figures/18_BetweenDesign/interaction_pattern1.png>
Package luatex.def Info: figures/18_BetweenDesign/interaction_pattern1.png  use
d on input line 242.
(luatex.def)             Requested size: 334.60422pt x 167.3004pt.
 [233<./figures/18_BetweenDesign/interaction.png>]
<figures/18_BetweenDesign/where_effects_is.png, id=3319, 578.16pt x 289.08pt>
File: figures/18_BetweenDesign/where_effects_is.png Graphic file (type png)
<use figures/18_BetweenDesign/where_effects_is.png>
Package luatex.def Info: figures/18_BetweenDesign/where_effects_is.png  used on
 input line 253.
(luatex.def)             Requested size: 334.60422pt x 167.3004pt.
 [234<./figures/18_BetweenDesign/interaction_pattern1.png><./figures/18_BetweenD
esign/where_effects_is.png>] [235]
Overfull \hbox (34.93161pt too wide) detected at line 395
[]
 []

[236]) [237]
\openout2 = anova_worksheet.aux
 (./anova_worksheet.tex [238



]
Overfull \hbox (96.23993pt too wide) in paragraph at lines 67--83
 [][][] 
 []

[239] [240] [241]) [242]
\openout2 = ch19_Ftest.aux
 (./ch19_Ftest.tex
第19章
[243




]
Overfull \hbox (24.89821pt too wide) in paragraph at lines 46--66
 [][][] 
 []

[244] [245] [246]
<figures/19_Ftest/two_levels.png, id=3449, 1333.98375pt x 845.1575pt>
File: figures/19_Ftest/two_levels.png Graphic file (type png)
<use figures/19_Ftest/two_levels.png>
Package luatex.def Info: figures/19_Ftest/two_levels.png  used on input line 16
0.
(luatex.def)             Requested size: 313.69025pt x 198.741pt.
 [247<./figures/19_Ftest/two_levels.png>]
<figures/19_Ftest/two_levels_norm.png, id=3459, 1314.9125pt x 745.78625pt>
File: figures/19_Ftest/two_levels_norm.png Graphic file (type png)
<use figures/19_Ftest/two_levels_norm.png>
Package luatex.def Info: figures/19_Ftest/two_levels_norm.png  used on input li
ne 175.
(luatex.def)             Requested size: 334.60422pt x 189.769pt.
 [248<./figures/19_Ftest/two_levels_norm.png>]
<figures/19_Ftest/three_levels.png, id=3473, 1151.30125pt x 839.135pt>
File: figures/19_Ftest/three_levels.png Graphic file (type png)
<use figures/19_Ftest/three_levels.png>
Package luatex.def Info: figures/19_Ftest/three_levels.png  used on input line 
220.
(luatex.def)             Requested size: 334.60422pt x 243.88069pt.


LaTeX Warning: `h' float specifier changed to `ht'.

<figures/19_Ftest/three_levels2.png, id=3478, 1133.23375pt x 788.9475pt>
File: figures/19_Ftest/three_levels2.png Graphic file (type png)
<use figures/19_Ftest/three_levels2.png>
Package luatex.def Info: figures/19_Ftest/three_levels2.png  used on input line
 229.
(luatex.def)             Requested size: 334.60422pt x 232.94214pt.

LaTeX Warning: `h' float specifier changed to `ht'.

[249] [250<./figures/19_Ftest/three_levels.png><./figures/19_Ftest/three_levels2
.png>] [251]
Removing  `ltj.process_input_buffer' from `process_input_buffer'.
Inserting `ltj.listings_unicode' in `process_input_buffer'.
Inserting `ltj.process_input_buffer' in `process_input_buffer'.
Removing  `ltj.listings_unicode' from `process_input_buffer'.
Removing  `ltj.process_input_buffer' from `process_input_buffer'.
Inserting `ltj.listings_unicode' in `process_input_buffer'.
Inserting `ltj.process_input_buffer' in `process_input_buffer'.
Removing  `ltj.listings_unicode' from `process_input_buffer'. [252]
Removing  `ltj.process_input_buffer' from `process_input_buffer'.
Inserting `ltj.listings_unicode' in `process_input_buffer'.
Inserting `ltj.process_input_buffer' in `process_input_buffer'.
Removing  `ltj.listings_unicode' from `process_input_buffer'.
Removing  `ltj.process_input_buffer' from `process_input_buffer'.
Inserting `ltj.listings_unicode' in `process_input_buffer'.
Inserting `ltj.process_input_buffer' in `process_input_buffer'.
Removing  `ltj.listings_unicode' from `process_input_buffer'. [253]
<figures/19_Ftest/linear_model.png, id=3553, 1312.905pt x 815.045pt>
File: figures/19_Ftest/linear_model.png Graphic file (type png)
<use figures/19_Ftest/linear_model.png>
Package luatex.def Info: figures/19_Ftest/linear_model.png  used on input line 
365.
(luatex.def)             Requested size: 334.60422pt x 207.71558pt.
 [254<./figures/19_Ftest/linear_model.png>]

LaTeX Warning: Reference `code:19_05' on page 255 undefined on input line 379.


LaTeX Warning: Reference `RS:out19_04' on page 255 undefined on input line 379.


Removing  `ltj.process_input_buffer' from `process_input_buffer'.
Inserting `ltj.listings_unicode' in `process_input_buffer'.
Inserting `ltj.process_input_buffer' in `process_input_buffer'.
Removing  `ltj.listings_unicode' from `process_input_buffer'.

LaTeX Warning: Reference `code:19_06' on page 255 undefined on input line 400.

Removing  `ltj.process_input_buffer' from `process_input_buffer'.
Inserting `ltj.listings_unicode' in `process_input_buffer'.
Inserting `ltj.process_input_buffer' in `process_input_buffer'.
Removing  `ltj.listings_unicode' from `process_input_buffer'.

LaTeX Warning: Reference `code:19_07' on page 255 undefined on input line 416.

[255]
Removing  `ltj.process_input_buffer' from `process_input_buffer'.
Inserting `ltj.listings_unicode' in `process_input_buffer'.
Inserting `ltj.process_input_buffer' in `process_input_buffer'.
Removing  `ltj.listings_unicode' from `process_input_buffer'.

LaTeX Warning: Reference `code:19_08' on page 256 undefined on input line 441.

Removing  `ltj.process_input_buffer' from `process_input_buffer'.
Inserting `ltj.listings_unicode' in `process_input_buffer'.
Inserting `ltj.process_input_buffer' in `process_input_buffer'.
Removing  `ltj.listings_unicode' from `process_input_buffer'.

LaTeX Warning: Reference `RS:out19_06b' on page 256 undefined on input line 448
.

[256]

LaTeX Warning: Reference `tbl:19_04' on page 257 undefined on input line 467.

) [257]
\openout2 = ch20_BetweenDesign_onR.aux
 (./ch20_BetweenDesign_onR.tex [258




]
第20章

LaTeX Warning: Reference `code:20_01' on page 259 undefined on input line 15.

Removing  `ltj.process_input_buffer' from `process_input_buffer'.
Inserting `ltj.listings_unicode' in `process_input_buffer'.
Inserting `ltj.process_input_buffer' in `process_input_buffer'.
Removing  `ltj.listings_unicode' from `process_input_buffer'.

LaTeX Warning: Reference `code:20_02' on page 259 undefined on input line 21.

[259]
Removing  `ltj.process_input_buffer' from `process_input_buffer'.
Inserting `ltj.listings_unicode' in `process_input_buffer'.
Inserting `ltj.process_input_buffer' in `process_input_buffer'.
Removing  `ltj.listings_unicode' from `process_input_buffer'.

LaTeX Warning: Reference `fig:20_01' on page 260 undefined on input line 28.

<figures/20_anovakun/anovaku_funcs.png, id=3625, 1234.6125pt x 551.05875pt>
File: figures/20_anovakun/anovaku_funcs.png Graphic file (type png)
<use figures/20_anovakun/anovaku_funcs.png>
Package luatex.def Info: figures/20_anovakun/anovaku_funcs.png  used on input l
ine 31.
(luatex.def)             Requested size: 334.60422pt x 149.3428pt.

LaTeX Warning: Reference `fig:20_02' on page 260 undefined on input line 45.

<figures/20_anovakun/dataSheet.png, id=3627, 969.6225pt x 569.12625pt>
File: figures/20_anovakun/dataSheet.png Graphic file (type png)
<use figures/20_anovakun/dataSheet.png>
Package luatex.def Info: figures/20_anovakun/dataSheet.png  used on input line 
47.
(luatex.def)             Requested size: 418.25368pt x 245.50108pt.
[260<./figures/20_anovakun/anovaku_funcs.png>] [261<./figures/20_anovakun/dataSh
eet.png>]

LaTeX Warning: Reference `fig:20_03' on page 262 undefined on input line 67.

<figures/20_anovakun/dataSheet2.png, id=3654, 502.87875pt x 478.78876pt>
File: figures/20_anovakun/dataSheet2.png Graphic file (type png)
<use figures/20_anovakun/dataSheet2.png>
Package luatex.def Info: figures/20_anovakun/dataSheet2.png  used on input line
 69.
(luatex.def)             Requested size: 334.60422pt x 318.57317pt.
[262<./figures/20_anovakun/dataSheet2.png>]

LaTeX Warning: Reference `fig:20_03' on page 263 undefined on input line 98.


LaTeX Warning: Reference `tbl:20_01' on page 263 undefined on input line 100.


LaTeX Warning: Reference `tbl:20_02' on page 263 undefined on input line 113.


LaTeX Warning: Reference `tbl:20_01' on page 263 undefined on input line 113.

[263]

LaTeX Warning: Reference `tbl:20_02' on page 264 undefined on input line 135.

Removing  `ltj.process_input_buffer' from `process_input_buffer'.
Inserting `ltj.listings_unicode' in `process_input_buffer'.
Inserting `ltj.process_input_buffer' in `process_input_buffer'. [264]
Removing  `ltj.listings_unicode' from `process_input_buffer'.

LaTeX Warning: Reference `code:20_04' on page 265 undefined on input line 196.

Removing  `ltj.process_input_buffer' from `process_input_buffer'.
Inserting `ltj.listings_unicode' in `process_input_buffer'.
Inserting `ltj.process_input_buffer' in `process_input_buffer'.
Removing  `ltj.listings_unicode' from `process_input_buffer'. [265]
Missing character: There is no ℹ (U+2139) in font file:HaranoAjiGothic-Medium.
otf:-kern;jfm=ujis!
Missing character: There is no ℹ (U+2139) in font file:HaranoAjiGothic-Medium.
otf:-kern;jfm=ujis!
Missing character: There is no ℹ (U+2139) in font file:HaranoAjiGothic-Medium.
otf:-kern;jfm=ujis!
Missing character: There is no ℹ (U+2139) in font file:HaranoAjiGothic-Medium.
otf:-kern;jfm=ujis!

LaTeX Warning: Reference `tbl:20_03' on page 266 undefined on input line 236.


LaTeX Warning: Reference `code:20_05' on page 266 undefined on input line 264.

Removing  `ltj.process_input_buffer' from `process_input_buffer'.
Inserting `ltj.listings_unicode' in `process_input_buffer'.
Inserting `ltj.process_input_buffer' in `process_input_buffer'.
Removing  `ltj.listings_unicode' from `process_input_buffer'.

LaTeX Warning: Reference `code:20_06' on page 266 undefined on input line 276.

Removing  `ltj.process_input_buffer' from `process_input_buffer'.
Inserting `ltj.listings_unicode' in `process_input_buffer'.
Inserting `ltj.process_input_buffer' in `process_input_buffer'.
Removing  `ltj.listings_unicode' from `process_input_buffer'. [266
Missing character: There is no ℹ (U+2139) in font file:HaranoAjiGothic-Medium.
otf:-kern;jfm=ujis!
Missing character: There is no ℹ (U+2139) in font file:HaranoAjiGothic-Medium.
otf:-kern;jfm=ujis!
]

LaTeX Warning: Reference `RS:out20_03' on page 267 undefined on input line 287.


[267] [268]

LaTeX Warning: Reference `fig:20_04' on page 269 undefined on input line 351.

<figures/20_anovakun/anova_figures.png, id=3737, 578.16pt x 433.62pt>
File: figures/20_anovakun/anova_figures.png Graphic file (type png)
<use figures/20_anovakun/anova_figures.png>
Package luatex.def Info: figures/20_anovakun/anova_figures.png  used on input l
ine 354.
(luatex.def)             Requested size: 334.60422pt x 250.9506pt.

LaTeX Warning: Reference `code:20_07' on page 269 undefined on input line 359.

Removing  `ltj.process_input_buffer' from `process_input_buffer'.
Inserting `ltj.listings_unicode' in `process_input_buffer'.
Inserting `ltj.process_input_buffer' in `process_input_buffer'. [269]
Removing  `ltj.listings_unicode' from `process_input_buffer'. [270<./figures/20_
anovakun/anova_figures.png>] [271]

LaTeX Warning: Reference `code:20_08' on page 272 undefined on input line 401.

Removing  `ltj.process_input_buffer' from `process_input_buffer'.
Inserting `ltj.listings_unicode' in `process_input_buffer'.
Inserting `ltj.process_input_buffer' in `process_input_buffer'.
Removing  `ltj.listings_unicode' from `process_input_buffer'.

LaTeX Warning: Reference `RS:out20_04' on page 272 undefined on input line 406.



LaTeX Warning: Reference `code:20_09' on page 272 undefined on input line 440.

[272]
Removing  `ltj.process_input_buffer' from `process_input_buffer'.
Inserting `ltj.listings_unicode' in `process_input_buffer'.
Inserting `ltj.process_input_buffer' in `process_input_buffer'.
Removing  `ltj.listings_unicode' from `process_input_buffer'.

LaTeX Warning: Reference `RS:out20_05' on page 273 undefined on input line 445.


[273]

LaTeX Warning: Reference `code:20_07' on page 274 undefined on input line 514.

[274]) [275]
\openout2 = ch21_WithinDesign.aux
 (./ch21_WithinDesign.tex [276




]
第21章

LaTeX Warning: Reference `tbl::21_01' on page 277 undefined on input line 16.


LaTeX Warning: Reference `fig:21_01' on page 277 undefined on input line 36.


LaTeX Warning: Reference `fig:21_02' on page 277 undefined on input line 36.


LaTeX Warning: Reference `tbl::21_02' on page 277 undefined on input line 36.

<figures/21_Within/Within_pattern.png, id=3828, 578.16pt x 433.62pt>
File: figures/21_Within/Within_pattern.png Graphic file (type png)
<use figures/21_Within/Within_pattern.png>
Package luatex.def Info: figures/21_Within/Within_pattern.png  used on input li
ne 42.
(luatex.def)             Requested size: 200.75996pt x 150.56506pt.
<figures/21_Within/Within_mean.png, id=3829, 578.16pt x 433.62pt>
File: figures/21_Within/Within_mean.png Graphic file (type png)
<use figures/21_Within/Within_mean.png>
Package luatex.def Info: figures/21_Within/Within_mean.png  used on input line 
49.
(luatex.def)             Requested size: 200.75996pt x 150.56506pt.

LaTeX Warning: `h' float specifier changed to `ht'.


LaTeX Warning: `h' float specifier changed to `ht'.


LaTeX Warning: Reference `fig:21_02' on page 277 undefined on input line 75.


LaTeX Warning: Reference `tbl::21_01' on page 277 undefined on input line 77.


LaTeX Warning: Reference `fig:21_03' on page 277 undefined on input line 77.

[277] [278<./figures/21_Within/Within_pattern.png><./figures/21_Within/Within_me
an.png>]

LaTeX Warning: Reference `fig:21_04' on page 279 undefined on input line 95.

<figures/21_Within/Within_individual.png, id=3844, 578.16pt x 433.62pt>
File: figures/21_Within/Within_individual.png Graphic file (type png)
<use figures/21_Within/Within_individual.png>
Package luatex.def Info: figures/21_Within/Within_individual.png  used on input
 line 101.
(luatex.def)             Requested size: 200.75996pt x 150.56506pt.
<figures/21_Within/Within_model_id1.png, id=3845, 578.16pt x 433.62pt>
File: figures/21_Within/Within_model_id1.png Graphic file (type png)
<use figures/21_Within/Within_model_id1.png>
Package luatex.def Info: figures/21_Within/Within_model_id1.png  used on input 
line 108.
(luatex.def)             Requested size: 200.75996pt x 150.56506pt.

LaTeX Warning: Reference `tbl::21_03' on page 279 undefined on input line 115.

[279<./figures/21_Within/Within_individual.png><./figures/21_Within/Within_model
_id1.png>]

LaTeX Warning: Reference `tbl::21_04' on page 280 undefined on input line 167.


LaTeX Warning: Reference `tbl::21_03' on page 280 undefined on input line 190.


LaTeX Warning: Reference `fig:21_05' on page 280 undefined on input line 190.

[280]
<figures/21_Within/Within_divide.png, id=3865, 925.4575pt x 343.2825pt>
File: figures/21_Within/Within_divide.png Graphic file (type png)
<use figures/21_Within/Within_divide.png>
Package luatex.def Info: figures/21_Within/Within_divide.png  used on input lin
e 198.
(luatex.def)             Requested size: 334.60422pt x 124.11588pt.
 [281<./figures/21_Within/Within_divide.png>]
<figures/21_Within/between_eq.png, id=3875, 469.755pt x 263.98625pt>
File: figures/21_Within/between_eq.png Graphic file (type png)
<use figures/21_Within/between_eq.png>
Package luatex.def Info: figures/21_Within/between_eq.png  used on input line 2
21.
(luatex.def)             Requested size: 188.21288pt x 105.76985pt.
<figures/21_Within/within_eq.png, id=3877, 560.0925pt x 264.99pt>
File: figures/21_Within/within_eq.png Graphic file (type png)
<use figures/21_Within/within_eq.png>
Package luatex.def Info: figures/21_Within/within_eq.png  used on input line 24
3.
(luatex.def)             Requested size: 188.21288pt x 89.04816pt.


LaTeX Warning: Reference `fig:21_06' on page 282 undefined on input line 246.

<figures/21_Within/mixed_model.png, id=3878, 1149.29375pt x 690.58pt>
File: figures/21_Within/mixed_model.png Graphic file (type png)
<use figures/21_Within/mixed_model.png>
Package luatex.def Info: figures/21_Within/mixed_model.png  used on input line 
249.
(luatex.def)             Requested size: 355.51817pt x 213.61394pt.
[282<./figures/21_Within/between_eq.png><./figures/21_Within/within_eq.png>]
[283<./figures/21_Within/mixed_model.png>]

LaTeX Warning: Reference `m14_example' on page 284 undefined on input line 263.


) [284]
\openout2 = ch22_WithinDesign_onR.aux
 (./ch22_WithinDesign_onR.tex
第22章

LaTeX Warning: Reference `ch20_BetweenDesign_onR' on page 285 undefined on inpu
t line 12.


LaTeX Warning: Reference `code:22_01' on page 285 undefined on input line 18.

Removing  `ltj.process_input_buffer' from `process_input_buffer'.
Inserting `ltj.listings_unicode' in `process_input_buffer'.
Inserting `ltj.process_input_buffer' in `process_input_buffer'.
Removing  `ltj.listings_unicode' from `process_input_buffer'.

LaTeX Warning: Reference `tbl::22_01' on page 285 undefined on input line 30.


LaTeX Warning: Reference `tbl::22_01' on page 285 undefined on input line 30.


LaTeX Warning: Reference `code:22_02' on page 285 undefined on input line 47.

Removing  `ltj.process_input_buffer' from `process_input_buffer'.
Inserting `ltj.listings_unicode' in `process_input_buffer'.
Inserting `ltj.process_input_buffer' in `process_input_buffer'. [285




]
Removing  `ltj.listings_unicode' from `process_input_buffer'.

LaTeX Warning: Reference `code:22_03' on page 286 undefined on input line 57.

Removing  `ltj.process_input_buffer' from `process_input_buffer'.
Inserting `ltj.listings_unicode' in `process_input_buffer'.
Inserting `ltj.process_input_buffer' in `process_input_buffer'.
Removing  `ltj.listings_unicode' from `process_input_buffer'.

LaTeX Warning: Reference `RS:out22_01' on page 286 undefined on input line 64.

[286] [287]
<figures/22_Within_R/bivariate_normal_marginal.png, id=3945, 722.7pt x 578.16pt
>
File: figures/22_Within_R/bivariate_normal_marginal.png Graphic file (type png)

<use figures/22_Within_R/bivariate_normal_marginal.png>
Package luatex.def Info: figures/22_Within_R/bivariate_normal_marginal.png  use
d on input line 143.
(luatex.def)             Requested size: 334.60422pt x 267.68593pt.


LaTeX Warning: Reference `fig:22_01' on page 288 undefined on input line 148.


LaTeX Warning: Reference `fig:22_01' on page 288 undefined on input line 150.

[288]

LaTeX Warning: Reference `RS:out22_01' on page 289 undefined on input line 157.



LaTeX Warning: Reference `RS:out22_02' on page 289 undefined on input line 161.


[289<./figures/22_Within_R/bivariate_normal_marginal.png>]

LaTeX Warning: Reference `RS:out22_03' on page 290 undefined on input line 182.


[290]

LaTeX Warning: Reference `tbl:22_02' on page 291 undefined on input line 229.


LaTeX Warning: Reference `fig:22_02' on page 291 undefined on input line 229.

<figures/22_Within_R/method_by_time_barplot.png, id=3969, 578.16pt x 433.62pt>
File: figures/22_Within_R/method_by_time_barplot.png Graphic file (type png)
<use figures/22_Within_R/method_by_time_barplot.png>
Package luatex.def Info: figures/22_Within_R/method_by_time_barplot.png  used o
n input line 257.
(luatex.def)             Requested size: 334.60422pt x 250.9506pt.

LaTeX Warning: Reference `code:22_03' on page 291 undefined on input line 262.

[291]
Removing  `ltj.process_input_buffer' from `process_input_buffer'.
Inserting `ltj.listings_unicode' in `process_input_buffer'.
Inserting `ltj.process_input_buffer' in `process_input_buffer'. [292<./figures/2
2_Within_R/method_by_time_barplot.png>]
Removing  `ltj.listings_unicode' from `process_input_buffer'.

LaTeX Warning: Reference `RS:out22_04' on page 293 undefined on input line 278.


[293] [294]

LaTeX Warning: Reference `fig:22_03' on page 295 undefined on input line 360.

<figures/22_Within_R/interaction_plot.png, id=4007, 578.16pt x 433.62pt>
File: figures/22_Within_R/interaction_plot.png Graphic file (type png)
<use figures/22_Within_R/interaction_plot.png>
Package luatex.def Info: figures/22_Within_R/interaction_plot.png  used on inpu
t line 364.
(luatex.def)             Requested size: 334.60422pt x 250.9506pt.

LaTeX Warning: Reference `fig:22_03' on page 295 undefined on input line 372.


LaTeX Warning: Reference `RS:out22_06' on page 295 undefined on input line 374.


[295<./figures/22_Within_R/interaction_plot.png>]

LaTeX Warning: Reference `tbl:22_03a' on page 296 undefined on input line 422.

[296]
Removing  `ltj.process_input_buffer' from `process_input_buffer'.
Inserting `ltj.listings_unicode' in `process_input_buffer'.
Inserting `ltj.process_input_buffer' in `process_input_buffer'.
Removing  `ltj.listings_unicode' from `process_input_buffer'.

LaTeX Warning: Reference `RS:out22_07' on page 297 undefined on input line 452.



LaTeX Warning: Reference `fig:22_03' on page 297 undefined on input line 471.

[297]

LaTeX Warning: Reference `tbl:22_04b' on page 298 undefined on input line 475.


LaTeX Warning: Reference `RS:out22_08' on page 298 undefined on input line 500.


Removing  `ltj.process_input_buffer' from `process_input_buffer'.
Inserting `ltj.listings_unicode' in `process_input_buffer'.
Inserting `ltj.process_input_buffer' in `process_input_buffer'.
Removing  `ltj.listings_unicode' from `process_input_buffer'. [298]

LaTeX Warning: Reference `fig:22_03' on page 299 undefined on input line 528.

[299]

LaTeX Warning: Reference `code:22_06' on page 300 undefined on input line 554.

Removing  `ltj.process_input_buffer' from `process_input_buffer'.
Inserting `ltj.listings_unicode' in `process_input_buffer'.
Inserting `ltj.process_input_buffer' in `process_input_buffer'.
Removing  `ltj.listings_unicode' from `process_input_buffer'.

LaTeX Warning: Reference `tbl:22_05' on page 300 undefined on input line 585.

[300]

LaTeX Warning: Reference `tbl:22_06' on page 301 undefined on input line 614.


LaTeX Warning: Reference `tbl:22_07' on page 301 undefined on input line 635.

[301]

LaTeX Warning: Reference `tbl:22_08' on page 302 undefined on input line 658.

[302]

LaTeX Warning: Reference `tbl:22_09' on page 303 undefined on input line 686.


LaTeX Warning: Reference `tbl:22_10' on page 303 undefined on input line 724.


LaTeX Warning: Reference `tbl:22_11' on page 303 undefined on input line 750.

[303]

LaTeX Warning: Reference `tbl:22_12' on page 304 undefined on input line 799.

) [304] [305] [306]
\openout2 = ch23_probabilistic_model.aux
 (./ch23_probabilistic_model.tex
第23章
[307




]

LaTeX Warning: Reference `fig:23_01' on page 308 undefined on input line 30.

<figures/23_Probabilitic_model/likelihood_bern.png, id=4124, 2409.0pt x 1204.5p
t>
File: figures/23_Probabilitic_model/likelihood_bern.png Graphic file (type png)

<use figures/23_Probabilitic_model/likelihood_bern.png>
Package luatex.def Info: figures/23_Probabilitic_model/likelihood_bern.png  use
d on input line 33.
(luatex.def)             Requested size: 334.60422pt x 167.28717pt.
[308<./figures/23_Probabilitic_model/likelihood_bern.png>]

LaTeX Warning: Reference `fig:23_01' on page 309 undefined on input line 69.

[309]

LaTeX Warning: Reference `tbl::24_01' on page 310 undefined on input line 92.


LaTeX Warning: Reference `tbl::24_01' on page 310 undefined on input line 94.

[310]

LaTeX Warning: Reference `fig:23_02' on page 311 undefined on input line 117.

<figures/23_Probabilitic_model/loglik_bern.png, id=4161, 2409.0pt x 1204.5pt>
File: figures/23_Probabilitic_model/loglik_bern.png Graphic file (type png)
<use figures/23_Probabilitic_model/loglik_bern.png>
Package luatex.def Info: figures/23_Probabilitic_model/loglik_bern.png  used on
 input line 120.
(luatex.def)             Requested size: 334.60422pt x 167.28717pt.
[311] [312<./figures/23_Probabilitic_model/loglik_bern.png>]

LaTeX Warning: Reference `fig:23_03' on page 313 undefined on input line 144.

<figures/23_Probabilitic_model/N160_10.png, id=4184, 867.24pt x 433.62pt>
File: figures/23_Probabilitic_model/N160_10.png Graphic file (type png)
<use figures/23_Probabilitic_model/N160_10.png>
Package luatex.def Info: figures/23_Probabilitic_model/N160_10.png  used on inp
ut line 147.
(luatex.def)             Requested size: 334.60422pt x 167.30481pt.

LaTeX Warning: Reference `fig:23_04' on page 313 undefined on input line 152.

<figures/23_Probabilitic_model/N150_10.png, id=4185, 867.24pt x 433.62pt>
File: figures/23_Probabilitic_model/N150_10.png Graphic file (type png)
<use figures/23_Probabilitic_model/N150_10.png>
Package luatex.def Info: figures/23_Probabilitic_model/N150_10.png  used on inp
ut line 155.
(luatex.def)             Requested size: 334.60422pt x 167.30481pt.
[313<./figures/23_Probabilitic_model/N160_10.png><./figures/23_Probabilitic_mode
l/N150_10.png>]

LaTeX Warning: Reference `fig:23_05' on page 314 undefined on input line 185.

<figures/23_Probabilitic_model/loglik_norm.png, id=4193, 867.24pt x 433.62pt>
File: figures/23_Probabilitic_model/loglik_norm.png Graphic file (type png)
<use figures/23_Probabilitic_model/loglik_norm.png>
Package luatex.def Info: figures/23_Probabilitic_model/loglik_norm.png  used on
 input line 188.
(luatex.def)             Requested size: 334.60422pt x 167.30481pt.

LaTeX Warning: Reference `fig:23_06' on page 314 undefined on input line 197.

<figures/23_Probabilitic_model/loglik_norm2.png, id=4195, 803.0pt x 702.625pt>
File: figures/23_Probabilitic_model/loglik_norm2.png Graphic file (type png)
<use figures/23_Probabilitic_model/loglik_norm2.png>
Package luatex.def Info: figures/23_Probabilitic_model/loglik_norm2.png  used o
n input line 201.
(luatex.def)             Requested size: 334.60422pt x 292.78471pt.
[314] [315<./figures/23_Probabilitic_model/loglik_norm.png><./figures/23_Probabi
litic_model/loglik_norm2.png>]) [316]
\openout2 = ch24_linear_model.aux
 (./ch24_linear_model.tex
第24章
[317




]

LaTeX Warning: Reference `fig:24_01' on page 318 undefined on input line 83.

<figures/24_linear_model/linear_error.png, id=4231, 1156.32pt x 650.43pt>
File: figures/24_linear_model/linear_error.png Graphic file (type png)
<use figures/24_linear_model/linear_error.png>
Package luatex.def Info: figures/24_linear_model/linear_error.png  used on inpu
t line 86.
(luatex.def)             Requested size: 334.60422pt x 188.21295pt.
[318]

LaTeX Warning: Reference `eq24_01' on page 319 undefined on input line 99.


LaTeX Warning: Reference `eq24_02' on page 319 undefined on input line 99.


LaTeX Warning: Reference `eq24_02' on page 319 undefined on input line 111.


LaTeX Warning: Reference `eq24_03' on page 319 undefined on input line 111.


LaTeX Warning: Reference `eq24_06' on page 319 undefined on input line 116.


LaTeX Warning: Reference `eq24_05' on page 319 undefined on input line 116.


LaTeX Warning: Reference `fig:24_two_way_root' on page 319 undefined on input l
ine 118.

[319<./figures/24_linear_model/linear_error.png>] [320]

LaTeX Warning: Reference `code:24_01' on page 321 undefined on input line 213.

[321]
Removing  `ltj.process_input_buffer' from `process_input_buffer'.
Inserting `ltj.listings_unicode' in `process_input_buffer'.
Inserting `ltj.process_input_buffer' in `process_input_buffer'.
Removing  `ltj.listings_unicode' from `process_input_buffer'.

LaTeX Warning: Reference `RS:out24_01' on page 322 undefined on input line 222.


[322]
Removing  `ltj.process_input_buffer' from `process_input_buffer'.
Inserting `ltj.listings_unicode' in `process_input_buffer'.
Inserting `ltj.process_input_buffer' in `process_input_buffer'.
Removing  `ltj.listings_unicode' from `process_input_buffer'.

LaTeX Warning: Reference `fig:24_02' on page 323 undefined on input line 267.

<figures/24_linear_model/Rplot_regression.png, id=4280, 903.375pt x 903.375pt>
File: figures/24_linear_model/Rplot_regression.png Graphic file (type png)
<use figures/24_linear_model/Rplot_regression.png>
Package luatex.def Info: figures/24_linear_model/Rplot_regression.png  used on 
input line 270.
(luatex.def)             Requested size: 334.60422pt x 334.60191pt.

LaTeX Warning: Reference `fig:24_02' on page 323 undefined on input line 275.


LaTeX Warning: Reference `fig:24_02' on page 323 undefined on input line 277.

[323<./figures/24_linear_model/Rplot_regression.png>]

LaTeX Warning: Reference `fig:24_02' on page 324 undefined on input line 279.


LaTeX Warning: Reference `fig:24_02' on page 324 undefined on input line 279.

[324]

LaTeX Warning: Reference `fig:24_logistic' on page 325 undefined on input line 
310.

<figures/24_linear_model/logistic_function.png, id=4295, 578.16pt x 361.35pt>
File: figures/24_linear_model/logistic_function.png Graphic file (type png)
<use figures/24_linear_model/logistic_function.png>
Package luatex.def Info: figures/24_linear_model/logistic_function.png  used on
 input line 314.
(luatex.def)             Requested size: 334.60422pt x 209.1255pt.

LaTeX Warning: Reference `tab:glm_overview' on page 325 undefined on input line
 319.

[325<./figures/24_linear_model/logistic_function.png>] [326] [327]) [328]
\openout2 = ch25_bayesian_intro.aux

(./ch25_bayesian_intro.tex
第25章

LaTeX Warning: Reference `tbl::24_02' on page 329 undefined on input line 21.


LaTeX Warning: Reference `tbl::24_02' on page 329 undefined on input line 42.

[329




]

LaTeX Warning: Reference `iidexample' on page 330 undefined on input line 65.


LaTeX Warning: Reference `iidexample' on page 330 undefined on input line 65.

[330] [331] [332] [333]

LaTeX Warning: Reference `fig:25_06' on page 334 undefined on input line 159.

<figures/25_bayesian_intro/two_types_probability.png, id=4374, 1255.69125pt x 8
54.19125pt>
File: figures/25_bayesian_intro/two_types_probability.png Graphic file (type pn
g)
<use figures/25_bayesian_intro/two_types_probability.png>
Package luatex.def Info: figures/25_bayesian_intro/two_types_probability.png  u
sed on input line 164.
(luatex.def)             Requested size: 334.60422pt x 227.61086pt.
[334<./figures/25_bayesian_intro/two_types_probability.png>] [335] [336])
[337]
\openout2 = ch26_bayesian_approach.aux
 (./ch26_bayesian_approach.tex [338




]
第26章
<figures/26_bayesian_approach/4prior.png, id=4422, 1341.01pt x 763.85374pt>
File: figures/26_bayesian_approach/4prior.png Graphic file (type png)
<use figures/26_bayesian_approach/4prior.png>
Package luatex.def Info: figures/26_bayesian_approach/4prior.png  used on input
 line 32.
(luatex.def)             Requested size: 334.60422pt x 190.58998pt.

LaTeX Warning: Reference `fig:26_01' on page 339 undefined on input line 37.


LaTeX Warning: Reference `fig:26_01' on page 339 undefined on input line 38.


LaTeX Warning: Reference `fig:26_01' on page 339 undefined on input line 39.


LaTeX Warning: Reference `fig:26_01' on page 339 undefined on input line 40.


LaTeX Warning: Reference `fig:26_01' on page 339 undefined on input line 40.

[339] [340<./figures/26_bayesian_approach/4prior.png>]
<figures/26_bayesian_approach/apply_bayes.png, id=4445, 1082.0425pt x 683.55376
pt>
File: figures/26_bayesian_approach/apply_bayes.png Graphic file (type png)
<use figures/26_bayesian_approach/apply_bayes.png>
Package luatex.def Info: figures/26_bayesian_approach/apply_bayes.png  used on 
input line 66.
(luatex.def)             Requested size: 334.60422pt x 211.37796pt.


LaTeX Warning: Reference `fig:26_03' on page 341 undefined on input line 71.

<figures/26_bayesian_approach/prob_prod.png, id=4446, 1196.47pt x 666.49pt>
File: figures/26_bayesian_approach/prob_prod.png Graphic file (type png)
<use figures/26_bayesian_approach/prob_prod.png>
Package luatex.def Info: figures/26_bayesian_approach/prob_prod.png  used on in
put line 74.
(luatex.def)             Requested size: 334.60422pt x 186.39218pt.
[341] [342<./figures/26_bayesian_approach/apply_bayes.png><./figures/26_bayesian
_approach/prob_prod.png>]

LaTeX Warning: Reference `fig:26_04' on page 343 undefined on input line 82.

<figures/26_bayesian_approach/result_bayes.png, id=4465, 669.50125pt x 453.695p
t>
File: figures/26_bayesian_approach/result_bayes.png Graphic file (type png)
<use figures/26_bayesian_approach/result_bayes.png>
Package luatex.def Info: figures/26_bayesian_approach/result_bayes.png  used on
 input line 85.
(luatex.def)             Requested size: 334.60422pt x 226.75694pt.

LaTeX Warning: Reference `fig:26_04' on page 343 undefined on input line 93.


LaTeX Warning: Reference `fig:26_06' on page 343 undefined on input line 99.

<figures/26_bayesian_approach/estimates.png, id=4466, 832.10875pt x 592.2125pt>

File: figures/26_bayesian_approach/estimates.png Graphic file (type png)
<use figures/26_bayesian_approach/estimates.png>
Package luatex.def Info: figures/26_bayesian_approach/estimates.png  used on in
put line 102.
(luatex.def)             Requested size: 334.60422pt x 238.13686pt.
[343<./figures/26_bayesian_approach/result_bayes.png>]

LaTeX Warning: Reference `fig:26_06' on page 344 undefined on input line 111.

<figures/26_bayesian_approach/eti_hdi.png, id=4475, 1156.32pt x 650.43pt>
File: figures/26_bayesian_approach/eti_hdi.png Graphic file (type png)
<use figures/26_bayesian_approach/eti_hdi.png>
Package luatex.def Info: figures/26_bayesian_approach/eti_hdi.png  used on inpu
t line 114.
(luatex.def)             Requested size: 334.60422pt x 188.21295pt.
[344<./figures/26_bayesian_approach/estimates.png>]

LaTeX Warning: Reference `fig:26_05' on page 345 undefined on input line 124.


LaTeX Warning: Reference `fig:26_07' on page 345 undefined on input line 128.

<figures/26_bayesian_approach/moment.png, id=4485, 1027.84pt x 770.88pt>
File: figures/26_bayesian_approach/moment.png Graphic file (type png)
<use figures/26_bayesian_approach/moment.png>
Package luatex.def Info: figures/26_bayesian_approach/moment.png  used on input
 line 131.
(luatex.def)             Requested size: 334.60422pt x 250.95648pt.
[345<./figures/26_bayesian_approach/eti_hdi.png>]

LaTeX Warning: Reference `fig:26_08' on page 346 undefined on input line 137.

<figures/26_bayesian_approach/ml.png, id=4496, 1027.84pt x 770.88pt>
File: figures/26_bayesian_approach/ml.png Graphic file (type png)
<use figures/26_bayesian_approach/ml.png>
Package luatex.def Info: figures/26_bayesian_approach/ml.png  used on input lin
e 140.
(luatex.def)             Requested size: 334.60422pt x 250.95648pt.

LaTeX Warning: Reference `fig:26_09' on page 346 undefined on input line 148.

<figures/26_bayesian_approach/bayes.png, id=4498, 1027.84pt x 770.88pt>
File: figures/26_bayesian_approach/bayes.png Graphic file (type png)
<use figures/26_bayesian_approach/bayes.png>
Package luatex.def Info: figures/26_bayesian_approach/bayes.png  used on input 
line 151.
(luatex.def)             Requested size: 334.60422pt x 250.95648pt.
[346<./figures/26_bayesian_approach/moment.png>]

LaTeX Warning: Reference `fig:26_10' on page 347 undefined on input line 169.


LaTeX Warning: Reference `fig:26_10' on page 347 undefined on input line 169.

<figures/26_bayesian_approach/postgerior.png, id=4510, 1253.68375pt x 693.59125
pt>
File: figures/26_bayesian_approach/postgerior.png Graphic file (type png)
<use figures/26_bayesian_approach/postgerior.png>
Package luatex.def Info: figures/26_bayesian_approach/postgerior.png  used on i
nput line 172.
(luatex.def)             Requested size: 334.60422pt x 185.11313pt.
[347<./figures/26_bayesian_approach/ml.png>] [348<./figures/26_bayesian_approach
/bayes.png><./figures/26_bayesian_approach/postgerior.png>]

LaTeX Warning: Reference `fig:26_01' on page 349 undefined on input line 184.

) [349]
\openout2 = ch27_bayes_judgement.aux
 (./ch27_bayes_judgement.tex [350




]
第27章
[351] [352]
<figures/27_bayes_judgement/RandomSample.png, id=4562, 4818.0pt x 3613.5pt>
File: figures/27_bayes_judgement/RandomSample.png Graphic file (type png)
<use figures/27_bayes_judgement/RandomSample.png>
Package luatex.def Info: figures/27_bayes_judgement/RandomSample.png  used on i
nput line 39.
(luatex.def)             Requested size: 271.86234pt x 203.84334pt.


LaTeX Warning: Reference `fig:27_01' on page 353 undefined on input line 44.

[353<./figures/27_bayes_judgement/RandomSample.png>]

LaTeX Warning: Reference `fig:27_02' on page 354 undefined on input line 63.

<figures/27_bayes_judgement/marginal.png, id=4574, 650.43pt x 650.43pt>
File: figures/27_bayes_judgement/marginal.png Graphic file (type png)
<use figures/27_bayes_judgement/marginal.png>
Package luatex.def Info: figures/27_bayes_judgement/marginal.png  used on input
 line 67.
(luatex.def)             Requested size: 271.86234pt x 271.86867pt.
<figures/27_bayes_judgement/HowToUseStan.png, id=4575, 997.7275pt x 745.78625pt
>
File: figures/27_bayes_judgement/HowToUseStan.png Graphic file (type png)
<use figures/27_bayes_judgement/HowToUseStan.png>
Package luatex.def Info: figures/27_bayes_judgement/HowToUseStan.png  used on i
nput line 80.
(luatex.def)             Requested size: 271.86234pt x 203.2085pt.

LaTeX Warning: Reference `fig:27_03' on page 354 undefined on input line 85.

[354<./figures/27_bayes_judgement/marginal.png>] [355<./figures/27_bayes_judgeme
nt/HowToUseStan.png>] [356] [357]

LaTeX Warning: Reference `fig:27_05' on page 358 undefined on input line 135.

<figures/27_bayes_judgement/BayesianJudgement.png, id=4611, 1076.02pt x 601.246
25pt>
File: figures/27_bayes_judgement/BayesianJudgement.png Graphic file (type png)
<use figures/27_bayes_judgement/BayesianJudgement.png>
Package luatex.def Info: figures/27_bayes_judgement/BayesianJudgement.png  used
 on input line 138.
(luatex.def)             Requested size: 334.60422pt x 186.96239pt.
[358]

LaTeX Warning: Reference `fig:27_04' on page 359 undefined on input line 154.

[359<./figures/27_bayes_judgement/BayesianJudgement.png>]
<figures/27_bayes_judgement/Krschke2018.png, id=4625, 969.6225pt x 621.32124pt>

File: figures/27_bayes_judgement/Krschke2018.png Graphic file (type png)
<use figures/27_bayes_judgement/Krschke2018.png>
Package luatex.def Info: figures/27_bayes_judgement/Krschke2018.png  used on in
put line 160.
(luatex.def)             Requested size: 334.60422pt x 214.41295pt.
 [360<./figures/27_bayes_judgement/Krschke2018.png>] [361] [362] [363] [364] [3
65]) [366]
\openout2 = ch28_bayesian_with_jasp.aux

(./ch28_bayesian_with_jasp.tex
第28章

LaTeX Warning: Reference `fig:28_01' on page 367 undefined on input line 28.

<figures/28_bayesian_with_JASP/JASP_web01.png, id=4684, 1927.2pt x 1084.05pt>
File: figures/28_bayesian_with_JASP/JASP_web01.png Graphic file (type png)
<use figures/28_bayesian_with_JASP/JASP_web01.png>
Package luatex.def Info: figures/28_bayesian_with_JASP/JASP_web01.png  used on 
input line 31.
(luatex.def)             Requested size: 376.42575pt x 211.728pt.
[367




]
<figures/28_bayesian_with_JASP/JASP_web02.png, id=4691, 1927.2pt x 1084.05pt>
File: figures/28_bayesian_with_JASP/JASP_web02.png Graphic file (type png)
<use figures/28_bayesian_with_JASP/JASP_web02.png>
Package luatex.def Info: figures/28_bayesian_with_JASP/JASP_web02.png  used on 
input line 39.
(luatex.def)             Requested size: 376.42575pt x 211.728pt.
 [368<./figures/28_bayesian_with_JASP/JASP_web01.png>]
<figures/28_bayesian_with_JASP/JASP_wakeup.png, id=4701, 1397.22pt x 863.225pt>

File: figures/28_bayesian_with_JASP/JASP_wakeup.png Graphic file (type png)
<use figures/28_bayesian_with_JASP/JASP_wakeup.png>
Package luatex.def Info: figures/28_bayesian_with_JASP/JASP_wakeup.png  used on
 input line 46.
(luatex.def)             Requested size: 271.86234pt x 167.9528pt.
<figures/28_bayesian_with_JASP/JASP_01.png, id=4706, 1397.22pt x 863.225pt>
File: figures/28_bayesian_with_JASP/JASP_01.png Graphic file (type png)
<use figures/28_bayesian_with_JASP/JASP_01.png>
Package luatex.def Info: figures/28_bayesian_with_JASP/JASP_01.png  used on inp
ut line 57.
(luatex.def)             Requested size: 418.25368pt x 258.4031pt.
 [369<./figures/28_bayesian_with_JASP/JASP_web02.png><./figures/28_bayesian_with
_JASP/JASP_wakeup.png>]
<figures/28_bayesian_with_JASP/JASP_02.png, id=4720, 1397.22pt x 863.225pt>
File: figures/28_bayesian_with_JASP/JASP_02.png Graphic file (type png)
<use figures/28_bayesian_with_JASP/JASP_02.png>
Package luatex.def Info: figures/28_bayesian_with_JASP/JASP_02.png  used on inp
ut line 64.
(luatex.def)             Requested size: 313.69025pt x 193.79575pt.
 [370<./figures/28_bayesian_with_JASP/JASP_01.png><./figures/28_bayesian_with_JA
SP/JASP_02.png>]

LaTeX Warning: Reference `fig:28_06' on page 371 undefined on input line 73.

<figures/28_bayesian_with_JASP/JASP_03.png, id=4731, 1397.22pt x 863.225pt>
File: figures/28_bayesian_with_JASP/JASP_03.png Graphic file (type png)
<use figures/28_bayesian_with_JASP/JASP_03.png>
Package luatex.def Info: figures/28_bayesian_with_JASP/JASP_03.png  used on inp
ut line 76.
(luatex.def)             Requested size: 418.25368pt x 258.4031pt.

LaTeX Warning: Reference `fig:28_07' on page 371 undefined on input line 82.

<figures/28_bayesian_with_JASP/JASP_04.png, id=4732, 1397.22pt x 863.225pt>
File: figures/28_bayesian_with_JASP/JASP_04.png Graphic file (type png)
<use figures/28_bayesian_with_JASP/JASP_04.png>
Package luatex.def Info: figures/28_bayesian_with_JASP/JASP_04.png  used on inp
ut line 85.
(luatex.def)             Requested size: 418.25368pt x 258.4031pt.
[371<./figures/28_bayesian_with_JASP/JASP_03.png>]
<figures/28_bayesian_with_JASP/JASP_plot01.png, id=4740, 701.5008pt x 575.9116p
t>
File: figures/28_bayesian_with_JASP/JASP_plot01.png Graphic file (type png)
<use figures/28_bayesian_with_JASP/JASP_plot01.png>
Package luatex.def Info: figures/28_bayesian_with_JASP/JASP_plot01.png  used on
 input line 92.
(luatex.def)             Requested size: 334.60422pt x 274.71204pt.


LaTeX Warning: Reference `fig:28_09' on page 372 undefined on input line 98.

<figures/28_bayesian_with_JASP/JASP_plot02.png, id=4743, 592.2125pt x 582.175pt
>
File: figures/28_bayesian_with_JASP/JASP_plot02.png Graphic file (type png)
<use figures/28_bayesian_with_JASP/JASP_plot02.png>
Package luatex.def Info: figures/28_bayesian_with_JASP/JASP_plot02.png  used on
 input line 101.
(luatex.def)             Requested size: 209.12683pt x 205.57649pt.
[372<./figures/28_bayesian_with_JASP/JASP_04.png><./figures/28_bayesian_with_JAS
P/JASP_plot01.png>]

LaTeX Warning: Reference `fig:28_10' on page 373 undefined on input line 108.

<figures/28_bayesian_with_JASP/JASP_05.png, id=4753, 236.885pt x 377.41pt>
File: figures/28_bayesian_with_JASP/JASP_05.png Graphic file (type png)
<use figures/28_bayesian_with_JASP/JASP_05.png>
Package luatex.def Info: figures/28_bayesian_with_JASP/JASP_05.png  used on inp
ut line 111.
(luatex.def)             Requested size: 83.64944pt x 133.27026pt.

LaTeX Warning: Reference `fig:28_11' on page 373 undefined on input line 117.

<figures/28_bayesian_with_JASP/JASP_06.png, id=4756, 948.54375pt x 850.17625pt>

File: figures/28_bayesian_with_JASP/JASP_06.png Graphic file (type png)
<use figures/28_bayesian_with_JASP/JASP_06.png>
Package luatex.def Info: figures/28_bayesian_with_JASP/JASP_06.png  used on inp
ut line 120.
(luatex.def)             Requested size: 271.86234pt x 243.66487pt.
[373<./figures/28_bayesian_with_JASP/JASP_plot02.png><./figures/28_bayesian_with
_JASP/JASP_05.png>]
<figures/28_bayesian_with_JASP/JASP_cor1.png, id=4769, 1180.41pt x 423.5825pt>
File: figures/28_bayesian_with_JASP/JASP_cor1.png Graphic file (type png)
<use figures/28_bayesian_with_JASP/JASP_cor1.png>
Package luatex.def Info: figures/28_bayesian_with_JASP/JASP_cor1.png  used on i
nput line 131.
(luatex.def)             Requested size: 418.25368pt x 150.08522pt.
 [374<./figures/28_bayesian_with_JASP/JASP_06.png><./figures/28_bayesian_with_JA
SP/JASP_cor1.png>]
<figures/28_bayesian_with_JASP/JASP_ttest.png, id=4779, 1029.8475pt x 859.21pt>

File: figures/28_bayesian_with_JASP/JASP_ttest.png Graphic file (type png)
<use figures/28_bayesian_with_JASP/JASP_ttest.png>
Package luatex.def Info: figures/28_bayesian_with_JASP/JASP_ttest.png  used on 
input line 155.
(luatex.def)             Requested size: 418.25368pt x 348.94832pt.
 [375]

LaTeX Warning: Reference `tab:ttest' on page 376 undefined on input line 159.


LaTeX Warning: Reference `tab:Shapiro-Wilk' on page 376 undefined on input line
 180.


LaTeX Warning: Reference `tab:levene' on page 376 undefined on input line 180.

[376<./figures/28_bayesian_with_JASP/JASP_ttest.png>]

LaTeX Warning: Reference `tab:bayesianTtest' on page 377 undefined on input lin
e 244.


LaTeX Warning: `h' float specifier changed to `ht'.


LaTeX Warning: Reference `fig:28_14' on page 377 undefined on input line 261.

<figures/28_bayesian_with_JASP/JASP_ttestPlot.png, id=4797, 575.14874pt x 922.4
4624pt>
File: figures/28_bayesian_with_JASP/JASP_ttestPlot.png Graphic file (type png)
<use figures/28_bayesian_with_JASP/JASP_ttestPlot.png>
Package luatex.def Info: figures/28_bayesian_with_JASP/JASP_ttestPlot.png  used
 on input line 264.
(luatex.def)             Requested size: 209.12683pt x 335.40218pt.
[377]

LaTeX Warning: Reference `fig:28_15' on page 378 undefined on input line 270.

<figures/28_bayesian_with_JASP/JASP_ttestBF.png, id=4805, 531.9072pt x 401.5pt>

File: figures/28_bayesian_with_JASP/JASP_ttestBF.png Graphic file (type png)
<use figures/28_bayesian_with_JASP/JASP_ttestBF.png>
Package luatex.def Info: figures/28_bayesian_with_JASP/JASP_ttestBF.png  used o
n input line 273.
(luatex.def)             Requested size: 334.60422pt x 252.57875pt.
[378<./figures/28_bayesian_with_JASP/JASP_ttestPlot.png>]) [379<./figures/28_bay
esian_with_JASP/JASP_ttestBF.png>]
\openout2 = ch29_bayesian_modeling.aux
 (./ch29_bayesian_modeling.tex [380




]
第29章
) [381]
\openout2 = ch30_SecondSemester.aux
 (./ch30_SecondSemester.tex [382




]
第30章
[383]) [384] (../common_contents/FAQ_v3.tex
付録A

LaTeX Warning: Reference `FileEditorPane' on page 385 undefined on input line 1
8.

<figures/RstudioFIleEditor.png, id=4851, 569.12625pt x 508.90125pt>
File: figures/RstudioFIleEditor.png Graphic file (type png)
<use figures/RstudioFIleEditor.png>
Package luatex.def Info: figures/RstudioFIleEditor.png  used on input line 22.
(luatex.def)             Requested size: 334.60422pt x 299.2086pt.

LaTeX Warning: Reference `RmdFileForm' on page 385 undefined on input line 28.

[385



]
<figures/RmdFile.png, id=4864, 892.33376pt x 721.69624pt>
File: figures/RmdFile.png Graphic file (type png)
<use figures/RmdFile.png>
Package luatex.def Info: figures/RmdFile.png  used on input line 35.
(luatex.def)             Requested size: 334.60422pt x 270.62442pt.
 [386<./figures/RstudioFIleEditor.png>]
<figures/InsertChunk.png, id=4880, 1068.99374pt x 365.365pt>
File: figures/InsertChunk.png Graphic file (type png)
<use figures/InsertChunk.png>
Package luatex.def Info: figures/InsertChunk.png  used on input line 47.
(luatex.def)             Requested size: 334.60422pt x 114.36024pt.


LaTeX Warning: Reference `Knit' on page 387 undefined on input line 54.

<figures/RmdKnit.png, id=4882, 1128.215pt x 311.1625pt>
File: figures/RmdKnit.png Graphic file (type png)
<use figures/RmdKnit.png>
Package luatex.def Info: figures/RmdKnit.png  used on input line 57.
(luatex.def)             Requested size: 334.60422pt x 92.28592pt.
[387<./figures/RmdFile.png><./figures/InsertChunk.png>]
Removing  `ltj.process_input_buffer' from `process_input_buffer'.
Inserting `ltj.listings_unicode' in `process_input_buffer'.
Inserting `ltj.process_input_buffer' in `process_input_buffer'.
Removing  `ltj.listings_unicode' from `process_input_buffer'. [388<./figures/Rmd
Knit.png>]

LaTeX Warning: Reference `FAQscreenShot' on page 389 undefined on input line 10
0.

[389]
<figures/FAQ01.png, id=4912, 1674.255pt x 1255.69125pt>
File: figures/FAQ01.png Graphic file (type png)
<use figures/FAQ01.png>
Package luatex.def Info: figures/FAQ01.png  used on input line 107.
(luatex.def)             Requested size: 334.60422pt x 250.9422pt.
 [390<./figures/FAQ01.png>] [391]
LaTeX Font Info:    Font shape `JT3/BIZUDPMinchoMedium(0)/m/it' will be
(Font)              scaled to size 6.47299pt on input line 183.
LaTeX Font Info:    Font shape `JY3/BIZUDPMinchoMedium(0)/m/it' will be
(Font)              scaled to size 6.47299pt on input line 183.
LaTeX Font Info:    Font shape `JT3/BIZUDPMinchoMedium(0)/m/it' will be
(Font)              scaled to size 5.54828pt on input line 183.
LaTeX Font Info:    Font shape `JY3/BIZUDPMinchoMedium(0)/m/it' will be
(Font)              scaled to size 5.54828pt on input line 183.
 [392] [393] [394])
(../common_contents/Greeks.tex [395] [396

]
付録B
) [397] [398

] [399] [400]
No file BasicBook3.ind.
[401] (./BasicBook3.aux (./ch01_introduction.aux) (./ch02_PCs.aux)
(./ch03_introR.aux) (./ch04_Number_and_Data.aux) (./ch05_descriptives.aux)
(./ch06_Corr.aux) (./ch07_Regression.aux) (./ch08_MultipleRegression.aux)
(./ch09_Regression_onR.aux) (./ch10_probability.aux) (./ch11_inference.aux)
(./ch12_test.aux) (./ch13_NHST.aux) (./ch14_NHST2.aux)
(./ch15_FirstSemester.aux) (./ch16_ttest.aux) (./ch17_RCT.aux)
(./ch18_BetweenDesign.aux) (./anova_worksheet.aux) (./ch19_Ftest.aux)
(./ch20_BetweenDesign_onR.aux) (./ch21_WithinDesign.aux)
(./ch22_WithinDesign_onR.aux) (./ch23_probabilistic_model.aux)
(./ch24_linear_model.aux) (./ch25_bayesian_intro.aux)
(./ch26_bayesian_approach.aux) (./ch27_bayes_judgement.aux)
(./ch28_bayesian_with_jasp.aux) (./ch29_bayesian_modeling.aux)
(./ch30_SecondSemester.aux))
 ***********
LaTeX2e <2026-06-01>
L3 programming layer <2026-05-26>
 ***********


LaTeX Warning: There were undefined references.


LaTeX Warning: Label(s) may have changed. Rerun to get cross-references right.


Package rerunfilecheck Warning: File `BasicBook3.out' has changed.
(rerunfilecheck)                Rerun to get outlines right
(rerunfilecheck)                or use package `bookmark'.

Package rerunfilecheck Info: Checksums for `BasicBook3.out':
(rerunfilecheck)             Before: 62922CCA54F24820728A3141D9865649;17460
(rerunfilecheck)             After:  81041CFBABF999C2316F81E397A19823;28493.

Package biblatex Warning: Please rerun LaTeX.
(biblatex)                Page breaks have changed.

Package logreq Info: Writing requests to 'BasicBook3.run.xml'.

\openout1 = BasicBook3.run.xml
)

Here is how much of LuaTeX's memory you used:
 56268 strings out of 475703
 746625,2848258 words of node,token memory allocated
 106370 words of node memory still in use:
   11 hlist, 2 vlist, 5 rule, 399 glue, 4 kern, 1 glyph, 47128 attribute, 78 glu
e_spec, 4295 attribute_list, 2 write, 14 user_defined, 4 pdf_action nodes
   avail lists: 1:22,2:157346,3:1888,4:5052,5:2309,6:128,7:16228,8:79,9:5144,10:
56,11:406
 74718 multiletter control sequences out of 65536+600000
 164 fonts using 110050983 bytes
 119i,17n,135p,4303b,2001s stack positions out of 10000i,1000n,20000p,200000b,200000s

warning  (pdf backend): unreferenced destination with name 'Hfootnote.171'

warning  (pdf backend): unreferenced destination with name 'Hfootnote.152'

warning  (pdf backend): unreferenced destination with name 'Hfootnote.151'

warning  (pdf backend): unreferenced destination with name 'Hfootnote.150'
</usr/local/texlive/2026/texmf-dist/fonts/opentype/public/lm/lmsans10-bold.otf><
/usr/local/texlive/2026/texmf-dist/fonts/opentype/public/lm/lmmono12-regular.otf
></usr/local/texlive/2026/texmf-dist/fonts/opentype/public/lm/lmmono9-regular.ot
f></usr/local/texlive/2026/texmf-dist/fonts/opentype/public/lm/lmmono8-regular.o
tf></usr/local/texlive/2026/texmf-dist/fonts/opentype/public/lm/lmmono10-regular
.otf></Library/Fonts/BIZ-UDGothicB.ttc></usr/local/texlive/2026/texmf-dist/fonts
/opentype/public/tex-gyre/texgyretermes-italic.otf></usr/local/texlive/2026/texm
f-dist/fonts/opentype/public/lm/lmsans12-regular.otf></usr/local/texlive/2026/te
xmf-dist/fonts/opentype/public/lm/lmsans8-regular.otf></usr/local/texlive/2026/t
exmf-dist/fonts/opentype/public/lm/lmsans17-regular.otf></usr/local/texlive/2026
/texmf-dist/fonts/opentype/public/tex-gyre/texgyretermes-bold.otf></usr/local/te
xlive/2026/texmf-dist/fonts/opentype/public/lm/lmsans10-regular.otf></usr/local/
texlive/2026/texmf-dist/fonts/opentype/public/haranoaji/HaranoAjiGothic-Medium.o
tf></Library/Fonts/BIZ-UDMinchoM.ttc></usr/local/texlive/2026/texmf-dist/fonts/o
pentype/public/tex-gyre/texgyretermes-regular.otf></usr/local/texlive/2026/texmf
-dist/fonts/type1/public/amsfonts/cm/cmex10.pfb></usr/local/texlive/2026/texmf-d
ist/fonts/type1/public/amsfonts/cmextra/cmex8.pfb></usr/local/texlive/2026/texmf
-dist/fonts/type1/public/amsfonts/cm/cmmi10.pfb></usr/local/texlive/2026/texmf-d
ist/fonts/type1/public/amsfonts/cm/cmmi12.pfb></usr/local/texlive/2026/texmf-dis
t/fonts/type1/public/amsfonts/cm/cmmi5.pfb></usr/local/texlive/2026/texmf-dist/f
onts/type1/public/amsfonts/cm/cmmi6.pfb></usr/local/texlive/2026/texmf-dist/font
s/type1/public/amsfonts/cm/cmmi7.pfb></usr/local/texlive/2026/texmf-dist/fonts/t
ype1/public/amsfonts/cm/cmmi8.pfb></usr/local/texlive/2026/texmf-dist/fonts/type
1/public/amsfonts/cm/cmmi9.pfb></usr/local/texlive/2026/texmf-dist/fonts/type1/p
ublic/amsfonts/cm/cmmib10.pfb></usr/local/texlive/2026/texmf-dist/fonts/type1/pu
blic/amsfonts/cm/cmr10.pfb></usr/local/texlive/2026/texmf-dist/fonts/type1/publi
c/amsfonts/cm/cmr5.pfb></usr/local/texlive/2026/texmf-dist/fonts/type1/public/am
sfonts/cm/cmr6.pfb></usr/local/texlive/2026/texmf-dist/fonts/type1/public/amsfon
ts/cm/cmr7.pfb></usr/local/texlive/2026/texmf-dist/fonts/type1/public/amsfonts/c
m/cmr8.pfb></usr/local/texlive/2026/texmf-dist/fonts/type1/public/amsfonts/cm/cm
r9.pfb></usr/local/texlive/2026/texmf-dist/fonts/type1/public/amsfonts/cm/cmsy10
.pfb></usr/local/texlive/2026/texmf-dist/fonts/type1/public/amsfonts/cm/cmsy5.pf
b></usr/local/texlive/2026/texmf-dist/fonts/type1/public/amsfonts/cm/cmsy6.pfb><
/usr/local/texlive/2026/texmf-dist/fonts/type1/public/amsfonts/cm/cmsy7.pfb></us
r/local/texlive/2026/texmf-dist/fonts/type1/public/amsfonts/cm/cmsy8.pfb></usr/l
ocal/texlive/2026/texmf-dist/fonts/type1/public/amsfonts/cm/cmsy9.pfb></usr/loca
l/texlive/2026/texmf-dist/fonts/type1/public/amsfonts/symbols/msbm10.pfb>
Output written on BasicBook3.pdf (403 pages, 46469570 bytes).

PDF statistics: 5317 PDF objects out of 6186 (max. 8388607)
 4474 compressed objects within 45 object streams
 2077 named destinations out of 2487 (max. 1048576)
 1004 words of extra memory for PDF output out of 10000 (max. 100000000)

