This is LuaHBTeX, Version 1.22.0 (TeX Live 2025)  (format=lualatex 2025.5.18)  12 JUN 2025 12:31
 restricted system commands enabled.
**ch09_Regression_onR.tex
(./ch09_Regression_onR.tex
LaTeX2e <2024-11-01> patch level 2
L3 programming layer <2025-04-29>
Lua module: luaotfload 2024-12-03 v3.29 Lua based OpenType font support
Lua module: lualibs 2023-07-13 v2.76 ConTeXt Lua standard libraries.
Lua module: lualibs-extended 2023-07-13 v2.76 ConTeXt Lua libraries -- extended collection.
luaotfload | conf : Root cache directory is "/Users/pythagoras/Library/TinyTeX/texmf-var/luatex-cache/generic/names".
luaotfload | init : Loading fontloader "fontloader-2023-12-28.lua" from kpse-resolved path "/Users/pythagoras/Library/TinyTeX/texmf-dist/tex/luatex/luaotfload/fontloader-2023-12-28.lua".
Lua-only attribute luaotfload@noligature = 1
luaotfload | init : Context OpenType loader version 3.134
Inserting `luaotfload.node_processor' in `pre_linebreak_filter'.
Inserting `luaotfload.node_processor' in `hpack_filter'.
Inserting `luaotfload.glyph_stream' in `glyph_stream_provider'.
Inserting `luaotfload.define_font' in `define_font'.
Lua-only attribute luaotfload_color_attribute = 2
luaotfload | conf : Root cache directory is "/Users/pythagoras/Library/TinyTeX/texmf-var/luatex-cache/generic/names".
Inserting `luaotfload.harf.strip_prefix' in `find_opentype_file'.
Inserting `luaotfload.harf.strip_prefix' in `find_truetype_file'.
Removing  `luaotfload.glyph_stream' from `glyph_stream_provider'.
Inserting `luaotfload.harf.glyphstream' in `glyph_stream_provider'.
Inserting `luaotfload.harf.finalize_vlist' in `post_linebreak_filter'.
Inserting `luaotfload.harf.finalize_hlist' in `hpack_filter'.
Inserting `luaotfload.cleanup_files' in `wrapup_run'.
Inserting `luaotfload.harf.finalize_unicode' in `finish_pdffile'.
Inserting `luaotfload.glyphinfo' in `glyph_info'.
Lua-only attribute luaotfload.letterspace_done = 3
Inserting `luaotfload.aux.set_sscale_dimens' in `luaotfload.patch_font'.
Inserting `luaotfload.aux.set_font_index' in `luaotfload.patch_font'.
Inserting `luaotfload.aux.patch_cambria_domh' in `luaotfload.patch_font'.
Inserting `luaotfload.aux.fixup_fontdata' in `luaotfload.patch_font_unsafe'.
Inserting `luaotfload.aux.set_capheight' in `luaotfload.patch_font'.
Inserting `luaotfload.aux.set_xheight' in `luaotfload.patch_font'.
Inserting `luaotfload.rewrite_fontname' in `luaotfload.patch_font'.
Inserting `tracingstacklevels' in `input_level_string'. (/Users/pythagoras/Library/TinyTeX/texmf-dist/tex/luatex/luatexja/ltjbook.cls
Document Class: ltjbook 2025-03-28 v1.8f-ltj-25 Standard LuaLaTeX-ja class
(/Users/pythagoras/Library/TinyTeX/texmf-dist/tex/luatex/luatexja/luatexja.sty
Package: luatexja 2025-05-06 Japanese Typesetting with Lua(La)TeX
 (/Users/pythagoras/Library/TinyTeX/texmf-dist/tex/luatex/luatexja/luatexja-core.sty
Package: luatexja-core 2023-10-07 Core of LuaTeX-ja
 (/Users/pythagoras/Library/TinyTeX/texmf-dist/tex/generic/infwarerr/infwarerr.sty
Package: infwarerr 2019/12/03 v1.5 Providing info/warning/error messages (HO)
) (/Users/pythagoras/Library/TinyTeX/texmf-dist/tex/luatex/luatexbase/luatexbase.sty
Package: luatexbase 2015/10/04 v1.3 luatexbase interface to LuaTeX 
 (/Users/pythagoras/Library/TinyTeX/texmf-dist/tex/luatex/ctablestack/ctablestack.sty
Package: ctablestack 2015/10/01 v1.0 Catcode table stable support
\@catcodetablestackcnt=\count270
)
\CatcodeTableOther=\catcodetable14
\CatcodeTableExpl=\catcodetable15
) (/Users/pythagoras/Library/TinyTeX/texmf-dist/tex/generic/ltxcmds/ltxcmds.sty
Package: ltxcmds 2023-12-04 v1.26 LaTeX kernel commands for general use (HO)
) (/Users/pythagoras/Library/TinyTeX/texmf-dist/tex/generic/pdftexcmds/pdftexcmds.sty
Package: pdftexcmds 2020-06-27 v0.33 Utility functions of pdfTeX for LuaTeX (HO)
 (/Users/pythagoras/Library/TinyTeX/texmf-dist/tex/generic/iftex/iftex.sty
Package: iftex 2024/12/12 v1.0g TeX engine tests
)
Package pdftexcmds Info: \pdf@primitive is available.
Package pdftexcmds Info: \pdf@ifprimitive is available.
Package pdftexcmds Info: \pdfdraftmode found.
\pdftexcmds@toks=\toks17
) (/Users/pythagoras/Library/TinyTeX/texmf-dist/tex/latex/xkeyval/xkeyval.sty
Package: xkeyval 2022/06/16 v2.9 package option processing (HA)
 (/Users/pythagoras/Library/TinyTeX/texmf-dist/tex/generic/xkeyval/xkeyval.tex (/Users/pythagoras/Library/TinyTeX/texmf-dist/tex/generic/xkeyval/xkvutils.tex
\XKV@toks=\toks18
\XKV@tempa@toks=\toks19
 (/Users/pythagoras/Library/TinyTeX/texmf-dist/tex/generic/xkeyval/keyval.tex))
\XKV@depth=\count271
File: xkeyval.tex 2014/12/03 v2.7a key=value parser (HA)
)) (/Users/pythagoras/Library/TinyTeX/texmf-dist/tex/latex/etoolbox/etoolbox.sty
Package: etoolbox 2025/02/11 v2.5l e-TeX tools for LaTeX (JAW)
\etb@tempcnta=\count272
) (/Users/pythagoras/Library/TinyTeX/texmf-dist/tex/latex/everyhook/everyhook.sty (/Users/pythagoras/Library/TinyTeX/texmf-dist/tex/latex/svn-prov/svn-prov.sty
Package: svn-prov 2010/04/24 v3.1862 Package Date/Version from SVN Keywords
)
Package: everyhook 2014/11/26 v1.2 (SVN Rev: 12)\ Hooks for low level TeX everyX primitives.
\everypar=\toks20
\frozen@everymath=\toks21
\frozen@everydisplay=\toks22
\everyhbox=\toks23
\everyvbox=\toks24
\everycr=\toks25
)
\ltjlineendcomment=\count273
\ltj@dimen@zw=\dimen145
\ltj@dimen@zh=\dimen146
\ltj@dimen@jQ=\dimen147
\ltj@icflag=\attribute4
\ltj@curjfnt=\attribute5
\ltj@curtfnt=\attribute6
\ltj@charclass=\attribute7
\ltj@charcode=\attribute8
\ltj@autospc=\attribute9
\ltj@autoxspc=\attribute10
\ltj@yablshift=\attribute11
\ltj@ykblshift=\attribute12
\ltj@tablshift=\attribute13
\ltj@tkblshift=\attribute14
\jfam=\attribute15
\ltj@vert@ori=\attribute16
\ltj@dir=\attribute17
\ltj@@japanese=\language2
\ltj@tempcnta=\count274
\ltj@tempdima=\dimen148
\ltj@@stack=\count275
\ltj@@group@level=\count276
\ltj@kcat0=\attribute18
\ltj@kcat1=\attribute19
\ltj@kcat2=\attribute20
\ltj@kcat3=\attribute21
\ltj@kcat4=\attribute22
\ltj@kcat5=\attribute23
\ltj@kcat6=\attribute24
Custom whatsit inhibitglue = 1
Custom whatsit stack_marker = 2
Custom whatsit begin_par = 3
Custom whatsit direction = 4
Custom whatsit box_boundary = 5
Custom whatsit ja_al_boundary = 6(load cache: ltj-cid-auto-adobe-japan1.luc)
Lua module: luatexja.charrange 2022-08-19 Handling the range of Japanese characters
Lua module: luatexja.stack 2022-08-20 LuaTeX-ja stack system
Inserting `ltj.create_dir_whatsit' in `hpack_filter'.
Inserting `ltj.create_dir_whatsit' in `post_linebreak_filter'.
Inserting `ltj.direction' in `vpack_filter'.
Inserting `ltj.direction' in `pre_output_filter'.
Inserting `ltj.lineskip' in `post_linebreak_filter'.
Inserting `ltj.lineskip' in `append_to_vlist_filter'.
Lua module: luatexja.jfont 2025-05-04 Loader for Japanese fonts
Removing  `luaotfload.define_font' from `define_font'.
Inserting `luatexja.font_callback' in `define_font'.
Removing  `luaotfload.aux.set_sscale_dimens' from `luaotfload.patch_font'.
Removing  `luaotfload.aux.set_font_index' from `luaotfload.patch_font'.
Removing  `luaotfload.aux.patch_cambria_domh' from `luaotfload.patch_font'.
Removing  `luaotfload.aux.set_capheight' from `luaotfload.patch_font'.
Removing  `luaotfload.aux.set_xheight' from `luaotfload.patch_font'.
Removing  `luaotfload.rewrite_fontname' from `luaotfload.patch_font'.
Inserting `ltj.prepare_extra_data' in `luaotfload.patch_font'.
Inserting `luaotfload.aux.set_sscale_dimens' in `luaotfload.patch_font'.
Inserting `luaotfload.aux.set_font_index' in `luaotfload.patch_font'.
Inserting `luaotfload.aux.patch_cambria_domh' in `luaotfload.patch_font'.
Inserting `luaotfload.aux.set_capheight' in `luaotfload.patch_font'.
Inserting `luaotfload.aux.set_xheight' in `luaotfload.patch_font'.
Inserting `luaotfload.rewrite_fontname' in `luaotfload.patch_font'.
Inserting `ltj.prepare_extra_data' in `luatexja.define_font'.
Inserting `ltj.get_vert_form' in `luatexja.define_jfont'.
Removing  `ltj.prepare_extra_data' from `luaotfload.patch_font'.
Removing  `luaotfload.aux.set_sscale_dimens' from `luaotfload.patch_font'.
Removing  `luaotfload.aux.set_font_index' from `luaotfload.patch_font'.
Removing  `luaotfload.aux.patch_cambria_domh' from `luaotfload.patch_font'.
Removing  `luaotfload.aux.set_capheight' from `luaotfload.patch_font'.
Removing  `luaotfload.aux.set_xheight' from `luaotfload.patch_font'.
Removing  `luaotfload.rewrite_fontname' from `luaotfload.patch_font'.
Inserting `ltj.supply_tounicode' in `luaotfload.patch_font'.
Inserting `ltj.prepare_extra_data' in `luaotfload.patch_font'.
Inserting `luaotfload.aux.set_sscale_dimens' in `luaotfload.patch_font'.
Inserting `luaotfload.aux.set_font_index' in `luaotfload.patch_font'.
Inserting `luaotfload.aux.patch_cambria_domh' in `luaotfload.patch_font'.
Inserting `luaotfload.aux.set_capheight' in `luaotfload.patch_font'.
Inserting `luaotfload.aux.set_xheight' in `luaotfload.patch_font'.
Inserting `luaotfload.rewrite_fontname' in `luaotfload.patch_font'.
Inserting `ltj.process_input_buffer' in `process_input_buffer'.
Inserting `ltj.hyphenate' in `hyphenate'.
Removing  `luaotfload.node_processor' from `hpack_filter'.
Removing  `luaotfload.harf.finalize_hlist' from `hpack_filter'.
Removing  `ltj.create_dir_whatsit' from `hpack_filter'.
Inserting `ltj.set_stack_level' in `hpack_filter'.
Inserting `luaotfload.node_processor' in `hpack_filter'.
Inserting `luaotfload.harf.finalize_hlist' in `hpack_filter'.
Inserting `ltj.create_dir_whatsit' in `hpack_filter'.
Removing  `luaotfload.node_processor' from `pre_linebreak_filter'.
Inserting `ltj.set_stack_level' in `pre_linebreak_filter'.
Inserting `luaotfload.node_processor' in `pre_linebreak_filter'.
Lua module: luatexja.jfmglue 2025-05-05 Insertion process of JFM glues, [x]kanjiskip and others
Inserting `luatexja.beginpar.np_info' in `luatexja.jfmglue.whatsit_getinfo'.
Inserting `luatexja.beginpar.np_info_after' in `luatexja.jfmglue.whatsit_after'.
Inserting `ltj.mlist_to_hlist_pre' in `pre_mlist_to_hlist_filter'.
Inserting `ltj.main' in `pre_linebreak_filter'.
Removing  `luaotfload.harf.finalize_hlist' from `hpack_filter'.
Removing  `ltj.create_dir_whatsit' from `hpack_filter'.
Inserting `ltj.main' in `hpack_filter'.
Inserting `luaotfload.harf.finalize_hlist' in `hpack_filter'.
Inserting `ltj.create_dir_whatsit' in `hpack_filter'.
Removing  `ltj.set_stack_level' from `pre_linebreak_filter'.
Removing  `luaotfload.node_processor' from `pre_linebreak_filter'.
Removing  `ltj.main' from `pre_linebreak_filter'.
Inserting `ltj.adjust_icflag' in `pre_linebreak_filter'.
Inserting `ltj.set_stack_level' in `pre_linebreak_filter'.
Inserting `luaotfload.node_processor' in `pre_linebreak_filter'.
Inserting `ltj.main' in `pre_linebreak_filter'.
Removing  `ltj.set_stack_level' from `hpack_filter'.
Removing  `luaotfload.node_processor' from `hpack_filter'.
Removing  `ltj.main' from `hpack_filter'.
Removing  `luaotfload.harf.finalize_hlist' from `hpack_filter'.
Removing  `ltj.create_dir_whatsit' from `hpack_filter'.
Inserting `ltj.adjust_icflag' in `hpack_filter'.
Inserting `ltj.set_stack_level' in `hpack_filter'.
Inserting `luaotfload.node_processor' in `hpack_filter'.
Inserting `ltj.main' in `hpack_filter'.
Inserting `luaotfload.harf.finalize_hlist' in `hpack_filter'.
Inserting `ltj.create_dir_whatsit' in `hpack_filter'. (/Users/pythagoras/Library/TinyTeX/texmf-dist/tex/luatex/luatexja/ltj-base.sty
Package: ltj-base 2021-03-16
\ltj@tempcntb=\count277
\ltj@tempcntc=\count278
\ltj@afbox=\box53
)
\ltj@@italic@inner=\luafunction29
\ltj@@start@time@measure@inner=\luafunction30
\ltj@@stop@time@measure@inner=\luafunction31
\ltj@@jfont@inner=\luafunction32
\ltj@zw@inner=\luafunction33
\ltj@zh@inner=\luafunction34
\ltj@reset@globaldefs@inner=\luafunction35
\ltj@restore@globaldefs@inner=\luafunction36
\ltj@@disihb@inner=\luafunction37
\ltj@@ihb@inner=\luafunction38
\ltj@@fakeparbegin@inner=\luafunction39
\ltj@@fakeboxbdd@inner=\luafunction40
\ltj@@ins@xk@inner=\luafunction41
\ltj@@ins@k@inner=\luafunction42
\ltjsetkanjiskip@inner=\luafunction43
\ltjsetxkanjiskip@inner=\luafunction44
\ltj@@getparam@one@inner=\luafunction45
\ltj@alljachar@inner=\luafunction46
\ltj@@lua@populate@insertwhatsit@inner=\luafunction47
\ltj@@vadjust@begin@inner=\luafunction48
\ltj@@vadjust@dirhook@inner=\luafunction49
\ltj@@vadjust@check@dir@inner=\luafunction50
\ltj@@box@dirhook@inner=\luafunction51
\ltj@@reset@badness@inner=\luafunction52
\ltj@@lua@raisebox@inner=\luafunction53
\ltj@@vsplit@inner=\luafunction54
\ltj@@lua@unboxcheckdir@inner=\luafunction55
\ltj@@lua@uncopycheckdir@inner=\luafunction56
\ltj@@lua@uncopy@restore@whatsit@inner=\luafunction57
(load cache: ltj-kinsoku_default.luc) (/Users/pythagoras/Library/TinyTeX/texmf-dist/tex/luatex/luatexja/ltj-latex.sty
Package: ltj-latex 2024-05-16 LaTeX support of LuaTeX-ja
Inserting `ltj.direction' in `pre_shipout_filter'. (/Users/pythagoras/Library/TinyTeX/texmf-dist/tex/luatex/luatexja/patches/lltjfont.sty
Package: lltjfont 2023-05-16 Patch to NFSS2 for LuaTeX-ja
\ltj@@latex@plv=\count279
 (/Users/pythagoras/Library/TinyTeX/texmf-dist/tex/latex/base/tuenc.def
File: tuenc.def 2021/04/29 v2.0v Standard LaTeX file
\@remove@tlig@@@=\luafunction58
LaTeX Font Info:    Redeclaring font encoding TU on input line 105.
)
\Cht=\dimen149
\cht=\dimen150
\Cdp=\dimen151
\cdp=\dimen152
\Cwd=\dimen153
\cwd=\dimen154
\Cvs=\dimen155
\cvs=\dimen156
\Chs=\dimen157
\chs=\dimen158
\cHT=\dimen159
\dstrutbox=\box54
\tstrutbox=\box55
\zstrutbox=\box56
LaTeX Info: Redefining \strut on input line 70.
\ltj@@add@fenc@@inner=\luafunction59
\ltj@@add@kyenc@@inner=\luafunction60
\ltj@@add@ktenc@@inner=\luafunction61
\ltj@@is@kyenc@@inner=\luafunction62
\ltj@@is@ktenc@@inner=\luafunction63
\ltj@@is@kenc@@inner=\luafunction64
\ltj@@is@ffam@@inner=\luafunction65
\ltj@@add@ffam@@inner=\luafunction66
\ltj@@add@kfam@@inner=\luafunction67
\ltj@@adjust@baseline@inner=\luafunction68
LaTeX Info: Redefining \fontencoding on input line 572.
LaTeX Info: Redefining \fontfamily on input line 615.
LaTeX Info: Redefining \fontseries on input line 769.
LaTeX Info: Redefining \fontseriesforce on input line 770.
LaTeX Info: Redefining \fontshape on input line 778.
LaTeX Info: Redefining \fontshapeforce on input line 789.
\ltj@@jfont@@jfmonly@@inner=\luafunction69
\ltj@@does@alt@set@@inner=\luafunction70
\ltj@@cipath@clear@inner=\luafunction71
) (/Users/pythagoras/Library/TinyTeX/texmf-dist/tex/luatex/luatexja/patches/lltjdefs.sty
Package: lltjdefs 2024-05-16 Default font settings of LuaTeX-ja
luaotfload | db : Font names database loaded from /Users/pythagoras/Library/TinyTeX/texmf-var/luatex-cache/generic/names/luaotfload-names.luc.gz(load cache: extra_lmroman10-regular.luc)
LaTeX Font Info:    Font shape `JT3/mc/m/n' will be
(Font)              scaled to size 9.6222pt on input line 69.

(/Users/pythagoras/Library/TinyTeX/texmf-dist/tex/luatex/luatexja/jfm-ujisv.lua)
LaTeX Font Info:    Font shape `JY3/mc/m/n' will be
(Font)              scaled to size 9.6222pt on input line 69.
(load cache: extra_haranoajimincho-regular.luc)
(/Users/pythagoras/Library/TinyTeX/texmf-dist/tex/luatex/luatexja/jfm-ujis.lua)
\symmincho=\mathgroup4
LaTeX Font Info:    Overwriting symbol font `mincho' in version `bold'
(Font)                  JY3/mc/m/n --> JY3/gt/m/n on input line 78.
) (/Users/pythagoras/Library/TinyTeX/texmf-dist/tex/luatex/luatexja/patches/lltjcore-241201.sty
Package: lltjcore-241201 2025-03-02 Patch to LaTeX2e Kernel for LuaTeX-ja
 (/Users/pythagoras/Library/TinyTeX/texmf-dist/tex/latex/l3kernel/expl3.sty
Package: expl3 2025-04-29 L3 programming layer (loader) 
 (/Users/pythagoras/Library/TinyTeX/texmf-dist/tex/latex/l3backend/l3backend-luatex.def
File: l3backend-luatex.def 2025-04-14 L3 backend support: PDF output (LuaTeX)
\l__color_backend_stack_int=\count280
Inserting `l3color' in `luaotfload.parse_color'.))
\@tombowwidth=\dimen160
\@TL=\box57
\@Tl=\box58
\@TC=\box59
\@TR=\box60
\@Tr=\box61
\@BL=\box62
\@Bl=\box63
\@BC=\box64
\@BR=\box65
\@Br=\box66
\@CL=\box67
\@CR=\box68
(load cache: extra_lmmono9-regular.luc)
\@bannertoken=\toks26
\@@paperheight=\dimen161
\@@paperwidth=\dimen162
\@@topmargin=\dimen163
LaTeX Info: Redefining \underline on input line 285.
) (/Users/pythagoras/Library/TinyTeX/texmf-dist/tex/luatex/luatexja/patches/lltjp-atbegshi.sty
Package: lltjp-atbegshi 2024-05-14 Patching \shipout hooks for LuaTeX-ja
\l__platex_shipout_dummy_box=\box69
) (/Users/pythagoras/Library/TinyTeX/texmf-dist/tex/luatex/luatexja/patches/lltjp-geometry.sty
Package: lltjp-geometry 2024-05-16 Patch to geometry for LuaTeX-ja with vertical writing mode
 (/Users/pythagoras/Library/TinyTeX/texmf-dist/tex/generic/iftex/ifluatex.sty
Package: ifluatex 2019/10/25 v1.5 ifluatex legacy package. Use iftex instead.
)))
\ltj@temp@cctb=\catcodetable16
) (/Users/pythagoras/Library/TinyTeX/texmf-dist/tex/luatex/luatexja/luatexja-compat.sty
Package: luatexja-compat 2020-08-08 Compatibility with pTeX
(load cache: ltj-jisx0208.luc)
\hour=\count281
\minute=\count282
))
\c@@paper=\count283
 (/Users/pythagoras/Library/TinyTeX/texmf-dist/tex/luatex/luatexja/ltjbk10.clo
File: ltjbk10.clo 2025-03-28 v1.8f-ltj-25 Standard LuaLaTeX-ja file (size option)
LaTeX Font Info:    Font shape `JY3/mc/m/n' will be
(Font)              scaled to size 9.6222pt on input line 35.
)
\c@part=\count284
\c@chapter=\count285
\c@section=\count286
\c@subsection=\count287
\c@subsubsection=\count288
\c@paragraph=\count289
\c@subparagraph=\count290
\c@figure=\count291
\c@table=\count292
\abovecaptionskip=\skip49
\belowcaptionskip=\skip50
LaTeX Font Info:    Redeclaring symbol font `mincho' on input line 736.
LaTeX Font Info:    Overwriting symbol font `mincho' in version `normal'
(Font)                  JY3/mc/m/n --> JY3/mc/m/n on input line 736.
LaTeX Font Info:    Overwriting symbol font `mincho' in version `bold'
(Font)                  JY3/gt/m/n --> JY3/mc/m/n on input line 736.
LaTeX Font Info:    Overwriting symbol font `mincho' in version `bold'
(Font)                  JY3/mc/m/n --> JY3/gt/m/n on input line 738.
LaTeX Font Info:    Redeclaring math alphabet \mathgt on input line 740.
LaTeX Font Info:    Overwriting math alphabet `\mathgt' in version `normal'
(Font)                  JY3/gt/m/n --> JY3/gt/m/n on input line 740.
LaTeX Font Info:    Overwriting math alphabet `\mathgt' in version `bold'
(Font)                  JY3/gt/m/n --> JY3/gt/m/n on input line 740.
LaTeX Info: Redefining \mc on input line 749.
LaTeX Info: Redefining \gt on input line 750.
\toclineskip=\dimen164
\@lnumwidth=\dimen165
\bibindent=\dimen166
\heisei=\count293
 (/Users/pythagoras/Library/TinyTeX/texmf-dist/tex/latex/sttools/stfloats.sty
Package: stfloats 2017/03/27 v3.3 Improve float mechanism and baselineskip settings
\@dblbotnum=\count294
\c@dblbotnumber=\count295
) (/Users/pythagoras/Library/TinyTeX/texmf-dist/tex/luatex/luatexja/patches/lltjp-stfloats.sty)) (/Users/pythagoras/Library/TinyTeX/texmf-dist/tex/latex/docmute/docmute.sty
Package: docmute 2012/03/22 v1.4 Input stand-alone documents
) (../../myStyle.sty (/Users/pythagoras/Library/TinyTeX/texmf-dist/tex/latex/biblatex/biblatex.sty
Package: biblatex 2024/03/21 v3.20 programmable bibliographies (PK/MW)
 (/Users/pythagoras/Library/TinyTeX/texmf-dist/tex/latex/kvoptions/kvoptions.sty
Package: kvoptions 2022-06-15 v3.15 Key value format for package options (HO)
 (/Users/pythagoras/Library/TinyTeX/texmf-dist/tex/latex/kvsetkeys/kvsetkeys.sty
Package: kvsetkeys 2022-10-05 v1.19 Key value parser (HO)
)) (/Users/pythagoras/Library/TinyTeX/texmf-dist/tex/latex/logreq/logreq.sty
Package: logreq 2010/08/04 v1.0 xml request logger
\lrq@indent=\count296
 (/Users/pythagoras/Library/TinyTeX/texmf-dist/tex/latex/logreq/logreq.def
File: logreq.def 2010/08/04 v1.0 logreq spec v1.0
)) (/Users/pythagoras/Library/TinyTeX/texmf-dist/tex/latex/base/ifthen.sty
Package: ifthen 2024/03/16 v1.1e Standard LaTeX ifthen package (DPC)
) (/Users/pythagoras/Library/TinyTeX/texmf-dist/tex/latex/url/url.sty
\Urlmuskip=\muskip17
Package: url 2013/09/16  ver 3.4  Verb mode for urls, etc.
)
\c@tabx@nest=\count297
\c@listtotal=\count298
\c@listcount=\count299
\c@liststart=\count300
\c@liststop=\count301
\c@citecount=\count302
\c@citetotal=\count303
\c@multicitecount=\count304
\c@multicitetotal=\count305
\c@instcount=\count306
\c@maxnames=\count307
\c@minnames=\count308
\c@maxitems=\count309
\c@minitems=\count310
\c@citecounter=\count311
\c@maxcitecounter=\count312
\c@savedcitecounter=\count313
\c@uniquelist=\count314
\c@uniquename=\count315
\c@refsection=\count316
\c@refsegment=\count317
\c@maxextratitle=\count318
\c@maxextratitleyear=\count319
\c@maxextraname=\count320
\c@maxextradate=\count321
\c@maxextraalpha=\count322
\c@abbrvpenalty=\count323
\c@highnamepenalty=\count324
\c@lownamepenalty=\count325
\c@maxparens=\count326
\c@parenlevel=\count327
\blx@tempcnta=\count328
\blx@tempcntb=\count329
\blx@tempcntc=\count330
\c@blx@maxsection=\count331
\blx@maxsegment@0=\count332
\blx@notetype=\count333
\blx@parenlevel@text=\count334
\blx@parenlevel@foot=\count335
\blx@sectionciteorder@0=\count336
\blx@sectionciteorderinternal@0=\count337
\blx@entrysetcounter=\count338
\blx@biblioinstance=\count339
\labelnumberwidth=\skip51
\labelalphawidth=\skip52
\biblabelsep=\skip53
\bibitemsep=\skip54
\bibnamesep=\skip55
\bibinitsep=\skip56
\bibparsep=\skip57
\bibhang=\skip58
\blx@bcfin=\read2
\blx@bcfout=\write3
\blx@langwohyphens=\language3
\c@mincomprange=\count340
\c@maxcomprange=\count341
\c@mincompwidth=\count342
Package biblatex Info: Trying to load biblatex default data model...
Package biblatex Info: ... file 'blx-dm.def' found.
 (/Users/pythagoras/Library/TinyTeX/texmf-dist/tex/latex/biblatex/blx-dm.def
File: blx-dm.def 2024/03/21 v3.20 biblatex datamodel (PK/MW)
)
Package biblatex Info: Trying to load biblatex style data model...
Package biblatex Info: ... file '../../jpa.dbx' found.
 (../../jpa.dbx
File: jpa.dbx 2022/06/22 v9.16 APA biblatex style data model
)
Package biblatex Info: Trying to load biblatex custom data model...
Package biblatex Info: ... file 'biblatex-dm.cfg' not found.
\c@afterword=\count343
\c@savedafterword=\count344
\c@annotator=\count345
\c@savedannotator=\count346
\c@author=\count347
\c@savedauthor=\count348
\c@bookauthor=\count349
\c@savedbookauthor=\count350
\c@commentator=\count351
\c@savedcommentator=\count352
\c@editor=\count353
\c@savededitor=\count354
\c@editora=\count355
\c@savededitora=\count356
\c@editorb=\count357
\c@savededitorb=\count358
\c@editorc=\count359
\c@savededitorc=\count360
\c@foreword=\count361
\c@savedforeword=\count362
\c@holder=\count363
\c@savedholder=\count364
\c@introduction=\count365
\c@savedintroduction=\count366
\c@namea=\count367
\c@savednamea=\count368
\c@nameb=\count369
\c@savednameb=\count370
\c@namec=\count371
\c@savednamec=\count372
\c@translator=\count373
\c@savedtranslator=\count374
\c@shortauthor=\count375
\c@savedshortauthor=\count376
\c@shorteditor=\count377
\c@savedshorteditor=\count378
\c@origauthor=\count379
\c@savedorigauthor=\count380
\c@translatora=\count381
\c@savedtranslatora=\count382
\c@labelname=\count383
\c@savedlabelname=\count384
\c@institution=\count385
\c@savedinstitution=\count386
\c@lista=\count387
\c@savedlista=\count388
\c@listb=\count389
\c@savedlistb=\count390
\c@listc=\count391
\c@savedlistc=\count392
\c@listd=\count393
\c@savedlistd=\count394
\c@liste=\count395
\c@savedliste=\count396
\c@listf=\count397
\c@savedlistf=\count398
\c@location=\count399
\c@savedlocation=\count400
\c@organization=\count401
\c@savedorganization=\count402
\c@origlocation=\count403
\c@savedoriglocation=\count404
\c@origpublisher=\count405
\c@savedorigpublisher=\count406
\c@publisher=\count407
\c@savedpublisher=\count408
\c@language=\count409
\c@savedlanguage=\count410
\c@origlanguage=\count411
\c@savedoriglanguage=\count412
\c@pageref=\count413
\c@savedpageref=\count414
\shorthandwidth=\skip59
\shortjournalwidth=\skip60
\shortserieswidth=\skip61
\shorttitlewidth=\skip62
\shortauthorwidth=\skip63
\shorteditorwidth=\skip64
\origauthorwidth=\skip65
\translatorawidth=\skip66
\locallabelnumberwidth=\skip67
\locallabelalphawidth=\skip68
\localshorthandwidth=\skip69
\localshortjournalwidth=\skip70
\localshortserieswidth=\skip71
\localshorttitlewidth=\skip72
\localshortauthorwidth=\skip73
\localshorteditorwidth=\skip74
\localorigauthorwidth=\skip75
\localtranslatorawidth=\skip76
Package biblatex Info: Trying to load enhanced support for Unicode engines...
Package biblatex Info: ... file 'blx-unicode.def' found.
 (/Users/pythagoras/Library/TinyTeX/texmf-dist/tex/latex/biblatex/blx-unicode.def)
Package biblatex Info: Trying to load compatibility code...
Package biblatex Info: ... file 'blx-compat.def' found.
 (/Users/pythagoras/Library/TinyTeX/texmf-dist/tex/latex/biblatex/blx-compat.def
File: blx-compat.def 2024/03/21 v3.20 biblatex compatibility (PK/MW)
)
Package biblatex Info: Trying to load generic definitions...
Package biblatex Info: ... file 'biblatex.def' found.
 (/Users/pythagoras/Library/TinyTeX/texmf-dist/tex/latex/biblatex/biblatex.def
File: biblatex.def 2024/03/21 v3.20 biblatex compatibility (PK/MW)
\c@textcitecount=\count415
\c@textcitetotal=\count416
\c@textcitemaxnames=\count417
\c@biburlbigbreakpenalty=\count418
\c@biburlbreakpenalty=\count419
\c@biburlnumpenalty=\count420
\c@biburlucpenalty=\count421
\c@biburllcpenalty=\count422
\biburlbigskip=\muskip18
\biburlnumskip=\muskip19
\biburlucskip=\muskip20
\biburllcskip=\muskip21
\c@smartand=\count423
)
Package biblatex Info: Trying to load bibliography style '../../jpa'...
Package biblatex Info: ... file '../../jpa.bbx' found.
 (../../jpa.bbx
File: jpa.bbx 2022/11/24 v0.1 日本心理学会 2022年版文献スタイル
Package biblatex Info: Trying to load bibliography style 'authoryear'...
Package biblatex Info: ... file 'authoryear.bbx' found.
 (/Users/pythagoras/Library/TinyTeX/texmf-dist/tex/latex/biblatex/bbx/authoryear.bbx
File: authoryear.bbx 2024/03/21 v3.20 biblatex bibliography style (PK/MW)
Package biblatex Info: Trying to load bibliography style 'standard'...
Package biblatex Info: ... file 'standard.bbx' found.
 (/Users/pythagoras/Library/TinyTeX/texmf-dist/tex/latex/biblatex/bbx/standard.bbx
File: standard.bbx 2024/03/21 v3.20 biblatex bibliography style (PK/MW)
\c@bbx:relatedcount=\count424
\c@bbx:relatedtotal=\count425
))
\maxprtnames=\count426
)
Package biblatex Info: Trying to load citation style '../../jpa'...
Package biblatex Info: ... file '../../jpa.cbx' found.
 (../../jpa.cbx
File: jpa.cbx 2022/11/30 v1.0 JPA biblatex citation style
Package biblatex Info: Trying to load citation style 'authoryear-comp'...
Package biblatex Info: ... file 'authoryear-comp.cbx' found.
 (/Users/pythagoras/Library/TinyTeX/texmf-dist/tex/latex/biblatex/cbx/authoryear-comp.cbx
File: authoryear-comp.cbx 2024/03/21 v3.20 biblatex citation style (PK/MW)
Package biblatex Info: Redefining '\cite'.
Package biblatex Info: Redefining '\parencite'.
Package biblatex Info: Redefining '\footcite'.
Package biblatex Info: Redefining '\footcitetext'.
Package biblatex Info: Redefining '\smartcite'.
Package biblatex Info: Redefining '\textcite'.
Package biblatex Info: Redefining '\textcites'.
Package biblatex Info: Redefining '\cites'.
Package biblatex Info: Redefining '\parencites'.
Package biblatex Info: Redefining '\footcites'.
Package biblatex Info: Redefining '\footcitetexts'.
Package biblatex Info: Redefining '\smartcites'.
)
Package biblatex Info: Delimiter 'nameyeardelim' in context '' already defined, overwriting.
)
Package biblatex Info: Trying to load configuration file...
Package biblatex Info: ... file 'biblatex.cfg' found.
 (/Users/pythagoras/Library/TinyTeX/texmf-dist/tex/latex/biblatex/biblatex.cfg
File: biblatex.cfg 
)
Package biblatex Info: LuaTeX detected.
(biblatex)             Assuming input encoding 'utf8'.
Package biblatex Info: Document encoding is UTF8 ....
Package biblatex Info: ... and expl3
(biblatex)             2025-04-29 L3 programming layer (loader) 
(biblatex)             is new enough (at least 2020/04/06),
(biblatex)             setting 'casechanger=expl3'.
 (/Users/pythagoras/Library/TinyTeX/texmf-dist/tex/latex/biblatex/blx-case-expl3.sty (/Users/pythagoras/Library/TinyTeX/texmf-dist/tex/latex/l3packages/xparse/xparse.sty
Package: xparse 2024-08-16 L3 Experimental document command parser
)
Package: blx-case-expl3 2024/03/21 v3.20 expl3 case changing code for biblatex
)) (/Users/pythagoras/Library/TinyTeX/texmf-dist/tex/latex/bxpapersize/bxpapersize.sty
Package: bxpapersize 2022/04/28 v0.6
 (/Users/pythagoras/Library/TinyTeX/texmf-dist/tex/generic/iftex/ifpdf.sty
Package: ifpdf 2019/10/25 v3.4 ifpdf legacy package. Use iftex instead.
) (/Users/pythagoras/Library/TinyTeX/texmf-dist/tex/generic/iftex/ifxetex.sty
Package: ifxetex 2019/10/25 v0.7 ifxetex legacy package. Use iftex instead.
) (/Users/pythagoras/Library/TinyTeX/texmf-dist/tex/generic/iftex/ifvtex.sty
Package: ifvtex 2019/10/25 v1.7 ifvtex legacy package. Use iftex instead.
) (/Users/pythagoras/Library/TinyTeX/texmf-dist/tex/generic/ifptex/ifptex.sty
Package: ifptex 2023/04/08 v2.2c pTeX checker
)
\bxpr@dima=\dimen167
Package bxpapersize Info: Detected the new LaTeX kernel (2020-10-01).
 (/Users/pythagoras/Library/TinyTeX/texmf-dist/tex/latex/base/atbegshi-ltx.sty
Package: atbegshi-ltx 2021/01/10 v1.0c Emulation of the original atbegshi
package with kernel methods
)) (/Users/pythagoras/Library/TinyTeX/texmf-dist/tex/latex/geometry/geometry.sty
Package: geometry 2020/01/02 v5.9 Page Geometry
\Gm@cnth=\count427
\Gm@cntv=\count428
\c@Gm@tempcnt=\count429
\Gm@bindingoffset=\dimen168
\Gm@wd@mp=\dimen169
\Gm@odd@mp=\dimen170
\Gm@even@mp=\dimen171
\Gm@layoutwidth=\dimen172
\Gm@layoutheight=\dimen173
\Gm@layouthoffset=\dimen174
\Gm@layoutvoffset=\dimen175
\Gm@dimlist=\toks27
) (/Users/pythagoras/Library/TinyTeX/texmf-dist/tex/latex/amsmath/amsmath.sty
Package: amsmath 2024/11/05 v2.17t AMS math features
\@mathmargin=\skip77

For additional information on amsmath, use the `?' option.
(/Users/pythagoras/Library/TinyTeX/texmf-dist/tex/latex/amsmath/amstext.sty
Package: amstext 2021/08/26 v2.01 AMS text
 (/Users/pythagoras/Library/TinyTeX/texmf-dist/tex/latex/amsmath/amsgen.sty
File: amsgen.sty 1999/11/30 v2.0 generic functions
\@emptytoks=\toks28
\ex@=\dimen176
)) (/Users/pythagoras/Library/TinyTeX/texmf-dist/tex/latex/amsmath/amsbsy.sty
Package: amsbsy 1999/11/29 v1.2d Bold Symbols
\pmbraise@=\dimen177
) (/Users/pythagoras/Library/TinyTeX/texmf-dist/tex/latex/amsmath/amsopn.sty
Package: amsopn 2022/04/08 v2.04 operator names
)
\inf@bad=\count430
LaTeX Info: Redefining \frac on input line 235.
\uproot@=\count431
\leftroot@=\count432
LaTeX Info: Redefining \overline on input line 398.
LaTeX Info: Redefining \colon on input line 409.
\classnum@=\count433
\DOTSCASE@=\count434
LaTeX Info: Redefining \ldots on input line 495.
LaTeX Info: Redefining \dots on input line 498.
LaTeX Info: Redefining \cdots on input line 619.
\Mathstrutbox@=\box70
\strutbox@=\box71
LaTeX Info: Redefining \big on input line 721.
LaTeX Info: Redefining \Big on input line 722.
LaTeX Info: Redefining \bigg on input line 723.
LaTeX Info: Redefining \Bigg on input line 724.
\big@size=\dimen178
LaTeX Font Info:    Redeclaring font encoding OML on input line 742.
LaTeX Font Info:    Redeclaring font encoding OMS on input line 743.
\macc@depth=\count435
LaTeX Info: Redefining \bmod on input line 904.
LaTeX Info: Redefining \pmod on input line 909.
LaTeX Info: Redefining \smash on input line 939.
LaTeX Info: Redefining \relbar on input line 969.
LaTeX Info: Redefining \Relbar on input line 970.
\c@MaxMatrixCols=\count436
\dotsspace@=\muskip22
\c@parentequation=\count437
\dspbrk@lvl=\count438
\tag@help=\toks29
\row@=\count439
\column@=\count440
\maxfields@=\count441
\andhelp@=\toks30
\eqnshift@=\dimen179
\alignsep@=\dimen180
\tagshift@=\dimen181
\tagwidth@=\dimen182
\totwidth@=\dimen183
\lineht@=\dimen184
\@envbody=\toks31
\multlinegap=\skip78
\multlinetaggap=\skip79
\mathdisplay@stack=\toks32
LaTeX Info: Redefining \[ on input line 2953.
LaTeX Info: Redefining \] on input line 2954.
) (/Users/pythagoras/Library/TinyTeX/texmf-dist/tex/latex/amsfonts/amssymb.sty
Package: amssymb 2013/01/14 v3.01 AMS font symbols
 (/Users/pythagoras/Library/TinyTeX/texmf-dist/tex/latex/amsfonts/amsfonts.sty
Package: amsfonts 2013/01/14 v3.01 Basic AMSFonts support
\symAMSa=\mathgroup5
\symAMSb=\mathgroup6
LaTeX Font Info:    Redeclaring math symbol \hbar on input line 98.
LaTeX Font Info:    Overwriting math alphabet `\mathfrak' in version `bold'
(Font)                  U/euf/m/n --> U/euf/b/n on input line 106.
)) (/Users/pythagoras/Library/TinyTeX/texmf-dist/tex/latex/graphics/graphicx.sty
Package: graphicx 2021/09/16 v1.2d Enhanced LaTeX Graphics (DPC,SPQR)
 (/Users/pythagoras/Library/TinyTeX/texmf-dist/tex/latex/graphics/graphics.sty
Package: graphics 2024/08/06 v1.4g Standard LaTeX Graphics (DPC,SPQR)
 (/Users/pythagoras/Library/TinyTeX/texmf-dist/tex/latex/graphics/trig.sty
Package: trig 2023/12/02 v1.11 sin cos tan (DPC)
) (/Users/pythagoras/Library/TinyTeX/texmf-dist/tex/latex/graphics-cfg/graphics.cfg
File: graphics.cfg 2016/06/04 v1.11 sample graphics configuration
)
Package graphics Info: Driver file: luatex.def on input line 106.
 (/Users/pythagoras/Library/TinyTeX/texmf-dist/tex/latex/graphics-def/luatex.def
File: luatex.def 2024/04/13 v1.2e Graphics/color driver for luatex
))
\Gin@req@height=\dimen185
\Gin@req@width=\dimen186
) (/Users/pythagoras/Library/TinyTeX/texmf-dist/tex/latex/lineno/lineno.sty
Package: lineno 2025/05/13 line numbers on paragraphs v5.5
\linenopenalty=\count442
\output=\toks33
\linenoprevgraf=\count443
\linenumbersep=\dimen187
\linenumberwidth=\dimen188
\c@linenumber=\count444
\c@pagewiselinenumber=\count445
\c@LN@truepage=\count446
\c@internallinenumber=\count447
\c@internallinenumbers=\count448
\quotelinenumbersep=\dimen189
\bframerule=\dimen190
\bframesep=\dimen191
\bframebox=\box72
\@LN@amsmath@ams@eqpen=\count449
) (/Users/pythagoras/Library/TinyTeX/texmf-dist/tex/latex/graphics/lscape.sty
Package: lscape 2020/05/28 v3.02 Landscape Pages (DPC)
) (/Users/pythagoras/Library/TinyTeX/texmf-dist/tex/luatex/luatexja/addons/luatexja-ruby.sty
Package: luatexja-ruby 2024-09-09 v0.7
\ltj@rubyattr=\attribute25
Lua module: luatexja.ruby 2024-09-06 Ruby annotation
Custom whatsit ruby_pre = 7
Custom whatsit ruby_post = 8
Inserting `ltj.ruby.pre' in `pre_linebreak_filter'.
Inserting `ltj.ruby.post_break' in `post_linebreak_filter'.
Inserting `ltj.ruby' in `hpack_filter'.
Removing  `luatexja.beginpar.np_info' from `luatexja.jfmglue.whatsit_getinfo'.
Inserting `luatexja.ruby.np_info' in `luatexja.jfmglue.whatsit_getinfo'.
Inserting `luatexja.beginpar.np_info' in `luatexja.jfmglue.whatsit_getinfo'.
Removing  `luatexja.beginpar.np_info_after' from `luatexja.jfmglue.whatsit_after'.
Inserting `luatexja.ruby.np_info_after' in `luatexja.jfmglue.whatsit_after'.
Inserting `luatexja.beginpar.np_info_after' in `luatexja.jfmglue.whatsit_after'.
Inserting `luatexja.ruby.np_info_last_minute' in `luatexja.jfmglue.whatsit_last_minute'.) (/Users/pythagoras/Library/TinyTeX/texmf-dist/tex/latex/epsdice/epsdice.sty
Package: epsdice 2007/02/15 by Thomas Heim (v. 2.1)
 (/Users/pythagoras/Library/TinyTeX/texmf-dist/tex/latex/epsdice/epsdice.cfg)
\c@eps@face=\count450
) (/Users/pythagoras/Library/TinyTeX/texmf-dist/tex/latex/fancyvrb/fancyvrb.sty
Package: fancyvrb 2024/01/20 4.5c verbatim text (tvz,hv)
\FV@CodeLineNo=\count451
\FV@InFile=\read3
\FV@TabBox=\box73
\c@FancyVerbLine=\count452
\FV@StepNumber=\count453
\FV@OutFile=\write4
) (/Users/pythagoras/Library/TinyTeX/texmf-dist/tex/generic/ulem/ulem.sty
\UL@box=\box74
\UL@hyphenbox=\box75
\UL@skip=\skip80
\UL@hook=\toks34
\UL@height=\dimen192
\UL@pe=\count454
\UL@pixel=\dimen193
\ULC@box=\box76
Package: ulem 2019/11/18
\ULdepth=\dimen194
) (/Users/pythagoras/Library/TinyTeX/texmf-dist/tex/latex/tools/bm.sty
Package: bm 2023/12/19 v1.2f Bold Symbol Support (DPC/FMi)
\symboldoperators=\mathgroup7
\symboldletters=\mathgroup8
\symboldsymbols=\mathgroup9
Package bm Info: No bold for \OMX/cmex/m/n, using \pmb.
\symboldmincho=\mathgroup10
Package bm Info: No bold for \U/msa/m/n, using \pmb.
Package bm Info: No bold for \U/msb/m/n, using \pmb.
LaTeX Font Info:    Redeclaring math alphabet \mathbf on input line 149.
) (/Users/pythagoras/Library/TinyTeX/texmf-dist/tex/latex/pdfpages/pdfpages.sty
Package: pdfpages 2025/03/12 v0.6f Insert pages of external PDF documents (AM)
 (/Users/pythagoras/Library/TinyTeX/texmf-dist/tex/latex/tools/calc.sty
Package: calc 2023/07/08 v4.3 Infix arithmetic (KKT,FJ)
\calc@Acount=\count455
\calc@Bcount=\count456
\calc@Adimen=\dimen195
\calc@Bdimen=\dimen196
\calc@Askip=\skip81
\calc@Bskip=\skip82
LaTeX Info: Redefining \setlength on input line 80.
LaTeX Info: Redefining \addtolength on input line 81.
\calc@Ccount=\count457
\calc@Cskip=\skip83
) (/Users/pythagoras/Library/TinyTeX/texmf-dist/tex/latex/eso-pic/eso-pic.sty
Package: eso-pic 2023/05/03 v3.0c eso-pic (RN)
\ESO@tempdima=\dimen197
\ESO@tempdimb=\dimen198
 (/Users/pythagoras/Library/TinyTeX/texmf-dist/tex/latex/xcolor/xcolor.sty
Package: xcolor 2024/09/29 v3.02 LaTeX color extensions (UK)
 (/Users/pythagoras/Library/TinyTeX/texmf-dist/tex/latex/graphics-cfg/color.cfg
File: color.cfg 2016/01/02 v1.6 sample color configuration
)
Package xcolor Info: Driver file: luatex.def on input line 274.
 (/Users/pythagoras/Library/TinyTeX/texmf-dist/tex/latex/graphics/mathcolor.ltx)
Package xcolor Info: Model `cmy' substituted by `cmy0' on input line 1349.
Package xcolor Info: Model `hsb' substituted by `rgb' on input line 1353.
Package xcolor Info: Model `RGB' extended on input line 1365.
Package xcolor Info: Model `HTML' substituted by `rgb' on input line 1367.
Package xcolor Info: Model `Hsb' substituted by `hsb' on input line 1368.
Package xcolor Info: Model `tHsb' substituted by `hsb' on input line 1369.
Package xcolor Info: Model `HSB' substituted by `hsb' on input line 1370.
Package xcolor Info: Model `Gray' substituted by `gray' on input line 1371.
Package xcolor Info: Model `wave' substituted by `hsb' on input line 1372.
))
\AM@pagewidth=\dimen199
\AM@pageheight=\dimen256
\AM@fboxrule=\dimen257
 (/Users/pythagoras/Library/TinyTeX/texmf-dist/tex/latex/pdfpages/ppluatex.def
File: ppluatex.def 2025/03/12 v0.6f Pdfpages driver for LuaTeX (AM)
)
\pdfpages@includegraphics@status=\count458
\AM@pagebox=\box77
\AM@global@opts=\toks35
\AM@pagecnt=\count459
\AM@toc@title=\toks36
\AM@lof@heading=\toks37
\c@AM@survey=\count460
\AM@templatesizebox=\box78
) (/Users/pythagoras/Library/TinyTeX/texmf-dist/tex/latex/wrapfig/wrapfig.sty
\wrapoverhang=\dimen258
\WF@size=\dimen259
\c@WF@wrappedlines=\count461
\WF@box=\box79
\WF@everypar=\toks38
Package: wrapfig 2003/01/31  v 3.6
) (/Users/pythagoras/Library/TinyTeX/texmf-dist/tex/latex/multirow/multirow.sty
Package: multirow 2024/11/12 v2.9 Span multiple rows of a table
\multirow@colwidth=\skip84
\multirow@cntb=\count462
\multirow@dima=\skip85
\bigstrutjot=\dimen260
) (/Users/pythagoras/Library/TinyTeX/texmf-dist/tex/latex/pgf/frontendlayer/tikz.sty (/Users/pythagoras/Library/TinyTeX/texmf-dist/tex/latex/pgf/basiclayer/pgf.sty (/Users/pythagoras/Library/TinyTeX/texmf-dist/tex/latex/pgf/utilities/pgfrcs.sty (/Users/pythagoras/Library/TinyTeX/texmf-dist/tex/generic/pgf/utilities/pgfutil-common.tex
\pgfutil@everybye=\toks39
\pgfutil@tempdima=\dimen261
\pgfutil@tempdimb=\dimen262
) (/Users/pythagoras/Library/TinyTeX/texmf-dist/tex/generic/pgf/utilities/pgfutil-latex.def
\pgfutil@abb=\box80
) (/Users/pythagoras/Library/TinyTeX/texmf-dist/tex/generic/pgf/utilities/pgfrcs.code.tex (/Users/pythagoras/Library/TinyTeX/texmf-dist/tex/generic/pgf/pgf.revision.tex)
Package: pgfrcs 2023-01-15 v3.1.10 (3.1.10)
))
Package: pgf 2023-01-15 v3.1.10 (3.1.10)
 (/Users/pythagoras/Library/TinyTeX/texmf-dist/tex/latex/pgf/basiclayer/pgfcore.sty (/Users/pythagoras/Library/TinyTeX/texmf-dist/tex/latex/pgf/systemlayer/pgfsys.sty (/Users/pythagoras/Library/TinyTeX/texmf-dist/tex/generic/pgf/systemlayer/pgfsys.code.tex
Package: pgfsys 2023-01-15 v3.1.10 (3.1.10)
 (/Users/pythagoras/Library/TinyTeX/texmf-dist/tex/generic/pgf/utilities/pgfkeys.code.tex
\pgfkeys@pathtoks=\toks40
\pgfkeys@temptoks=\toks41
 (/Users/pythagoras/Library/TinyTeX/texmf-dist/tex/generic/pgf/utilities/pgfkeyslibraryfiltered.code.tex
\pgfkeys@tmptoks=\toks42
))
\pgf@x=\dimen263
\pgf@y=\dimen264
\pgf@xa=\dimen265
\pgf@ya=\dimen266
\pgf@xb=\dimen267
\pgf@yb=\dimen268
\pgf@xc=\dimen269
\pgf@yc=\dimen270
\pgf@xd=\dimen271
\pgf@yd=\dimen272
\w@pgf@writea=\write5
\r@pgf@reada=\read4
\c@pgf@counta=\count463
\c@pgf@countb=\count464
\c@pgf@countc=\count465
\c@pgf@countd=\count466
\t@pgf@toka=\toks43
\t@pgf@tokb=\toks44
\t@pgf@tokc=\toks45
\pgf@sys@id@count=\count467
 (/Users/pythagoras/Library/TinyTeX/texmf-dist/tex/generic/pgf/systemlayer/pgf.cfg
File: pgf.cfg 2023-01-15 v3.1.10 (3.1.10)
)
Driver file for pgf: pgfsys-luatex.def
 (/Users/pythagoras/Library/TinyTeX/texmf-dist/tex/generic/pgf/systemlayer/pgfsys-luatex.def
File: pgfsys-luatex.def 2023-01-15 v3.1.10 (3.1.10)
 (/Users/pythagoras/Library/TinyTeX/texmf-dist/tex/generic/pgf/systemlayer/pgfsys-common-pdf.def
File: pgfsys-common-pdf.def 2023-01-15 v3.1.10 (3.1.10)
))) (/Users/pythagoras/Library/TinyTeX/texmf-dist/tex/generic/pgf/systemlayer/pgfsyssoftpath.code.tex
File: pgfsyssoftpath.code.tex 2023-01-15 v3.1.10 (3.1.10)
\pgfsyssoftpath@smallbuffer@items=\count468
\pgfsyssoftpath@bigbuffer@items=\count469
) (/Users/pythagoras/Library/TinyTeX/texmf-dist/tex/generic/pgf/systemlayer/pgfsysprotocol.code.tex
File: pgfsysprotocol.code.tex 2023-01-15 v3.1.10 (3.1.10)
)) (/Users/pythagoras/Library/TinyTeX/texmf-dist/tex/generic/pgf/basiclayer/pgfcore.code.tex
Package: pgfcore 2023-01-15 v3.1.10 (3.1.10)
 (/Users/pythagoras/Library/TinyTeX/texmf-dist/tex/generic/pgf/math/pgfmath.code.tex (/Users/pythagoras/Library/TinyTeX/texmf-dist/tex/generic/pgf/math/pgfmathutil.code.tex) (/Users/pythagoras/Library/TinyTeX/texmf-dist/tex/generic/pgf/math/pgfmathparser.code.tex
\pgfmath@dimen=\dimen273
\pgfmath@count=\count470
\pgfmath@box=\box81
\pgfmath@toks=\toks46
\pgfmath@stack@operand=\toks47
\pgfmath@stack@operation=\toks48
) (/Users/pythagoras/Library/TinyTeX/texmf-dist/tex/generic/pgf/math/pgfmathfunctions.code.tex) (/Users/pythagoras/Library/TinyTeX/texmf-dist/tex/generic/pgf/math/pgfmathfunctions.basic.code.tex) (/Users/pythagoras/Library/TinyTeX/texmf-dist/tex/generic/pgf/math/pgfmathfunctions.trigonometric.code.tex) (/Users/pythagoras/Library/TinyTeX/texmf-dist/tex/generic/pgf/math/pgfmathfunctions.random.code.tex) (/Users/pythagoras/Library/TinyTeX/texmf-dist/tex/generic/pgf/math/pgfmathfunctions.comparison.code.tex) (/Users/pythagoras/Library/TinyTeX/texmf-dist/tex/generic/pgf/math/pgfmathfunctions.base.code.tex) (/Users/pythagoras/Library/TinyTeX/texmf-dist/tex/generic/pgf/math/pgfmathfunctions.round.code.tex) (/Users/pythagoras/Library/TinyTeX/texmf-dist/tex/generic/pgf/math/pgfmathfunctions.misc.code.tex) (/Users/pythagoras/Library/TinyTeX/texmf-dist/tex/generic/pgf/math/pgfmathfunctions.integerarithmetics.code.tex) (/Users/pythagoras/Library/TinyTeX/texmf-dist/tex/generic/pgf/math/pgfmathcalc.code.tex) (/Users/pythagoras/Library/TinyTeX/texmf-dist/tex/generic/pgf/math/pgfmathfloat.code.tex
\c@pgfmathroundto@lastzeros=\count471
)) (/Users/pythagoras/Library/TinyTeX/texmf-dist/tex/generic/pgf/math/pgfint.code.tex) (/Users/pythagoras/Library/TinyTeX/texmf-dist/tex/generic/pgf/basiclayer/pgfcorepoints.code.tex
File: pgfcorepoints.code.tex 2023-01-15 v3.1.10 (3.1.10)
\pgf@picminx=\dimen274
\pgf@picmaxx=\dimen275
\pgf@picminy=\dimen276
\pgf@picmaxy=\dimen277
\pgf@pathminx=\dimen278
\pgf@pathmaxx=\dimen279
\pgf@pathminy=\dimen280
\pgf@pathmaxy=\dimen281
\pgf@xx=\dimen282
\pgf@xy=\dimen283
\pgf@yx=\dimen284
\pgf@yy=\dimen285
\pgf@zx=\dimen286
\pgf@zy=\dimen287
) (/Users/pythagoras/Library/TinyTeX/texmf-dist/tex/generic/pgf/basiclayer/pgfcorepathconstruct.code.tex
File: pgfcorepathconstruct.code.tex 2023-01-15 v3.1.10 (3.1.10)
\pgf@path@lastx=\dimen288
\pgf@path@lasty=\dimen289
) (/Users/pythagoras/Library/TinyTeX/texmf-dist/tex/generic/pgf/basiclayer/pgfcorepathusage.code.tex
File: pgfcorepathusage.code.tex 2023-01-15 v3.1.10 (3.1.10)
\pgf@shorten@end@additional=\dimen290
\pgf@shorten@start@additional=\dimen291
) (/Users/pythagoras/Library/TinyTeX/texmf-dist/tex/generic/pgf/basiclayer/pgfcorescopes.code.tex
File: pgfcorescopes.code.tex 2023-01-15 v3.1.10 (3.1.10)
\pgfpic=\box82
\pgf@hbox=\box83
\pgf@layerbox@main=\box84
\pgf@picture@serial@count=\count472
) (/Users/pythagoras/Library/TinyTeX/texmf-dist/tex/generic/pgf/basiclayer/pgfcoregraphicstate.code.tex
File: pgfcoregraphicstate.code.tex 2023-01-15 v3.1.10 (3.1.10)
\pgflinewidth=\dimen292
) (/Users/pythagoras/Library/TinyTeX/texmf-dist/tex/generic/pgf/basiclayer/pgfcoretransformations.code.tex
File: pgfcoretransformations.code.tex 2023-01-15 v3.1.10 (3.1.10)
\pgf@pt@x=\dimen293
\pgf@pt@y=\dimen294
\pgf@pt@temp=\dimen295
) (/Users/pythagoras/Library/TinyTeX/texmf-dist/tex/generic/pgf/basiclayer/pgfcorequick.code.tex
File: pgfcorequick.code.tex 2023-01-15 v3.1.10 (3.1.10)
) (/Users/pythagoras/Library/TinyTeX/texmf-dist/tex/generic/pgf/basiclayer/pgfcoreobjects.code.tex
File: pgfcoreobjects.code.tex 2023-01-15 v3.1.10 (3.1.10)
) (/Users/pythagoras/Library/TinyTeX/texmf-dist/tex/generic/pgf/basiclayer/pgfcorepathprocessing.code.tex
File: pgfcorepathprocessing.code.tex 2023-01-15 v3.1.10 (3.1.10)
) (/Users/pythagoras/Library/TinyTeX/texmf-dist/tex/generic/pgf/basiclayer/pgfcorearrows.code.tex
File: pgfcorearrows.code.tex 2023-01-15 v3.1.10 (3.1.10)
\pgfarrowsep=\dimen296
) (/Users/pythagoras/Library/TinyTeX/texmf-dist/tex/generic/pgf/basiclayer/pgfcoreshade.code.tex
File: pgfcoreshade.code.tex 2023-01-15 v3.1.10 (3.1.10)
\pgf@max=\dimen297
\pgf@sys@shading@range@num=\count473
\pgf@shadingcount=\count474
) (/Users/pythagoras/Library/TinyTeX/texmf-dist/tex/generic/pgf/basiclayer/pgfcoreimage.code.tex
File: pgfcoreimage.code.tex 2023-01-15 v3.1.10 (3.1.10)
) (/Users/pythagoras/Library/TinyTeX/texmf-dist/tex/generic/pgf/basiclayer/pgfcoreexternal.code.tex
File: pgfcoreexternal.code.tex 2023-01-15 v3.1.10 (3.1.10)
\pgfexternal@startupbox=\box85
) (/Users/pythagoras/Library/TinyTeX/texmf-dist/tex/generic/pgf/basiclayer/pgfcorelayers.code.tex
File: pgfcorelayers.code.tex 2023-01-15 v3.1.10 (3.1.10)
) (/Users/pythagoras/Library/TinyTeX/texmf-dist/tex/generic/pgf/basiclayer/pgfcoretransparency.code.tex
File: pgfcoretransparency.code.tex 2023-01-15 v3.1.10 (3.1.10)
) (/Users/pythagoras/Library/TinyTeX/texmf-dist/tex/generic/pgf/basiclayer/pgfcorepatterns.code.tex
File: pgfcorepatterns.code.tex 2023-01-15 v3.1.10 (3.1.10)
) (/Users/pythagoras/Library/TinyTeX/texmf-dist/tex/generic/pgf/basiclayer/pgfcorerdf.code.tex
File: pgfcorerdf.code.tex 2023-01-15 v3.1.10 (3.1.10)
))) (/Users/pythagoras/Library/TinyTeX/texmf-dist/tex/generic/pgf/modules/pgfmoduleshapes.code.tex
File: pgfmoduleshapes.code.tex 2023-01-15 v3.1.10 (3.1.10)
\pgfnodeparttextbox=\box86
) (/Users/pythagoras/Library/TinyTeX/texmf-dist/tex/generic/pgf/modules/pgfmoduleplot.code.tex
File: pgfmoduleplot.code.tex 2023-01-15 v3.1.10 (3.1.10)
) (/Users/pythagoras/Library/TinyTeX/texmf-dist/tex/latex/pgf/compatibility/pgfcomp-version-0-65.sty
Package: pgfcomp-version-0-65 2023-01-15 v3.1.10 (3.1.10)
\pgf@nodesepstart=\dimen298
\pgf@nodesepend=\dimen299
) (/Users/pythagoras/Library/TinyTeX/texmf-dist/tex/latex/pgf/compatibility/pgfcomp-version-1-18.sty
Package: pgfcomp-version-1-18 2023-01-15 v3.1.10 (3.1.10)
)) (/Users/pythagoras/Library/TinyTeX/texmf-dist/tex/latex/pgf/utilities/pgffor.sty (/Users/pythagoras/Library/TinyTeX/texmf-dist/tex/latex/pgf/utilities/pgfkeys.sty (/Users/pythagoras/Library/TinyTeX/texmf-dist/tex/generic/pgf/utilities/pgfkeys.code.tex)) (/Users/pythagoras/Library/TinyTeX/texmf-dist/tex/latex/pgf/math/pgfmath.sty (/Users/pythagoras/Library/TinyTeX/texmf-dist/tex/generic/pgf/math/pgfmath.code.tex)) (/Users/pythagoras/Library/TinyTeX/texmf-dist/tex/generic/pgf/utilities/pgffor.code.tex
Package: pgffor 2023-01-15 v3.1.10 (3.1.10)
\pgffor@iter=\dimen300
\pgffor@skip=\dimen301
\pgffor@stack=\toks49
\pgffor@toks=\toks50
)) (/Users/pythagoras/Library/TinyTeX/texmf-dist/tex/generic/pgf/frontendlayer/tikz/tikz.code.tex
Package: tikz 2023-01-15 v3.1.10 (3.1.10)
 (/Users/pythagoras/Library/TinyTeX/texmf-dist/tex/generic/pgf/libraries/pgflibraryplothandlers.code.tex
File: pgflibraryplothandlers.code.tex 2023-01-15 v3.1.10 (3.1.10)
\pgf@plot@mark@count=\count475
\pgfplotmarksize=\dimen302
)
\tikz@lastx=\dimen303
\tikz@lasty=\dimen304
\tikz@lastxsaved=\dimen305
\tikz@lastysaved=\dimen306
\tikz@lastmovetox=\dimen307
\tikz@lastmovetoy=\dimen308
\tikzleveldistance=\dimen309
\tikzsiblingdistance=\dimen310
\tikz@figbox=\box87
\tikz@figbox@bg=\box88
\tikz@tempbox=\box89
\tikz@tempbox@bg=\box90
\tikztreelevel=\count476
\tikznumberofchildren=\count477
\tikznumberofcurrentchild=\count478
\tikz@fig@count=\count479
 (/Users/pythagoras/Library/TinyTeX/texmf-dist/tex/generic/pgf/modules/pgfmodulematrix.code.tex
File: pgfmodulematrix.code.tex 2023-01-15 v3.1.10 (3.1.10)
\pgfmatrixcurrentrow=\count480
\pgfmatrixcurrentcolumn=\count481
\pgf@matrix@numberofcolumns=\count482
)
\tikz@expandcount=\count483
 (/Users/pythagoras/Library/TinyTeX/texmf-dist/tex/generic/pgf/frontendlayer/tikz/libraries/tikzlibrarytopaths.code.tex
File: tikzlibrarytopaths.code.tex 2023-01-15 v3.1.10 (3.1.10)
))) (/Users/pythagoras/Library/TinyTeX/texmf-dist/tex/generic/pgf/frontendlayer/tikz/libraries/tikzlibrarypositioning.code.tex
File: tikzlibrarypositioning.code.tex 2023-01-15 v3.1.10 (3.1.10)
) (/Users/pythagoras/Library/TinyTeX/texmf-dist/tex/generic/pgf/libraries/pgflibraryarrows.meta.code.tex
File: pgflibraryarrows.meta.code.tex 2023-01-15 v3.1.10 (3.1.10)
\pgfarrowinset=\dimen311
\pgfarrowlength=\dimen312
\pgfarrowwidth=\dimen313
\pgfarrowlinewidth=\dimen314
) (/Users/pythagoras/Library/TinyTeX/texmf-dist/tex/generic/pgf/frontendlayer/tikz/libraries/tikzlibraryintersections.code.tex (/Users/pythagoras/Library/TinyTeX/texmf-dist/tex/generic/pgf/libraries/pgflibraryintersections.code.tex (/Users/pythagoras/Library/TinyTeX/texmf-dist/tex/generic/pgf/libraries/pgflibraryfpu.code.tex)
\pgf@intersect@solutions=\count484
)) (/Users/pythagoras/Library/TinyTeX/texmf-dist/tex/generic/pgf/frontendlayer/tikz/libraries/tikzlibrarycalc.code.tex
File: tikzlibrarycalc.code.tex 2023-01-15 v3.1.10 (3.1.10)
) (/Users/pythagoras/Library/TinyTeX/texmf-dist/tex/generic/pgf/frontendlayer/tikz/libraries/tikzlibraryshapes.code.tex
File: tikzlibraryshapes.code.tex 2023-01-15 v3.1.10 (3.1.10)
 (/Users/pythagoras/Library/TinyTeX/texmf-dist/tex/generic/pgf/frontendlayer/tikz/libraries/tikzlibraryshapes.geometric.code.tex
File: tikzlibraryshapes.geometric.code.tex 2023-01-15 v3.1.10 (3.1.10)
 (/Users/pythagoras/Library/TinyTeX/texmf-dist/tex/generic/pgf/libraries/shapes/pgflibraryshapes.geometric.code.tex
File: pgflibraryshapes.geometric.code.tex 2023-01-15 v3.1.10 (3.1.10)
)) (/Users/pythagoras/Library/TinyTeX/texmf-dist/tex/generic/pgf/frontendlayer/tikz/libraries/tikzlibraryshapes.misc.code.tex
File: tikzlibraryshapes.misc.code.tex 2023-01-15 v3.1.10 (3.1.10)
 (/Users/pythagoras/Library/TinyTeX/texmf-dist/tex/generic/pgf/libraries/shapes/pgflibraryshapes.misc.code.tex
File: pgflibraryshapes.misc.code.tex 2023-01-15 v3.1.10 (3.1.10)
)) (/Users/pythagoras/Library/TinyTeX/texmf-dist/tex/generic/pgf/frontendlayer/tikz/libraries/tikzlibraryshapes.symbols.code.tex
File: tikzlibraryshapes.symbols.code.tex 2023-01-15 v3.1.10 (3.1.10)
 (/Users/pythagoras/Library/TinyTeX/texmf-dist/tex/generic/pgf/libraries/shapes/pgflibraryshapes.symbols.code.tex
File: pgflibraryshapes.symbols.code.tex 2023-01-15 v3.1.10 (3.1.10)
)) (/Users/pythagoras/Library/TinyTeX/texmf-dist/tex/generic/pgf/frontendlayer/tikz/libraries/tikzlibraryshapes.arrows.code.tex
File: tikzlibraryshapes.arrows.code.tex 2023-01-15 v3.1.10 (3.1.10)
 (/Users/pythagoras/Library/TinyTeX/texmf-dist/tex/generic/pgf/libraries/shapes/pgflibraryshapes.arrows.code.tex
File: pgflibraryshapes.arrows.code.tex 2023-01-15 v3.1.10 (3.1.10)
))
(/Users/pythagoras/Library/TinyTeX/texmf-dist/tex/generic/pgf/frontendlayer/tikz/libraries/tikzlibraryshapes.callouts.code.tex (/Users/pythagoras/Library/TinyTeX/texmf-dist/tex/generic/pgf/libraries/shapes/pgflibraryshapes.callouts.code.tex)) (/Users/pythagoras/Library/TinyTeX/texmf-dist/tex/generic/pgf/frontendlayer/tikz/libraries/tikzlibraryshapes.multipart.code.tex
File: tikzlibraryshapes.multipart.code.tex 2023-01-15 v3.1.10 (3.1.10)
 (/Users/pythagoras/Library/TinyTeX/texmf-dist/tex/generic/pgf/libraries/shapes/pgflibraryshapes.multipart.code.tex
File: pgflibraryshapes.multipart.code.tex 2023-01-15 v3.1.10 (3.1.10)
\pgfnodepartlowerbox=\box91
\pgfnodeparttwobox=\box92
\pgfnodepartthreebox=\box93
\pgfnodepartfourbox=\box94
\pgfnodeparttwentybox=\box95
\pgfnodepartnineteenbox=\box96
\pgfnodeparteighteenbox=\box97
\pgfnodepartseventeenbox=\box98
\pgfnodepartsixteenbox=\box99
\pgfnodepartfifteenbox=\box100
\pgfnodepartfourteenbox=\box101
\pgfnodepartthirteenbox=\box102
\pgfnodeparttwelvebox=\box103
\pgfnodepartelevenbox=\box104
\pgfnodeparttenbox=\box105
\pgfnodepartninebox=\box106
\pgfnodeparteightbox=\box107
\pgfnodepartsevenbox=\box108
\pgfnodepartsixbox=\box109
\pgfnodepartfivebox=\box110
))) (/Users/pythagoras/Library/TinyTeX/texmf-dist/tex/generic/pgf/frontendlayer/tikz/libraries/tikzlibraryarrows.code.tex
File: tikzlibraryarrows.code.tex 2023-01-15 v3.1.10 (3.1.10)
 (/Users/pythagoras/Library/TinyTeX/texmf-dist/tex/generic/pgf/libraries/pgflibraryarrows.code.tex
File: pgflibraryarrows.code.tex 2023-01-15 v3.1.10 (3.1.10)
\arrowsize=\dimen315
)) (/Users/pythagoras/Library/TinyTeX/texmf-dist/tex/latex/tikz-3dplot/tikz-3dplot.sty (/Users/pythagoras/Library/TinyTeX/texmf-dist/tex/generic/pgf/frontendlayer/tikz/libraries/tikzlibrary3d.code.tex
File: tikzlibrary3d.code.tex 2023-01-15 v3.1.10 (3.1.10)
)) (/Users/pythagoras/Library/TinyTeX/texmf-dist/tex/luatex/luatexja/lltjext.sty
Package: lltjext 2024-07-23 v1.2k-ltj-16 Macros for vertical writing
\ltj@ext@dir=\count485
\@floatbox=\box111
\floatwidth=\dimen316
\floatheight=\dimen317
\floatruletick=\dimen318
\captionfloatsep=\dimen319
\captionwidth=\dimen320
\@captionbox=\box112
LaTeX Info: Redefining \parbox on input line 362.
\@picwd=\dimen321
\rensujiskip=\skip86
) (/Users/pythagoras/Library/TinyTeX/texmf-dist/tex/latex/tools/longtable.sty
Package: longtable 2024-10-27 v4.22 Multi-page Table package (DPC)
\LTleft=\skip87
\LTright=\skip88
\LTpre=\skip89
\LTpost=\skip90
\LTchunksize=\count486
\LTcapwidth=\dimen322
\LT@head=\box113
\LT@firsthead=\box114
\LT@foot=\box115
\LT@lastfoot=\box116
\LT@gbox=\box117
\LT@cols=\count487
\LT@rows=\count488
\c@LT@tables=\count489
\c@LT@chunks=\count490
\LT@p@ftn=\toks51
) (/Users/pythagoras/Library/TinyTeX/texmf-dist/tex/latex/tablefootnote/tablefootnote.sty
Package: tablefootnote 2014/01/26 v1.1c Table foot notes (HMM)
 (/Users/pythagoras/Library/TinyTeX/texmf-dist/tex/latex/letltxmacro/letltxmacro.sty
Package: letltxmacro 2019/12/03 v1.6 Let assignment for LaTeX macros (HO)
) (/Users/pythagoras/Library/TinyTeX/texmf-dist/tex/latex/xifthen/xifthen.sty
Package: xifthen 2015/11/05 v1.4.0 Extended ifthen features
 (/Users/pythagoras/Library/TinyTeX/texmf-dist/tex/latex/ifmtarg/ifmtarg.sty
Package: ifmtarg 2018/04/16 v1.2b check for an empty argument
))) (/Users/pythagoras/Library/TinyTeX/texmf-dist/tex/luatex/luatexja/addons/luatexja-fontspec.sty
Package: luatexja-fontspec 2024-05-14 fontspec support of LuaTeX-ja
 (/Users/pythagoras/Library/TinyTeX/texmf-dist/tex/latex/l3packages/l3keys2e/l3keys2e.sty
Package: l3keys2e 2024-08-16 LaTeX2e option processing using LaTeX3 keys
) (/Users/pythagoras/Library/TinyTeX/texmf-dist/tex/latex/fontspec/fontspec.sty
Package: fontspec 2024/05/11 v2.9e Font selection for XeLaTeX and LuaLaTeX
Lua module: fontspec 2024/05/11 v2.9e Font selection for XeLaTeX and LuaLaTeX (/Users/pythagoras/Library/TinyTeX/texmf-dist/tex/latex/fontspec/fontspec-luatex.sty
Package: fontspec-luatex 2024/05/11 v2.9e Font selection for XeLaTeX and LuaLaTeX
\l__fontspec_script_int=\count491
\l__fontspec_language_int=\count492
\l__fontspec_strnum_int=\count493
\l__fontspec_tmp_int=\count494
\l__fontspec_tmpa_int=\count495
\l__fontspec_tmpb_int=\count496
\l__fontspec_tmpc_int=\count497
\l__fontspec_em_int=\count498
\l__fontspec_emdef_int=\count499
\l__fontspec_strong_int=\count500
\l__fontspec_strongdef_int=\count501
\l__fontspec_tmpa_dim=\dimen323
\l__fontspec_tmpb_dim=\dimen324
\l__fontspec_tmpc_dim=\dimen325
 (/Users/pythagoras/Library/TinyTeX/texmf-dist/tex/latex/base/fontenc.sty
Package: fontenc 2021/04/29 v2.0v Standard LaTeX package
) (/Users/pythagoras/Library/TinyTeX/texmf-dist/tex/latex/fontspec/fontspec.cfg)(load cache: extra_lmroman10-bold.luc)
LaTeX Font Info:    Font shape `JT3/mc/b/n' in size <10> not available
(Font)              Font shape `JT3/gt/m/n' tried instead on input line 3978.
LaTeX Font Info:    Font shape `JT3/gt/m/n' will be
(Font)              scaled to size 9.6222pt on input line 3978.
LaTeX Font Info:    Font shape `JY3/mc/b/n' in size <10> not available
(Font)              Font shape `JY3/gt/m/n' tried instead on input line 3978.
LaTeX Font Info:    Font shape `JY3/gt/m/n' will be
(Font)              scaled to size 9.6222pt on input line 3978.
(load cache: extra_haranoajigothic-medium.luc))) (/Users/pythagoras/Library/TinyTeX/texmf-dist/tex/luatex/luatexja/patches/lltjp-fontspec.sty) (/Users/pythagoras/Library/TinyTeX/texmf-dist/tex/luatex/luatexja/addons/luatexja-fontspec-29e.sty
Package: luatexja-fontspec-29e 2024-05-27 fontspec support of LuaTeX-ja
\g__ltj_fontspec_altnumber_int=\count502
)) (/Users/pythagoras/Library/TinyTeX/texmf-dist/tex/latex/nicematrix/nicematrix.sty
Package: nicematrix 2025/04/28 v7.1c Enhanced arrays with the help of PGF/TikZ
 (/Users/pythagoras/Library/TinyTeX/texmf-dist/tex/latex/tools/array.sty
Package: array 2024/10/17 v2.6g Tabular extension package (FMi)
\col@sep=\dimen326
\ar@mcellbox=\box118
\extrarowheight=\dimen327
\NC@list=\toks52
\extratabsurround=\skip91
\backup@length=\skip92
\ar@cellbox=\box119
)
\l__nicematrix_tmpc_dim=\dimen328
\l__nicematrix_tmpd_dim=\dimen329
\l__nicematrix_tmpe_dim=\dimen330
\l__nicematrix_tmpf_dim=\dimen331
\l__nicematrix_tmpc_int=\count503
\g__nicematrix_env_int=\count504
\g__nicematrix_NiceMatrixBlock_int=\count505
\g__nicematrix_notes_caption_int=\count506
\l__nicematrix_columns_width_dim=\dimen332
\l__nicematrix_col_width_dim=\dimen333
\g__nicematrix_row_total_int=\count507
\g__nicematrix_col_total_int=\count508
\g__nicematrix_last_row_node_int=\count509
\l__nicematrix_key_nb_rows_int=\count510
\g__nicematrix_blocks_wd_dim=\dimen334
\g__nicematrix_blocks_ht_dim=\dimen335
\g__nicematrix_blocks_dp_dim=\dimen336
\l__nicematrix_width_dim=\dimen337
\l__nicematrix_tabular_width_dim=\dimen338
\l__nicematrix_rule_width_dim=\dimen339
\l__nicematrix_old_iRow_int=\count511
\l__nicematrix_old_jCol_int=\count512
\l__nicematrix_X_columns_dim=\dimen340
\l__nicematrix_x_initial_dim=\dimen341
\l__nicematrix_y_initial_dim=\dimen342
\l__nicematrix_x_final_dim=\dimen343
\l__nicematrix_y_final_dim=\dimen344
\g__nicematrix_dp_row_zero_dim=\dimen345
\g__nicematrix_ht_row_zero_dim=\dimen346
\g__nicematrix_ht_row_one_dim=\dimen347
\g__nicematrix_dp_ante_last_row_dim=\dimen348
\g__nicematrix_ht_last_row_dim=\dimen349
\g__nicematrix_dp_last_row_dim=\dimen350
\g__nicematrix_width_last_col_dim=\dimen351
\g__nicematrix_width_first_col_dim=\dimen352
\g__nicematrix_ddots_int=\count513
\g__nicematrix_iddots_int=\count514
\g__nicematrix_delta_x_one_dim=\dimen353
\g__nicematrix_delta_y_one_dim=\dimen354
\g__nicematrix_delta_x_two_dim=\dimen355
\g__nicematrix_delta_y_two_dim=\dimen356
\l__nicematrix_row_min_int=\count515
\l__nicematrix_row_max_int=\count516
\l__nicematrix_col_min_int=\count517
\l__nicematrix_col_max_int=\count518
\l__nicematrix_initial_i_int=\count519
\l__nicematrix_initial_j_int=\count520
\l__nicematrix_final_i_int=\count521
\l__nicematrix_final_j_int=\count522
\l__nicematrix_start_int=\count523
\l__nicematrix_end_int=\count524
\l__nicematrix_local_start_int=\count525
\l__nicematrix_local_end_int=\count526
\g__nicematrix_static_num_of_col_int=\count527
\l__nicematrix_rounded_corners_dim=\dimen357
\l__nicematrix_tab_rounded_corners_dim=\dimen358
\l__nicematrix_offset_dim=\dimen359
\l__nicematrix_line_width_dim=\dimen360
\g__nicematrix_block_box_int=\count528
\l__nicematrix_submatrix_extra_height_dim=\dimen361
\l__nicematrix_submatrix_left_xshift_dim=\dimen362
\l__nicematrix_submatrix_right_xshift_dim=\dimen363
\l__nicematrix_first_row_int=\count529
\l__nicematrix_first_col_int=\count530
\l__nicematrix_last_row_int=\count531
\l__nicematrix_last_col_int=\count532
\c@tabularnote=\count533
\g__nicematrix_tabularnote_int=\count534
\c@nicematrix_draft=\count535
\l__nicematrix_cell_space_top_limit_dim=\dimen364
\l__nicematrix_cell_space_bottom_limit_dim=\dimen365
\l__nicematrix_xdots_inter_dim=\dimen366
\l__nicematrix_xdots_shorten_start_dim=\dimen367
\l__nicematrix_xdots_shorten_end_dim=\dimen368
\l__nicematrix_xdots_radius_dim=\dimen369
\l__nicematrix_left_margin_dim=\dimen370
\l__nicematrix_right_margin_dim=\dimen371
\l__nicematrix_extra_left_margin_dim=\dimen372
\l__nicematrix_extra_right_margin_dim=\dimen373
\c__nicematrix_max_l_dim=\dimen374
\l__nicematrix_position_int=\count536
\l__nicematrix_multiplicity_int=\count537
\l__nicematrix_brace_yshift_dim=\dimen375
) (/Users/pythagoras/Library/TinyTeX/texmf-dist/tex/latex/booktabs/booktabs.sty
Package: booktabs 2020/01/12 v1.61803398 Publication quality tables
\heavyrulewidth=\dimen376
\lightrulewidth=\dimen377
\cmidrulewidth=\dimen378
\belowrulesep=\dimen379
\belowbottomsep=\dimen380
\aboverulesep=\dimen381
\abovetopsep=\dimen382
\cmidrulesep=\dimen383
\cmidrulekern=\dimen384
\defaultaddspace=\dimen385
\@cmidla=\count538
\@cmidlb=\count539
\@aboverulesep=\dimen386
\@belowrulesep=\dimen387
\@thisruleclass=\count540
\@lastruleclass=\count541
\@thisrulewidth=\dimen388
) (/Users/pythagoras/Library/TinyTeX/texmf-dist/tex/latex/accents/accents.sty
Package: accents 2006/05/12 v1.4 Math Accent Tools
\cc@skew=\dimen389
\cc@wd=\dimen390
\cc@code=\count542
\cc@group=\count543
\cc@skewchar=\count544
)
luaotfload | cache : Lookup cache loaded from /Users/pythagoras/Library/TinyTeX/texmf-var/luatex-cache/generic/names/luaotfload-lookup-cache.luc.(load cache: extra_biz-udmincho-medium.luc)

Package fontspec Info: 
(fontspec)             BIZ UDMincho Medium scale = 0.962216.


Package fontspec Info: 
(fontspec)             BIZ UDMincho Medium scale = 0.962216.


Package fontspec Info: 
(fontspec)             BIZ UDMincho Medium scale = 0.962216.


Package fontspec Info: 
(fontspec)             Font family 'BIZUDMinchoMedium(0)' created for font
(fontspec)             'BIZ UDMincho Medium' with options
(fontspec)             [YokoFeatures={JFM=ujis},TateFeatures={JFM=ujisv},Scale=0.962216,Kerning=Off,Script=CJK,BoldFont={},ItalicFont={},SmallCapsFont={},YokoFeatures={JFM=ujis}].
(fontspec)              
(fontspec)              This font family consists of the following NFSS
(fontspec)             series/shapes:
(fontspec)              

(load cache: extra_biz-udpmincho-medium.luc)

Package fontspec Info: 
(fontspec)             BIZ UDPMincho Medium scale = 0.962216.


Package fontspec Info: 
(fontspec)             BIZ UDPMincho Medium scale = 0.962216.


Package fontspec Info: 
(fontspec)             BIZ UDPMincho Medium scale = 0.962216.

(load cache: extra_biz-udpgothic-bold.luc)

Package fontspec Info: 
(fontspec)             BIZ UDPGothic Bold scale = 0.962216.


Package fontspec Info: 
(fontspec)             BIZ UDPGothic Bold scale = 0.962216.


Package fontspec Info: 
(fontspec)             BIZ UDPMincho Medium scale = 0.962216.


Package fontspec Info: 
(fontspec)             BIZ UDPMincho Medium scale = 0.962216.


Package fontspec Info: 
(fontspec)             BIZ UDPMincho Medium scale = 0.962216.


Package fontspec Info: 
(fontspec)             BIZ UDPMincho Medium scale = 0.962216.


Package fontspec Info: 
(fontspec)             BIZ UDPGothic Bold scale = 0.962216.


Package fontspec Info: 
(fontspec)             BIZ UDPGothic Bold scale = 0.962216.


Package fontspec Info: 
(fontspec)             BIZ UDPGothic Bold scale = 0.962216.


Package fontspec Info: 
(fontspec)             BIZ UDPGothic Bold scale = 0.962216.


Package fontspec Info: 
(fontspec)             Font family 'BIZUDPMinchoMedium(0)' created for font
(fontspec)             'BIZ UDPMincho Medium' with options
(fontspec)             [YokoFeatures={JFM=ujis},TateFeatures={JFM=ujisv},Scale=0.962216,Kerning=Off,Script=CJK,Ligatures={Common,TeX},ItalicFont={BIZ
(fontspec)             UDPMincho
(fontspec)             Medium},ItalicFeatures={FakeSlant=0.27},SlantedFont={BIZ
(fontspec)             UDPMincho
(fontspec)             Medium},SlantedFeatures={FakeSlant=0.18},BoldFont={BIZ
(fontspec)             UDPGothic Bold},BoldSlantedFont={BIZ UDPGothic
(fontspec)             Bold},BoldSlantedFeatures={FakeSlant=0.18},BoldItalicFont={BIZ
(fontspec)             UDPGothic
(fontspec)             Bold},BoldItalicFeatures={FakeSlant=0.27},YokoFeatures={JFM=prop}].
(fontspec)              
(fontspec)              This font family consists of the following NFSS
(fontspec)             series/shapes:
(fontspec)              

LaTeX Font Info:    Redeclaring symbol font `mincho' on input line 47.
LaTeX Font Info:    Overwriting symbol font `mincho' in version `normal'
(Font)                  JY3/mc/m/n --> JY3/BIZUDPMinchoMedium(0)/m/n on input line 47.
LaTeX Font Info:    Overwriting symbol font `mincho' in version `bold'
(Font)                  JY3/gt/m/n --> JY3/BIZUDPMinchoMedium(0)/m/n on input line 47.
LaTeX Font Info:    Overwriting symbol font `mincho' in version `bold'
(Font)                  JY3/BIZUDPMinchoMedium(0)/m/n --> JY3/BIZUDPMinchoMedium(0)/b/n on input line 47.
LaTeX Font Info:    Font shape `JT3/BIZUDPMinchoMedium(0)/m/n' will be
(Font)              scaled to size 9.6222pt on input line 47.
LaTeX Font Info:    Font shape `JY3/BIZUDPMinchoMedium(0)/m/n' will be
(Font)              scaled to size 9.6222pt on input line 47.

(/Users/pythagoras/Library/TinyTeX/texmf-dist/tex/luatex/luatexja/jfm-prop.lua) (/Users/pythagoras/Library/TinyTeX/texmf-dist/tex/latex/colortbl/colortbl.sty
Package: colortbl 2024/10/29 v1.0k Color table columns (DPC)
\everycr=\toks53
\minrowclearance=\skip93
\rownum=\count545
) (/Users/pythagoras/Library/TinyTeX/texmf-dist/tex/latex/listingsutf8/listingsutf8.sty
Package: listingsutf8 2019-12-10 v1.5 Allow UTF-8 in listings input (HO)
 (/Users/pythagoras/Library/TinyTeX/texmf-dist/tex/latex/listings/listings.sty
\lst@mode=\count546
\lst@gtempboxa=\box120
\lst@token=\toks54
\lst@length=\count547
\lst@currlwidth=\dimen391
\lst@column=\count548
\lst@pos=\count549
\lst@lostspace=\dimen392
\lst@width=\dimen393
\lst@newlines=\count550
\lst@lineno=\count551
\lst@maxwidth=\dimen394
 (/Users/pythagoras/Library/TinyTeX/texmf-dist/tex/latex/listings/lstpatch.sty
File: lstpatch.sty 2024/09/23 1.10c (Carsten Heinz)
) (/Users/pythagoras/Library/TinyTeX/texmf-dist/tex/latex/listings/lstmisc.sty
File: lstmisc.sty 2024/09/23 1.10c (Carsten Heinz)
\c@lstnumber=\count552
\lst@skipnumbers=\count553
\lst@framebox=\box121
) (/Users/pythagoras/Library/TinyTeX/texmf-dist/tex/latex/listings/listings.cfg
File: listings.cfg 2024/09/23 1.10c listings configuration
))
Package: listings 2024/09/23 1.10c (Carsten Heinz)
 (/Users/pythagoras/Library/TinyTeX/texmf-dist/tex/luatex/luatexja/patches/lltjp-listings.sty (/Users/pythagoras/Library/TinyTeX/texmf-dist/tex/luatex/luatexbase/luatexbase-cctb.sty
Package: luatexbase-cctb 2015/10/04 v1.3 luatexbase interface to LuaTeX (legacy subpackage) 
)
\ltj@lst@japanese@min=\count554
\CatcodeTableLTJlistings=\catcodetable17
\ltj@lst@frame@lslimit=\dimen395
 (/Users/pythagoras/Library/TinyTeX/texmf-dist/tex/latex/listings/lstmisc.sty
File: lstmisc.sty 2024/09/23 1.10c (Carsten Heinz)
\lst@WFtoken=\toks55
\lst@WF=\write6
)) (/Users/pythagoras/Library/TinyTeX/texmf-dist/tex/generic/stringenc/stringenc.sty
Package: stringenc 2019/11/29 v1.12 Convert strings between diff. encodings (HO)
 (/Users/pythagoras/Library/TinyTeX/texmf-dist/tex/generic/pdfescape/pdfescape.sty
Package: pdfescape 2019/12/09 v1.15 Implements pdfTeX's escape features (HO)
))) (/Users/pythagoras/Library/TinyTeX/texmf-dist/tex/latex/hyperref/hyperref.sty
Package: hyperref 2025-05-20 v7.01m Hypertext links for LaTeX
 (/Users/pythagoras/Library/TinyTeX/texmf-dist/tex/generic/kvdefinekeys/kvdefinekeys.sty
Package: kvdefinekeys 2019-12-19 v1.6 Define keys (HO)
) (/Users/pythagoras/Library/TinyTeX/texmf-dist/tex/latex/hycolor/hycolor.sty
Package: hycolor 2020-01-27 v1.10 Color options for hyperref/bookmark (HO)
) (/Users/pythagoras/Library/TinyTeX/texmf-dist/tex/latex/hyperref/nameref.sty
Package: nameref 2023-11-26 v2.56 Cross-referencing by name of section
 (/Users/pythagoras/Library/TinyTeX/texmf-dist/tex/latex/refcount/refcount.sty
Package: refcount 2019/12/15 v3.6 Data extraction from label references (HO)
) (/Users/pythagoras/Library/TinyTeX/texmf-dist/tex/generic/gettitlestring/gettitlestring.sty
Package: gettitlestring 2019/12/15 v1.6 Cleanup title references (HO)
)
\c@section@level=\count555
)
\@linkdim=\dimen396
\Hy@linkcounter=\count556
\Hy@pagecounter=\count557
 (/Users/pythagoras/Library/TinyTeX/texmf-dist/tex/latex/hyperref/pd1enc.def
File: pd1enc.def 2025-05-20 v7.01m Hyperref: PDFDocEncoding definition (HO)
) (/Users/pythagoras/Library/TinyTeX/texmf-dist/tex/generic/intcalc/intcalc.sty
Package: intcalc 2019/12/15 v1.3 Expandable calculations with integers (HO)
)
\Hy@SavedSpaceFactor=\count558
 (/Users/pythagoras/Library/TinyTeX/texmf-dist/tex/latex/hyperref/puenc.def
File: puenc.def 2025-05-20 v7.01m Hyperref: PDF Unicode definition (HO)
)
Package hyperref Info: Hyper figures OFF on input line 4157.
Package hyperref Info: Link nesting OFF on input line 4162.
Package hyperref Info: Hyper index ON on input line 4165.
Package hyperref Info: Plain pages OFF on input line 4172.
Package hyperref Info: Backreferencing OFF on input line 4177.
Package hyperref Info: Implicit mode ON; LaTeX internals redefined.
Package hyperref Info: Bookmarks ON on input line 4424.
\c@Hy@tempcnt=\count559
LaTeX Info: Redefining \url on input line 4763.
\XeTeXLinkMargin=\dimen397
 (/Users/pythagoras/Library/TinyTeX/texmf-dist/tex/generic/bitset/bitset.sty
Package: bitset 2019/12/09 v1.3 Handle bit-vector datatype (HO)
 (/Users/pythagoras/Library/TinyTeX/texmf-dist/tex/generic/bigintcalc/bigintcalc.sty
Package: bigintcalc 2019/12/15 v1.5 Expandable calculations on big integers (HO)
))
\Fld@menulength=\count560
\Field@Width=\dimen398
\Fld@charsize=\dimen399
Package hyperref Info: Hyper figures OFF on input line 6042.
Package hyperref Info: Link nesting OFF on input line 6047.
Package hyperref Info: Hyper index ON on input line 6050.
Package hyperref Info: backreferencing OFF on input line 6057.
Package hyperref Info: Link coloring OFF on input line 6062.
Package hyperref Info: Link coloring with OCG OFF on input line 6067.
Package hyperref Info: PDF/A mode OFF on input line 6072.
\Hy@abspage=\count561
\c@Item=\count562
\c@Hfootnote=\count563
)
Package hyperref Info: Driver (autodetected): hluatex.
 (/Users/pythagoras/Library/TinyTeX/texmf-dist/tex/latex/hyperref/hluatex.def
File: hluatex.def 2025-05-20 v7.01m Hyperref driver for luaTeX
 (/Users/pythagoras/Library/TinyTeX/texmf-dist/tex/latex/base/atveryend-ltx.sty
Package: atveryend-ltx 2020/08/19 v1.0a Emulation of the original atveryend package
with kernel methods
)
\Fld@listcount=\count564
\c@bookmark@seq@number=\count565
 (/Users/pythagoras/Library/TinyTeX/texmf-dist/tex/latex/rerunfilecheck/rerunfilecheck.sty
Package: rerunfilecheck 2022-07-10 v1.10 Rerun checks for auxiliary files (HO)
 (/Users/pythagoras/Library/TinyTeX/texmf-dist/tex/generic/uniquecounter/uniquecounter.sty
Package: uniquecounter 2019/12/15 v1.4 Provide unlimited unique counter (HO)
)
Package uniquecounter Info: New unique counter `rerunfilecheck' on input line 285.
)
\Hy@SectionHShift=\skip94
)
Package hyperref Info: Option `setpagesize' set `false' on input line 82.
Package hyperref Info: Option `bookmarksnumbered' set `true' on input line 82.
Package hyperref Info: Option `bookmarksopen' set `true' on input line 82.
Package hyperref Info: Option `colorlinks' set `true' on input line 82.
 (/Users/pythagoras/Library/TinyTeX/texmf-dist/tex/latex/tcolorbox/tcolorbox.sty
Package: tcolorbox 2025/05/20 version 6.5.0 text color boxes
 (/Users/pythagoras/Library/TinyTeX/texmf-dist/tex/latex/tools/verbatim.sty
Package: verbatim 2024-01-22 v1.5x LaTeX2e package for verbatim enhancements
\every@verbatim=\toks56
\verbatim@line=\toks57
\verbatim@in@stream=\read5
) (/Users/pythagoras/Library/TinyTeX/texmf-dist/tex/latex/environ/environ.sty
Package: environ 2014/05/04 v0.3 A new way to define environments
 (/Users/pythagoras/Library/TinyTeX/texmf-dist/tex/latex/trimspaces/trimspaces.sty
Package: trimspaces 2009/09/17 v1.1 Trim spaces around a token list
))
\tcb@titlebox=\box122
\tcb@upperbox=\box123
\tcb@lowerbox=\box124
\tcb@phantombox=\box125
\c@tcbbreakpart=\count566
\c@tcblayer=\count567
\c@tcolorbox@number=\count568
\l__tcobox_tmpa_box=\box126
\l__tcobox_tmpa_dim=\dimen400
\tcb@temp=\box127
\tcb@temp=\box128
\tcb@temp=\box129
\tcb@temp=\box130
) (/Users/pythagoras/Library/TinyTeX/texmf-dist/tex/latex/tcolorbox/tcbbreakable.code.tex
Library (tcolorbox): 'tcbbreakable.code.tex' version '6.5.0'
(/Users/pythagoras/Library/TinyTeX/texmf-dist/tex/latex/pdfcol/pdfcol.sty
Package: pdfcol 2022-09-21 v1.7 Handle new color stacks for pdfTeX (HO)
)
Package pdfcol Info: New color stack `tcb@breakable' = 1 on input line 23.
\tcb@testbox=\box131
\tcb@totalupperbox=\box132
\tcb@totallowerbox=\box133
) (/Users/pythagoras/Library/TinyTeX/texmf-dist/tex/latex/tcolorbox/tcbskins.code.tex
Library (tcolorbox): 'tcbskins.code.tex' version '6.5.0'
(/Users/pythagoras/Library/TinyTeX/texmf-dist/tex/latex/tikzfill/tikzfill.image.sty
Package: tikzfill.image 2023/08/08 v1.0.1 Image filling library for TikZ
 (/Users/pythagoras/Library/TinyTeX/texmf-dist/tex/latex/tikzfill/tikzfill-common.sty
Package: tikzfill-common 2023/08/08 v1.0.1 Auxiliary code for tikzfill
) (/Users/pythagoras/Library/TinyTeX/texmf-dist/tex/latex/tikzfill/tikzlibraryfill.image.code.tex
File: tikzlibraryfill.image.code.tex 2023/08/08 v1.0.1 Image filling library
\l__tikzfill_img_box=\box134
)) (/Users/pythagoras/Library/TinyTeX/texmf-dist/tex/latex/tcolorbox/tcbskinsjigsaw.code.tex
Library (tcolorbox): 'tcbskinsjigsaw.code.tex' version '6.5.0'
)) (/Users/pythagoras/Library/TinyTeX/texmf-dist/tex/latex/tcolorbox/tcbtheorems.code.tex
Library (tcolorbox): 'tcbtheorems.code.tex' version '6.5.0'
)
\c@tcb@cnt@Rscreen=\count569
\c@tcb@cnt@SCrstan=\count570
\c@tcb@cnt@SCcmd=\count571
\c@tcb@cnt@MCMCout=\count572
\c@tcb@cnt@reidai=\count573
\c@tcb@cnt@hinto=\count574
 (/Users/pythagoras/Library/TinyTeX/texmf-dist/tex/latex/capt-of/capt-of.sty
Package: capt-of 2009/12/29 v0.2 standard captions outside of floats
)
\c@tcb@cnt@FAQ=\count575
 (/Users/pythagoras/Library/TinyTeX/texmf-dist/tex/latex/base/makeidx.sty
Package: makeidx 2021/10/04 v1.0m Standard LaTeX package
)
\@indexfile=\write7

\openout7 = ch09_Regression_onR.idx

Writing index file ch09_Regression_onR.idx
(/Users/pythagoras/Library/TinyTeX/texmf-dist/tex/latex/fancyhdr/fancyhdr.sty
Package: fancyhdr 2025/02/07 v5.2 Extensive control of page headers and footers
\f@nch@headwidth=\skip95
\f@nch@offset@elh=\skip96
\f@nch@offset@erh=\skip97
\f@nch@offset@olh=\skip98
\f@nch@offset@orh=\skip99
\f@nch@offset@elf=\skip100
\f@nch@offset@erf=\skip101
\f@nch@offset@olf=\skip102
\f@nch@offset@orf=\skip103
\f@nch@height=\skip104
\f@nch@footalignment=\skip105
\f@nch@widthL=\skip106
\f@nch@widthC=\skip107
\f@nch@widthR=\skip108
\@temptokenb=\toks58
)

! LaTeX Error: Command \refname undefined.

See the LaTeX manual or LaTeX Companion for explanation.
Type  H <return>  for immediate help.
 ...                                              
                                                  
l.161 \renewcommand{\refname}
                             {引用文献}󿿿
? 
) (/Users/pythagoras/Library/TinyTeX/texmf-dist/tex/luatex/luatexja/patches/lltjp-array.sty
Package: lltjp-array 2024-07-21 Patch to array for LuaTeX-ja
)
\@quotelevel=\count576
\@quotereset=\count577
 (./ch09_Regression_onR.aux

LaTeX Warning: Label `RS:out11_02' multiply defined.


LaTeX Warning: Label `RS:out11_03' multiply defined.

)
\openout1 = ch09_Regression_onR.aux

LaTeX Font Info:    Checking defaults for OML/cmm/m/it on input line 5.
LaTeX Font Info:    ... okay on input line 5.
LaTeX Font Info:    Checking defaults for OMS/cmsy/m/n on input line 5.
LaTeX Font Info:    ... okay on input line 5.
LaTeX Font Info:    Checking defaults for OT1/cmr/m/n on input line 5.
LaTeX Font Info:    ... okay on input line 5.
LaTeX Font Info:    Checking defaults for T1/cmr/m/n on input line 5.
LaTeX Font Info:    ... okay on input line 5.
LaTeX Font Info:    Checking defaults for TS1/cmr/m/n on input line 5.
LaTeX Font Info:    ... okay on input line 5.
LaTeX Font Info:    Checking defaults for TU/lmr/m/n on input line 5.
LaTeX Font Info:    ... okay on input line 5.
LaTeX Font Info:    Checking defaults for OMX/cmex/m/n on input line 5.
LaTeX Font Info:    ... okay on input line 5.
LaTeX Font Info:    Checking defaults for U/cmr/m/n on input line 5.
LaTeX Font Info:    ... okay on input line 5.
LaTeX Font Info:    Checking defaults for JY3/mc/m/n on input line 5.
LaTeX Font Info:    ... okay on input line 5.
LaTeX Font Info:    Checking defaults for JT3/mc/m/n on input line 5.
LaTeX Font Info:    ... okay on input line 5.
LaTeX Font Info:    Checking defaults for PD1/pdf/m/n on input line 5.
LaTeX Font Info:    ... okay on input line 5.
LaTeX Font Info:    Checking defaults for PU/pdf/m/n on input line 5.
LaTeX Font Info:    ... okay on input line 5.
Package biblatex Info: Trying to load language 'english'...
Package biblatex Info: ... file 'english.lbx' found.
 (/Users/pythagoras/Library/TinyTeX/texmf-dist/tex/latex/biblatex/lbx/english.lbx
File: english.lbx 2024/03/21 v3.20 biblatex localization (PK/MW)
)
Package biblatex Info: LuaTeX detected.
(biblatex)             Assuming input encoding 'utf8'.
Package biblatex Info: Automatic encoding selection.
(biblatex)             Assuming data encoding 'utf8'.

\openout3 = ch09_Regression_onR.bcf
Package biblatex Info: Trying to load bibliographic data...
Package biblatex Info: ... file 'ch09_Regression_onR.bbl' not found.

No file ch09_Regression_onR.bbl.
Package biblatex Info: Reference section=0 on input line 5.
Package biblatex Info: Reference segment=0 on input line 5.
*geometry* driver: auto-detecting
*geometry* detected driver: luatex
*geometry* verbose mode - [ preamble ] result:
* driver: luatex
* paper: <default>
* layout: <same size as paper>
* layoutoffset:(h,v)=(0.0pt,0.0pt)
* modes: includehead includefoot twoside heightrounded 
* h-part:(L,W,R)=(71.70166pt, 418.25368pt, 107.55254pt)
* v-part:(T,H,B)=(71.13188pt, 702.78308pt, 71.13188pt)
* \paperwidth=597.50787pt
* \paperheight=845.04684pt
* \textwidth=418.25368pt
* \textheight=653.46753pt
* \oddsidemargin=-0.56833pt
* \evensidemargin=35.28255pt
* \topmargin=-1.1381pt
* \headheight=12.0pt
* \headsep=18.06749pt
* \topskip=8.46753pt
* \footskip=16.0pt
* \marginparwidth=133.0pt
* \marginparsep=10.0pt
* \columnsep=10.0pt
* \skip\footins=9.0pt plus 4.0pt minus 2.0pt
* \hoffset=0.0pt
* \voffset=0.0pt
* \mag=1000
* \@twocolumnfalse
* \@twosidetrue
* \@mparswitchtrue
* \@reversemarginfalse
* (1in=72.27pt=25.4mm, 1cm=28.453pt)

(/Users/pythagoras/Library/TinyTeX/texmf-dist/tex/context/base/mkii/supp-pdf.mkii
[Loading MPS to PDF converter (version 2006.09.02).]
\scratchcounter=\count578
\scratchdimen=\dimen401
\scratchbox=\box135
\nofMPsegments=\count579
\nofMParguments=\count580
\everyMPshowfont=\toks59
\MPscratchCnt=\count581
\MPscratchDim=\dimen402
\MPnumerator=\count582
\makeMPintoPDFobject=\count583
\everyMPtoPDFconversion=\toks60
) (/Users/pythagoras/Library/TinyTeX/texmf-dist/tex/latex/epstopdf-pkg/epstopdf-base.sty
Package: epstopdf-base 2020-01-24 v2.11 Base part for package epstopdf
Package epstopdf-base Info: Redefining graphics rule for `.eps' on input line 485.
 (/Users/pythagoras/Library/TinyTeX/texmf-dist/tex/latex/latexconfig/epstopdf-sys.cfg
File: epstopdf-sys.cfg 2010/07/13 v1.3 Configuration of (r)epstopdf for TeX Live
)) (/Users/pythagoras/Library/TinyTeX/texmf-dist/tex/latex/pdflscape/pdflscape.sty
Package: pdflscape 2022-10-27 v0.13 Display of landscape pages in PDF
 (/Users/pythagoras/Library/TinyTeX/texmf-dist/tex/latex/pdflscape/pdflscape-nometadata.sty
Package: pdflscape-nometadata 2022-10-28 v0.13 Display of landscape pages in PDF (HO)
Package pdflscape Info: Auto-detected driver: pdftex on input line 81.
))

Package tablefootnote Warning: LuaTeX and hyperref package used:
(tablefootnote)                Hyperreferences in rotated content
(tablefootnote)                will be misplaced
(tablefootnote)                regardless of tablefootnote package.
(tablefootnote)                The text to be printed will be OK.


Package fontspec Info: 
(fontspec)             Adjusting the maths setup (use [no-math] to avoid
(fontspec)             this).

\symlegacymaths=\mathgroup11
LaTeX Font Info:    Overwriting symbol font `legacymaths' in version `bold'
(Font)                  OT1/cmr/m/n --> OT1/cmr/bx/n on input line 5.
LaTeX Font Info:    Redeclaring math accent \acute on input line 5.
LaTeX Font Info:    Redeclaring math accent \grave on input line 5.
LaTeX Font Info:    Redeclaring math accent \ddot on input line 5.
LaTeX Font Info:    Redeclaring math accent \tilde on input line 5.
LaTeX Font Info:    Redeclaring math accent \bar on input line 5.
LaTeX Font Info:    Redeclaring math accent \breve on input line 5.
LaTeX Font Info:    Redeclaring math accent \check on input line 5.
LaTeX Font Info:    Redeclaring math accent \hat on input line 5.
LaTeX Font Info:    Redeclaring math accent \dot on input line 5.
LaTeX Font Info:    Redeclaring math accent \mathring on input line 5.
LaTeX Font Info:    Redeclaring math symbol \Gamma on input line 5.
LaTeX Font Info:    Redeclaring math symbol \Delta on input line 5.
LaTeX Font Info:    Redeclaring math symbol \Theta on input line 5.
LaTeX Font Info:    Redeclaring math symbol \Lambda on input line 5.
LaTeX Font Info:    Redeclaring math symbol \Xi on input line 5.
LaTeX Font Info:    Redeclaring math symbol \Pi on input line 5.
LaTeX Font Info:    Redeclaring math symbol \Sigma on input line 5.
LaTeX Font Info:    Redeclaring math symbol \Upsilon on input line 5.
LaTeX Font Info:    Redeclaring math symbol \Phi on input line 5.
LaTeX Font Info:    Redeclaring math symbol \Psi on input line 5.
LaTeX Font Info:    Redeclaring math symbol \Omega on input line 5.
LaTeX Font Info:    Redeclaring math symbol \mathdollar on input line 5.
LaTeX Font Info:    Redeclaring symbol font `operators' on input line 5.
LaTeX Font Info:    Encoding `OT1' has changed to `TU' for symbol font
(Font)              `operators' in the math version `normal' on input line 5.
LaTeX Font Info:    Overwriting symbol font `operators' in version `normal'
(Font)                  OT1/cmr/m/n --> TU/lmr/m/n on input line 5.
LaTeX Font Info:    Encoding `OT1' has changed to `TU' for symbol font
(Font)              `operators' in the math version `bold' on input line 5.
LaTeX Font Info:    Overwriting symbol font `operators' in version `bold'
(Font)                  OT1/cmr/bx/n --> TU/lmr/m/n on input line 5.
LaTeX Font Info:    Overwriting symbol font `operators' in version `normal'
(Font)                  TU/lmr/m/n --> TU/lmr/m/n on input line 5.
LaTeX Font Info:    Overwriting math alphabet `\mathit' in version `normal'
(Font)                  OT1/cmr/m/it --> TU/lmr/m/it on input line 5.
LaTeX Font Info:    Overwriting math alphabet `\mathbf' in version `normal'
(Font)                  OT1/cmr/bx/n --> TU/lmr/b/n on input line 5.
LaTeX Font Info:    Overwriting math alphabet `\mathsf' in version `normal'
(Font)                  OT1/cmss/m/n --> TU/lmss/m/n on input line 5.
LaTeX Font Info:    Overwriting math alphabet `\mathtt' in version `normal'
(Font)                  OT1/cmtt/m/n --> TU/lmtt/m/n on input line 5.
LaTeX Font Info:    Overwriting symbol font `operators' in version `bold'
(Font)                  TU/lmr/m/n --> TU/lmr/b/n on input line 5.
LaTeX Font Info:    Overwriting math alphabet `\mathit' in version `bold'
(Font)                  OT1/cmr/bx/it --> TU/lmr/b/it on input line 5.
LaTeX Font Info:    Overwriting math alphabet `\mathsf' in version `bold'
(Font)                  OT1/cmss/bx/n --> TU/lmss/b/n on input line 5.
LaTeX Font Info:    Overwriting math alphabet `\mathtt' in version `bold'
(Font)                  OT1/cmtt/m/n --> TU/lmtt/b/n on input line 5.
\c__nicematrix_shift_Ldots_last_row_dim=\dimen403
\c__nicematrix_shift_exterior_Vdots_dim=\dimen404
\c__nicematrix_innersep_middle_dim=\dimen405
\c@lstlisting=\count584
(/Users/pythagoras/Library/TinyTeX/texmf-dist/tex/latex/base/inputenc.sty
Package: inputenc 2024/02/08 v1.3d Input encoding file
\inpenc@prehook=\toks61
\inpenc@posthook=\toks62
)
Package hyperref Info: Link coloring ON on input line 5.
 (./ch09_Regression_onR.out) (./ch09_Regression_onR.out)
\@outlinefile=\write8

\openout8 = ch09_Regression_onR.out
\docmute@nestinglevel=\count585

第 1 章
(load cache: extra_lmroman17-regular.luc)
LaTeX Font Info:    Font shape `JT3/BIZUDPMinchoMedium(0)/m/n' will be
(Font)              scaled to size 19.95642pt on input line 7.
LaTeX Font Info:    Font shape `JY3/BIZUDPMinchoMedium(0)/m/n' will be
(Font)              scaled to size 19.95642pt on input line 7.
(load cache: extra_lmroman12-bold.luc)
LaTeX Font Info:    Font shape `JT3/BIZUDPMinchoMedium(0)/b/n' will be
(Font)              scaled to size 19.95642pt on input line 7.
LaTeX Font Info:    Font shape `JY3/BIZUDPMinchoMedium(0)/b/n' will be
(Font)              scaled to size 19.95642pt on input line 7.
LaTeX Font Info:    Font shape `JT3/BIZUDPMinchoMedium(0)/b/n' will be
(Font)              scaled to size 9.6222pt on input line 10.
LaTeX Font Info:    Font shape `JY3/BIZUDPMinchoMedium(0)/b/n' will be
(Font)              scaled to size 9.6222pt on input line 10.
(/Users/pythagoras/Library/TinyTeX/texmf-dist/tex/latex/listings/lstlang1.sty
File: lstlang1.sty 2024/09/23 1.10c listings language file
) (/Users/pythagoras/Library/TinyTeX/texmf-dist/tex/latex/listings/lstlang1.sty
File: lstlang1.sty 2024/09/23 1.10c listings language file
) (/Users/pythagoras/Library/TinyTeX/texmf-dist/tex/latex/listings/lstmisc.sty
File: lstmisc.sty 2024/09/23 1.10c (Carsten Heinz)
)
Package hyperref Info: bookmark level for unknown lstlisting defaults to 0 on input line 14.
(load cache: extra_lmmono10-regular.luc)
LaTeX Font Info:    Font shape `JT3/BIZUDPMinchoMedium(0)/m/n' will be
(Font)              scaled to size 8.65997pt on input line 14.
LaTeX Font Info:    Font shape `JY3/BIZUDPMinchoMedium(0)/m/n' will be
(Font)              scaled to size 8.65997pt on input line 14.
Removing  `ltj.process_input_buffer' from `process_input_buffer'.
Inserting `ltj.listings_unicode' in `process_input_buffer'.
Inserting `ltj.process_input_buffer' in `process_input_buffer'.(load cache: extra_lmroman9-regular.luc)
Removing  `ltj.listings_unicode' from `process_input_buffer'.(load cache: extra_lmroman7-regular.luc)(load cache: extra_lmroman5-regular.luc)
LaTeX Font Info:    Font shape `JY3/BIZUDPMinchoMedium(0)/m/n' will be
(Font)              scaled to size 6.73553pt on input line 25.
LaTeX Font Info:    Font shape `JY3/BIZUDPMinchoMedium(0)/m/n' will be
(Font)              scaled to size 4.8111pt on input line 25.
LaTeX Font Info:    Trying loading font information for U+msa on input line 25.
 (/Users/pythagoras/Library/TinyTeX/texmf-dist/tex/latex/amsfonts/umsa.fd
File: umsa.fd 2013/01/14 v3.01 AMS symbols A
)
LaTeX Font Info:    Trying loading font information for U+msb on input line 25.
 (/Users/pythagoras/Library/TinyTeX/texmf-dist/tex/latex/amsfonts/umsb.fd
File: umsb.fd 2013/01/14 v3.01 AMS symbols B
)
LaTeX Font Info:    Font shape `JY3/gt/m/n' will be
(Font)              scaled to size 6.73553pt on input line 25.
LaTeX Font Info:    Font shape `JY3/gt/m/n' will be
(Font)              scaled to size 4.8111pt on input line 25.
LaTeX Font Info:    Font shape `JT3/BIZUDPMinchoMedium(0)/m/n' will be
(Font)              scaled to size 6.73553pt on input line 25.
(load cache: extra_lmroman8-regular.luc)
LaTeX Font Info:    Font shape `JT3/BIZUDPMinchoMedium(0)/m/n' will be
(Font)              scaled to size 7.69775pt on input line 25.
LaTeX Font Info:    Font shape `JY3/BIZUDPMinchoMedium(0)/m/n' will be
(Font)              scaled to size 7.69775pt on input line 25.
(load cache: extra_lmroman6-regular.luc)
LaTeX Font Info:    Font shape `JY3/BIZUDPMinchoMedium(0)/m/n' will be
(Font)              scaled to size 5.77332pt on input line 25.
LaTeX Font Info:    Font shape `JY3/gt/m/n' will be
(Font)              scaled to size 7.69775pt on input line 25.
LaTeX Font Info:    Font shape `JY3/gt/m/n' will be
(Font)              scaled to size 5.77332pt on input line 25.
LaTeX Font Info:    Font shape `JT3/BIZUDPMinchoMedium(0)/m/n' will be
(Font)              scaled to size 5.77332pt on input line 25.
(load cache: extra_lmmono8-regular.luc)(load cache: extra_lmroman8-bold.luc)
LaTeX Font Info:    Font shape `JT3/BIZUDPMinchoMedium(0)/b/n' will be
(Font)              scaled to size 7.69775pt on input line 25.
LaTeX Font Info:    Font shape `JY3/BIZUDPMinchoMedium(0)/b/n' will be
(Font)              scaled to size 7.69775pt on input line 25.


LaTeX Warning: Reference `suffix' on page 1 undefined on input line 25.


LaTeX Warning: Reference `suffix' on page 1 undefined on input line 25.

(load cache: extra_lmroman12-regular.luc)
LaTeX Font Info:    Font shape `JT3/BIZUDPMinchoMedium(0)/m/n' will be
(Font)              scaled to size 11.54663pt on input line 32.
LaTeX Font Info:    Font shape `JY3/BIZUDPMinchoMedium(0)/m/n' will be
(Font)              scaled to size 11.54663pt on input line 32.
LaTeX Font Info:    Font shape `JT3/BIZUDPMinchoMedium(0)/b/n' will be
(Font)              scaled to size 11.54663pt on input line 32.
LaTeX Font Info:    Font shape `JY3/BIZUDPMinchoMedium(0)/b/n' will be
(Font)              scaled to size 11.54663pt on input line 32.

Package hyperref Warning: Difference (2) between bookmark levels is greater 
(hyperref)                than one, level fixed on input line 32.

Removing  `ltj.process_input_buffer' from `process_input_buffer'.
Inserting `ltj.listings_unicode' in `process_input_buffer'.
Inserting `ltj.process_input_buffer' in `process_input_buffer'.

[1{/Users/pythagoras/Library/TinyTeX/texmf-var/fonts/map/pdftex/updmap/pdftex.map}


]
Removing  `ltj.listings_unicode' from `process_input_buffer'.
<figures/09_Regression_onR/scatter_batter1.png, id=68, 641.2758pt x 329.5512pt>
File: figures/09_Regression_onR/scatter_batter1.png Graphic file (type png)
<use figures/09_Regression_onR/scatter_batter1.png>
Package luatex.def Info: figures/09_Regression_onR/scatter_batter1.png  used on input line 56.
(luatex.def)             Requested size: 271.86234pt x 139.71294pt.


LaTeX Warning: Reference `dataHandling' on page 2 undefined on input line 62.


LaTeX Warning: Reference `dataHandling' on page 2 undefined on input line 62.

Removing  `ltj.process_input_buffer' from `process_input_buffer'.
Inserting `ltj.listings_unicode' in `process_input_buffer'.
Inserting `ltj.process_input_buffer' in `process_input_buffer'.
Removing  `ltj.listings_unicode' from `process_input_buffer'.
LaTeX Font Info:    Font shape `JT3/BIZUDPMinchoMedium(0)/m/n' will be
(Font)              scaled to size 13.85594pt on input line 76.
LaTeX Font Info:    Font shape `JY3/BIZUDPMinchoMedium(0)/m/n' will be
(Font)              scaled to size 13.85594pt on input line 76.
LaTeX Font Info:    Font shape `JT3/BIZUDPMinchoMedium(0)/b/n' will be
(Font)              scaled to size 13.85594pt on input line 76.
LaTeX Font Info:    Font shape `JY3/BIZUDPMinchoMedium(0)/b/n' will be
(Font)              scaled to size 13.85594pt on input line 76.


(load cache: extra_lmromanslant10-regular.luc)
LaTeX Font Info:    Font shape `JT3/BIZUDPMinchoMedium(0)/m/sl' will be
(Font)              scaled to size 9.6222pt on input line 78.
LaTeX Font Info:    Font shape `JY3/BIZUDPMinchoMedium(0)/m/sl' will be
(Font)              scaled to size 9.6222pt on input line 78.

Package fancyhdr Warning: \headheight is too small (12.0pt): 
(fancyhdr)                Make it at least 15.0pt, for example:
(fancyhdr)                \setlength{\headheight}{15.0pt}.
(fancyhdr)                You might also make \topmargin smaller:
(fancyhdr)                \addtolength{\topmargin}{-3.0pt}.

[2<./figures/09_Regression_onR/scatter_batter1.png>]
Removing  `ltj.process_input_buffer' from `process_input_buffer'.
Inserting `ltj.listings_unicode' in `process_input_buffer'.
Inserting `ltj.process_input_buffer' in `process_input_buffer'.
Removing  `ltj.listings_unicode' from `process_input_buffer'.
LaTeX Font Info:    Font shape `JT3/gt/m/n' will be
(Font)              scaled to size 9.6222pt on input line 93.
(load cache: extra_lmsans10-regular.luc)(load cache: extra_lmsans10-bold.luc)
LaTeX Font Info:    Font shape `JT3/gt/b/n' in size <10> not available
(Font)              Font shape `JT3/gt/m/n' tried instead on input line 93.
LaTeX Font Info:    Font shape `JT3/gt/m/n' will be
(Font)              scaled to size 9.6222pt on input line 93.
LaTeX Font Info:    Font shape `JY3/gt/b/n' in size <10> not available
(Font)              Font shape `JY3/gt/m/n' tried instead on input line 93.
LaTeX Font Info:    Font shape `JY3/gt/m/n' will be
(Font)              scaled to size 9.6222pt on input line 93.
LaTeX Font Info:    Font shape `JT3/gt/m/n' will be
(Font)              scaled to size 8.65997pt on input line 93.
LaTeX Font Info:    Font shape `JY3/gt/m/n' will be
(Font)              scaled to size 8.65997pt on input line 93.



Package fancyhdr Warning: \headheight is too small (12.0pt): 
(fancyhdr)                Make it at least 15.0pt, for example:
(fancyhdr)                \setlength{\headheight}{15.0pt}.
(fancyhdr)                You might also make \topmargin smaller:
(fancyhdr)                \addtolength{\topmargin}{-3.0pt}.

[3]
Removing  `ltj.process_input_buffer' from `process_input_buffer'.
Inserting `ltj.listings_unicode' in `process_input_buffer'.
Inserting `ltj.process_input_buffer' in `process_input_buffer'.
Removing  `ltj.listings_unicode' from `process_input_buffer'.
<figures/09_Regression_onR/plot_lm01.png, id=109, 602.25pt x 451.6875pt>
File: figures/09_Regression_onR/plot_lm01.png Graphic file (type png)
<use figures/09_Regression_onR/plot_lm01.png>
Package luatex.def Info: figures/09_Regression_onR/plot_lm01.png  used on input line 138.
(luatex.def)             Requested size: 334.60422pt x 250.96521pt.
<figures/09_Regression_onR/plot_lm02.png, id=110, 602.25pt x 451.6875pt>
File: figures/09_Regression_onR/plot_lm02.png Graphic file (type png)
<use figures/09_Regression_onR/plot_lm02.png>
Package luatex.def Info: figures/09_Regression_onR/plot_lm02.png  used on input line 149.
(luatex.def)             Requested size: 334.60422pt x 250.96521pt.
<figures/09_Regression_onR/plot_lm03.png, id=111, 602.25pt x 451.6875pt>
File: figures/09_Regression_onR/plot_lm03.png Graphic file (type png)
<use figures/09_Regression_onR/plot_lm03.png>
Package luatex.def Info: figures/09_Regression_onR/plot_lm03.png  used on input line 160.
(luatex.def)             Requested size: 334.60422pt x 250.96521pt.



Package fancyhdr Warning: \headheight is too small (12.0pt): 
(fancyhdr)                Make it at least 15.0pt, for example:
(fancyhdr)                \setlength{\headheight}{15.0pt}.
(fancyhdr)                You might also make \topmargin smaller:
(fancyhdr)                \addtolength{\topmargin}{-3.0pt}.

[4]
<figures/09_Regression_onR/plot_lm04.png, id=122, 602.25pt x 451.6875pt>
File: figures/09_Regression_onR/plot_lm04.png Graphic file (type png)
<use figures/09_Regression_onR/plot_lm04.png>
Package luatex.def Info: figures/09_Regression_onR/plot_lm04.png  used on input line 167.
(luatex.def)             Requested size: 334.60422pt x 250.96521pt.
Removing  `ltj.process_input_buffer' from `process_input_buffer'.
Inserting `ltj.listings_unicode' in `process_input_buffer'.
Inserting `ltj.process_input_buffer' in `process_input_buffer'.
Removing  `ltj.listings_unicode' from `process_input_buffer'.


Package fancyhdr Warning: \headheight is too small (12.0pt): 
(fancyhdr)                Make it at least 15.0pt, for example:
(fancyhdr)                \setlength{\headheight}{15.0pt}.
(fancyhdr)                You might also make \topmargin smaller:
(fancyhdr)                \addtolength{\topmargin}{-3.0pt}.

[5<./figures/09_Regression_onR/plot_lm01.png>]


Package fancyhdr Warning: \headheight is too small (12.0pt): 
(fancyhdr)                Make it at least 15.0pt, for example:
(fancyhdr)                \setlength{\headheight}{15.0pt}.
(fancyhdr)                You might also make \topmargin smaller:
(fancyhdr)                \addtolength{\topmargin}{-3.0pt}.

[6<./figures/09_Regression_onR/plot_lm02.png>]
<figures/09_Regression_onR/PlotMultipleReg.png, id=142, 602.25pt x 602.25pt>
File: figures/09_Regression_onR/PlotMultipleReg.png Graphic file (type png)
<use figures/09_Regression_onR/PlotMultipleReg.png>
Package luatex.def Info: figures/09_Regression_onR/PlotMultipleReg.png  used on input line 230.
(luatex.def)             Requested size: 334.60422pt x 334.62029pt.



Package fancyhdr Warning: \headheight is too small (12.0pt): 
(fancyhdr)                Make it at least 15.0pt, for example:
(fancyhdr)                \setlength{\headheight}{15.0pt}.
(fancyhdr)                You might also make \topmargin smaller:
(fancyhdr)                \addtolength{\topmargin}{-3.0pt}.

[7<./figures/09_Regression_onR/plot_lm03.png>]

LaTeX Warning: Citation 'kosugi2018' on page 8 undefined on input line 248.

Removing  `ltj.process_input_buffer' from `process_input_buffer'.
Inserting `ltj.listings_unicode' in `process_input_buffer'.
Inserting `ltj.process_input_buffer' in `process_input_buffer'.
Removing  `ltj.listings_unicode' from `process_input_buffer'.


Package fancyhdr Warning: \headheight is too small (12.0pt): 
(fancyhdr)                Make it at least 15.0pt, for example:
(fancyhdr)                \setlength{\headheight}{15.0pt}.
(fancyhdr)                You might also make \topmargin smaller:
(fancyhdr)                \addtolength{\topmargin}{-3.0pt}.

[8<./figures/09_Regression_onR/plot_lm04.png>]
<figures/09_Regression_onR/scatter_batter2.png, id=173, 602.25pt x 451.6875pt>
File: figures/09_Regression_onR/scatter_batter2.png Graphic file (type png)
<use figures/09_Regression_onR/scatter_batter2.png>
Package luatex.def Info: figures/09_Regression_onR/scatter_batter2.png  used on input line 274.
(luatex.def)             Requested size: 334.60422pt x 250.96521pt.
Removing  `ltj.process_input_buffer' from `process_input_buffer'.
Inserting `ltj.listings_unicode' in `process_input_buffer'.
Inserting `ltj.process_input_buffer' in `process_input_buffer'.


Package fancyhdr Warning: \headheight is too small (12.0pt): 
(fancyhdr)                Make it at least 15.0pt, for example:
(fancyhdr)                \setlength{\headheight}{15.0pt}.
(fancyhdr)                You might also make \topmargin smaller:
(fancyhdr)                \addtolength{\topmargin}{-3.0pt}.

[9<./figures/09_Regression_onR/PlotMultipleReg.png>]
Removing  `ltj.listings_unicode' from `process_input_buffer'.


Package fancyhdr Warning: \headheight is too small (12.0pt): 
(fancyhdr)                Make it at least 15.0pt, for example:
(fancyhdr)                \setlength{\headheight}{15.0pt}.
(fancyhdr)                You might also make \topmargin smaller:
(fancyhdr)                \addtolength{\topmargin}{-3.0pt}.

[10<./figures/09_Regression_onR/scatter_batter2.png>]
Removing  `ltj.process_input_buffer' from `process_input_buffer'.
Inserting `ltj.listings_unicode' in `process_input_buffer'.
Inserting `ltj.process_input_buffer' in `process_input_buffer'.
Removing  `ltj.listings_unicode' from `process_input_buffer'.


Package fancyhdr Warning: \headheight is too small (12.0pt): 
(fancyhdr)                Make it at least 15.0pt, for example:
(fancyhdr)                \setlength{\headheight}{15.0pt}.
(fancyhdr)                You might also make \topmargin smaller:
(fancyhdr)                \addtolength{\topmargin}{-3.0pt}.

[11]


Package fancyhdr Warning: \headheight is too small (12.0pt): 
(fancyhdr)                Make it at least 15.0pt, for example:
(fancyhdr)                \setlength{\headheight}{15.0pt}.
(fancyhdr)                You might also make \topmargin smaller:
(fancyhdr)                \addtolength{\topmargin}{-3.0pt}.

[12] (./ch09_Regression_onR.aux)
 ***********
LaTeX2e <2024-11-01> patch level 2
L3 programming layer <2025-04-29>
 ***********


LaTeX Warning: There were undefined references.


LaTeX Warning: There were multiply-defined labels.

Package rerunfilecheck Info: File `ch09_Regression_onR.out' has not changed.
(rerunfilecheck)             Checksum: B0009770B63A1EC5265235C079D34BA1;978.

Package biblatex Warning: Please (re)run Biber on the file:
(biblatex)                ch09_Regression_onR
(biblatex)                and rerun LaTeX afterwards.

Package logreq Info: Writing requests to 'ch09_Regression_onR.run.xml'.

\openout1 = ch09_Regression_onR.run.xml
)

Here is how much of LuaTeX's memory you used:
 47922 strings out of 471907
 244633,1977958 words of node,token memory allocated
 1523 words of node memory still in use:
   10 hlist, 2 vlist, 5 rule, 9 glue, 4 kern, 1 glyph, 348 attribute, 76 glue_spec, 40 attribute_list, 2 write, 13 user_defined nodes
   avail lists: 1:41,2:57611,3:956,4:3158,5:481,6:85,7:7491,8:37,9:3028,10:45,11:35
 73191 multiletter control sequences out of 65536+600000
 110 fonts using 81287015 bytes
 119i,12n,126p,1882b,1189s stack positions out of 10000i,1000n,20000p,200000b,200000s
</Users/pythagoras/Library/TinyTeX/texmf-dist/fonts/opentype/public/haranoaji/HaranoAjiGothic-Medium.otf></Users/pythagoras/Library/TinyTeX/texmf-dist/fonts/opentype/public/lm/lmsans10-bold.otf></Users/pythagoras/Library/TinyTeX/texmf-dist/fonts/opentype/public/lm/lmromanslant10-regular.otf></Users/pythagoras/Library/TinyTeX/texmf-dist/fonts/opentype/public/lm/lmroman8-bold.otf></Users/pythagoras/Library/TinyTeX/texmf-dist/fonts/opentype/public/lm/lmmono8-regular.otf></Users/pythagoras/Library/TinyTeX/texmf-dist/fonts/opentype/public/lm/lmroman8-regular.otf></Users/pythagoras/Library/TinyTeX/texmf-dist/fonts/opentype/public/lm/lmroman6-regular.otf></Users/pythagoras/Library/TinyTeX/texmf-dist/fonts/opentype/public/lm/lmmono10-regular.otf></Users/pythagoras/Library/TinyTeX/texmf-dist/fonts/opentype/public/lm/lmroman7-regular.otf></Users/pythagoras/Library/TinyTeX/texmf-dist/fonts/opentype/public/lm/lmmono9-regular.otf></Users/pythagoras/Library/TinyTeX/texmf-dist/fonts/opentype/public/lm/lmroman10-bold.otf></Library/Fonts/BIZ-UDMinchoM.ttc></Users/pythagoras/Library/TinyTeX/texmf-dist/fonts/opentype/public/lm/lmroman12-bold.otf></Library/Fonts/BIZ-UDGothicB.ttc></Users/pythagoras/Library/TinyTeX/texmf-dist/fonts/opentype/public/lm/lmroman10-regular.otf></Users/pythagoras/Library/TinyTeX/texmf-dist/fonts/type1/public/amsfonts/cm/cmmi10.pfb></Users/pythagoras/Library/TinyTeX/texmf-dist/fonts/type1/public/amsfonts/cm/cmmi7.pfb></Users/pythagoras/Library/TinyTeX/texmf-dist/fonts/type1/public/amsfonts/cm/cmmi8.pfb></Users/pythagoras/Library/TinyTeX/texmf-dist/fonts/type1/public/amsfonts/cm/cmr10.pfb></Users/pythagoras/Library/TinyTeX/texmf-dist/fonts/type1/public/amsfonts/cm/cmr6.pfb></Users/pythagoras/Library/TinyTeX/texmf-dist/fonts/type1/public/amsfonts/cm/cmr7.pfb></Users/pythagoras/Library/TinyTeX/texmf-dist/fonts/type1/public/amsfonts/cm/cmr8.pfb></Users/pythagoras/Library/TinyTeX/texmf-dist/fonts/type1/public/amsfonts/cm/cmsy10.pfb></Users/pythagoras/Library/TinyTeX/texmf-dist/fonts/type1/public/amsfonts/cm/cmsy6.pfb></Users/pythagoras/Library/TinyTeX/texmf-dist/fonts/type1/public/amsfonts/cm/cmsy7.pfb></Users/pythagoras/Library/TinyTeX/texmf-dist/fonts/type1/public/amsfonts/cm/cmsy8.pfb>
Output written on ch09_Regression_onR.pdf (12 pages, 1549708 bytes).

PDF statistics: 346 PDF objects out of 1000 (max. 8388607)
 266 compressed objects within 3 object streams
 91 named destinations out of 1000 (max. 131072)
 72 words of extra memory for PDF output out of 10000 (max. 100000000)

