This is LuaHBTeX, Version 1.12.0 (TeX Live 2020)  (format=lualatex 2020.12.18)  23 DEC 2020 12:58
 restricted system commands enabled.
**textbook.tex
(./textbook.tex
LaTeX2e <2020-10-01> patch level 2
Lua module: luaotfload-main 2020-09-02 3.15 luaotfload entry point
Lua module: luaotfload-init 2020-09-02 3.15 luaotfload submodule / initializatio
n
Lua module: lualibs 2020-08-31 2.72 ConTeXt Lua standard libraries.
Lua module: lualibs-extended 2020-08-31 2.72 ConTeXt Lua libraries -- extended c
ollection.
Lua module: luaotfload-log 2020-09-02 3.15 luaotfload submodule / logging
Lua module: luaotfload-parsers 2020-09-02 3.15 luaotfload submodule / parsers
Lua module: luaotfload-configuration 2020-09-02 3.15 luaotfload submodule / conf
ig file reader
luaotfload | conf : Root cache directory is "/Users/Napier/Library/texlive/2020/
texmf-var/luatex-cache/generic/names".
luaotfload | init : Loading fontloader "fontloader-2020-08-31.lua" from kpse-res
olved path "/usr/local/texlive/2020/texmf-dist/tex/luatex/luaotfload/fontloader-
2020-08-31.lua".
Lua-only attribute luaotfload@noligature = 1
Lua-only attribute luaotfload@syllabe = 2
luaotfload | init : Context OpenType loader version 0x1.8e353f7ced917p+1
Lua module: luaotfload-fallback 2020-09-02 3.15 luaotfload submodule / fallback
Lua module: luaotfload-multiscript 2020-09-02 3.15 luaotfload submodule / multis
cript
Lua module: luaotfload-script 2020-09-02 3.15 luaotfload submodule / Script help
ers
Inserting `luaotfload.node_processor' at position 1 in `pre_linebreak_filter'.
Inserting `luaotfload.node_processor' at position 1 in `hpack_filter'.
Inserting `luaotfload.glyph_stream' at position 1 in `glyph_stream_provider'.
Lua module: luaotfload-loaders 2020-09-02 3.15 luaotfload submodule / callback h
andling
Inserting `luaotfload.define_font' at position 1 in `define_font'.
Lua module: luaotfload-database 2020-09-02 3.15 luaotfload submodule / database
Lua module: luaotfload-unicode 2020-09-02 3.15 luaotfload submodule / Unicode he
lpers
Lua module: luaotfload-colors 2020-09-02 3.15 luaotfload submodule / color
Lua-only attribute luaotfload_color_attribute = 3
Lua module: luaotfload-resolvers 2020-09-02 3.15 luaotfload submodule / resolver
s
luaotfload | conf : Root cache directory is "/Users/Napier/Library/texlive/2020/
texmf-var/luatex-cache/generic/names".
Lua module: luaotfload-features 2020-09-02 3.15 luaotfload submodule / features
Lua module: luaotfload-harf-define 2020-09-02 3.15 luaotfload submodule / HarfBu
zz font loading
Inserting `luaotfload.harf.strip_prefix' at position 1 in `find_opentype_file'.
Inserting `luaotfload.harf.strip_prefix' at position 1 in `find_truetype_file'.
Lua module: luaotfload-harf-plug 2020-09-02 3.15 luaotfload submodule / HarfBuzz
 shaping
Inserting `Harf pre_output_filter callback' at position 1 in `pre_output_filter'
.
Inserting `Harf wrapup_run callback' at position 1 in `wrapup_run'.
Inserting `Harf finish_pdffile callback' at position 1 in `finish_pdffile'.
Inserting `Harf glyph_info callback' at position 1 in `glyph_info'.
Lua module: luaotfload-letterspace 2020-09-02 3.15 luaotfload submodule / letter
spacing
Lua module: luaotfload-embolden 2020-09-02 3.15 luaotfload submodule / embolden
Lua module: luaotfload-notdef 2020-09-02 3.15 luaotfload submodule / notdef
Lua module: luaotfload-suppress 2020-09-02 3.15 luaotfload submodule / suppress
Lua module: luaotfload-szss 2020-09-02 3.15 luaotfload submodule / Special featu
re handling
Lua module: luaotfload-auxiliary 2020-09-02 3.15 luaotfload submodule / auxiliar
y functions
Inserting `luaotfload.aux.set_sscale_dimens' at position 1 in `luaotfload.patch_
font'.
Inserting `luaotfload.aux.set_font_index' at position 2 in `luaotfload.patch_fon
t'.
Inserting `luaotfload.aux.patch_cambria_domh' at position 3 in `luaotfload.patch
_font'.
Inserting `luaotfload.aux.fixup_fontdata' at position 1 in `luaotfload.patch_fon
t_unsafe'.
Inserting `luaotfload.aux.set_capheight' at position 4 in `luaotfload.patch_font
'.
Inserting `luaotfload.aux.set_xheight' at position 5 in `luaotfload.patch_font'.
Lua module: luaotfload-tounicode 2020-09-02 3.15 luaotfload submodule / tounicod
e
Inserting `luaotfload.rewrite_fontname' at position 6 in `luaotfload.patch_font'
. L3 programming layer <2020-12-07> xparse <2020-03-03>
(/usr/local/texlive/2020/texmf-dist/tex/luatex/luatexja/ltjsbook.cls
Document Class: ltjsbook 2020/05/30 ltjsclasses 
(/usr/local/texlive/2020/texmf-dist/tex/luatex/luatexja/luatexja.sty
Package: luatexja 2020-10-30 Japanese Typesetting with Lua(La)TeX

(/usr/local/texlive/2020/texmf-dist/tex/luatex/luatexja/luatexja-core.sty
Package: luatexja-core 2020-09-27 Core of LuaTeX-ja

(/usr/local/texlive/2020/texmf-dist/tex/luatex/luatexbase/luatexbase.sty
Package: luatexbase 2015/10/04 v1.3 luatexbase interface to LuaTeX 

(/usr/local/texlive/2020/texmf-dist/tex/luatex/ctablestack/ctablestack.sty
Package: ctablestack 2015/10/01 v1.0 Catcode table stable support
\@catcodetablestackcnt=\count173
)
\CatcodeTableOther=\catcodetable12
\CatcodeTableExpl=\catcodetable13
)
(/usr/local/texlive/2020/texmf-dist/tex/generic/ltxcmds/ltxcmds.sty
Package: ltxcmds 2020-05-10 v1.25 LaTeX kernel commands for general use (HO)
)
(/usr/local/texlive/2020/texmf-dist/tex/generic/pdftexcmds/pdftexcmds.sty
Package: pdftexcmds 2020-06-27 v0.33 Utility functions of pdfTeX for LuaTeX (HO)


(/usr/local/texlive/2020/texmf-dist/tex/generic/infwarerr/infwarerr.sty
Package: infwarerr 2019/12/03 v1.5 Providing info/warning/error messages (HO)
)
(/usr/local/texlive/2020/texmf-dist/tex/generic/iftex/iftex.sty
Package: iftex 2020/03/06 v1.0d TeX engine tests
)
Package pdftexcmds Info: \pdf@primitive is available.
Package pdftexcmds Info: \pdf@ifprimitive is available.
Package pdftexcmds Info: \pdfdraftmode found.
\pdftexcmds@toks=\toks15
)
(/usr/local/texlive/2020/texmf-dist/tex/latex/xkeyval/xkeyval.sty
Package: xkeyval 2020/11/20 v2.8 package option processing (HA)

(/usr/local/texlive/2020/texmf-dist/tex/generic/xkeyval/xkeyval.tex
(/usr/local/texlive/2020/texmf-dist/tex/generic/xkeyval/xkvutils.tex
\XKV@toks=\toks16
\XKV@tempa@toks=\toks17

(/usr/local/texlive/2020/texmf-dist/tex/generic/xkeyval/keyval.tex))
\XKV@depth=\count174
File: xkeyval.tex 2014/12/03 v2.7a key=value parser (HA)
))
(/usr/local/texlive/2020/texmf-dist/tex/latex/etoolbox/etoolbox.sty
Package: etoolbox 2020/10/05 v2.5k e-TeX tools for LaTeX (JAW)
\etb@tempcnta=\count175
)
(/usr/local/texlive/2020/texmf-dist/tex/latex/everyhook/everyhook.sty
(/usr/local/texlive/2020/texmf-dist/tex/latex/svn-prov/svn-prov.sty
Package: svn-prov 2010/04/24 v3.1862 Package Date/Version from SVN Keywords
)
Package: everyhook 2014/11/26 v1.2 (SVN Rev: 12)\ Hooks for low level TeX everyX
 primitives.
\everypar=\toks18
\frozen@everymath=\toks19
\frozen@everydisplay=\toks20
\everyhbox=\toks21
\everyvbox=\toks22
\everycr=\toks23
)
\ltjlineendcomment=\count176
\ltj@dimen@zw=\dimen138
\ltj@dimen@zh=\dimen139
\ltj@dimen@jQ=\dimen140
\ltj@icflag=\attribute4
\ltj@curjfnt=\attribute5
\ltj@curtfnt=\attribute6
\ltj@charclass=\attribute7
\ltj@charcode=\attribute8
\ltj@autospc=\attribute9
\ltj@autoxspc=\attribute10
\ltj@yablshift=\attribute11
\ltj@ykblshift=\attribute12
\ltj@tablshift=\attribute13
\ltj@tkblshift=\attribute14
\jfam=\attribute15
\ltj@vert@ori=\attribute16
\ltj@dir=\attribute17
\ltj@@japanese=\language2
\ltj@tempcnta=\count177
\ltj@kcat0=\attribute18
\ltj@kcat1=\attribute19
\ltj@kcat2=\attribute20
\ltj@kcat3=\attribute21
\ltj@kcat4=\attribute22
\ltj@kcat5=\attribute23
\ltj@kcat6=\attribute24
Custom whatsit inhibitglue = 1
Custom whatsit stack_marker = 2
Custom whatsit begin_par = 3
Custom whatsit direction = 4
Custom whatsit box_boundary = 5
Custom whatsit ja_al_boundary = 6(load cache: ltj-cid-auto-adobe-japan1.luc)
Lua module: luatexja.charrange 2020-07-30 Handling the range of Japanese charact
ers
Lua module: luatexja.stack 2020-07-30 LuaTeX-ja stack system
Inserting `ltj.create_dir_whatsit' at position 2 in `hpack_filter'.
Inserting `ltj.create_dir_whatsit' at position 1 in `post_linebreak_filter'.
Inserting `ltj.direction' at position 1 in `vpack_filter'.
Inserting `ltj.direction' at position 2 in `pre_output_filter'.
Inserting `ltj.lineskip' at position 2 in `post_linebreak_filter'.
Inserting `ltj.lineskip' at position 1 in `append_to_vlist_filter'.
Lua module: luatexja.jfont 2020-10-05 Loader for Japanese fonts
Removing  `luaotfload.define_font' from `define_font'.
Inserting `luatexja.font_callback' at position 1 in `define_font'.
Removing  `luaotfload.aux.set_sscale_dimens' from `luaotfload.patch_font'.
Removing  `luaotfload.aux.set_font_index' from `luaotfload.patch_font'.
Removing  `luaotfload.aux.patch_cambria_domh' from `luaotfload.patch_font'.
Removing  `luaotfload.aux.set_capheight' from `luaotfload.patch_font'.
Removing  `luaotfload.aux.set_xheight' from `luaotfload.patch_font'.
Removing  `luaotfload.rewrite_fontname' from `luaotfload.patch_font'.
Inserting `ltj.prepare_extra_data' at position 1 in `luaotfload.patch_font'.
Inserting `luaotfload.aux.set_sscale_dimens' at position 2 in `luaotfload.patch_
font'.
Inserting `luaotfload.aux.set_font_index' at position 3 in `luaotfload.patch_fon
t'.
Inserting `luaotfload.aux.patch_cambria_domh' at position 4 in `luaotfload.patch
_font'.
Inserting `luaotfload.aux.set_capheight' at position 5 in `luaotfload.patch_font
'.
Inserting `luaotfload.aux.set_xheight' at position 6 in `luaotfload.patch_font'.
Inserting `luaotfload.rewrite_fontname' at position 7 in `luaotfload.patch_font'
.
Inserting `ltj.prepare_extra_data' at position 1 in `luatexja.define_font'.
Inserting `ltj.get_vert_form' at position 1 in `luatexja.define_jfont'.
Removing  `ltj.prepare_extra_data' from `luaotfload.patch_font'.
Removing  `luaotfload.aux.set_sscale_dimens' from `luaotfload.patch_font'.
Removing  `luaotfload.aux.set_font_index' from `luaotfload.patch_font'.
Removing  `luaotfload.aux.patch_cambria_domh' from `luaotfload.patch_font'.
Removing  `luaotfload.aux.set_capheight' from `luaotfload.patch_font'.
Removing  `luaotfload.aux.set_xheight' from `luaotfload.patch_font'.
Removing  `luaotfload.rewrite_fontname' from `luaotfload.patch_font'.
Inserting `ltj.supply_tounicode' at position 1 in `luaotfload.patch_font'.
Inserting `ltj.prepare_extra_data' at position 2 in `luaotfload.patch_font'.
Inserting `luaotfload.aux.set_sscale_dimens' at position 3 in `luaotfload.patch_
font'.
Inserting `luaotfload.aux.set_font_index' at position 4 in `luaotfload.patch_fon
t'.
Inserting `luaotfload.aux.patch_cambria_domh' at position 5 in `luaotfload.patch
_font'.
Inserting `luaotfload.aux.set_capheight' at position 6 in `luaotfload.patch_font
'.
Inserting `luaotfload.aux.set_xheight' at position 7 in `luaotfload.patch_font'.
Inserting `luaotfload.rewrite_fontname' at position 8 in `luaotfload.patch_font'
.
Inserting `ltj.process_input_buffer' at position 1 in `process_input_buffer'.
Inserting `ltj.hyphenate' at position 1 in `hyphenate'.
Removing  `luaotfload.node_processor' from `hpack_filter'.
Removing  `ltj.create_dir_whatsit' from `hpack_filter'.
Inserting `ltj.set_stack_level' at position 1 in `hpack_filter'.
Inserting `luaotfload.node_processor' at position 2 in `hpack_filter'.
Inserting `ltj.create_dir_whatsit' at position 3 in `hpack_filter'.
Removing  `luaotfload.node_processor' from `pre_linebreak_filter'.
Inserting `ltj.set_stack_level' at position 1 in `pre_linebreak_filter'.
Inserting `luaotfload.node_processor' at position 2 in `pre_linebreak_filter'.
Lua module: luatexja.jfmglue 2020-10-22 Insertion process of JFM glues, [x]kanji
skip and others
Inserting `luatexja.beginpar.np_info' at position 1 in `luatexja.jfmglue.whatsit
_getinfo'.
Inserting `luatexja.beginpar.np_info_after' at position 1 in `luatexja.jfmglue.w
hatsit_after'.
Inserting `ltj.mlist_to_hlist_pre' at position 1 in `pre_mlist_to_hlist_filter'.
Inserting `ltj.main' at position 3 in `pre_linebreak_filter'.
Removing  `ltj.create_dir_whatsit' from `hpack_filter'.
Inserting `ltj.main' at position 3 in `hpack_filter'.
Inserting `ltj.create_dir_whatsit' at position 4 in `hpack_filter'.
Removing  `ltj.set_stack_level' from `pre_linebreak_filter'.
Removing  `luaotfload.node_processor' from `pre_linebreak_filter'.
Removing  `ltj.main' from `pre_linebreak_filter'.
Inserting `ltj.adjust_icflag' at position 1 in `pre_linebreak_filter'.
Inserting `ltj.set_stack_level' at position 2 in `pre_linebreak_filter'.
Inserting `luaotfload.node_processor' at position 3 in `pre_linebreak_filter'.
Inserting `ltj.main' at position 4 in `pre_linebreak_filter'.
Removing  `ltj.set_stack_level' from `hpack_filter'.
Removing  `luaotfload.node_processor' from `hpack_filter'.
Removing  `ltj.main' from `hpack_filter'.
Removing  `ltj.create_dir_whatsit' from `hpack_filter'.
Inserting `ltj.adjust_icflag' at position 1 in `hpack_filter'.
Inserting `ltj.set_stack_level' at position 2 in `hpack_filter'.
Inserting `luaotfload.node_processor' at position 3 in `hpack_filter'.
Inserting `ltj.main' at position 4 in `hpack_filter'.
Inserting `ltj.create_dir_whatsit' at position 5 in `hpack_filter'.
(/usr/local/texlive/2020/texmf-dist/tex/luatex/luatexja/ltj-base.sty
Package: ltj-base 2020-08-04
\ltj@tempcntb=\count178
\ltj@tempcntc=\count179
\ltj@tempdima=\dimen141
\ltj@afbox=\box47
)
\ltj@@italic@inner=\luafunction11
\ltj@@start@time@measure@inner=\luafunction12
\ltj@@stop@time@measure@inner=\luafunction13
\ltj@@jfont@inner=\luafunction14
\ltj@zw@inner=\luafunction15
\ltj@zh@inner=\luafunction16
\ltj@reset@globaldefs@inner=\luafunction17
\ltj@restore@globaldefs@inner=\luafunction18
\ltj@@ihb@inner=\luafunction19
\ltj@@fakeparbegin@inner=\luafunction20
\ltj@@fakeboxbdd@inner=\luafunction21
\ltj@@stack=\count180
\ltj@@group@level=\count181
\ltjsetkanjiskip@inner=\luafunction22
\ltjsetxkanjiskip@inner=\luafunction23
\ltj@@getparam@one@inner=\luafunction24
\ltj@alljachar@inner=\luafunction25
\ltj@@lua@populate@insertwhatsit@inner=\luafunction26
\ltj@@box@dirhook@inner=\luafunction27
\ltj@@reset@badness@inner=\luafunction28
\ltj@@lua@raisebox@inner=\luafunction29
\ltj@@lua@shipout@inner=\luafunction30
\ltj@@lua@unboxcheckdir@inner=\luafunction31
(load cache: ltj-kinsoku_default.luc)
(/usr/local/texlive/2020/texmf-dist/tex/luatex/luatexja/ltj-latex.sty
Package: ltj-latex 2020-10-09 LaTeX support of LuaTeX-ja

(/usr/local/texlive/2020/texmf-dist/tex/luatex/luatexja/patches/lltjfont.sty
Package: lltjfont 2020-10-05 Patch to NFSS2 for LuaTeX-ja

(/usr/local/texlive/2020/texmf-dist/tex/latex/base/tuenc.def
File: tuenc.def 2020/08/10 v2.0s Standard LaTeX file
\@remove@tlig@@@@=\luafunction32
LaTeX Font Info:    Redeclaring font encoding TU on input line 106.
)
\Cht=\dimen142
\cht=\dimen143
\Cdp=\dimen144
\cdp=\dimen145
\Cwd=\dimen146
\cwd=\dimen147
\Cvs=\dimen148
\cvs=\dimen149
\Chs=\dimen150
\chs=\dimen151
\cHT=\dimen152
\dstrutbox=\box48
\tstrutbox=\box49
\zstrutbox=\box50
LaTeX Info: Redefining \strut on input line 67.
\ltj@@add@fenc@@inner=\luafunction33
\ltj@@add@kyenc@@inner=\luafunction34
\ltj@@add@ktenc@@inner=\luafunction35
\ltj@@is@kyenc@@inner=\luafunction36
\ltj@@is@ktenc@@inner=\luafunction37
\ltj@@is@kenc@@inner=\luafunction38
\ltj@@is@ffam@@inner=\luafunction39
\ltj@@add@ffam@@inner=\luafunction40
\ltj@@add@kfam@@inner=\luafunction41

(/usr/local/texlive/2020/texmf-dist/tex/latex/ms/everysel.sty
Package: everysel 2011/10/28 v1.2 EverySelectfont Package (MS)
)
ABD: EverySelectfont initializing macros
LaTeX Info: Redefining \selectfont on input line 358.
\ltj@@adjust@baseline@inner=\luafunction42
LaTeX Info: Redefining \fontencoding on input line 558.
LaTeX Info: Redefining \fontfamily on input line 601.
\ltj@@latex@plv=\count182
LaTeX Info: Redefining \fontseries on input line 754.
LaTeX Info: Redefining \fontseriesforce on input line 758.
LaTeX Info: Redefining \fontshape on input line 763.
LaTeX Info: Redefining \fontshapeforce on input line 770.
\ltj@@jfont@@jfmonly@@inner=\luafunction43
\ltj@@does@alt@set@@inner=\luafunction44
)
(/usr/local/texlive/2020/texmf-dist/tex/luatex/luatexja/patches/lltjdefs.sty
Package: lltjdefs 2020-10-05 Default font settings of LuaTeX-ja
luaotfload | db : Font names database loaded from /Users/Napier/Library/texlive/
2020/texmf-var/luatex-cache/generic/names/luaotfload-names.luc(load cache: extra
_lmroman10-regular.luc)
LaTeX Font Info:    Font shape `JT3/mc/m/n' will be
(Font)              scaled to size 9.24713pt on input line 70.

(/usr/local/texlive/2020/texmf-dist/tex/luatex/luatexja/jfm-ujisv.lua)
LaTeX Font Info:    Font shape `JY3/mc/m/n' will be
(Font)              scaled to size 9.24713pt on input line 70.
(load cache: extra_haranoajimincho-regular.luc)
(/usr/local/texlive/2020/texmf-dist/tex/luatex/luatexja/jfm-ujis.lua)
\symmincho=\mathgroup4
LaTeX Font Info:    Overwriting symbol font `mincho' in version `bold'
(Font)                  JY3/mc/m/n --> JY3/gt/m/n on input line 79.
)
(/usr/local/texlive/2020/texmf-dist/tex/luatex/luatexja/patches/lltjcore.sty
Package: lltjcore 2020-09-28 Patch to LaTeX2e Kernel for LuaTeX-ja

(/usr/local/texlive/2020/texmf-dist/tex/latex/l3kernel/expl3.sty
Package: expl3 2020-12-07 L3 programming layer (loader) 

(/usr/local/texlive/2020/texmf-dist/tex/latex/l3backend/l3backend-luatex.def
File: l3backend-luatex.def 2020-09-24 L3 backend support: PDF output (LuaTeX)
\l__kernel_color_stack_int=\count183
\l__pdf_internal_box=\box51
))
\@tombowwidth=\dimen153
\@TL=\box52
\@Tl=\box53
\@TC=\box54
\@TR=\box55
\@Tr=\box56
\@BL=\box57
\@Bl=\box58
\@BC=\box59
\@BR=\box60
\@Br=\box61
\@CL=\box62
\@CR=\box63
\@bannertoken=\toks24
\@@paperheight=\dimen154
\@@paperwidth=\dimen155
\@@topmargin=\dimen156
LaTeX Info: Redefining \underline on input line 293.
)
(/usr/local/texlive/2020/texmf-dist/tex/luatex/luatexja/patches/lltjp-atbegshi.
sty
Package: lltjp-atbegshi 2020-09-30 Patching \shipout hooks for LuaTeX-ja
\l__platex_shipout_dummy_box=\box64
)
(/usr/local/texlive/2020/texmf-dist/tex/luatex/luatexja/patches/lltjp-geometry.
sty
Package: lltjp-geometry 2020-09-18 Patch to geometry for LuaTeX-ja with vertical
 writing mode
 (/usr/local/texlive/2020/texmf-dist/tex/generic/iftex/ifluatex.sty
Package: ifluatex 2019/10/25 v1.5 ifluatex legacy package. Use iftex instead.
)))
\ltj@temp@cctb=\catcodetable14
)
(/usr/local/texlive/2020/texmf-dist/tex/luatex/luatexja/luatexja-compat.sty
Package: luatexja-compat 2020-08-08 Compatibility with pTeX
(load cache: ltj-jisx0208.luc)
\hour=\count184
\minute=\count185
))
\jsc@mpt=\dimen157
\jsc@mmm=\dimen158
\jsc@smallskipamount=\skip47
LaTeX Font Info:    Font shape `JY3/mc/m/n' will be
(Font)              scaled to size 9.24713pt on input line 422.
\fullwidth=\dimen159
(load cache: extra_lmroman8-regular.luc)
LaTeX Font Info:    Font shape `JT3/mc/m/n' will be
(Font)              scaled to size 7.3977pt on input line 571.
LaTeX Font Info:    Font shape `JY3/mc/m/n' will be
(Font)              scaled to size 7.3977pt on input line 571.
\c@part=\count186
\c@chapter=\count187
\c@section=\count188
\c@subsection=\count189
\c@subsubsection=\count190
\c@paragraph=\count191
\c@subparagraph=\count192
\c@figure=\count193
\c@table=\count194
\abovecaptionskip=\skip48
\belowcaptionskip=\skip49
LaTeX Info: Redefining \mc on input line 1280.
LaTeX Info: Redefining \gt on input line 1281.
\jsc@tocl@width=\dimen160
\@lnumwidth=\dimen161
\bibindent=\dimen162

(/usr/local/texlive/2020/texmf-dist/tex/platex/jsclasses/jslogo.sty
Package: jslogo 2019/07/25 okumura, texjporg
LaTeX Info: Redefining \TeX on input line 82.
LaTeX Info: Redefining \LaTeX on input line 135.
LaTeX Info: Redefining \LaTeXe on input line 188.
)
\heisei=\count195

(/usr/local/texlive/2020/texmf-dist/tex/latex/sttools/stfloats.sty
Package: stfloats 2017/03/27 v3.3 Improve float mechanism and baselineskip setti
ngs
\@dblbotnum=\count196
\c@dblbotnumber=\count197
)
(/usr/local/texlive/2020/texmf-dist/tex/luatex/luatexja/patches/lltjp-stfloats.
sty)) (./myStyle.sty
(/usr/local/texlive/2020/texmf-dist/tex/latex/natbib/natbib.sty
Package: natbib 2010/09/13 8.31b (PWD, AO)
\bibhang=\skip50
\bibsep=\skip51
LaTeX Info: Redefining \cite on input line 694.
\c@NAT@ctr=\count198
)
(/usr/local/texlive/2020/texmf-dist/tex/latex/geometry/geometry.sty
Package: geometry 2020/01/02 v5.9 Page Geometry

(/usr/local/texlive/2020/texmf-dist/tex/generic/iftex/ifvtex.sty
Package: ifvtex 2019/10/25 v1.7 ifvtex legacy package. Use iftex instead.
)
\Gm@cnth=\count199
\Gm@cntv=\count266
\c@Gm@tempcnt=\count267
\Gm@bindingoffset=\dimen163
\Gm@wd@mp=\dimen164
\Gm@odd@mp=\dimen165
\Gm@even@mp=\dimen166
\Gm@layoutwidth=\dimen167
\Gm@layoutheight=\dimen168
\Gm@layouthoffset=\dimen169
\Gm@layoutvoffset=\dimen170
\Gm@dimlist=\toks25
)
(/usr/local/texlive/2020/texmf-dist/tex/latex/url/url.sty
\Urlmuskip=\muskip16
Package: url 2013/09/16  ver 3.4  Verb mode for urls, etc.
)
(/usr/local/texlive/2020/texmf-dist/tex/latex/ascmac/ascmac.sty
Package: ascmac 2020/01/15 v2.1 ascmac wrapper (community edition) 

(/usr/local/texlive/2020/texmf-dist/tex/latex/ascmac/tascmac.sty
Package: tascmac 2020/01/15 v2.1 ascmac package (community edition) 
Package tascmac Info: Patch from LuaTeX-ja will be applied on input line 44.
\@savetbaselineshift=\dimen171
\@saveybaselineshift=\dimen172
\scb@x=\box65
\scscb@x=\box66
\@bw=\dimen173
\@nbox=\box67
\@nbody=\box68
\@scw=\dimen174
\ascmac@hoboxa=\box69
\ascmac@hoboxb=\box70
\@itemh=\dimen175
\@iboxpos=\toks26
\@iboxstr=\box71
\@bwsp=\box72
\@@bwsp=\box73
\@bcal=\count268
\shaderule=\dimen176
))
(/usr/local/texlive/2020/texmf-dist/tex/latex/graphics/graphicx.sty
Package: graphicx 2020/09/09 v1.2b Enhanced LaTeX Graphics (DPC,SPQR)

(/usr/local/texlive/2020/texmf-dist/tex/latex/graphics/graphics.sty
Package: graphics 2020/08/30 v1.4c Standard LaTeX Graphics (DPC,SPQR)

(/usr/local/texlive/2020/texmf-dist/tex/latex/graphics/trig.sty
Package: trig 2016/01/03 v1.10 sin cos tan (DPC)
)
(/usr/local/texlive/2020/texmf-dist/tex/latex/graphics-cfg/graphics.cfg
File: graphics.cfg 2016/06/04 v1.11 sample graphics configuration
)
Package graphics Info: Driver file: luatex.def on input line 105.

(/usr/local/texlive/2020/texmf-dist/tex/latex/graphics-def/luatex.def
File: luatex.def 2020/10/05 v1.2a Graphics/color driver for luatex
))
\Gin@req@height=\dimen177
\Gin@req@width=\dimen178
)
(/usr/local/texlive/2020/texmf-dist/tex/latex/lineno/lineno.sty
Package: lineno 2005/11/02 line numbers on paragraphs v4.41
\linenopenalty=\count269
\output=\toks27
\linenoprevgraf=\count270
\linenumbersep=\dimen179
\linenumberwidth=\dimen180
\c@linenumber=\count271
\c@pagewiselinenumber=\count272
\c@LN@truepage=\count273
\c@internallinenumber=\count274
\c@internallinenumbers=\count275
\quotelinenumbersep=\dimen181
\bframerule=\dimen182
\bframesep=\dimen183
\bframebox=\box74
LaTeX Info: Redefining \\ on input line 3056.
)
(/usr/local/texlive/2020/texmf-dist/tex/latex/hyperref/hyperref.sty
Package: hyperref 2020-05-15 v7.00e Hypertext links for LaTeX

(/usr/local/texlive/2020/texmf-dist/tex/generic/kvsetkeys/kvsetkeys.sty
Package: kvsetkeys 2019/12/15 v1.18 Key value parser (HO)
)
(/usr/local/texlive/2020/texmf-dist/tex/generic/kvdefinekeys/kvdefinekeys.sty
Package: kvdefinekeys 2019-12-19 v1.6 Define keys (HO)
)
(/usr/local/texlive/2020/texmf-dist/tex/generic/pdfescape/pdfescape.sty
Package: pdfescape 2019/12/09 v1.15 Implements pdfTeX's escape features (HO)
)
(/usr/local/texlive/2020/texmf-dist/tex/latex/hycolor/hycolor.sty
Package: hycolor 2020-01-27 v1.10 Color options for hyperref/bookmark (HO)
)
(/usr/local/texlive/2020/texmf-dist/tex/latex/letltxmacro/letltxmacro.sty
Package: letltxmacro 2019/12/03 v1.6 Let assignment for LaTeX macros (HO)
)
(/usr/local/texlive/2020/texmf-dist/tex/latex/auxhook/auxhook.sty
Package: auxhook 2019-12-17 v1.6 Hooks for auxiliary files (HO)
)
(/usr/local/texlive/2020/texmf-dist/tex/latex/kvoptions/kvoptions.sty
Package: kvoptions 2020-10-07 v3.14 Key value format for package options (HO)
)
\@linkdim=\dimen184
\Hy@linkcounter=\count276
\Hy@pagecounter=\count277

(/usr/local/texlive/2020/texmf-dist/tex/latex/hyperref/pd1enc.def
File: pd1enc.def 2020-05-15 v7.00e Hyperref: PDFDocEncoding definition (HO)
)
(/usr/local/texlive/2020/texmf-dist/tex/generic/intcalc/intcalc.sty
Package: intcalc 2019/12/15 v1.3 Expandable calculations with integers (HO)
)
(/usr/local/texlive/2020/texmf-dist/tex/generic/etexcmds/etexcmds.sty
Package: etexcmds 2019/12/15 v1.7 Avoid name clashes with e-TeX commands (HO)
)
\Hy@SavedSpaceFactor=\count278
Package hyperref Info: Hyper figures OFF on input line 4464.
Package hyperref Info: Link nesting OFF on input line 4469.
Package hyperref Info: Hyper index ON on input line 4472.
Package hyperref Info: Plain pages OFF on input line 4479.
Package hyperref Info: Backreferencing OFF on input line 4484.
Package hyperref Info: Implicit mode ON; LaTeX internals redefined.
Package hyperref Info: Bookmarks ON on input line 4717.
\c@Hy@tempcnt=\count279
LaTeX Info: Redefining \url on input line 5076.
\XeTeXLinkMargin=\dimen185

(/usr/local/texlive/2020/texmf-dist/tex/generic/bitset/bitset.sty
Package: bitset 2019/12/09 v1.3 Handle bit-vector datatype (HO)

(/usr/local/texlive/2020/texmf-dist/tex/generic/bigintcalc/bigintcalc.sty
Package: bigintcalc 2019/12/15 v1.5 Expandable calculations on big integers (HO)

))
\Fld@menulength=\count280
\Field@Width=\dimen186
\Fld@charsize=\dimen187
Package hyperref Info: Hyper figures OFF on input line 6347.
Package hyperref Info: Link nesting OFF on input line 6352.
Package hyperref Info: Hyper index ON on input line 6355.
Package hyperref Info: backreferencing OFF on input line 6362.
Package hyperref Info: Link coloring OFF on input line 6367.
Package hyperref Info: Link coloring with OCG OFF on input line 6372.
Package hyperref Info: PDF/A mode OFF on input line 6377.
LaTeX Info: Redefining \ref on input line 6417.
LaTeX Info: Redefining \pageref on input line 6421.

(/usr/local/texlive/2020/texmf-dist/tex/latex/base/atbegshi-ltx.sty
Package: atbegshi-ltx 2020/08/17 v1.0a Emulation of the original atbegshi packag
e
with kernel methods
)
\Hy@abspage=\count281
\c@Item=\count282
\c@Hfootnote=\count283
)
Package hyperref Info: Driver (autodetected): hluatex.

(/usr/local/texlive/2020/texmf-dist/tex/latex/hyperref/hluatex.def
File: hluatex.def 2020-05-15 v7.00e Hyperref driver for luaTeX

(/usr/local/texlive/2020/texmf-dist/tex/latex/hyperref/puenc.def
File: puenc.def 2020-05-15 v7.00e Hyperref: PDF Unicode definition (HO)
)
(/usr/local/texlive/2020/texmf-dist/tex/generic/stringenc/stringenc.sty
Package: stringenc 2019/11/29 v1.12 Convert strings between diff. encodings (HO)

)
(/usr/local/texlive/2020/texmf-dist/tex/latex/base/atveryend-ltx.sty
Package: atveryend-ltx 2020/08/19 v1.0a Emulation of the original atvery package

with kernel methods
)
\Fld@listcount=\count284
\c@bookmark@seq@number=\count285

(/usr/local/texlive/2020/texmf-dist/tex/latex/rerunfilecheck/rerunfilecheck.sty
Package: rerunfilecheck 2019/12/05 v1.9 Rerun checks for auxiliary files (HO)

(/usr/local/texlive/2020/texmf-dist/tex/generic/uniquecounter/uniquecounter.sty
Package: uniquecounter 2019/12/15 v1.4 Provide unlimited unique counter (HO)
)
Package uniquecounter Info: New unique counter `rerunfilecheck' on input line 28
6.
)
\Hy@SectionHShift=\skip52
) (/usr/local/texlive/2020/texmf-dist/tex/latex/epsdice/epsdice.sty
Package: epsdice 2007/02/15 by Thomas Heim (v. 2.1)

(/usr/local/texlive/2020/texmf-dist/tex/latex/base/ifthen.sty
Package: ifthen 2014/09/29 v1.1c Standard LaTeX ifthen package (DPC)
)
(/usr/local/texlive/2020/texmf-dist/tex/latex/epsdice/epsdice.cfg)
\c@eps@face=\count286
)
(/usr/local/texlive/2020/texmf-dist/tex/latex/xcolor/xcolor.sty
Package: xcolor 2016/05/11 v2.12 LaTeX color extensions (UK)

(/usr/local/texlive/2020/texmf-dist/tex/latex/graphics-cfg/color.cfg
File: color.cfg 2016/01/02 v1.6 sample color configuration
)
Package xcolor Info: Driver file: luatex.def on input line 225.
Package xcolor Info: Model `cmy' substituted by `cmy0' on input line 1348.
Package xcolor Info: Model `hsb' substituted by `rgb' on input line 1352.
Package xcolor Info: Model `RGB' extended on input line 1364.
Package xcolor Info: Model `HTML' substituted by `rgb' on input line 1366.
Package xcolor Info: Model `Hsb' substituted by `hsb' on input line 1367.
Package xcolor Info: Model `tHsb' substituted by `hsb' on input line 1368.
Package xcolor Info: Model `HSB' substituted by `hsb' on input line 1369.
Package xcolor Info: Model `Gray' substituted by `gray' on input line 1370.
Package xcolor Info: Model `wave' substituted by `hsb' on input line 1371.
)
(/usr/local/texlive/2020/texmf-dist/tex/latex/listingsutf8/listingsutf8.sty
Package: listingsutf8 2019-12-10 v1.5 Allow UTF-8 in listings input (HO)

(/usr/local/texlive/2020/texmf-dist/tex/latex/listings/listings.sty
\lst@mode=\count287
\lst@gtempboxa=\box75
\lst@token=\toks28
\lst@length=\count288
\lst@currlwidth=\dimen188
\lst@column=\count289
\lst@pos=\count290
\lst@lostspace=\dimen189
\lst@width=\dimen190
\lst@newlines=\count291
\lst@lineno=\count292
\lst@maxwidth=\dimen191

(/usr/local/texlive/2020/texmf-dist/tex/latex/listings/lstmisc.sty
File: lstmisc.sty 2020/03/24 1.8d (Carsten Heinz)
\c@lstnumber=\count293
\lst@skipnumbers=\count294
\lst@framebox=\box76
)
(/usr/local/texlive/2020/texmf-dist/tex/latex/listings/listings.cfg
File: listings.cfg 2020/03/24 1.8d listings configuration
))
Package: listings 2020/03/24 1.8d (Carsten Heinz)

(/usr/local/texlive/2020/texmf-dist/tex/luatex/luatexja/patches/lltjp-listings.
sty
(/usr/local/texlive/2020/texmf-dist/tex/luatex/luatexbase/luatexbase-cctb.sty
Package: luatexbase-cctb 2015/10/04 v1.3 luatexbase interface to LuaTeX (legacy 
subpackage) 
)
\CatcodeTableLTJlistings=\catcodetable15
\ltj@lst@frame@lslimit=\dimen192

(/usr/local/texlive/2020/texmf-dist/tex/latex/listings/lstmisc.sty
File: lstmisc.sty 2020/03/24 1.8d (Carsten Heinz)
\lst@WFtoken=\toks29
\lst@WF=\write3
)))
Package hyperref Info: Option `setpagesize' set `false' on input line 38.
Package hyperref Info: Option `bookmarksnumbered' set `true' on input line 38.
Package hyperref Info: Option `bookmarksopen' set `true' on input line 38.
Package hyperref Info: Option `colorlinks' set `true' on input line 38.

(/usr/local/texlive/2020/texmf-dist/tex/latex/wrapfig/wrapfig.sty
\wrapoverhang=\dimen193
\WF@size=\dimen194
\c@WF@wrappedlines=\count295
\WF@box=\box77
\WF@everypar=\toks30
Package: wrapfig 2003/01/31  v 3.6
)
(/usr/local/texlive/2020/texmf-dist/tex/latex/multirow/multirow.sty
Package: multirow 2019/05/31 v2.5 Span multiple rows of a table
\multirow@colwidth=\skip53
\multirow@cntb=\count296
\multirow@dima=\skip54
\bigstrutjot=\dimen195
))
(/usr/local/texlive/2020/texmf-dist/tex/latex/docmute/docmute.sty
Package: docmute 2012/03/22 v1.4 Input stand-alone documents
)
(/usr/local/texlive/2020/texmf-dist/tex/luatex/luatexja/patches/lltjp-tascmac.s
ty
Package: lltjp-tascmac 2017/12/23 Patch to (t)ascmac for LuaTeX-ja
{/usr/local/texlive/2020/texmf-var/fonts/map/pdftex/updmap/pdftex.map}
warning  (map file): entry for 'ascgrp' already exists, duplicates ignored
)
No file textbook.aux.

\openout1 = textbook.aux
LaTeX Font Info:    Checking defaults for OML/cmm/m/it on input line 5.
LaTeX Font Info:    ... okay on input line 5.
LaTeX Font Info:    Checking defaults for OMS/cmsy/m/n on input line 5.
LaTeX Font Info:    ... okay on input line 5.
LaTeX Font Info:    Checking defaults for OT1/cmr/m/n on input line 5.
LaTeX Font Info:    ... okay on input line 5.
LaTeX Font Info:    Checking defaults for T1/cmr/m/n on input line 5.
LaTeX Font Info:    ... okay on input line 5.
LaTeX Font Info:    Checking defaults for TS1/cmr/m/n on input line 5.
LaTeX Font Info:    Trying to load font information for TS1+cmr on input line 5.

(/usr/local/texlive/2020/texmf-dist/tex/latex/base/ts1cmr.fd
File: ts1cmr.fd 2019/12/16 v2.5j Standard LaTeX font definitions
)
LaTeX Font Info:    ... okay on input line 5.
LaTeX Font Info:    Checking defaults for TU/lmr/m/n on input line 5.
LaTeX Font Info:    ... okay on input line 5.
LaTeX Font Info:    Checking defaults for OMX/cmex/m/n on input line 5.
LaTeX Font Info:    ... okay on input line 5.
LaTeX Font Info:    Checking defaults for U/cmr/m/n on input line 5.
LaTeX Font Info:    ... okay on input line 5.
LaTeX Font Info:    Checking defaults for JY3/mc/m/n on input line 5.
LaTeX Font Info:    ... okay on input line 5.
LaTeX Font Info:    Checking defaults for JT3/mc/m/n on input line 5.
LaTeX Font Info:    ... okay on input line 5.
LaTeX Font Info:    Checking defaults for PD1/pdf/m/n on input line 5.
LaTeX Font Info:    ... okay on input line 5.
LaTeX Font Info:    Checking defaults for PU/pdf/m/n on input line 5.
LaTeX Font Info:    ... okay on input line 5.

ABD: EverySelectfont initializing macros
LaTeX Info: Redefining \selectfont on input line 5.

*geometry* driver: auto-detecting
*geometry* detected driver: luatex
*geometry* verbose mode - [ preamble ] result:
* driver: luatex
* paper: <default>
* layout: <same size as paper>
* layoutoffset:(h,v)=(0.0pt,0.0pt)
* modes: twoside 
* h-part:(L,W,R)=(71.13188pt, 455.24411pt, 71.13188pt)
* v-part:(T,H,B)=(85.35826pt, 674.33032pt, 85.35826pt)
* \paperwidth=597.50787pt
* \paperheight=845.04684pt
* \textwidth=455.24411pt
* \textheight=674.33032pt
* \oddsidemargin=-1.1381pt
* \evensidemargin=-1.1381pt
* \topmargin=-21.22221pt
* \headheight=20.0pt
* \headsep=14.31049pt
* \topskip=12.76108pt
* \footskip=0.0pt
* \marginparwidth=120.2127pt
* \marginparsep=18.49426pt
* \columnsep=18.49426pt
* \skip\footins=16.0pt plus 5.0pt minus 2.0pt
* \hoffset=0.0pt
* \voffset=0.0pt
* \mag=1000
* \@twocolumnfalse
* \@twosidetrue
* \@mparswitchtrue
* \@reversemarginfalse
* (1in=72.27pt=25.4mm, 1cm=28.453pt)

(/usr/local/texlive/2020/texmf-dist/tex/context/base/mkii/supp-pdf.mkii
[Loading MPS to PDF converter (version 2006.09.02).]
\scratchcounter=\count297
\scratchdimen=\dimen196
\scratchbox=\box78
\nofMPsegments=\count298
\nofMParguments=\count299
\everyMPshowfont=\toks31
\MPscratchCnt=\count300
\MPscratchDim=\dimen197
\MPnumerator=\count301
\makeMPintoPDFobject=\count302
\everyMPtoPDFconversion=\toks32
) (/usr/local/texlive/2020/texmf-dist/tex/latex/epstopdf-pkg/epstopdf-base.sty
Package: epstopdf-base 2020-01-24 v2.11 Base part for package epstopdf
Package epstopdf-base Info: Redefining graphics rule for `.eps' on input line 48
5.

(/usr/local/texlive/2020/texmf-dist/tex/latex/latexconfig/epstopdf-sys.cfg
File: epstopdf-sys.cfg 2010/07/13 v1.3 Configuration of (r)epstopdf for TeX Live

))
Package hyperref Info: Link coloring ON on input line 5.

(/usr/local/texlive/2020/texmf-dist/tex/latex/hyperref/nameref.sty
Package: nameref 2019/09/16 v2.46 Cross-referencing by name of section

(/usr/local/texlive/2020/texmf-dist/tex/latex/refcount/refcount.sty
Package: refcount 2019/12/15 v3.6 Data extraction from label references (HO)
)
(/usr/local/texlive/2020/texmf-dist/tex/generic/gettitlestring/gettitlestring.s
ty
Package: gettitlestring 2019/12/15 v1.6 Cleanup title references (HO)
)
\c@section@level=\count303
)
LaTeX Info: Redefining \ref on input line 5.
LaTeX Info: Redefining \pageref on input line 5.
LaTeX Info: Redefining \nameref on input line 5.
\@outlinefile=\write4

\openout4 = textbook.out
\c@lstlisting=\count304
 (/usr/local/texlive/2020/texmf-dist/tex/latex/base/inputenc.sty
Package: inputenc 2020/08/01 v1.3d Input encoding file
\inpenc@prehook=\toks33
\inpenc@posthook=\toks34
)
\docmute@nestinglevel=\count305
(load cache: extra_lmroman17-regular.luc)
LaTeX Font Info:    Font shape `JT3/mc/m/n' will be
(Font)              scaled to size 15.97903pt on input line 10.
LaTeX Font Info:    Font shape `JY3/mc/m/n' will be
(Font)              scaled to size 15.97903pt on input line 10.
(load cache: extra_lmroman5-regular.luc)
LaTeX Font Info:    Font shape `JT3/mc/m/n' will be
(Font)              scaled to size 4.62357pt on input line 10.
LaTeX Font Info:    Font shape `JY3/mc/m/n' will be
(Font)              scaled to size 4.62357pt on input line 10.
(load cache: extra_lmsans8-regular.luc)
LaTeX Font Info:    Font shape `JT3/gt/m/n' will be
(Font)              scaled to size 4.62357pt on input line 10.
LaTeX Font Info:    Font shape `JY3/gt/m/n' will be
(Font)              scaled to size 4.62357pt on input line 10.
(load cache: extra_haranoajigothic-medium.luc)(load cache: extra_lmroman12-regul
ar.luc)
LaTeX Font Info:    Font shape `JT3/mc/m/n' will be
(Font)              scaled to size 11.09656pt on input line 10.
LaTeX Font Info:    Font shape `JY3/mc/m/n' will be
(Font)              scaled to size 11.09656pt on input line 10.
LaTeX Font Info:    External font `cmex10' loaded for size
(Font)              <12> on input line 10.
LaTeX Font Info:    External font `cmex10' loaded for size
(Font)              <8> on input line 10.
LaTeX Font Info:    External font `cmex10' loaded for size
(Font)              <6> on input line 10.
LaTeX Font Info:    Font shape `JY3/mc/m/n' will be
(Font)              scaled to size 5.54828pt on input line 10.
 [1


]
LaTeX Font Info:    Font shape `JT3/gt/m/n' will be
(Font)              scaled to size 9.24713pt on input line 11.
LaTeX Font Info:    Font shape `JY3/gt/m/n' will be
(Font)              scaled to size 9.24713pt on input line 11.
(load cache: extra_lmsans10-regular.luc)
[2

]
LaTeX Font Info:    Font shape `JT3/mc/m/n' will be
(Font)              scaled to size 23.00687pt on input line 11.
LaTeX Font Info:    Font shape `JY3/mc/m/n' will be
(Font)              scaled to size 23.00687pt on input line 11.
LaTeX Font Info:    Font shape `JT3/gt/m/n' will be
(Font)              scaled to size 23.00687pt on input line 11.
LaTeX Font Info:    Font shape `JY3/gt/m/n' will be
(Font)              scaled to size 23.00687pt on input line 11.
(load cache: extra_lmsans17-regular.luc)
\tf@toc=\write5

\openout5 = textbook.toc
(load cache: extra_lmroman10-bold.luc)
LaTeX Font Info:    Font shape `JT3/mc/b/n' in size <10> not available
(Font)              Font shape `JT3/gt/m/n' tried instead on input line 12.
LaTeX Font Info:    Font shape `JT3/gt/m/n' will be
(Font)              scaled to size 9.24713pt on input line 12.
LaTeX Font Info:    Font shape `JY3/mc/b/n' in size <10> not available
(Font)              Font shape `JY3/gt/m/n' tried instead on input line 12.
LaTeX Font Info:    Font shape `JY3/gt/m/n' will be
(Font)              scaled to size 9.24713pt on input line 12.
 [3]
LaTeX Font Info:    Font shape `JT3/mc/m/n' will be
(Font)              scaled to size 13.31586pt on input line 13.
LaTeX Font Info:    Font shape `JY3/mc/m/n' will be
(Font)              scaled to size 13.31586pt on input line 13.
LaTeX Font Info:    Font shape `JT3/gt/m/n' will be
(Font)              scaled to size 13.31586pt on input line 13.
LaTeX Font Info:    Font shape `JY3/gt/m/n' will be
(Font)              scaled to size 13.31586pt on input line 13.
(load cache: extra_lmsans12-regular.luc)
LaTeX Font Info:    External font `cmex10' loaded for size
(Font)              <7> on input line 15.
LaTeX Font Info:    External font `cmex10' loaded for size
(Font)              <5> on input line 15.
LaTeX Font Info:    Font shape `JY3/mc/m/n' will be
(Font)              scaled to size 6.47299pt on input line 15.
 [4]
\openout2 = text01.aux
 (./text01.tex
第1章
LaTeX Font Info:    Font shape `JT3/mc/m/n' will be
(Font)              scaled to size 19.17854pt on input line 6.
LaTeX Font Info:    Font shape `JY3/mc/m/n' will be
(Font)              scaled to size 19.17854pt on input line 6.
LaTeX Font Info:    Font shape `JT3/gt/m/n' will be
(Font)              scaled to size 19.17854pt on input line 6.
LaTeX Font Info:    Font shape `JY3/gt/m/n' will be
(Font)              scaled to size 19.17854pt on input line 6.
[5


]) [6]
\openout2 = text02.aux
 (./text02.tex
第2章
[7




]
<images/text02/ch02A.001.png, id=50, 1027.84pt x 770.88pt>
File: images/text02/ch02A.001.png Graphic file (type png)
<use images/text02/ch02A.001.png>
Package luatex.def Info: images/text02/ch02A.001.png  used on input line 14.
(luatex.def)             Requested size: 455.23088pt x 341.43306pt.
<images/text02/ch02A.002.png, id=51, 1027.84pt x 770.88pt>
File: images/text02/ch02A.002.png Graphic file (type png)
<use images/text02/ch02A.002.png>
Package luatex.def Info: images/text02/ch02A.002.png  used on input line 21.
(luatex.def)             Requested size: 455.23088pt x 341.43306pt.
<images/text02/ch02A.003.png, id=52, 1027.84pt x 770.88pt>
File: images/text02/ch02A.003.png Graphic file (type png)
<use images/text02/ch02A.003.png>
Package luatex.def Info: images/text02/ch02A.003.png  used on input line 28.
(luatex.def)             Requested size: 455.23088pt x 341.43306pt.
<images/text02/ch02A.004.png, id=53, 1027.84pt x 770.88pt>
File: images/text02/ch02A.004.png Graphic file (type png)
<use images/text02/ch02A.004.png>
Package luatex.def Info: images/text02/ch02A.004.png  used on input line 35.
(luatex.def)             Requested size: 455.23088pt x 341.43306pt.
<images/text02/ch02A.005.png, id=54, 1027.84pt x 770.88pt>
File: images/text02/ch02A.005.png Graphic file (type png)
<use images/text02/ch02A.005.png>
Package luatex.def Info: images/text02/ch02A.005.png  used on input line 42.
(luatex.def)             Requested size: 455.23088pt x 341.43306pt.
<images/text02/ch02A.006.png, id=55, 1027.84pt x 770.88pt>
File: images/text02/ch02A.006.png Graphic file (type png)
<use images/text02/ch02A.006.png>
Package luatex.def Info: images/text02/ch02A.006.png  used on input line 49.
(luatex.def)             Requested size: 455.23088pt x 341.43306pt.
<images/text02/ch02A.007.png, id=56, 1027.84pt x 770.88pt>
File: images/text02/ch02A.007.png Graphic file (type png)
<use images/text02/ch02A.007.png>
Package luatex.def Info: images/text02/ch02A.007.png  used on input line 56.
(luatex.def)             Requested size: 455.23088pt x 341.43306pt.
<images/text02/ch02A.008.png, id=57, 1027.84pt x 770.88pt>
File: images/text02/ch02A.008.png Graphic file (type png)
<use images/text02/ch02A.008.png>
Package luatex.def Info: images/text02/ch02A.008.png  used on input line 63.
(luatex.def)             Requested size: 455.23088pt x 341.43306pt.
<images/text02/ch02A.009.png, id=58, 1027.84pt x 770.88pt>
File: images/text02/ch02A.009.png Graphic file (type png)
<use images/text02/ch02A.009.png>
Package luatex.def Info: images/text02/ch02A.009.png  used on input line 70.
(luatex.def)             Requested size: 455.23088pt x 341.43306pt.
<images/text02/ch02A.010.png, id=59, 1027.84pt x 770.88pt>
File: images/text02/ch02A.010.png Graphic file (type png)
<use images/text02/ch02A.010.png>
Package luatex.def Info: images/text02/ch02A.010.png  used on input line 77.
(luatex.def)             Requested size: 455.23088pt x 341.43306pt.
<images/text02/ch02A.011.png, id=60, 1027.84pt x 770.88pt>
File: images/text02/ch02A.011.png Graphic file (type png)
<use images/text02/ch02A.011.png>
Package luatex.def Info: images/text02/ch02A.011.png  used on input line 84.
(luatex.def)             Requested size: 455.23088pt x 341.43306pt.
<images/text02/ch02A.012.png, id=61, 1027.84pt x 770.88pt>
File: images/text02/ch02A.012.png Graphic file (type png)
<use images/text02/ch02A.012.png>
Package luatex.def Info: images/text02/ch02A.012.png  used on input line 91.
(luatex.def)             Requested size: 455.23088pt x 341.43306pt.
<images/text02/ch02A.013.png, id=62, 1027.84pt x 770.88pt>
File: images/text02/ch02A.013.png Graphic file (type png)
<use images/text02/ch02A.013.png>
Package luatex.def Info: images/text02/ch02A.013.png  used on input line 98.
(luatex.def)             Requested size: 455.23088pt x 341.43306pt.
<images/text02/ch02A.014.png, id=63, 1027.84pt x 770.88pt>
File: images/text02/ch02A.014.png Graphic file (type png)
<use images/text02/ch02A.014.png>
Package luatex.def Info: images/text02/ch02A.014.png  used on input line 105.
(luatex.def)             Requested size: 455.23088pt x 341.43306pt.
<images/text02/ch02A.015.png, id=64, 1027.84pt x 770.88pt>
File: images/text02/ch02A.015.png Graphic file (type png)
<use images/text02/ch02A.015.png>
Package luatex.def Info: images/text02/ch02A.015.png  used on input line 112.
(luatex.def)             Requested size: 455.23088pt x 341.43306pt.
<images/text02/ch02A.016.png, id=65, 1027.84pt x 770.88pt>
File: images/text02/ch02A.016.png Graphic file (type png)
<use images/text02/ch02A.016.png>
Package luatex.def Info: images/text02/ch02A.016.png  used on input line 119.
(luatex.def)             Requested size: 455.23088pt x 341.43306pt.
<images/text02/ch02A.017.png, id=66, 1027.84pt x 770.88pt>
File: images/text02/ch02A.017.png Graphic file (type png)
<use images/text02/ch02A.017.png>
Package luatex.def Info: images/text02/ch02A.017.png  used on input line 126.
(luatex.def)             Requested size: 455.23088pt x 341.43306pt.
 [8

<./images/text02/ch02A.001.png>] [9<./images/text02/ch02A.002.png>]
[10<./images/text02/ch02A.003.png>] [11<./images/text02/ch02A.004.png>]
[12<./images/text02/ch02A.005.png>] [13<./images/text02/ch02A.006.png>]
[14<./images/text02/ch02A.007.png>] [15<./images/text02/ch02A.008.png>]
[16<./images/text02/ch02A.009.png>] [17<./images/text02/ch02A.010.png>]
[18<./images/text02/ch02A.011.png>] [19<./images/text02/ch02A.012.png>]
[20<./images/text02/ch02A.013.png>] [21<./images/text02/ch02A.014.png>]
[22<./images/text02/ch02A.015.png>] [23<./images/text02/ch02A.016.png>]
[24<./images/text02/ch02A.017.png>]
<images/text02/ch02B.001.png, id=155, 1027.84pt x 770.88pt>
File: images/text02/ch02B.001.png Graphic file (type png)
<use images/text02/ch02B.001.png>
Package luatex.def Info: images/text02/ch02B.001.png  used on input line 137.
(luatex.def)             Requested size: 455.23088pt x 341.43306pt.
<images/text02/ch02B.002.png, id=156, 1027.84pt x 770.88pt>
File: images/text02/ch02B.002.png Graphic file (type png)
<use images/text02/ch02B.002.png>
Package luatex.def Info: images/text02/ch02B.002.png  used on input line 144.
(luatex.def)             Requested size: 455.23088pt x 341.43306pt.
<images/text02/ch02B.003.png, id=157, 1027.84pt x 770.88pt>
File: images/text02/ch02B.003.png Graphic file (type png)
<use images/text02/ch02B.003.png>
Package luatex.def Info: images/text02/ch02B.003.png  used on input line 151.
(luatex.def)             Requested size: 455.23088pt x 341.43306pt.
<images/text02/ch02B.004.png, id=158, 1027.84pt x 770.88pt>
File: images/text02/ch02B.004.png Graphic file (type png)
<use images/text02/ch02B.004.png>
Package luatex.def Info: images/text02/ch02B.004.png  used on input line 158.
(luatex.def)             Requested size: 455.23088pt x 341.43306pt.
<images/text02/ch02B.005.png, id=159, 1027.84pt x 770.88pt>
File: images/text02/ch02B.005.png Graphic file (type png)
<use images/text02/ch02B.005.png>
Package luatex.def Info: images/text02/ch02B.005.png  used on input line 165.
(luatex.def)             Requested size: 455.23088pt x 341.43306pt.
<images/text02/ch02B.006.png, id=160, 1027.84pt x 770.88pt>
File: images/text02/ch02B.006.png Graphic file (type png)
<use images/text02/ch02B.006.png>
Package luatex.def Info: images/text02/ch02B.006.png  used on input line 172.
(luatex.def)             Requested size: 455.23088pt x 341.43306pt.
<images/text02/ch02B.007.png, id=161, 1027.84pt x 770.88pt>
File: images/text02/ch02B.007.png Graphic file (type png)
<use images/text02/ch02B.007.png>
Package luatex.def Info: images/text02/ch02B.007.png  used on input line 179.
(luatex.def)             Requested size: 455.23088pt x 341.43306pt.
<images/text02/ch02B.008.png, id=162, 1027.84pt x 770.88pt>
File: images/text02/ch02B.008.png Graphic file (type png)
<use images/text02/ch02B.008.png>
Package luatex.def Info: images/text02/ch02B.008.png  used on input line 186.
(luatex.def)             Requested size: 455.23088pt x 341.43306pt.
<images/text02/ch02B.009.png, id=163, 1027.84pt x 770.88pt>
File: images/text02/ch02B.009.png Graphic file (type png)
<use images/text02/ch02B.009.png>
Package luatex.def Info: images/text02/ch02B.009.png  used on input line 193.
(luatex.def)             Requested size: 455.23088pt x 341.43306pt.
<images/text02/ch02B.010.png, id=164, 1027.84pt x 770.88pt>
File: images/text02/ch02B.010.png Graphic file (type png)
<use images/text02/ch02B.010.png>
Package luatex.def Info: images/text02/ch02B.010.png  used on input line 200.
(luatex.def)             Requested size: 455.23088pt x 341.43306pt.
<images/text02/ch02B.011.png, id=165, 1027.84pt x 770.88pt>
File: images/text02/ch02B.011.png Graphic file (type png)
<use images/text02/ch02B.011.png>
Package luatex.def Info: images/text02/ch02B.011.png  used on input line 207.
(luatex.def)             Requested size: 455.23088pt x 341.43306pt.
<images/text02/ch02B.012.png, id=166, 1027.84pt x 770.88pt>
File: images/text02/ch02B.012.png Graphic file (type png)
<use images/text02/ch02B.012.png>
Package luatex.def Info: images/text02/ch02B.012.png  used on input line 214.
(luatex.def)             Requested size: 455.23088pt x 341.43306pt.
<images/text02/ch02B.013.png, id=167, 1027.84pt x 770.88pt>
File: images/text02/ch02B.013.png Graphic file (type png)
<use images/text02/ch02B.013.png>
Package luatex.def Info: images/text02/ch02B.013.png  used on input line 221.
(luatex.def)             Requested size: 455.23088pt x 341.43306pt.
<images/text02/ch02B.014.png, id=168, 1027.84pt x 770.88pt>
File: images/text02/ch02B.014.png Graphic file (type png)
<use images/text02/ch02B.014.png>
Package luatex.def Info: images/text02/ch02B.014.png  used on input line 228.
(luatex.def)             Requested size: 455.23088pt x 341.43306pt.
<images/text02/ch02B.015.png, id=169, 1027.84pt x 770.88pt>
File: images/text02/ch02B.015.png Graphic file (type png)
<use images/text02/ch02B.015.png>
Package luatex.def Info: images/text02/ch02B.015.png  used on input line 235.
(luatex.def)             Requested size: 455.23088pt x 341.43306pt.
<images/text02/ch02B.016.png, id=170, 1027.84pt x 770.88pt>
File: images/text02/ch02B.016.png Graphic file (type png)
<use images/text02/ch02B.016.png>
Package luatex.def Info: images/text02/ch02B.016.png  used on input line 242.
(luatex.def)             Requested size: 455.23088pt x 341.43306pt.
<images/text02/ch02B.017.png, id=171, 1027.84pt x 770.88pt>
File: images/text02/ch02B.017.png Graphic file (type png)
<use images/text02/ch02B.017.png>
Package luatex.def Info: images/text02/ch02B.017.png  used on input line 249.
(luatex.def)             Requested size: 455.23088pt x 341.43306pt.
<images/text02/ch02B.018.png, id=172, 1027.84pt x 770.88pt>
File: images/text02/ch02B.018.png Graphic file (type png)
<use images/text02/ch02B.018.png>
Package luatex.def Info: images/text02/ch02B.018.png  used on input line 256.
(luatex.def)             Requested size: 455.23088pt x 341.43306pt.
<images/text02/ch02B.019.png, id=173, 1027.84pt x 770.88pt>
File: images/text02/ch02B.019.png Graphic file (type png)
<use images/text02/ch02B.019.png>
Package luatex.def Info: images/text02/ch02B.019.png  used on input line 263.
(luatex.def)             Requested size: 455.23088pt x 341.43306pt.
 [25

<./images/text02/ch02B.001.png>]
[26<./images/text02/ch02B.002.png>] [27<./images/text02/ch02B.003.png>]
[28<./images/text02/ch02B.004.png>] [29<./images/text02/ch02B.005.png>]
[30<./images/text02/ch02B.006.png>] [31<./images/text02/ch02B.007.png>]
[32<./images/text02/ch02B.008.png>] [33<./images/text02/ch02B.009.png>]
[34<./images/text02/ch02B.010.png>] [35<./images/text02/ch02B.011.png>]
[36<./images/text02/ch02B.012.png>] [37<./images/text02/ch02B.013.png>]
[38<./images/text02/ch02B.014.png>] [39<./images/text02/ch02B.015.png>]
[40<./images/text02/ch02B.016.png>] [41<./images/text02/ch02B.017.png>]
[42<./images/text02/ch02B.018.png>] [43<./images/text02/ch02B.019.png>]
<images/text02/ch02C.001.png, id=273, 1027.84pt x 770.88pt>
File: images/text02/ch02C.001.png Graphic file (type png)
<use images/text02/ch02C.001.png>
Package luatex.def Info: images/text02/ch02C.001.png  used on input line 274.
(luatex.def)             Requested size: 455.23088pt x 341.43306pt.
<images/text02/ch02C.002.png, id=274, 1027.84pt x 770.88pt>
File: images/text02/ch02C.002.png Graphic file (type png)
<use images/text02/ch02C.002.png>
Package luatex.def Info: images/text02/ch02C.002.png  used on input line 281.
(luatex.def)             Requested size: 455.23088pt x 341.43306pt.
<images/text02/ch02C.003.png, id=275, 1027.84pt x 770.88pt>
File: images/text02/ch02C.003.png Graphic file (type png)
<use images/text02/ch02C.003.png>
Package luatex.def Info: images/text02/ch02C.003.png  used on input line 288.
(luatex.def)             Requested size: 455.23088pt x 341.43306pt.
<images/text02/ch02C.004.png, id=276, 1027.84pt x 770.88pt>
File: images/text02/ch02C.004.png Graphic file (type png)
<use images/text02/ch02C.004.png>
Package luatex.def Info: images/text02/ch02C.004.png  used on input line 295.
(luatex.def)             Requested size: 455.23088pt x 341.43306pt.
<images/text02/ch02C.005.png, id=277, 1027.84pt x 770.88pt>
File: images/text02/ch02C.005.png Graphic file (type png)
<use images/text02/ch02C.005.png>
Package luatex.def Info: images/text02/ch02C.005.png  used on input line 302.
(luatex.def)             Requested size: 455.23088pt x 341.43306pt.
<images/text02/ch02C.006.png, id=278, 1027.84pt x 770.88pt>
File: images/text02/ch02C.006.png Graphic file (type png)
<use images/text02/ch02C.006.png>
Package luatex.def Info: images/text02/ch02C.006.png  used on input line 309.
(luatex.def)             Requested size: 455.23088pt x 341.43306pt.
<images/text02/ch02C.007.png, id=279, 1027.84pt x 770.88pt>
File: images/text02/ch02C.007.png Graphic file (type png)
<use images/text02/ch02C.007.png>
Package luatex.def Info: images/text02/ch02C.007.png  used on input line 316.
(luatex.def)             Requested size: 455.23088pt x 341.43306pt.
<images/text02/ch02C.008.png, id=280, 1027.84pt x 770.88pt>
File: images/text02/ch02C.008.png Graphic file (type png)
<use images/text02/ch02C.008.png>
Package luatex.def Info: images/text02/ch02C.008.png  used on input line 323.
(luatex.def)             Requested size: 455.23088pt x 341.43306pt.
<images/text02/ch02C.009.png, id=281, 1027.84pt x 770.88pt>
File: images/text02/ch02C.009.png Graphic file (type png)
<use images/text02/ch02C.009.png>
Package luatex.def Info: images/text02/ch02C.009.png  used on input line 330.
(luatex.def)             Requested size: 455.23088pt x 341.43306pt.
)
[44

<./images/text02/ch02C.001.png>] [45<./images/text02/ch02C.002.png>]
[46<./images/text02/ch02C.003.png>] [47<./images/text02/ch02C.004.png>]
[48<./images/text02/ch02C.005.png>] [49<./images/text02/ch02C.006.png>]
[50<./images/text02/ch02C.007.png>] [51<./images/text02/ch02C.008.png>]
[52<./images/text02/ch02C.009.png>]
\openout2 = text03.aux
 (./text03.tex
第3章
[53




]
<images/text03/ch03A.001.png, id=334, 1027.84pt x 770.88pt>
File: images/text03/ch03A.001.png Graphic file (type png)
<use images/text03/ch03A.001.png>
Package luatex.def Info: images/text03/ch03A.001.png  used on input line 14.
(luatex.def)             Requested size: 455.23088pt x 341.43306pt.
<images/text03/ch03A.002.png, id=335, 1027.84pt x 770.88pt>
File: images/text03/ch03A.002.png Graphic file (type png)
<use images/text03/ch03A.002.png>
Package luatex.def Info: images/text03/ch03A.002.png  used on input line 21.
(luatex.def)             Requested size: 455.23088pt x 341.43306pt.
<images/text03/ch03A.003.png, id=336, 1027.84pt x 770.88pt>
File: images/text03/ch03A.003.png Graphic file (type png)
<use images/text03/ch03A.003.png>
Package luatex.def Info: images/text03/ch03A.003.png  used on input line 28.
(luatex.def)             Requested size: 455.23088pt x 341.43306pt.
<images/text03/ch03A.004.png, id=337, 1027.84pt x 770.88pt>
File: images/text03/ch03A.004.png Graphic file (type png)
<use images/text03/ch03A.004.png>
Package luatex.def Info: images/text03/ch03A.004.png  used on input line 35.
(luatex.def)             Requested size: 455.23088pt x 341.43306pt.
<images/text03/ch03A.005.png, id=338, 1027.84pt x 770.88pt>
File: images/text03/ch03A.005.png Graphic file (type png)
<use images/text03/ch03A.005.png>
Package luatex.def Info: images/text03/ch03A.005.png  used on input line 42.
(luatex.def)             Requested size: 455.23088pt x 341.43306pt.
<images/text03/ch03A.006.png, id=339, 1027.84pt x 770.88pt>
File: images/text03/ch03A.006.png Graphic file (type png)
<use images/text03/ch03A.006.png>
Package luatex.def Info: images/text03/ch03A.006.png  used on input line 49.
(luatex.def)             Requested size: 455.23088pt x 341.43306pt.
<images/text03/ch03A.007.png, id=340, 1027.84pt x 770.88pt>
File: images/text03/ch03A.007.png Graphic file (type png)
<use images/text03/ch03A.007.png>
Package luatex.def Info: images/text03/ch03A.007.png  used on input line 56.
(luatex.def)             Requested size: 455.23088pt x 341.43306pt.
<images/text03/ch03A.008.png, id=341, 1027.84pt x 770.88pt>
File: images/text03/ch03A.008.png Graphic file (type png)
<use images/text03/ch03A.008.png>
Package luatex.def Info: images/text03/ch03A.008.png  used on input line 63.
(luatex.def)             Requested size: 455.23088pt x 341.43306pt.
<images/text03/ch03A.009.png, id=342, 1027.84pt x 770.88pt>
File: images/text03/ch03A.009.png Graphic file (type png)
<use images/text03/ch03A.009.png>
Package luatex.def Info: images/text03/ch03A.009.png  used on input line 70.
(luatex.def)             Requested size: 455.23088pt x 341.43306pt.
<images/text03/ch03A.010.png, id=343, 1027.84pt x 770.88pt>
File: images/text03/ch03A.010.png Graphic file (type png)
<use images/text03/ch03A.010.png>
Package luatex.def Info: images/text03/ch03A.010.png  used on input line 77.
(luatex.def)             Requested size: 455.23088pt x 341.43306pt.
<images/text03/ch03A.011.png, id=344, 1027.84pt x 770.88pt>
File: images/text03/ch03A.011.png Graphic file (type png)
<use images/text03/ch03A.011.png>
Package luatex.def Info: images/text03/ch03A.011.png  used on input line 84.
(luatex.def)             Requested size: 455.23088pt x 341.43306pt.
<images/text03/ch03A.012.png, id=345, 1027.84pt x 770.88pt>
File: images/text03/ch03A.012.png Graphic file (type png)
<use images/text03/ch03A.012.png>
Package luatex.def Info: images/text03/ch03A.012.png  used on input line 91.
(luatex.def)             Requested size: 455.23088pt x 341.43306pt.
<images/text03/ch03A.013.png, id=346, 1027.84pt x 770.88pt>
File: images/text03/ch03A.013.png Graphic file (type png)
<use images/text03/ch03A.013.png>
Package luatex.def Info: images/text03/ch03A.013.png  used on input line 98.
(luatex.def)             Requested size: 455.23088pt x 341.43306pt.
<images/text03/ch03A.014.png, id=347, 1027.84pt x 770.88pt>
File: images/text03/ch03A.014.png Graphic file (type png)
<use images/text03/ch03A.014.png>
Package luatex.def Info: images/text03/ch03A.014.png  used on input line 105.
(luatex.def)             Requested size: 455.23088pt x 341.43306pt.
<images/text03/ch03A.015.png, id=348, 1027.84pt x 770.88pt>
File: images/text03/ch03A.015.png Graphic file (type png)
<use images/text03/ch03A.015.png>
Package luatex.def Info: images/text03/ch03A.015.png  used on input line 112.
(luatex.def)             Requested size: 455.23088pt x 341.43306pt.
<images/text03/ch03A.016.png, id=349, 1027.84pt x 770.88pt>
File: images/text03/ch03A.016.png Graphic file (type png)
<use images/text03/ch03A.016.png>
Package luatex.def Info: images/text03/ch03A.016.png  used on input line 119.
(luatex.def)             Requested size: 455.23088pt x 341.43306pt.
<images/text03/ch03A.017.png, id=350, 1027.84pt x 770.88pt>
File: images/text03/ch03A.017.png Graphic file (type png)
<use images/text03/ch03A.017.png>
Package luatex.def Info: images/text03/ch03A.017.png  used on input line 126.
(luatex.def)             Requested size: 455.23088pt x 341.43306pt.
<images/text03/ch03A.018.png, id=351, 1027.84pt x 770.88pt>
File: images/text03/ch03A.018.png Graphic file (type png)
<use images/text03/ch03A.018.png>
Package luatex.def Info: images/text03/ch03A.018.png  used on input line 133.
(luatex.def)             Requested size: 455.23088pt x 341.43306pt.
<images/text03/ch03A.019.png, id=352, 1027.84pt x 770.88pt>
File: images/text03/ch03A.019.png Graphic file (type png)
<use images/text03/ch03A.019.png>
Package luatex.def Info: images/text03/ch03A.019.png  used on input line 140.
(luatex.def)             Requested size: 455.23088pt x 341.43306pt.
<images/text03/ch03A.020.png, id=353, 1027.84pt x 770.88pt>
File: images/text03/ch03A.020.png Graphic file (type png)
<use images/text03/ch03A.020.png>
Package luatex.def Info: images/text03/ch03A.020.png  used on input line 147.
(luatex.def)             Requested size: 455.23088pt x 341.43306pt.
<images/text03/ch03A.021.png, id=354, 1027.84pt x 770.88pt>
File: images/text03/ch03A.021.png Graphic file (type png)
<use images/text03/ch03A.021.png>
Package luatex.def Info: images/text03/ch03A.021.png  used on input line 154.
(luatex.def)             Requested size: 455.23088pt x 341.43306pt.
<images/text03/ch03A.022.png, id=355, 1027.84pt x 770.88pt>
File: images/text03/ch03A.022.png Graphic file (type png)
<use images/text03/ch03A.022.png>
Package luatex.def Info: images/text03/ch03A.022.png  used on input line 161.
(luatex.def)             Requested size: 455.23088pt x 341.43306pt.
<images/text03/ch03A.023.png, id=356, 1027.84pt x 770.88pt>
File: images/text03/ch03A.023.png Graphic file (type png)
<use images/text03/ch03A.023.png>
Package luatex.def Info: images/text03/ch03A.023.png  used on input line 168.
(luatex.def)             Requested size: 455.23088pt x 341.43306pt.
<images/text03/ch03A.024.png, id=357, 1027.84pt x 770.88pt>
File: images/text03/ch03A.024.png Graphic file (type png)
<use images/text03/ch03A.024.png>
Package luatex.def Info: images/text03/ch03A.024.png  used on input line 175.
(luatex.def)             Requested size: 455.23088pt x 341.43306pt.
<images/text03/ch03A.025.png, id=358, 1027.84pt x 770.88pt>
File: images/text03/ch03A.025.png Graphic file (type png)
<use images/text03/ch03A.025.png>
Package luatex.def Info: images/text03/ch03A.025.png  used on input line 182.
(luatex.def)             Requested size: 455.23088pt x 341.43306pt.
<images/text03/ch03A.026.png, id=359, 1027.84pt x 770.88pt>
File: images/text03/ch03A.026.png Graphic file (type png)
<use images/text03/ch03A.026.png>
Package luatex.def Info: images/text03/ch03A.026.png  used on input line 189.
(luatex.def)             Requested size: 455.23088pt x 341.43306pt.
 [54

<./images/text03/ch03A.001.png>] [55<./images/text03/ch03A.002.png>]
[56<./images/text03/ch03A.003.png>] [57<./images/text03/ch03A.004.png>]
[58<./images/text03/ch03A.005.png>] [59<./images/text03/ch03A.006.png>]
[60<./images/text03/ch03A.007.png>] [61<./images/text03/ch03A.008.png>]
[62<./images/text03/ch03A.009.png>] [63<./images/text03/ch03A.010.png>]
[64<./images/text03/ch03A.011.png>] [65<./images/text03/ch03A.012.png>]
[66<./images/text03/ch03A.013.png>] [67<./images/text03/ch03A.014.png>]
[68<./images/text03/ch03A.015.png>] [69<./images/text03/ch03A.016.png>]
[70<./images/text03/ch03A.017.png>] [71<./images/text03/ch03A.018.png>]
[72<./images/text03/ch03A.019.png>] [73<./images/text03/ch03A.020.png>]
[74<./images/text03/ch03A.021.png>] [75<./images/text03/ch03A.022.png>]
[76<./images/text03/ch03A.023.png>] [77<./images/text03/ch03A.024.png>]
[78<./images/text03/ch03A.025.png>] [79<./images/text03/ch03A.026.png>]
<images/text03/ch03B.001.png, id=494, 1027.84pt x 770.88pt>
File: images/text03/ch03B.001.png Graphic file (type png)
<use images/text03/ch03B.001.png>
Package luatex.def Info: images/text03/ch03B.001.png  used on input line 200.
(luatex.def)             Requested size: 455.23088pt x 341.43306pt.
<images/text03/ch03B.002.png, id=495, 1027.84pt x 770.88pt>
File: images/text03/ch03B.002.png Graphic file (type png)
<use images/text03/ch03B.002.png>
Package luatex.def Info: images/text03/ch03B.002.png  used on input line 207.
(luatex.def)             Requested size: 455.23088pt x 341.43306pt.
<images/text03/ch03B.003.png, id=496, 1027.84pt x 770.88pt>
File: images/text03/ch03B.003.png Graphic file (type png)
<use images/text03/ch03B.003.png>
Package luatex.def Info: images/text03/ch03B.003.png  used on input line 214.
(luatex.def)             Requested size: 455.23088pt x 341.43306pt.
<images/text03/ch03B.004.png, id=497, 1027.84pt x 770.88pt>
File: images/text03/ch03B.004.png Graphic file (type png)
<use images/text03/ch03B.004.png>
Package luatex.def Info: images/text03/ch03B.004.png  used on input line 221.
(luatex.def)             Requested size: 455.23088pt x 341.43306pt.
<images/text03/ch03B.005.png, id=498, 1027.84pt x 770.88pt>
File: images/text03/ch03B.005.png Graphic file (type png)
<use images/text03/ch03B.005.png>
Package luatex.def Info: images/text03/ch03B.005.png  used on input line 228.
(luatex.def)             Requested size: 455.23088pt x 341.43306pt.
<images/text03/ch03B.006.png, id=499, 1027.84pt x 770.88pt>
File: images/text03/ch03B.006.png Graphic file (type png)
<use images/text03/ch03B.006.png>
Package luatex.def Info: images/text03/ch03B.006.png  used on input line 235.
(luatex.def)             Requested size: 455.23088pt x 341.43306pt.
<images/text03/ch03B.007.png, id=500, 1027.84pt x 770.88pt>
File: images/text03/ch03B.007.png Graphic file (type png)
<use images/text03/ch03B.007.png>
Package luatex.def Info: images/text03/ch03B.007.png  used on input line 242.
(luatex.def)             Requested size: 455.23088pt x 341.43306pt.
<images/text03/ch03B.008.png, id=501, 1027.84pt x 770.88pt>
File: images/text03/ch03B.008.png Graphic file (type png)
<use images/text03/ch03B.008.png>
Package luatex.def Info: images/text03/ch03B.008.png  used on input line 249.
(luatex.def)             Requested size: 455.23088pt x 341.43306pt.
<images/text03/ch03B.009.png, id=502, 1027.84pt x 770.88pt>
File: images/text03/ch03B.009.png Graphic file (type png)
<use images/text03/ch03B.009.png>
Package luatex.def Info: images/text03/ch03B.009.png  used on input line 256.
(luatex.def)             Requested size: 455.23088pt x 341.43306pt.
<images/text03/ch03B.010.png, id=503, 1027.84pt x 770.88pt>
File: images/text03/ch03B.010.png Graphic file (type png)
<use images/text03/ch03B.010.png>
Package luatex.def Info: images/text03/ch03B.010.png  used on input line 263.
(luatex.def)             Requested size: 455.23088pt x 341.43306pt.
<images/text03/ch03B.011.png, id=504, 1027.84pt x 770.88pt>
File: images/text03/ch03B.011.png Graphic file (type png)
<use images/text03/ch03B.011.png>
Package luatex.def Info: images/text03/ch03B.011.png  used on input line 270.
(luatex.def)             Requested size: 455.23088pt x 341.43306pt.
<images/text03/ch03B.012.png, id=505, 1027.84pt x 770.88pt>
File: images/text03/ch03B.012.png Graphic file (type png)
<use images/text03/ch03B.012.png>
Package luatex.def Info: images/text03/ch03B.012.png  used on input line 277.
(luatex.def)             Requested size: 455.23088pt x 341.43306pt.
<images/text03/ch03B.013.png, id=506, 1027.84pt x 770.88pt>
File: images/text03/ch03B.013.png Graphic file (type png)
<use images/text03/ch03B.013.png>
Package luatex.def Info: images/text03/ch03B.013.png  used on input line 284.
(luatex.def)             Requested size: 455.23088pt x 341.43306pt.
<images/text03/ch03B.014.png, id=507, 1027.84pt x 770.88pt>
File: images/text03/ch03B.014.png Graphic file (type png)
<use images/text03/ch03B.014.png>
Package luatex.def Info: images/text03/ch03B.014.png  used on input line 291.
(luatex.def)             Requested size: 455.23088pt x 341.43306pt.
<images/text03/ch03B.015.png, id=508, 1027.84pt x 770.88pt>
File: images/text03/ch03B.015.png Graphic file (type png)
<use images/text03/ch03B.015.png>
Package luatex.def Info: images/text03/ch03B.015.png  used on input line 298.
(luatex.def)             Requested size: 455.23088pt x 341.43306pt.
<images/text03/ch03B.016.png, id=509, 1027.84pt x 770.88pt>
File: images/text03/ch03B.016.png Graphic file (type png)
<use images/text03/ch03B.016.png>
Package luatex.def Info: images/text03/ch03B.016.png  used on input line 305.
(luatex.def)             Requested size: 455.23088pt x 341.43306pt.
<images/text03/ch03B.017.png, id=510, 1027.84pt x 770.88pt>
File: images/text03/ch03B.017.png Graphic file (type png)
<use images/text03/ch03B.017.png>
Package luatex.def Info: images/text03/ch03B.017.png  used on input line 312.
(luatex.def)             Requested size: 455.23088pt x 341.43306pt.
<images/text03/ch03B.018.png, id=511, 1027.84pt x 770.88pt>
File: images/text03/ch03B.018.png Graphic file (type png)
<use images/text03/ch03B.018.png>
Package luatex.def Info: images/text03/ch03B.018.png  used on input line 319.
(luatex.def)             Requested size: 455.23088pt x 341.43306pt.
<images/text03/ch03B.019.png, id=512, 1027.84pt x 770.88pt>
File: images/text03/ch03B.019.png Graphic file (type png)
<use images/text03/ch03B.019.png>
Package luatex.def Info: images/text03/ch03B.019.png  used on input line 326.
(luatex.def)             Requested size: 455.23088pt x 341.43306pt.
<images/text03/ch03B.020.png, id=513, 1027.84pt x 770.88pt>
File: images/text03/ch03B.020.png Graphic file (type png)
<use images/text03/ch03B.020.png>
Package luatex.def Info: images/text03/ch03B.020.png  used on input line 333.
(luatex.def)             Requested size: 455.23088pt x 341.43306pt.

[80

<./images/text03/ch03B.001.png>] [81<./images/text03/ch03B.002.png>]
[82<./images/text03/ch03B.003.png>] [83<./images/text03/ch03B.004.png>]
[84<./images/text03/ch03B.005.png>] [85<./images/text03/ch03B.006.png>]
[86<./images/text03/ch03B.007.png>] [87<./images/text03/ch03B.008.png>]
[88<./images/text03/ch03B.009.png>] [89<./images/text03/ch03B.010.png>]
[90<./images/text03/ch03B.011.png>] [91<./images/text03/ch03B.012.png>]
[92<./images/text03/ch03B.013.png>] [93<./images/text03/ch03B.014.png>]
[94<./images/text03/ch03B.015.png>] [95<./images/text03/ch03B.016.png>]
[96<./images/text03/ch03B.017.png>] [97<./images/text03/ch03B.018.png>]
[98<./images/text03/ch03B.019.png>] [99<./images/text03/ch03B.020.png>]
<images/text03/ch03C.001.png, id=618, 1027.84pt x 770.88pt>
File: images/text03/ch03C.001.png Graphic file (type png)
<use images/text03/ch03C.001.png>
Package luatex.def Info: images/text03/ch03C.001.png  used on input line 344.
(luatex.def)             Requested size: 455.23088pt x 341.43306pt.
<images/text03/ch03C.002.png, id=619, 1027.84pt x 770.88pt>
File: images/text03/ch03C.002.png Graphic file (type png)
<use images/text03/ch03C.002.png>
Package luatex.def Info: images/text03/ch03C.002.png  used on input line 351.
(luatex.def)             Requested size: 455.23088pt x 341.43306pt.
<images/text03/ch03C.003.png, id=620, 1027.84pt x 770.88pt>
File: images/text03/ch03C.003.png Graphic file (type png)
<use images/text03/ch03C.003.png>
Package luatex.def Info: images/text03/ch03C.003.png  used on input line 358.
(luatex.def)             Requested size: 455.23088pt x 341.43306pt.
<images/text03/ch03C.004.png, id=621, 1027.84pt x 770.88pt>
File: images/text03/ch03C.004.png Graphic file (type png)
<use images/text03/ch03C.004.png>
Package luatex.def Info: images/text03/ch03C.004.png  used on input line 365.
(luatex.def)             Requested size: 455.23088pt x 341.43306pt.
<images/text03/ch03C.005.png, id=622, 1027.84pt x 770.88pt>
File: images/text03/ch03C.005.png Graphic file (type png)
<use images/text03/ch03C.005.png>
Package luatex.def Info: images/text03/ch03C.005.png  used on input line 372.
(luatex.def)             Requested size: 455.23088pt x 341.43306pt.
<images/text03/ch03C.006.png, id=623, 1027.84pt x 770.88pt>
File: images/text03/ch03C.006.png Graphic file (type png)
<use images/text03/ch03C.006.png>
Package luatex.def Info: images/text03/ch03C.006.png  used on input line 379.
(luatex.def)             Requested size: 455.23088pt x 341.43306pt.
<images/text03/ch03C.007.png, id=624, 1027.84pt x 770.88pt>
File: images/text03/ch03C.007.png Graphic file (type png)
<use images/text03/ch03C.007.png>
Package luatex.def Info: images/text03/ch03C.007.png  used on input line 386.
(luatex.def)             Requested size: 455.23088pt x 341.43306pt.
<images/text03/ch03C.008.png, id=625, 1027.84pt x 770.88pt>
File: images/text03/ch03C.008.png Graphic file (type png)
<use images/text03/ch03C.008.png>
Package luatex.def Info: images/text03/ch03C.008.png  used on input line 393.
(luatex.def)             Requested size: 455.23088pt x 341.43306pt.
<images/text03/ch03C.009.png, id=626, 1027.84pt x 770.88pt>
File: images/text03/ch03C.009.png Graphic file (type png)
<use images/text03/ch03C.009.png>
Package luatex.def Info: images/text03/ch03C.009.png  used on input line 400.
(luatex.def)             Requested size: 455.23088pt x 341.43306pt.
<images/text03/ch03C.010.png, id=627, 1027.84pt x 770.88pt>
File: images/text03/ch03C.010.png Graphic file (type png)
<use images/text03/ch03C.010.png>
Package luatex.def Info: images/text03/ch03C.010.png  used on input line 407.
(luatex.def)             Requested size: 455.23088pt x 341.43306pt.
<images/text03/ch03C.011.png, id=628, 1027.84pt x 770.88pt>
File: images/text03/ch03C.011.png Graphic file (type png)
<use images/text03/ch03C.011.png>
Package luatex.def Info: images/text03/ch03C.011.png  used on input line 414.
(luatex.def)             Requested size: 455.23088pt x 341.43306pt.
<images/text03/ch03C.012.png, id=629, 1027.84pt x 770.88pt>
File: images/text03/ch03C.012.png Graphic file (type png)
<use images/text03/ch03C.012.png>
Package luatex.def Info: images/text03/ch03C.012.png  used on input line 421.
(luatex.def)             Requested size: 455.23088pt x 341.43306pt.
<images/text03/ch03C.013.png, id=630, 1027.84pt x 770.88pt>
File: images/text03/ch03C.013.png Graphic file (type png)
<use images/text03/ch03C.013.png>
Package luatex.def Info: images/text03/ch03C.013.png  used on input line 428.
(luatex.def)             Requested size: 455.23088pt x 341.43306pt.
<images/text03/ch03C.014.png, id=631, 1027.84pt x 770.88pt>
File: images/text03/ch03C.014.png Graphic file (type png)
<use images/text03/ch03C.014.png>
Package luatex.def Info: images/text03/ch03C.014.png  used on input line 435.
(luatex.def)             Requested size: 455.23088pt x 341.43306pt.
<images/text03/ch03C.015.png, id=632, 1027.84pt x 770.88pt>
File: images/text03/ch03C.015.png Graphic file (type png)
<use images/text03/ch03C.015.png>
Package luatex.def Info: images/text03/ch03C.015.png  used on input line 442.
(luatex.def)             Requested size: 455.23088pt x 341.43306pt.
<images/text03/ch03C.016.png, id=633, 1027.84pt x 770.88pt>
File: images/text03/ch03C.016.png Graphic file (type png)
<use images/text03/ch03C.016.png>
Package luatex.def Info: images/text03/ch03C.016.png  used on input line 449.
(luatex.def)             Requested size: 455.23088pt x 341.43306pt.

[100

<./images/text03/ch03C.001.png>] [101<./images/text03/ch03C.002.png>]
[102<./images/text03/ch03C.003.png>] [103<./images/text03/ch03C.004.png>]
[104<./images/text03/ch03C.005.png>] [105<./images/text03/ch03C.006.png>]
[106<./images/text03/ch03C.007.png>] [107<./images/text03/ch03C.008.png>]
[108<./images/text03/ch03C.009.png>] [109<./images/text03/ch03C.010.png>]
[110<./images/text03/ch03C.011.png>] [111<./images/text03/ch03C.012.png>]
[112<./images/text03/ch03C.013.png>] [113<./images/text03/ch03C.014.png>]
[114<./images/text03/ch03C.015.png>] [115<./images/text03/ch03C.016.png>]
<images/text03/ch03D.001.png, id=717, 1027.84pt x 770.88pt>
File: images/text03/ch03D.001.png Graphic file (type png)
<use images/text03/ch03D.001.png>
Package luatex.def Info: images/text03/ch03D.001.png  used on input line 460.
(luatex.def)             Requested size: 455.23088pt x 341.43306pt.
<images/text03/ch03D.002.png, id=718, 1027.84pt x 770.88pt>
File: images/text03/ch03D.002.png Graphic file (type png)
<use images/text03/ch03D.002.png>
Package luatex.def Info: images/text03/ch03D.002.png  used on input line 467.
(luatex.def)             Requested size: 455.23088pt x 341.43306pt.
<images/text03/ch03D.003.png, id=719, 1027.84pt x 770.88pt>
File: images/text03/ch03D.003.png Graphic file (type png)
<use images/text03/ch03D.003.png>
Package luatex.def Info: images/text03/ch03D.003.png  used on input line 474.
(luatex.def)             Requested size: 455.23088pt x 341.43306pt.
<images/text03/ch03D.004.png, id=720, 1027.84pt x 770.88pt>
File: images/text03/ch03D.004.png Graphic file (type png)
<use images/text03/ch03D.004.png>
Package luatex.def Info: images/text03/ch03D.004.png  used on input line 481.
(luatex.def)             Requested size: 455.23088pt x 341.43306pt.
<images/text03/ch03D.005.png, id=721, 1027.84pt x 770.88pt>
File: images/text03/ch03D.005.png Graphic file (type png)
<use images/text03/ch03D.005.png>
Package luatex.def Info: images/text03/ch03D.005.png  used on input line 488.
(luatex.def)             Requested size: 455.23088pt x 341.43306pt.
<images/text03/ch03D.006.png, id=722, 1027.84pt x 770.88pt>
File: images/text03/ch03D.006.png Graphic file (type png)
<use images/text03/ch03D.006.png>
Package luatex.def Info: images/text03/ch03D.006.png  used on input line 495.
(luatex.def)             Requested size: 455.23088pt x 341.43306pt.
<images/text03/ch03D.007.png, id=723, 1027.84pt x 770.88pt>
File: images/text03/ch03D.007.png Graphic file (type png)
<use images/text03/ch03D.007.png>
Package luatex.def Info: images/text03/ch03D.007.png  used on input line 502.
(luatex.def)             Requested size: 455.23088pt x 341.43306pt.
<images/text03/ch03D.008.png, id=724, 1027.84pt x 770.88pt>
File: images/text03/ch03D.008.png Graphic file (type png)
<use images/text03/ch03D.008.png>
Package luatex.def Info: images/text03/ch03D.008.png  used on input line 509.
(luatex.def)             Requested size: 455.23088pt x 341.43306pt.
<images/text03/ch03D.009.png, id=725, 1027.84pt x 770.88pt>
File: images/text03/ch03D.009.png Graphic file (type png)
<use images/text03/ch03D.009.png>
Package luatex.def Info: images/text03/ch03D.009.png  used on input line 516.
(luatex.def)             Requested size: 455.23088pt x 341.43306pt.
<images/text03/ch03D.010.png, id=726, 1027.84pt x 770.88pt>
File: images/text03/ch03D.010.png Graphic file (type png)
<use images/text03/ch03D.010.png>
Package luatex.def Info: images/text03/ch03D.010.png  used on input line 523.
(luatex.def)             Requested size: 455.23088pt x 341.43306pt.
<images/text03/ch03D.011.png, id=727, 1027.84pt x 770.88pt>
File: images/text03/ch03D.011.png Graphic file (type png)
<use images/text03/ch03D.011.png>
Package luatex.def Info: images/text03/ch03D.011.png  used on input line 530.
(luatex.def)             Requested size: 455.23088pt x 341.43306pt.
<images/text03/ch03D.012.png, id=728, 1027.84pt x 770.88pt>
File: images/text03/ch03D.012.png Graphic file (type png)
<use images/text03/ch03D.012.png>
Package luatex.def Info: images/text03/ch03D.012.png  used on input line 537.
(luatex.def)             Requested size: 455.23088pt x 341.43306pt.
<images/text03/ch03D.013.png, id=729, 1027.84pt x 770.88pt>
File: images/text03/ch03D.013.png Graphic file (type png)
<use images/text03/ch03D.013.png>
Package luatex.def Info: images/text03/ch03D.013.png  used on input line 544.
(luatex.def)             Requested size: 455.23088pt x 341.43306pt.
<images/text03/ch03D.014.png, id=730, 1027.84pt x 770.88pt>
File: images/text03/ch03D.014.png Graphic file (type png)
<use images/text03/ch03D.014.png>
Package luatex.def Info: images/text03/ch03D.014.png  used on input line 551.
(luatex.def)             Requested size: 455.23088pt x 341.43306pt.
<images/text03/ch03D.015.png, id=731, 1027.84pt x 770.88pt>
File: images/text03/ch03D.015.png Graphic file (type png)
<use images/text03/ch03D.015.png>
Package luatex.def Info: images/text03/ch03D.015.png  used on input line 558.
(luatex.def)             Requested size: 455.23088pt x 341.43306pt.
<images/text03/ch03D.016.png, id=732, 1027.84pt x 770.88pt>
File: images/text03/ch03D.016.png Graphic file (type png)
<use images/text03/ch03D.016.png>
Package luatex.def Info: images/text03/ch03D.016.png  used on input line 565.
(luatex.def)             Requested size: 455.23088pt x 341.43306pt.
<images/text03/ch03D.017.png, id=733, 1027.84pt x 770.88pt>
File: images/text03/ch03D.017.png Graphic file (type png)
<use images/text03/ch03D.017.png>
Package luatex.def Info: images/text03/ch03D.017.png  used on input line 572.
(luatex.def)             Requested size: 455.23088pt x 341.43306pt.
<images/text03/ch03D.018.png, id=734, 1027.84pt x 770.88pt>
File: images/text03/ch03D.018.png Graphic file (type png)
<use images/text03/ch03D.018.png>
Package luatex.def Info: images/text03/ch03D.018.png  used on input line 579.
(luatex.def)             Requested size: 455.23088pt x 341.43306pt.
<images/text03/ch03D.019.png, id=735, 1027.84pt x 770.88pt>
File: images/text03/ch03D.019.png Graphic file (type png)
<use images/text03/ch03D.019.png>
Package luatex.def Info: images/text03/ch03D.019.png  used on input line 586.
(luatex.def)             Requested size: 455.23088pt x 341.43306pt.
<images/text03/ch03D.020.png, id=736, 1027.84pt x 770.88pt>
File: images/text03/ch03D.020.png Graphic file (type png)
<use images/text03/ch03D.020.png>
Package luatex.def Info: images/text03/ch03D.020.png  used on input line 593.
(luatex.def)             Requested size: 455.23088pt x 341.43306pt.
<images/text03/ch03D.021.png, id=737, 1027.84pt x 770.88pt>
File: images/text03/ch03D.021.png Graphic file (type png)
<use images/text03/ch03D.021.png>
Package luatex.def Info: images/text03/ch03D.021.png  used on input line 600.
(luatex.def)             Requested size: 455.23088pt x 341.43306pt.
<images/text03/ch03D.022.png, id=738, 1027.84pt x 770.88pt>
File: images/text03/ch03D.022.png Graphic file (type png)
<use images/text03/ch03D.022.png>
Package luatex.def Info: images/text03/ch03D.022.png  used on input line 607.
(luatex.def)             Requested size: 455.23088pt x 341.43306pt.
<images/text03/ch03D.023.png, id=739, 1027.84pt x 770.88pt>
File: images/text03/ch03D.023.png Graphic file (type png)
<use images/text03/ch03D.023.png>
Package luatex.def Info: images/text03/ch03D.023.png  used on input line 614.
(luatex.def)             Requested size: 455.23088pt x 341.43306pt.
<images/text03/ch03D.024.png, id=740, 1027.84pt x 770.88pt>
File: images/text03/ch03D.024.png Graphic file (type png)
<use images/text03/ch03D.024.png>
Package luatex.def Info: images/text03/ch03D.024.png  used on input line 621.
(luatex.def)             Requested size: 455.23088pt x 341.43306pt.
<images/text03/ch03D.025.png, id=741, 1027.84pt x 770.88pt>
File: images/text03/ch03D.025.png Graphic file (type png)
<use images/text03/ch03D.025.png>
Package luatex.def Info: images/text03/ch03D.025.png  used on input line 628.
(luatex.def)             Requested size: 455.23088pt x 341.43306pt.
<images/text03/ch03D.026.png, id=742, 1027.84pt x 770.88pt>
File: images/text03/ch03D.026.png Graphic file (type png)
<use images/text03/ch03D.026.png>
Package luatex.def Info: images/text03/ch03D.026.png  used on input line 635.
(luatex.def)             Requested size: 455.23088pt x 341.43306pt.
<images/text03/ch03D.027.png, id=743, 1027.84pt x 770.88pt>
File: images/text03/ch03D.027.png Graphic file (type png)
<use images/text03/ch03D.027.png>
Package luatex.def Info: images/text03/ch03D.027.png  used on input line 642.
(luatex.def)             Requested size: 455.23088pt x 341.43306pt.
<images/text03/ch03D.028.png, id=744, 1027.84pt x 770.88pt>
File: images/text03/ch03D.028.png Graphic file (type png)
<use images/text03/ch03D.028.png>
Package luatex.def Info: images/text03/ch03D.028.png  used on input line 649.
(luatex.def)             Requested size: 455.23088pt x 341.43306pt.
<images/text03/ch03D.029.png, id=745, 1027.84pt x 770.88pt>
File: images/text03/ch03D.029.png Graphic file (type png)
<use images/text03/ch03D.029.png>
Package luatex.def Info: images/text03/ch03D.029.png  used on input line 656.
(luatex.def)             Requested size: 455.23088pt x 341.43306pt.
)
[116

<./images/text03/ch03D.001.png>] [117<./images/text03/ch03D.002.png>]
[118<./images/text03/ch03D.003.png>] [119<./images/text03/ch03D.004.png>]
[120<./images/text03/ch03D.005.png>] [121<./images/text03/ch03D.006.png>]
[122<./images/text03/ch03D.007.png>] [123<./images/text03/ch03D.008.png>]
[124<./images/text03/ch03D.009.png>] [125<./images/text03/ch03D.010.png>]
[126<./images/text03/ch03D.011.png>] [127<./images/text03/ch03D.012.png>]
[128<./images/text03/ch03D.013.png>] [129<./images/text03/ch03D.014.png>]
[130<./images/text03/ch03D.015.png>] [131<./images/text03/ch03D.016.png>]
[132<./images/text03/ch03D.017.png>] [133<./images/text03/ch03D.018.png>]
[134<./images/text03/ch03D.019.png>] [135<./images/text03/ch03D.020.png>]
[136<./images/text03/ch03D.021.png>] [137<./images/text03/ch03D.022.png>]
[138<./images/text03/ch03D.023.png>] [139<./images/text03/ch03D.024.png>]
[140<./images/text03/ch03D.025.png>] [141<./images/text03/ch03D.026.png>]
[142<./images/text03/ch03D.027.png>] [143<./images/text03/ch03D.028.png>]
[144<./images/text03/ch03D.029.png>]
\openout2 = text04init.aux
 (./text04init.tex
第4章
[145




]
<images/text04init/ch04C.001.png, id=901, 1027.84pt x 770.88pt>
File: images/text04init/ch04C.001.png Graphic file (type png)
<use images/text04init/ch04C.001.png>
Package luatex.def Info: images/text04init/ch04C.001.png  used on input line 14.

(luatex.def)             Requested size: 455.23088pt x 341.43306pt.
<images/text04init/ch04C.002.png, id=902, 1027.84pt x 770.88pt>
File: images/text04init/ch04C.002.png Graphic file (type png)
<use images/text04init/ch04C.002.png>
Package luatex.def Info: images/text04init/ch04C.002.png  used on input line 21.

(luatex.def)             Requested size: 455.23088pt x 341.43306pt.
<images/text04init/ch04C.003.png, id=903, 1027.84pt x 770.88pt>
File: images/text04init/ch04C.003.png Graphic file (type png)
<use images/text04init/ch04C.003.png>
Package luatex.def Info: images/text04init/ch04C.003.png  used on input line 28.

(luatex.def)             Requested size: 455.23088pt x 341.43306pt.
<images/text04init/ch04C.004.png, id=904, 1027.84pt x 770.88pt>
File: images/text04init/ch04C.004.png Graphic file (type png)
<use images/text04init/ch04C.004.png>
Package luatex.def Info: images/text04init/ch04C.004.png  used on input line 35.

(luatex.def)             Requested size: 455.23088pt x 341.43306pt.
<images/text04init/ch04C.005.png, id=905, 1027.84pt x 770.88pt>
File: images/text04init/ch04C.005.png Graphic file (type png)
<use images/text04init/ch04C.005.png>
Package luatex.def Info: images/text04init/ch04C.005.png  used on input line 42.

(luatex.def)             Requested size: 455.23088pt x 341.43306pt.
<images/text04init/ch04C.006.png, id=906, 1027.84pt x 770.88pt>
File: images/text04init/ch04C.006.png Graphic file (type png)
<use images/text04init/ch04C.006.png>
Package luatex.def Info: images/text04init/ch04C.006.png  used on input line 49.

(luatex.def)             Requested size: 455.23088pt x 341.43306pt.
<images/text04init/ch04C.007.png, id=907, 1027.84pt x 770.88pt>
File: images/text04init/ch04C.007.png Graphic file (type png)
<use images/text04init/ch04C.007.png>
Package luatex.def Info: images/text04init/ch04C.007.png  used on input line 56.

(luatex.def)             Requested size: 455.23088pt x 341.43306pt.
<images/text04init/ch04C.008.png, id=908, 1027.84pt x 770.88pt>
File: images/text04init/ch04C.008.png Graphic file (type png)
<use images/text04init/ch04C.008.png>
Package luatex.def Info: images/text04init/ch04C.008.png  used on input line 63.

(luatex.def)             Requested size: 455.23088pt x 341.43306pt.
<images/text04init/ch04C.009.png, id=909, 1027.84pt x 770.88pt>
File: images/text04init/ch04C.009.png Graphic file (type png)
<use images/text04init/ch04C.009.png>
Package luatex.def Info: images/text04init/ch04C.009.png  used on input line 70.

(luatex.def)             Requested size: 455.23088pt x 341.43306pt.
 [146

<./images/text04init/ch04C.001.png>] [147<./images/text04init/ch04C.002.png>] [
148<./images/text04init/ch04C.003.png>] [149<./images/text04init/ch04C.004.png>] [150<./images/text04init/ch04C.005.png>] [151<./images/text04init/ch04C.006.png>] [152<./images/text04init/ch04C.007.png>] [153<./images/text04init/ch04C.008.png>] [154<./images/text04init/ch04C.009.png>]
<images/text04init/ch04D.001.png, id=957, 1027.84pt x 770.88pt>
File: images/text04init/ch04D.001.png Graphic file (type png)
<use images/text04init/ch04D.001.png>
Package luatex.def Info: images/text04init/ch04D.001.png  used on input line 81.

(luatex.def)             Requested size: 455.23088pt x 341.43306pt.
<images/text04init/ch04D.002.png, id=958, 1027.84pt x 770.88pt>
File: images/text04init/ch04D.002.png Graphic file (type png)
<use images/text04init/ch04D.002.png>
Package luatex.def Info: images/text04init/ch04D.002.png  used on input line 88.

(luatex.def)             Requested size: 455.23088pt x 341.43306pt.
<images/text04init/ch04D.003.png, id=959, 1027.84pt x 770.88pt>
File: images/text04init/ch04D.003.png Graphic file (type png)
<use images/text04init/ch04D.003.png>
Package luatex.def Info: images/text04init/ch04D.003.png  used on input line 95.

(luatex.def)             Requested size: 455.23088pt x 341.43306pt.
<images/text04init/ch04D.004.png, id=960, 1027.84pt x 770.88pt>
File: images/text04init/ch04D.004.png Graphic file (type png)
<use images/text04init/ch04D.004.png>
Package luatex.def Info: images/text04init/ch04D.004.png  used on input line 102
.
(luatex.def)             Requested size: 455.23088pt x 341.43306pt.
<images/text04init/ch04D.005.png, id=961, 1027.84pt x 770.88pt>
File: images/text04init/ch04D.005.png Graphic file (type png)
<use images/text04init/ch04D.005.png>
Package luatex.def Info: images/text04init/ch04D.005.png  used on input line 109
.
(luatex.def)             Requested size: 455.23088pt x 341.43306pt.
<images/text04init/ch04D.006.png, id=962, 1027.84pt x 770.88pt>
File: images/text04init/ch04D.006.png Graphic file (type png)
<use images/text04init/ch04D.006.png>
Package luatex.def Info: images/text04init/ch04D.006.png  used on input line 116
.
(luatex.def)             Requested size: 455.23088pt x 341.43306pt.
<images/text04init/ch04D.007.png, id=963, 1027.84pt x 770.88pt>
File: images/text04init/ch04D.007.png Graphic file (type png)
<use images/text04init/ch04D.007.png>
Package luatex.def Info: images/text04init/ch04D.007.png  used on input line 123
.
(luatex.def)             Requested size: 455.23088pt x 341.43306pt.
<images/text04init/ch04D.008.png, id=964, 1027.84pt x 770.88pt>
File: images/text04init/ch04D.008.png Graphic file (type png)
<use images/text04init/ch04D.008.png>
Package luatex.def Info: images/text04init/ch04D.008.png  used on input line 130
.
(luatex.def)             Requested size: 455.23088pt x 341.43306pt.
<images/text04init/ch04D.009.png, id=965, 1027.84pt x 770.88pt>
File: images/text04init/ch04D.009.png Graphic file (type png)
<use images/text04init/ch04D.009.png>
Package luatex.def Info: images/text04init/ch04D.009.png  used on input line 137
.
(luatex.def)             Requested size: 455.23088pt x 341.43306pt.
<images/text04init/ch04D.010.png, id=966, 1027.84pt x 770.88pt>
File: images/text04init/ch04D.010.png Graphic file (type png)
<use images/text04init/ch04D.010.png>
Package luatex.def Info: images/text04init/ch04D.010.png  used on input line 144
.
(luatex.def)             Requested size: 455.23088pt x 341.43306pt.
<images/text04init/ch04D.011.png, id=967, 1027.84pt x 770.88pt>
File: images/text04init/ch04D.011.png Graphic file (type png)
<use images/text04init/ch04D.011.png>
Package luatex.def Info: images/text04init/ch04D.011.png  used on input line 151
.
(luatex.def)             Requested size: 455.23088pt x 341.43306pt.
<images/text04init/ch04D.012.png, id=968, 1027.84pt x 770.88pt>
File: images/text04init/ch04D.012.png Graphic file (type png)
<use images/text04init/ch04D.012.png>
Package luatex.def Info: images/text04init/ch04D.012.png  used on input line 158
.
(luatex.def)             Requested size: 455.23088pt x 341.43306pt.
<images/text04init/ch04D.013.png, id=969, 1027.84pt x 770.88pt>
File: images/text04init/ch04D.013.png Graphic file (type png)
<use images/text04init/ch04D.013.png>
Package luatex.def Info: images/text04init/ch04D.013.png  used on input line 165
.
(luatex.def)             Requested size: 455.23088pt x 341.43306pt.
<images/text04init/ch04D.014.png, id=970, 1027.84pt x 770.88pt>
File: images/text04init/ch04D.014.png Graphic file (type png)
<use images/text04init/ch04D.014.png>
Package luatex.def Info: images/text04init/ch04D.014.png  used on input line 172
.
(luatex.def)             Requested size: 455.23088pt x 341.43306pt.
<images/text04init/ch04D.015.png, id=971, 1027.84pt x 770.88pt>
File: images/text04init/ch04D.015.png Graphic file (type png)
<use images/text04init/ch04D.015.png>
Package luatex.def Info: images/text04init/ch04D.015.png  used on input line 179
.
(luatex.def)             Requested size: 455.23088pt x 341.43306pt.
<images/text04init/ch04D.016.png, id=972, 1027.84pt x 770.88pt>
File: images/text04init/ch04D.016.png Graphic file (type png)
<use images/text04init/ch04D.016.png>
Package luatex.def Info: images/text04init/ch04D.016.png  used on input line 186
.
(luatex.def)             Requested size: 455.23088pt x 341.43306pt.
<images/text04init/ch04D.017.png, id=973, 1027.84pt x 770.88pt>
File: images/text04init/ch04D.017.png Graphic file (type png)
<use images/text04init/ch04D.017.png>
Package luatex.def Info: images/text04init/ch04D.017.png  used on input line 193
.
(luatex.def)             Requested size: 455.23088pt x 341.43306pt.
<images/text04init/ch04D.018.png, id=974, 1027.84pt x 770.88pt>
File: images/text04init/ch04D.018.png Graphic file (type png)
<use images/text04init/ch04D.018.png>
Package luatex.def Info: images/text04init/ch04D.018.png  used on input line 200
.
(luatex.def)             Requested size: 455.23088pt x 341.43306pt.
<images/text04init/ch04D.019.png, id=975, 1027.84pt x 770.88pt>
File: images/text04init/ch04D.019.png Graphic file (type png)
<use images/text04init/ch04D.019.png>
Package luatex.def Info: images/text04init/ch04D.019.png  used on input line 207
.
(luatex.def)             Requested size: 455.23088pt x 341.43306pt.
<images/text04init/ch04D.020.png, id=976, 1027.84pt x 770.88pt>
File: images/text04init/ch04D.020.png Graphic file (type png)
<use images/text04init/ch04D.020.png>
Package luatex.def Info: images/text04init/ch04D.020.png  used on input line 214
.
(luatex.def)             Requested size: 455.23088pt x 341.43306pt.
<images/text04init/ch04D.021.png, id=977, 1027.84pt x 770.88pt>
File: images/text04init/ch04D.021.png Graphic file (type png)
<use images/text04init/ch04D.021.png>
Package luatex.def Info: images/text04init/ch04D.021.png  used on input line 221
.
(luatex.def)             Requested size: 455.23088pt x 341.43306pt.
<images/text04init/ch04D.022.png, id=978, 1027.84pt x 770.88pt>
File: images/text04init/ch04D.022.png Graphic file (type png)
<use images/text04init/ch04D.022.png>
Package luatex.def Info: images/text04init/ch04D.022.png  used on input line 228
.
(luatex.def)             Requested size: 455.23088pt x 341.43306pt.
<images/text04init/ch04D.023.png, id=979, 1027.84pt x 770.88pt>
File: images/text04init/ch04D.023.png Graphic file (type png)
<use images/text04init/ch04D.023.png>
Package luatex.def Info: images/text04init/ch04D.023.png  used on input line 235
.
(luatex.def)             Requested size: 455.23088pt x 341.43306pt.
<images/text04init/ch04D.024.png, id=980, 1027.84pt x 770.88pt>
File: images/text04init/ch04D.024.png Graphic file (type png)
<use images/text04init/ch04D.024.png>
Package luatex.def Info: images/text04init/ch04D.024.png  used on input line 242
.
(luatex.def)             Requested size: 455.23088pt x 341.43306pt.
<images/text04init/ch04D.025.png, id=981, 1027.84pt x 770.88pt>
File: images/text04init/ch04D.025.png Graphic file (type png)
<use images/text04init/ch04D.025.png>
Package luatex.def Info: images/text04init/ch04D.025.png  used on input line 249
.
(luatex.def)             Requested size: 455.23088pt x 341.43306pt.
 [155

<./images/text04init/ch04D.001.png>] [156<./images/text04init/ch04D.002.png>] [
157<./images/text04init/ch04D.003.png>] [158<./images/text04init/ch04D.004.png>] [159<./images/text04init/ch04D.005.png>] [160<./images/text04init/ch04D.006.png>] [161<./images/text04init/ch04D.007.png>] [162<./images/text04init/ch04D.008.png>] [163<./images/text04init/ch04D.009.png>] [164<./images/text04init/ch04D.010.png>]
[165<./images/text04init/ch04D.011.png>] [166<./images/text04init/ch04D.012.png>
] [167<./images/text04init/ch04D.013.png>] [168<./images/text04init/ch04D.014.pn
g>] [169<./images/text04init/ch04D.015.png>] [170<./images/text04init/ch04D.016.
png>] [171<./images/text04init/ch04D.017.png>] [172<./images/text04init/ch04D.01
8.png>] [173<./images/text04init/ch04D.019.png>] [174<./images/text04init/ch04D.
020.png>] [175<./images/text04init/ch04D.021.png>] [176<./images/text04init/ch04
D.022.png>] [177<./images/text04init/ch04D.023.png>] [178<./images/text04init/ch
04D.024.png>] [179<./images/text04init/ch04D.025.png>]
<images/text04init/ch04init.001.png, id=1111, 1027.84pt x 770.88pt>
File: images/text04init/ch04init.001.png Graphic file (type png)
<use images/text04init/ch04init.001.png>
Package luatex.def Info: images/text04init/ch04init.001.png  used on input line 
260.
(luatex.def)             Requested size: 455.23088pt x 341.43306pt.
<images/text04init/ch04init.002.png, id=1112, 1027.84pt x 770.88pt>
File: images/text04init/ch04init.002.png Graphic file (type png)
<use images/text04init/ch04init.002.png>
Package luatex.def Info: images/text04init/ch04init.002.png  used on input line 
267.
(luatex.def)             Requested size: 455.23088pt x 341.43306pt.
<images/text04init/ch04init.003.png, id=1113, 1027.84pt x 770.88pt>
File: images/text04init/ch04init.003.png Graphic file (type png)
<use images/text04init/ch04init.003.png>
Package luatex.def Info: images/text04init/ch04init.003.png  used on input line 
274.
(luatex.def)             Requested size: 455.23088pt x 341.43306pt.
<images/text04init/ch04init.004.png, id=1114, 1027.84pt x 770.88pt>
File: images/text04init/ch04init.004.png Graphic file (type png)
<use images/text04init/ch04init.004.png>
Package luatex.def Info: images/text04init/ch04init.004.png  used on input line 
281.
(luatex.def)             Requested size: 455.23088pt x 341.43306pt.
<images/text04init/ch04init.005.png, id=1115, 1027.84pt x 770.88pt>
File: images/text04init/ch04init.005.png Graphic file (type png)
<use images/text04init/ch04init.005.png>
Package luatex.def Info: images/text04init/ch04init.005.png  used on input line 
288.
(luatex.def)             Requested size: 455.23088pt x 341.43306pt.
<images/text04init/ch04init.006.png, id=1116, 1027.84pt x 770.88pt>
File: images/text04init/ch04init.006.png Graphic file (type png)
<use images/text04init/ch04init.006.png>
Package luatex.def Info: images/text04init/ch04init.006.png  used on input line 
295.
(luatex.def)             Requested size: 455.23088pt x 341.43306pt.
<images/text04init/ch04init.007.png, id=1117, 1027.84pt x 770.88pt>
File: images/text04init/ch04init.007.png Graphic file (type png)
<use images/text04init/ch04init.007.png>
Package luatex.def Info: images/text04init/ch04init.007.png  used on input line 
302.
(luatex.def)             Requested size: 455.23088pt x 341.43306pt.
<images/text04init/ch04init.008.png, id=1118, 1027.84pt x 770.88pt>
File: images/text04init/ch04init.008.png Graphic file (type png)
<use images/text04init/ch04init.008.png>
Package luatex.def Info: images/text04init/ch04init.008.png  used on input line 
309.
(luatex.def)             Requested size: 455.23088pt x 341.43306pt.
<images/text04init/ch04init.009.png, id=1119, 1027.84pt x 770.88pt>
File: images/text04init/ch04init.009.png Graphic file (type png)
<use images/text04init/ch04init.009.png>
Package luatex.def Info: images/text04init/ch04init.009.png  used on input line 
316.
(luatex.def)             Requested size: 455.23088pt x 341.43306pt.
<images/text04init/ch04init.010.png, id=1120, 1027.84pt x 770.88pt>
File: images/text04init/ch04init.010.png Graphic file (type png)
<use images/text04init/ch04init.010.png>
Package luatex.def Info: images/text04init/ch04init.010.png  used on input line 
323.
(luatex.def)             Requested size: 455.23088pt x 341.43306pt.
<images/text04init/ch04init.011.png, id=1121, 1027.84pt x 770.88pt>
File: images/text04init/ch04init.011.png Graphic file (type png)
<use images/text04init/ch04init.011.png>
Package luatex.def Info: images/text04init/ch04init.011.png  used on input line 
330.
(luatex.def)             Requested size: 455.23088pt x 341.43306pt.
<images/text04init/ch04init.012.png, id=1122, 1027.84pt x 770.88pt>
File: images/text04init/ch04init.012.png Graphic file (type png)
<use images/text04init/ch04init.012.png>
Package luatex.def Info: images/text04init/ch04init.012.png  used on input line 
337.
(luatex.def)             Requested size: 455.23088pt x 341.43306pt.
<images/text04init/ch04init.013.png, id=1123, 1027.84pt x 770.88pt>
File: images/text04init/ch04init.013.png Graphic file (type png)
<use images/text04init/ch04init.013.png>
Package luatex.def Info: images/text04init/ch04init.013.png  used on input line 
344.
(luatex.def)             Requested size: 455.23088pt x 341.43306pt.
<images/text04init/ch04init.014.png, id=1124, 1027.84pt x 770.88pt>
File: images/text04init/ch04init.014.png Graphic file (type png)
<use images/text04init/ch04init.014.png>
Package luatex.def Info: images/text04init/ch04init.014.png  used on input line 
351.
(luatex.def)             Requested size: 455.23088pt x 341.43306pt.
<images/text04init/ch04init.015.png, id=1125, 1027.84pt x 770.88pt>
File: images/text04init/ch04init.015.png Graphic file (type png)
<use images/text04init/ch04init.015.png>
Package luatex.def Info: images/text04init/ch04init.015.png  used on input line 
358.
(luatex.def)             Requested size: 455.23088pt x 341.43306pt.
<images/text04init/ch04init.016.png, id=1126, 1027.84pt x 770.88pt>
File: images/text04init/ch04init.016.png Graphic file (type png)
<use images/text04init/ch04init.016.png>
Package luatex.def Info: images/text04init/ch04init.016.png  used on input line 
365.
(luatex.def)             Requested size: 455.23088pt x 341.43306pt.
<images/text04init/ch04init.017.png, id=1127, 1027.84pt x 770.88pt>
File: images/text04init/ch04init.017.png Graphic file (type png)
<use images/text04init/ch04init.017.png>
Package luatex.def Info: images/text04init/ch04init.017.png  used on input line 
372.
(luatex.def)             Requested size: 455.23088pt x 341.43306pt.
<images/text04init/ch04init.018.png, id=1128, 1027.84pt x 770.88pt>
File: images/text04init/ch04init.018.png Graphic file (type png)
<use images/text04init/ch04init.018.png>
Package luatex.def Info: images/text04init/ch04init.018.png  used on input line 
379.
(luatex.def)             Requested size: 455.23088pt x 341.43306pt.
<images/text04init/ch04init.019.png, id=1129, 1027.84pt x 770.88pt>
File: images/text04init/ch04init.019.png Graphic file (type png)
<use images/text04init/ch04init.019.png>
Package luatex.def Info: images/text04init/ch04init.019.png  used on input line 
386.
(luatex.def)             Requested size: 455.23088pt x 341.43306pt.
<images/text04init/ch04init.020.png, id=1130, 1027.84pt x 770.88pt>
File: images/text04init/ch04init.020.png Graphic file (type png)
<use images/text04init/ch04init.020.png>
Package luatex.def Info: images/text04init/ch04init.020.png  used on input line 
393.
(luatex.def)             Requested size: 455.23088pt x 341.43306pt.
<images/text04init/ch04init.021.png, id=1131, 1027.84pt x 770.88pt>
File: images/text04init/ch04init.021.png Graphic file (type png)
<use images/text04init/ch04init.021.png>
Package luatex.def Info: images/text04init/ch04init.021.png  used on input line 
400.
(luatex.def)             Requested size: 455.23088pt x 341.43306pt.
<images/text04init/ch04init.022.png, id=1132, 1027.84pt x 770.88pt>
File: images/text04init/ch04init.022.png Graphic file (type png)
<use images/text04init/ch04init.022.png>
Package luatex.def Info: images/text04init/ch04init.022.png  used on input line 
407.
(luatex.def)             Requested size: 455.23088pt x 341.43306pt.
<images/text04init/ch04init.023.png, id=1133, 1027.84pt x 770.88pt>
File: images/text04init/ch04init.023.png Graphic file (type png)
<use images/text04init/ch04init.023.png>
Package luatex.def Info: images/text04init/ch04init.023.png  used on input line 
414.
(luatex.def)             Requested size: 455.23088pt x 341.43306pt.
<images/text04init/ch04init.024.png, id=1134, 1027.84pt x 770.88pt>
File: images/text04init/ch04init.024.png Graphic file (type png)
<use images/text04init/ch04init.024.png>
Package luatex.def Info: images/text04init/ch04init.024.png  used on input line 
421.
(luatex.def)             Requested size: 455.23088pt x 341.43306pt.
<images/text04init/ch04init.025.png, id=1135, 1027.84pt x 770.88pt>
File: images/text04init/ch04init.025.png Graphic file (type png)
<use images/text04init/ch04init.025.png>
Package luatex.def Info: images/text04init/ch04init.025.png  used on input line 
428.
(luatex.def)             Requested size: 455.23088pt x 341.43306pt.
<images/text04init/ch04init.026.png, id=1136, 1027.84pt x 770.88pt>
File: images/text04init/ch04init.026.png Graphic file (type png)
<use images/text04init/ch04init.026.png>
Package luatex.def Info: images/text04init/ch04init.026.png  used on input line 
435.
(luatex.def)             Requested size: 455.23088pt x 341.43306pt.
<images/text04init/ch04init.027.png, id=1137, 1027.84pt x 770.88pt>
File: images/text04init/ch04init.027.png Graphic file (type png)
<use images/text04init/ch04init.027.png>
Package luatex.def Info: images/text04init/ch04init.027.png  used on input line 
442.
(luatex.def)             Requested size: 455.23088pt x 341.43306pt.
<images/text04init/ch04init.028.png, id=1138, 1027.84pt x 770.88pt>
File: images/text04init/ch04init.028.png Graphic file (type png)
<use images/text04init/ch04init.028.png>
Package luatex.def Info: images/text04init/ch04init.028.png  used on input line 
449.
(luatex.def)             Requested size: 455.23088pt x 341.43306pt.
<images/text04init/ch04init.029.png, id=1139, 1027.84pt x 770.88pt>
File: images/text04init/ch04init.029.png Graphic file (type png)
<use images/text04init/ch04init.029.png>
Package luatex.def Info: images/text04init/ch04init.029.png  used on input line 
456.
(luatex.def)             Requested size: 455.23088pt x 341.43306pt.
<images/text04init/ch04init.030.png, id=1140, 1027.84pt x 770.88pt>
File: images/text04init/ch04init.030.png Graphic file (type png)
<use images/text04init/ch04init.030.png>
Package luatex.def Info: images/text04init/ch04init.030.png  used on input line 
463.
(luatex.def)             Requested size: 455.23088pt x 341.43306pt.
<images/text04init/ch04init.031.png, id=1141, 1027.84pt x 770.88pt>
File: images/text04init/ch04init.031.png Graphic file (type png)
<use images/text04init/ch04init.031.png>
Package luatex.def Info: images/text04init/ch04init.031.png  used on input line 
470.
(luatex.def)             Requested size: 455.23088pt x 341.43306pt.
<images/text04init/ch04init.032.png, id=1142, 1027.84pt x 770.88pt>
File: images/text04init/ch04init.032.png Graphic file (type png)
<use images/text04init/ch04init.032.png>
Package luatex.def Info: images/text04init/ch04init.032.png  used on input line 
477.
(luatex.def)             Requested size: 455.23088pt x 341.43306pt.
<images/text04init/ch04init.033.png, id=1143, 1027.84pt x 770.88pt>
File: images/text04init/ch04init.033.png Graphic file (type png)
<use images/text04init/ch04init.033.png>
Package luatex.def Info: images/text04init/ch04init.033.png  used on input line 
484.
(luatex.def)             Requested size: 455.23088pt x 341.43306pt.
<images/text04init/ch04init.034.png, id=1144, 1027.84pt x 770.88pt>
File: images/text04init/ch04init.034.png Graphic file (type png)
<use images/text04init/ch04init.034.png>
Package luatex.def Info: images/text04init/ch04init.034.png  used on input line 
491.
(luatex.def)             Requested size: 455.23088pt x 341.43306pt.
<images/text04init/ch04init.035.png, id=1145, 1027.84pt x 770.88pt>
File: images/text04init/ch04init.035.png Graphic file (type png)
<use images/text04init/ch04init.035.png>
Package luatex.def Info: images/text04init/ch04init.035.png  used on input line 
498.
(luatex.def)             Requested size: 455.23088pt x 341.43306pt.
<images/text04init/ch04init.036.png, id=1146, 1027.84pt x 770.88pt>
File: images/text04init/ch04init.036.png Graphic file (type png)
<use images/text04init/ch04init.036.png>
Package luatex.def Info: images/text04init/ch04init.036.png  used on input line 
505.
(luatex.def)             Requested size: 455.23088pt x 341.43306pt.
<images/text04init/ch04init.037.png, id=1147, 1027.84pt x 770.88pt>
File: images/text04init/ch04init.037.png Graphic file (type png)
<use images/text04init/ch04init.037.png>
Package luatex.def Info: images/text04init/ch04init.037.png  used on input line 
512.
(luatex.def)             Requested size: 455.23088pt x 341.43306pt.
<images/text04init/ch04init.038.png, id=1148, 1027.84pt x 770.88pt>
File: images/text04init/ch04init.038.png Graphic file (type png)
<use images/text04init/ch04init.038.png>
Package luatex.def Info: images/text04init/ch04init.038.png  used on input line 
519.
(luatex.def)             Requested size: 455.23088pt x 341.43306pt.
<images/text04init/ch04init.039.png, id=1149, 1027.84pt x 770.88pt>
File: images/text04init/ch04init.039.png Graphic file (type png)
<use images/text04init/ch04init.039.png>
Package luatex.def Info: images/text04init/ch04init.039.png  used on input line 
526.
(luatex.def)             Requested size: 455.23088pt x 341.43306pt.
<images/text04init/ch04init.040.png, id=1150, 1027.84pt x 770.88pt>
File: images/text04init/ch04init.040.png Graphic file (type png)
<use images/text04init/ch04init.040.png>
Package luatex.def Info: images/text04init/ch04init.040.png  used on input line 
533.
(luatex.def)             Requested size: 455.23088pt x 341.43306pt.
<images/text04init/ch04init.041.png, id=1151, 1027.84pt x 770.88pt>
File: images/text04init/ch04init.041.png Graphic file (type png)
<use images/text04init/ch04init.041.png>
Package luatex.def Info: images/text04init/ch04init.041.png  used on input line 
540.
(luatex.def)             Requested size: 455.23088pt x 341.43306pt.
<images/text04init/ch04init.042.png, id=1152, 1027.84pt x 770.88pt>
File: images/text04init/ch04init.042.png Graphic file (type png)
<use images/text04init/ch04init.042.png>
Package luatex.def Info: images/text04init/ch04init.042.png  used on input line 
547.
(luatex.def)             Requested size: 455.23088pt x 341.43306pt.
<images/text04init/ch04init.043.png, id=1153, 1027.84pt x 770.88pt>
File: images/text04init/ch04init.043.png Graphic file (type png)
<use images/text04init/ch04init.043.png>
Package luatex.def Info: images/text04init/ch04init.043.png  used on input line 
554.
(luatex.def)             Requested size: 455.23088pt x 341.43306pt.
<images/text04init/ch04init.044.png, id=1154, 1027.84pt x 770.88pt>
File: images/text04init/ch04init.044.png Graphic file (type png)
<use images/text04init/ch04init.044.png>
Package luatex.def Info: images/text04init/ch04init.044.png  used on input line 
561.
(luatex.def)             Requested size: 455.23088pt x 341.43306pt.
 [180

<./images/text04init/ch04init.001.png>] [181<./images/text04init/ch04init.002.pn
g>] [182<./images/text04init/ch04init.003.png>] [183<./images/text04init/ch04ini
t.004.png>] [184<./images/text04init/ch04init.005.png>] [185<./images/text04init
/ch04init.006.png>] [186<./images/text04init/ch04init.007.png>] [187<./images/te
xt04init/ch04init.008.png>] [188<./images/text04init/ch04init.009.png>] [189<./i
mages/text04init/ch04init.010.png>] [190<./images/text04init/ch04init.011.png>]

[191<./images/text04init/ch04init.012.png>] [192<./images/text04init/ch04init.01
3.png>] [193<./images/text04init/ch04init.014.png>] [194<./images/text04init/ch0
4init.015.png>] [195<./images/text04init/ch04init.016.png>] [196<./images/text04
init/ch04init.017.png>] [197<./images/text04init/ch04init.018.png>] [198<./image
s/text04init/ch04init.019.png>] [199<./images/text04init/ch04init.020.png>] [20
0<./images/text04init/ch04init.021.png>] [201<./images/text04init/ch04init.022.p
ng>] [202<./images/text04init/ch04init.023.png>] [203<./images/text04init/ch04in
it.024.png>] [204<./images/text04init/ch04init.025.png>] [205<./images/text04ini
t/ch04init.026.png>] [206<./images/text04init/ch04init.027.png>]
[207<./images/text04init/ch04init.028.png>] [208<./images/text04init/ch04init.02
9.png>] [209<./images/text04init/ch04init.030.png>] [210<./images/text04init/ch0
4init.031.png>] [211<./images/text04init/ch04init.032.png>] [212<./images/text04
init/ch04init.033.png>] [213<./images/text04init/ch04init.034.png>] [214<./image
s/text04init/ch04init.035.png>] [215<./images/text04init/ch04init.036.png>] [21
6<./images/text04init/ch04init.037.png>] [217<./images/text04init/ch04init.038.p
ng>] [218<./images/text04init/ch04init.039.png>] [219<./images/text04init/ch04in
it.040.png>] [220<./images/text04init/ch04init.041.png>] [221<./images/text04ini
t/ch04init.042.png>] [222<./images/text04init/ch04init.043.png>]
[223<./images/text04init/ch04init.044.png>]
<images/text04init/ch04課題.001.png, id=1382, 1027.84pt x 770.88pt>
File: images/text04init/ch04課題.001.png Graphic file (type png)
<use images/text04init/ch04課題.001.png>
Package luatex.def Info: images/text04init/ch04課題.001.png  used on input lin
e 572.
(luatex.def)             Requested size: 455.23088pt x 341.43306pt.
<images/text04init/ch04課題.002.png, id=1383, 1027.84pt x 770.88pt>
File: images/text04init/ch04課題.002.png Graphic file (type png)
<use images/text04init/ch04課題.002.png>
Package luatex.def Info: images/text04init/ch04課題.002.png  used on input lin
e 579.
(luatex.def)             Requested size: 455.23088pt x 341.43306pt.
<images/text04init/ch04課題.003.png, id=1384, 1027.84pt x 770.88pt>
File: images/text04init/ch04課題.003.png Graphic file (type png)
<use images/text04init/ch04課題.003.png>
Package luatex.def Info: images/text04init/ch04課題.003.png  used on input lin
e 586.
(luatex.def)             Requested size: 455.23088pt x 341.43306pt.
<images/text04init/ch04課題.004.png, id=1385, 1027.84pt x 770.88pt>
File: images/text04init/ch04課題.004.png Graphic file (type png)
<use images/text04init/ch04課題.004.png>
Package luatex.def Info: images/text04init/ch04課題.004.png  used on input lin
e 593.
(luatex.def)             Requested size: 455.23088pt x 341.43306pt.
) [224

<./images/text04init/ch04課題.001.png>] [225<./images/text04init/ch04課題.00
2.png>] [226<./images/text04init/ch04課題.003.png>] [227<./images/text04init/c
h04課題.004.png>]
\openout2 = text05.aux

(./text05.tex [228




]
第5章
[229]
<images/text05/ch05A.001.png, id=1417, 1027.84pt x 770.88pt>
File: images/text05/ch05A.001.png Graphic file (type png)
<use images/text05/ch05A.001.png>
Package luatex.def Info: images/text05/ch05A.001.png  used on input line 14.
(luatex.def)             Requested size: 455.23088pt x 341.43306pt.
<images/text05/ch05A.002.png, id=1418, 1027.84pt x 770.88pt>
File: images/text05/ch05A.002.png Graphic file (type png)
<use images/text05/ch05A.002.png>
Package luatex.def Info: images/text05/ch05A.002.png  used on input line 21.
(luatex.def)             Requested size: 455.23088pt x 341.43306pt.
<images/text05/ch05A.003.png, id=1419, 1027.84pt x 770.88pt>
File: images/text05/ch05A.003.png Graphic file (type png)
<use images/text05/ch05A.003.png>
Package luatex.def Info: images/text05/ch05A.003.png  used on input line 28.
(luatex.def)             Requested size: 455.23088pt x 341.43306pt.
<images/text05/ch05A.004.png, id=1420, 1027.84pt x 770.88pt>
File: images/text05/ch05A.004.png Graphic file (type png)
<use images/text05/ch05A.004.png>
Package luatex.def Info: images/text05/ch05A.004.png  used on input line 35.
(luatex.def)             Requested size: 455.23088pt x 341.43306pt.
<images/text05/ch05A.005.png, id=1421, 1027.84pt x 770.88pt>
File: images/text05/ch05A.005.png Graphic file (type png)
<use images/text05/ch05A.005.png>
Package luatex.def Info: images/text05/ch05A.005.png  used on input line 42.
(luatex.def)             Requested size: 455.23088pt x 341.43306pt.
<images/text05/ch05A.006.png, id=1422, 1027.84pt x 770.88pt>
File: images/text05/ch05A.006.png Graphic file (type png)
<use images/text05/ch05A.006.png>
Package luatex.def Info: images/text05/ch05A.006.png  used on input line 49.
(luatex.def)             Requested size: 455.23088pt x 341.43306pt.
<images/text05/ch05A.007.png, id=1423, 1027.84pt x 770.88pt>
File: images/text05/ch05A.007.png Graphic file (type png)
<use images/text05/ch05A.007.png>
Package luatex.def Info: images/text05/ch05A.007.png  used on input line 56.
(luatex.def)             Requested size: 455.23088pt x 341.43306pt.
<images/text05/ch05A.008.png, id=1424, 1027.84pt x 770.88pt>
File: images/text05/ch05A.008.png Graphic file (type png)
<use images/text05/ch05A.008.png>
Package luatex.def Info: images/text05/ch05A.008.png  used on input line 63.
(luatex.def)             Requested size: 455.23088pt x 341.43306pt.
<images/text05/ch05A.009.png, id=1425, 1027.84pt x 770.88pt>
File: images/text05/ch05A.009.png Graphic file (type png)
<use images/text05/ch05A.009.png>
Package luatex.def Info: images/text05/ch05A.009.png  used on input line 70.
(luatex.def)             Requested size: 455.23088pt x 341.43306pt.
<images/text05/ch05A.010.png, id=1426, 1027.84pt x 770.88pt>
File: images/text05/ch05A.010.png Graphic file (type png)
<use images/text05/ch05A.010.png>
Package luatex.def Info: images/text05/ch05A.010.png  used on input line 77.
(luatex.def)             Requested size: 455.23088pt x 341.43306pt.
<images/text05/ch05A.011.png, id=1427, 1027.84pt x 770.88pt>
File: images/text05/ch05A.011.png Graphic file (type png)
<use images/text05/ch05A.011.png>
Package luatex.def Info: images/text05/ch05A.011.png  used on input line 84.
(luatex.def)             Requested size: 455.23088pt x 341.43306pt.
<images/text05/ch05A.012.png, id=1428, 1027.84pt x 770.88pt>
File: images/text05/ch05A.012.png Graphic file (type png)
<use images/text05/ch05A.012.png>
Package luatex.def Info: images/text05/ch05A.012.png  used on input line 91.
(luatex.def)             Requested size: 455.23088pt x 341.43306pt.
<images/text05/ch05A.013.png, id=1429, 1027.84pt x 770.88pt>
File: images/text05/ch05A.013.png Graphic file (type png)
<use images/text05/ch05A.013.png>
Package luatex.def Info: images/text05/ch05A.013.png  used on input line 98.
(luatex.def)             Requested size: 455.23088pt x 341.43306pt.
<images/text05/ch05A.014.png, id=1430, 1027.84pt x 770.88pt>
File: images/text05/ch05A.014.png Graphic file (type png)
<use images/text05/ch05A.014.png>
Package luatex.def Info: images/text05/ch05A.014.png  used on input line 105.
(luatex.def)             Requested size: 455.23088pt x 341.43306pt.
<images/text05/ch05A.015.png, id=1431, 1027.84pt x 770.88pt>
File: images/text05/ch05A.015.png Graphic file (type png)
<use images/text05/ch05A.015.png>
Package luatex.def Info: images/text05/ch05A.015.png  used on input line 112.
(luatex.def)             Requested size: 455.23088pt x 341.43306pt.
<images/text05/ch05A.016.png, id=1432, 1027.84pt x 770.88pt>
File: images/text05/ch05A.016.png Graphic file (type png)
<use images/text05/ch05A.016.png>
Package luatex.def Info: images/text05/ch05A.016.png  used on input line 119.
(luatex.def)             Requested size: 455.23088pt x 341.43306pt.
<images/text05/ch05A.017.png, id=1433, 1027.84pt x 770.88pt>
File: images/text05/ch05A.017.png Graphic file (type png)
<use images/text05/ch05A.017.png>
Package luatex.def Info: images/text05/ch05A.017.png  used on input line 126.
(luatex.def)             Requested size: 455.23088pt x 341.43306pt.
<images/text05/ch05A.018.png, id=1434, 1027.84pt x 770.88pt>
File: images/text05/ch05A.018.png Graphic file (type png)
<use images/text05/ch05A.018.png>
Package luatex.def Info: images/text05/ch05A.018.png  used on input line 133.
(luatex.def)             Requested size: 455.23088pt x 341.43306pt.
 [230

<./images/text05/ch05A.001.png>] [231<./images/text05/ch05A.002.png>] [232<./ima
ges/text05/ch05A.003.png>] [233<./images/text05/ch05A.004.png>]
[234<./images/text05/ch05A.005.png>] [235<./images/text05/ch05A.006.png>]
[236<./images/text05/ch05A.007.png>] [237<./images/text05/ch05A.008.png>]
[238<./images/text05/ch05A.009.png>] [239<./images/text05/ch05A.010.png>]
[240<./images/text05/ch05A.011.png>] [241<./images/text05/ch05A.012.png>]
[242<./images/text05/ch05A.013.png>] [243<./images/text05/ch05A.014.png>]
[244<./images/text05/ch05A.015.png>] [245<./images/text05/ch05A.016.png>]
[246<./images/text05/ch05A.017.png>] [247<./images/text05/ch05A.018.png>]
<images/text05/ch05B.001.png, id=1528, 1027.84pt x 770.88pt>
File: images/text05/ch05B.001.png Graphic file (type png)
<use images/text05/ch05B.001.png>
Package luatex.def Info: images/text05/ch05B.001.png  used on input line 144.
(luatex.def)             Requested size: 455.23088pt x 341.43306pt.
<images/text05/ch05B.002.png, id=1529, 1027.84pt x 770.88pt>
File: images/text05/ch05B.002.png Graphic file (type png)
<use images/text05/ch05B.002.png>
Package luatex.def Info: images/text05/ch05B.002.png  used on input line 151.
(luatex.def)             Requested size: 455.23088pt x 341.43306pt.
<images/text05/ch05B.003.png, id=1530, 1027.84pt x 770.88pt>
File: images/text05/ch05B.003.png Graphic file (type png)
<use images/text05/ch05B.003.png>
Package luatex.def Info: images/text05/ch05B.003.png  used on input line 158.
(luatex.def)             Requested size: 455.23088pt x 341.43306pt.
<images/text05/ch05B.004.png, id=1531, 1027.84pt x 770.88pt>
File: images/text05/ch05B.004.png Graphic file (type png)
<use images/text05/ch05B.004.png>
Package luatex.def Info: images/text05/ch05B.004.png  used on input line 165.
(luatex.def)             Requested size: 455.23088pt x 341.43306pt.
<images/text05/ch05B.005.png, id=1532, 1027.84pt x 770.88pt>
File: images/text05/ch05B.005.png Graphic file (type png)
<use images/text05/ch05B.005.png>
Package luatex.def Info: images/text05/ch05B.005.png  used on input line 172.
(luatex.def)             Requested size: 455.23088pt x 341.43306pt.
<images/text05/ch05B.006.png, id=1533, 1027.84pt x 770.88pt>
File: images/text05/ch05B.006.png Graphic file (type png)
<use images/text05/ch05B.006.png>
Package luatex.def Info: images/text05/ch05B.006.png  used on input line 179.
(luatex.def)             Requested size: 455.23088pt x 341.43306pt.
<images/text05/ch05B.007.png, id=1534, 1027.84pt x 770.88pt>
File: images/text05/ch05B.007.png Graphic file (type png)
<use images/text05/ch05B.007.png>
Package luatex.def Info: images/text05/ch05B.007.png  used on input line 186.
(luatex.def)             Requested size: 455.23088pt x 341.43306pt.
<images/text05/ch05B.008.png, id=1535, 1027.84pt x 770.88pt>
File: images/text05/ch05B.008.png Graphic file (type png)
<use images/text05/ch05B.008.png>
Package luatex.def Info: images/text05/ch05B.008.png  used on input line 193.
(luatex.def)             Requested size: 455.23088pt x 341.43306pt.
<images/text05/ch05B.009.png, id=1536, 1027.84pt x 770.88pt>
File: images/text05/ch05B.009.png Graphic file (type png)
<use images/text05/ch05B.009.png>
Package luatex.def Info: images/text05/ch05B.009.png  used on input line 200.
(luatex.def)             Requested size: 455.23088pt x 341.43306pt.
<images/text05/ch05B.010.png, id=1537, 1027.84pt x 770.88pt>
File: images/text05/ch05B.010.png Graphic file (type png)
<use images/text05/ch05B.010.png>
Package luatex.def Info: images/text05/ch05B.010.png  used on input line 207.
(luatex.def)             Requested size: 455.23088pt x 341.43306pt.
<images/text05/ch05B.011.png, id=1538, 1027.84pt x 770.88pt>
File: images/text05/ch05B.011.png Graphic file (type png)
<use images/text05/ch05B.011.png>
Package luatex.def Info: images/text05/ch05B.011.png  used on input line 214.
(luatex.def)             Requested size: 455.23088pt x 341.43306pt.
<images/text05/ch05B.012.png, id=1539, 1027.84pt x 770.88pt>
File: images/text05/ch05B.012.png Graphic file (type png)
<use images/text05/ch05B.012.png>
Package luatex.def Info: images/text05/ch05B.012.png  used on input line 221.
(luatex.def)             Requested size: 455.23088pt x 341.43306pt.
<images/text05/ch05B.013.png, id=1540, 1027.84pt x 770.88pt>
File: images/text05/ch05B.013.png Graphic file (type png)
<use images/text05/ch05B.013.png>
Package luatex.def Info: images/text05/ch05B.013.png  used on input line 228.
(luatex.def)             Requested size: 455.23088pt x 341.43306pt.
<images/text05/ch05B.014.png, id=1541, 1027.84pt x 770.88pt>
File: images/text05/ch05B.014.png Graphic file (type png)
<use images/text05/ch05B.014.png>
Package luatex.def Info: images/text05/ch05B.014.png  used on input line 235.
(luatex.def)             Requested size: 455.23088pt x 341.43306pt.
<images/text05/ch05B.015.png, id=1542, 1027.84pt x 770.88pt>
File: images/text05/ch05B.015.png Graphic file (type png)
<use images/text05/ch05B.015.png>
Package luatex.def Info: images/text05/ch05B.015.png  used on input line 242.
(luatex.def)             Requested size: 455.23088pt x 341.43306pt.
<images/text05/ch05B.016.png, id=1543, 1027.84pt x 770.88pt>
File: images/text05/ch05B.016.png Graphic file (type png)
<use images/text05/ch05B.016.png>
Package luatex.def Info: images/text05/ch05B.016.png  used on input line 249.
(luatex.def)             Requested size: 455.23088pt x 341.43306pt.

[248

<./images/text05/ch05B.001.png>] [249<./images/text05/ch05B.002.png>]
[250<./images/text05/ch05B.003.png>] [251<./images/text05/ch05B.004.png>]
[252<./images/text05/ch05B.005.png>] [253<./images/text05/ch05B.006.png>]
[254<./images/text05/ch05B.007.png>] [255<./images/text05/ch05B.008.png>]
[256<./images/text05/ch05B.009.png>] [257<./images/text05/ch05B.010.png>]
[258<./images/text05/ch05B.011.png>] [259<./images/text05/ch05B.012.png>]
[260<./images/text05/ch05B.013.png>] [261<./images/text05/ch05B.014.png>]
[262<./images/text05/ch05B.015.png>] [263<./images/text05/ch05B.016.png>]
<images/text05/ch05C.001.png, id=1628, 1027.84pt x 770.88pt>
File: images/text05/ch05C.001.png Graphic file (type png)
<use images/text05/ch05C.001.png>
Package luatex.def Info: images/text05/ch05C.001.png  used on input line 260.
(luatex.def)             Requested size: 455.23088pt x 341.43306pt.
<images/text05/ch05C.002.png, id=1629, 1027.84pt x 770.88pt>
File: images/text05/ch05C.002.png Graphic file (type png)
<use images/text05/ch05C.002.png>
Package luatex.def Info: images/text05/ch05C.002.png  used on input line 267.
(luatex.def)             Requested size: 455.23088pt x 341.43306pt.
<images/text05/ch05C.003.png, id=1630, 1027.84pt x 770.88pt>
File: images/text05/ch05C.003.png Graphic file (type png)
<use images/text05/ch05C.003.png>
Package luatex.def Info: images/text05/ch05C.003.png  used on input line 274.
(luatex.def)             Requested size: 455.23088pt x 341.43306pt.
<images/text05/ch05C.004.png, id=1631, 1027.84pt x 770.88pt>
File: images/text05/ch05C.004.png Graphic file (type png)
<use images/text05/ch05C.004.png>
Package luatex.def Info: images/text05/ch05C.004.png  used on input line 281.
(luatex.def)             Requested size: 455.23088pt x 341.43306pt.
<images/text05/ch05C.005.png, id=1632, 1027.84pt x 770.88pt>
File: images/text05/ch05C.005.png Graphic file (type png)
<use images/text05/ch05C.005.png>
Package luatex.def Info: images/text05/ch05C.005.png  used on input line 288.
(luatex.def)             Requested size: 455.23088pt x 341.43306pt.
<images/text05/ch05C.006.png, id=1633, 1027.84pt x 770.88pt>
File: images/text05/ch05C.006.png Graphic file (type png)
<use images/text05/ch05C.006.png>
Package luatex.def Info: images/text05/ch05C.006.png  used on input line 295.
(luatex.def)             Requested size: 455.23088pt x 341.43306pt.
<images/text05/ch05C.007.png, id=1634, 1027.84pt x 770.88pt>
File: images/text05/ch05C.007.png Graphic file (type png)
<use images/text05/ch05C.007.png>
Package luatex.def Info: images/text05/ch05C.007.png  used on input line 302.
(luatex.def)             Requested size: 455.23088pt x 341.43306pt.
<images/text05/ch05C.008.png, id=1635, 1027.84pt x 770.88pt>
File: images/text05/ch05C.008.png Graphic file (type png)
<use images/text05/ch05C.008.png>
Package luatex.def Info: images/text05/ch05C.008.png  used on input line 309.
(luatex.def)             Requested size: 455.23088pt x 341.43306pt.
<images/text05/ch05C.009.png, id=1636, 1027.84pt x 770.88pt>
File: images/text05/ch05C.009.png Graphic file (type png)
<use images/text05/ch05C.009.png>
Package luatex.def Info: images/text05/ch05C.009.png  used on input line 316.
(luatex.def)             Requested size: 455.23088pt x 341.43306pt.
<images/text05/ch05C.010.png, id=1637, 1027.84pt x 770.88pt>
File: images/text05/ch05C.010.png Graphic file (type png)
<use images/text05/ch05C.010.png>
Package luatex.def Info: images/text05/ch05C.010.png  used on input line 323.
(luatex.def)             Requested size: 455.23088pt x 341.43306pt.
<images/text05/ch05C.011.png, id=1638, 1027.84pt x 770.88pt>
File: images/text05/ch05C.011.png Graphic file (type png)
<use images/text05/ch05C.011.png>
Package luatex.def Info: images/text05/ch05C.011.png  used on input line 330.
(luatex.def)             Requested size: 455.23088pt x 341.43306pt.
<images/text05/ch05C.012.png, id=1639, 1027.84pt x 770.88pt>
File: images/text05/ch05C.012.png Graphic file (type png)
<use images/text05/ch05C.012.png>
Package luatex.def Info: images/text05/ch05C.012.png  used on input line 337.
(luatex.def)             Requested size: 455.23088pt x 341.43306pt.
<images/text05/ch05C.013.png, id=1640, 1027.84pt x 770.88pt>
File: images/text05/ch05C.013.png Graphic file (type png)
<use images/text05/ch05C.013.png>
Package luatex.def Info: images/text05/ch05C.013.png  used on input line 344.
(luatex.def)             Requested size: 455.23088pt x 341.43306pt.
<images/text05/ch05C.014.png, id=1641, 1027.84pt x 770.88pt>
File: images/text05/ch05C.014.png Graphic file (type png)
<use images/text05/ch05C.014.png>
Package luatex.def Info: images/text05/ch05C.014.png  used on input line 351.
(luatex.def)             Requested size: 455.23088pt x 341.43306pt.
<images/text05/ch05C.015.png, id=1642, 1027.84pt x 770.88pt>
File: images/text05/ch05C.015.png Graphic file (type png)
<use images/text05/ch05C.015.png>
Package luatex.def Info: images/text05/ch05C.015.png  used on input line 358.
(luatex.def)             Requested size: 455.23088pt x 341.43306pt.
<images/text05/ch05C.016.png, id=1643, 1027.84pt x 770.88pt>
File: images/text05/ch05C.016.png Graphic file (type png)
<use images/text05/ch05C.016.png>
Package luatex.def Info: images/text05/ch05C.016.png  used on input line 365.
(luatex.def)             Requested size: 455.23088pt x 341.43306pt.
<images/text05/ch05C.017.png, id=1644, 1027.84pt x 770.88pt>
File: images/text05/ch05C.017.png Graphic file (type png)
<use images/text05/ch05C.017.png>
Package luatex.def Info: images/text05/ch05C.017.png  used on input line 372.
(luatex.def)             Requested size: 455.23088pt x 341.43306pt.
<images/text05/ch05C.018.png, id=1645, 1027.84pt x 770.88pt>
File: images/text05/ch05C.018.png Graphic file (type png)
<use images/text05/ch05C.018.png>
Package luatex.def Info: images/text05/ch05C.018.png  used on input line 379.
(luatex.def)             Requested size: 455.23088pt x 341.43306pt.
<images/text05/ch05C.019.png, id=1646, 1027.84pt x 770.88pt>
File: images/text05/ch05C.019.png Graphic file (type png)
<use images/text05/ch05C.019.png>
Package luatex.def Info: images/text05/ch05C.019.png  used on input line 386.
(luatex.def)             Requested size: 455.23088pt x 341.43306pt.
<images/text05/ch05C.020.png, id=1647, 1027.84pt x 770.88pt>
File: images/text05/ch05C.020.png Graphic file (type png)
<use images/text05/ch05C.020.png>
Package luatex.def Info: images/text05/ch05C.020.png  used on input line 393.
(luatex.def)             Requested size: 455.23088pt x 341.43306pt.
<images/text05/ch05C.021.png, id=1648, 1027.84pt x 770.88pt>
File: images/text05/ch05C.021.png Graphic file (type png)
<use images/text05/ch05C.021.png>
Package luatex.def Info: images/text05/ch05C.021.png  used on input line 400.
(luatex.def)             Requested size: 455.23088pt x 341.43306pt.
<images/text05/ch05C.022.png, id=1649, 1027.84pt x 770.88pt>
File: images/text05/ch05C.022.png Graphic file (type png)
<use images/text05/ch05C.022.png>
Package luatex.def Info: images/text05/ch05C.022.png  used on input line 407.
(luatex.def)             Requested size: 455.23088pt x 341.43306pt.
)
[264

<./images/text05/ch05C.001.png>] [265<./images/text05/ch05C.002.png>]
[266<./images/text05/ch05C.003.png>] [267<./images/text05/ch05C.004.png>]
[268<./images/text05/ch05C.005.png>] [269<./images/text05/ch05C.006.png>]
[270<./images/text05/ch05C.007.png>] [271<./images/text05/ch05C.008.png>]
[272<./images/text05/ch05C.009.png>] [273<./images/text05/ch05C.010.png>]
[274<./images/text05/ch05C.011.png>] [275<./images/text05/ch05C.012.png>]
[276<./images/text05/ch05C.013.png>] [277<./images/text05/ch05C.014.png>]
[278<./images/text05/ch05C.015.png>] [279<./images/text05/ch05C.016.png>]
[280<./images/text05/ch05C.017.png>] [281<./images/text05/ch05C.018.png>]
[282<./images/text05/ch05C.019.png>] [283<./images/text05/ch05C.020.png>]
[284<./images/text05/ch05C.021.png>] [285<./images/text05/ch05C.022.png>]
\openout2 = text06.aux

(./text06.tex [286




]
第6章
[287]
<images/text06/ch06A.001.png, id=1772, 1027.84pt x 770.88pt>
File: images/text06/ch06A.001.png Graphic file (type png)
<use images/text06/ch06A.001.png>
Package luatex.def Info: images/text06/ch06A.001.png  used on input line 14.
(luatex.def)             Requested size: 455.23088pt x 341.43306pt.
<images/text06/ch06A.002.png, id=1773, 1027.84pt x 770.88pt>
File: images/text06/ch06A.002.png Graphic file (type png)
<use images/text06/ch06A.002.png>
Package luatex.def Info: images/text06/ch06A.002.png  used on input line 21.
(luatex.def)             Requested size: 455.23088pt x 341.43306pt.
<images/text06/ch06A.003.png, id=1774, 1027.84pt x 770.88pt>
File: images/text06/ch06A.003.png Graphic file (type png)
<use images/text06/ch06A.003.png>
Package luatex.def Info: images/text06/ch06A.003.png  used on input line 28.
(luatex.def)             Requested size: 455.23088pt x 341.43306pt.
<images/text06/ch06A.004.png, id=1775, 1027.84pt x 770.88pt>
File: images/text06/ch06A.004.png Graphic file (type png)
<use images/text06/ch06A.004.png>
Package luatex.def Info: images/text06/ch06A.004.png  used on input line 35.
(luatex.def)             Requested size: 455.23088pt x 341.43306pt.
<images/text06/ch06A.005.png, id=1776, 1027.84pt x 770.88pt>
File: images/text06/ch06A.005.png Graphic file (type png)
<use images/text06/ch06A.005.png>
Package luatex.def Info: images/text06/ch06A.005.png  used on input line 42.
(luatex.def)             Requested size: 455.23088pt x 341.43306pt.
<images/text06/ch06A.006.png, id=1777, 1027.84pt x 770.88pt>
File: images/text06/ch06A.006.png Graphic file (type png)
<use images/text06/ch06A.006.png>
Package luatex.def Info: images/text06/ch06A.006.png  used on input line 49.
(luatex.def)             Requested size: 455.23088pt x 341.43306pt.
<images/text06/ch06A.007.png, id=1778, 1027.84pt x 770.88pt>
File: images/text06/ch06A.007.png Graphic file (type png)
<use images/text06/ch06A.007.png>
Package luatex.def Info: images/text06/ch06A.007.png  used on input line 56.
(luatex.def)             Requested size: 455.23088pt x 341.43306pt.
<images/text06/ch06A.008.png, id=1779, 1027.84pt x 770.88pt>
File: images/text06/ch06A.008.png Graphic file (type png)
<use images/text06/ch06A.008.png>
Package luatex.def Info: images/text06/ch06A.008.png  used on input line 63.
(luatex.def)             Requested size: 455.23088pt x 341.43306pt.
<images/text06/ch06A.009.png, id=1780, 1027.84pt x 770.88pt>
File: images/text06/ch06A.009.png Graphic file (type png)
<use images/text06/ch06A.009.png>
Package luatex.def Info: images/text06/ch06A.009.png  used on input line 70.
(luatex.def)             Requested size: 455.23088pt x 341.43306pt.
<images/text06/ch06A.010.png, id=1781, 1027.84pt x 770.88pt>
File: images/text06/ch06A.010.png Graphic file (type png)
<use images/text06/ch06A.010.png>
Package luatex.def Info: images/text06/ch06A.010.png  used on input line 77.
(luatex.def)             Requested size: 455.23088pt x 341.43306pt.
<images/text06/ch06A.011.png, id=1782, 1027.84pt x 770.88pt>
File: images/text06/ch06A.011.png Graphic file (type png)
<use images/text06/ch06A.011.png>
Package luatex.def Info: images/text06/ch06A.011.png  used on input line 84.
(luatex.def)             Requested size: 455.23088pt x 341.43306pt.
<images/text06/ch06A.012.png, id=1783, 1027.84pt x 770.88pt>
File: images/text06/ch06A.012.png Graphic file (type png)
<use images/text06/ch06A.012.png>
Package luatex.def Info: images/text06/ch06A.012.png  used on input line 91.
(luatex.def)             Requested size: 455.23088pt x 341.43306pt.
<images/text06/ch06A.013.png, id=1784, 1027.84pt x 770.88pt>
File: images/text06/ch06A.013.png Graphic file (type png)
<use images/text06/ch06A.013.png>
Package luatex.def Info: images/text06/ch06A.013.png  used on input line 98.
(luatex.def)             Requested size: 455.23088pt x 341.43306pt.
<images/text06/ch06A.014.png, id=1785, 1027.84pt x 770.88pt>
File: images/text06/ch06A.014.png Graphic file (type png)
<use images/text06/ch06A.014.png>
Package luatex.def Info: images/text06/ch06A.014.png  used on input line 105.
(luatex.def)             Requested size: 455.23088pt x 341.43306pt.
<images/text06/ch06A.015.png, id=1786, 1027.84pt x 770.88pt>
File: images/text06/ch06A.015.png Graphic file (type png)
<use images/text06/ch06A.015.png>
Package luatex.def Info: images/text06/ch06A.015.png  used on input line 112.
(luatex.def)             Requested size: 455.23088pt x 341.43306pt.
<images/text06/ch06A.016.png, id=1787, 1027.84pt x 770.88pt>
File: images/text06/ch06A.016.png Graphic file (type png)
<use images/text06/ch06A.016.png>
Package luatex.def Info: images/text06/ch06A.016.png  used on input line 119.
(luatex.def)             Requested size: 455.23088pt x 341.43306pt.
<images/text06/ch06A.017.png, id=1788, 1027.84pt x 770.88pt>
File: images/text06/ch06A.017.png Graphic file (type png)
<use images/text06/ch06A.017.png>
Package luatex.def Info: images/text06/ch06A.017.png  used on input line 126.
(luatex.def)             Requested size: 455.23088pt x 341.43306pt.
<images/text06/ch06A.018.png, id=1789, 1027.84pt x 770.88pt>
File: images/text06/ch06A.018.png Graphic file (type png)
<use images/text06/ch06A.018.png>
Package luatex.def Info: images/text06/ch06A.018.png  used on input line 133.
(luatex.def)             Requested size: 455.23088pt x 341.43306pt.
<images/text06/ch06A.019.png, id=1790, 1027.84pt x 770.88pt>
File: images/text06/ch06A.019.png Graphic file (type png)
<use images/text06/ch06A.019.png>
Package luatex.def Info: images/text06/ch06A.019.png  used on input line 140.
(luatex.def)             Requested size: 455.23088pt x 341.43306pt.
<images/text06/ch06A.020.png, id=1791, 1027.84pt x 770.88pt>
File: images/text06/ch06A.020.png Graphic file (type png)
<use images/text06/ch06A.020.png>
Package luatex.def Info: images/text06/ch06A.020.png  used on input line 147.
(luatex.def)             Requested size: 455.23088pt x 341.43306pt.
<images/text06/ch06A.021.png, id=1792, 1027.84pt x 770.88pt>
File: images/text06/ch06A.021.png Graphic file (type png)
<use images/text06/ch06A.021.png>
Package luatex.def Info: images/text06/ch06A.021.png  used on input line 154.
(luatex.def)             Requested size: 455.23088pt x 341.43306pt.
 [288

<./images/text06/ch06A.001.png>] [289<./images/text06/ch06A.002.png>] [290<./ima
ges/text06/ch06A.003.png>] [291<./images/text06/ch06A.004.png>]
[292<./images/text06/ch06A.005.png>] [293<./images/text06/ch06A.006.png>]
[294<./images/text06/ch06A.007.png>] [295<./images/text06/ch06A.008.png>]
[296<./images/text06/ch06A.009.png>] [297<./images/text06/ch06A.010.png>]
[298<./images/text06/ch06A.011.png>] [299<./images/text06/ch06A.012.png>]
[300<./images/text06/ch06A.013.png>] [301<./images/text06/ch06A.014.png>]
[302<./images/text06/ch06A.015.png>] [303<./images/text06/ch06A.016.png>]
[304<./images/text06/ch06A.017.png>] [305<./images/text06/ch06A.018.png>]
[306<./images/text06/ch06A.019.png>] [307<./images/text06/ch06A.020.png>]
[308<./images/text06/ch06A.021.png>]
<images/text06/ch06B.001.png, id=1902, 1027.84pt x 770.88pt>
File: images/text06/ch06B.001.png Graphic file (type png)
<use images/text06/ch06B.001.png>
Package luatex.def Info: images/text06/ch06B.001.png  used on input line 165.
(luatex.def)             Requested size: 455.23088pt x 341.43306pt.
<images/text06/ch06B.002.png, id=1903, 1027.84pt x 770.88pt>
File: images/text06/ch06B.002.png Graphic file (type png)
<use images/text06/ch06B.002.png>
Package luatex.def Info: images/text06/ch06B.002.png  used on input line 172.
(luatex.def)             Requested size: 455.23088pt x 341.43306pt.
<images/text06/ch06B.003.png, id=1904, 1027.84pt x 770.88pt>
File: images/text06/ch06B.003.png Graphic file (type png)
<use images/text06/ch06B.003.png>
Package luatex.def Info: images/text06/ch06B.003.png  used on input line 179.
(luatex.def)             Requested size: 455.23088pt x 341.43306pt.
<images/text06/ch06B.004.png, id=1905, 1027.84pt x 770.88pt>
File: images/text06/ch06B.004.png Graphic file (type png)
<use images/text06/ch06B.004.png>
Package luatex.def Info: images/text06/ch06B.004.png  used on input line 186.
(luatex.def)             Requested size: 455.23088pt x 341.43306pt.
<images/text06/ch06B.005.png, id=1906, 1027.84pt x 770.88pt>
File: images/text06/ch06B.005.png Graphic file (type png)
<use images/text06/ch06B.005.png>
Package luatex.def Info: images/text06/ch06B.005.png  used on input line 193.
(luatex.def)             Requested size: 455.23088pt x 341.43306pt.
<images/text06/ch06B.006.png, id=1907, 1027.84pt x 770.88pt>
File: images/text06/ch06B.006.png Graphic file (type png)
<use images/text06/ch06B.006.png>
Package luatex.def Info: images/text06/ch06B.006.png  used on input line 200.
(luatex.def)             Requested size: 455.23088pt x 341.43306pt.
<images/text06/ch06B.007.png, id=1908, 1027.84pt x 770.88pt>
File: images/text06/ch06B.007.png Graphic file (type png)
<use images/text06/ch06B.007.png>
Package luatex.def Info: images/text06/ch06B.007.png  used on input line 207.
(luatex.def)             Requested size: 455.23088pt x 341.43306pt.
<images/text06/ch06B.008.png, id=1909, 1027.84pt x 770.88pt>
File: images/text06/ch06B.008.png Graphic file (type png)
<use images/text06/ch06B.008.png>
Package luatex.def Info: images/text06/ch06B.008.png  used on input line 214.
(luatex.def)             Requested size: 455.23088pt x 341.43306pt.
<images/text06/ch06B.009.png, id=1910, 1027.84pt x 770.88pt>
File: images/text06/ch06B.009.png Graphic file (type png)
<use images/text06/ch06B.009.png>
Package luatex.def Info: images/text06/ch06B.009.png  used on input line 221.
(luatex.def)             Requested size: 455.23088pt x 341.43306pt.
<images/text06/ch06B.010.png, id=1911, 1027.84pt x 770.88pt>
File: images/text06/ch06B.010.png Graphic file (type png)
<use images/text06/ch06B.010.png>
Package luatex.def Info: images/text06/ch06B.010.png  used on input line 228.
(luatex.def)             Requested size: 455.23088pt x 341.43306pt.
<images/text06/ch06B.011.png, id=1912, 1027.84pt x 770.88pt>
File: images/text06/ch06B.011.png Graphic file (type png)
<use images/text06/ch06B.011.png>
Package luatex.def Info: images/text06/ch06B.011.png  used on input line 235.
(luatex.def)             Requested size: 455.23088pt x 341.43306pt.
<images/text06/ch06B.012.png, id=1913, 1027.84pt x 770.88pt>
File: images/text06/ch06B.012.png Graphic file (type png)
<use images/text06/ch06B.012.png>
Package luatex.def Info: images/text06/ch06B.012.png  used on input line 242.
(luatex.def)             Requested size: 455.23088pt x 341.43306pt.
<images/text06/ch06B.013.png, id=1914, 1027.84pt x 770.88pt>
File: images/text06/ch06B.013.png Graphic file (type png)
<use images/text06/ch06B.013.png>
Package luatex.def Info: images/text06/ch06B.013.png  used on input line 249.
(luatex.def)             Requested size: 455.23088pt x 341.43306pt.
<images/text06/ch06B.014.png, id=1915, 1027.84pt x 770.88pt>
File: images/text06/ch06B.014.png Graphic file (type png)
<use images/text06/ch06B.014.png>
Package luatex.def Info: images/text06/ch06B.014.png  used on input line 256.
(luatex.def)             Requested size: 455.23088pt x 341.43306pt.
 [309

<./images/text06/ch06B.001.png>]
[310<./images/text06/ch06B.002.png>] [311<./images/text06/ch06B.003.png>]
[312<./images/text06/ch06B.004.png>] [313<./images/text06/ch06B.005.png>]
[314<./images/text06/ch06B.006.png>] [315<./images/text06/ch06B.007.png>]
[316<./images/text06/ch06B.008.png>] [317<./images/text06/ch06B.009.png>]
[318<./images/text06/ch06B.010.png>] [319<./images/text06/ch06B.011.png>]
[320<./images/text06/ch06B.012.png>] [321<./images/text06/ch06B.013.png>]
[322<./images/text06/ch06B.014.png>]
<images/text06/ch06D.001.png, id=1989, 1027.84pt x 770.88pt>
File: images/text06/ch06D.001.png Graphic file (type png)
<use images/text06/ch06D.001.png>
Package luatex.def Info: images/text06/ch06D.001.png  used on input line 267.
(luatex.def)             Requested size: 455.23088pt x 341.43306pt.
<images/text06/ch06D.002.png, id=1990, 1027.84pt x 770.88pt>
File: images/text06/ch06D.002.png Graphic file (type png)
<use images/text06/ch06D.002.png>
Package luatex.def Info: images/text06/ch06D.002.png  used on input line 274.
(luatex.def)             Requested size: 455.23088pt x 341.43306pt.
<images/text06/ch06D.003.png, id=1991, 1027.84pt x 770.88pt>
File: images/text06/ch06D.003.png Graphic file (type png)
<use images/text06/ch06D.003.png>
Package luatex.def Info: images/text06/ch06D.003.png  used on input line 281.
(luatex.def)             Requested size: 455.23088pt x 341.43306pt.
<images/text06/ch06D.004.png, id=1992, 1027.84pt x 770.88pt>
File: images/text06/ch06D.004.png Graphic file (type png)
<use images/text06/ch06D.004.png>
Package luatex.def Info: images/text06/ch06D.004.png  used on input line 288.
(luatex.def)             Requested size: 455.23088pt x 341.43306pt.
<images/text06/ch06D.005.png, id=1993, 1027.84pt x 770.88pt>
File: images/text06/ch06D.005.png Graphic file (type png)
<use images/text06/ch06D.005.png>
Package luatex.def Info: images/text06/ch06D.005.png  used on input line 295.
(luatex.def)             Requested size: 455.23088pt x 341.43306pt.
<images/text06/ch06D.006.png, id=1994, 1027.84pt x 770.88pt>
File: images/text06/ch06D.006.png Graphic file (type png)
<use images/text06/ch06D.006.png>
Package luatex.def Info: images/text06/ch06D.006.png  used on input line 302.
(luatex.def)             Requested size: 455.23088pt x 341.43306pt.
<images/text06/ch06D.007.png, id=1995, 1027.84pt x 770.88pt>
File: images/text06/ch06D.007.png Graphic file (type png)
<use images/text06/ch06D.007.png>
Package luatex.def Info: images/text06/ch06D.007.png  used on input line 309.
(luatex.def)             Requested size: 455.23088pt x 341.43306pt.
<images/text06/ch06D.008.png, id=1996, 1027.84pt x 770.88pt>
File: images/text06/ch06D.008.png Graphic file (type png)
<use images/text06/ch06D.008.png>
Package luatex.def Info: images/text06/ch06D.008.png  used on input line 316.
(luatex.def)             Requested size: 455.23088pt x 341.43306pt.
<images/text06/ch06D.009.png, id=1997, 1027.84pt x 770.88pt>
File: images/text06/ch06D.009.png Graphic file (type png)
<use images/text06/ch06D.009.png>
Package luatex.def Info: images/text06/ch06D.009.png  used on input line 323.
(luatex.def)             Requested size: 455.23088pt x 341.43306pt.
) [323

<./images/text06/ch06D.001.png>]
[324<./images/text06/ch06D.002.png>] [325<./images/text06/ch06D.003.png>]
[326<./images/text06/ch06D.004.png>] [327<./images/text06/ch06D.005.png>]
[328<./images/text06/ch06D.006.png>] [329<./images/text06/ch06D.007.png>]
[330<./images/text06/ch06D.008.png>] [331<./images/text06/ch06D.009.png>]
\openout2 = text07.aux

(./text07.tex [332




]
第7章
[333]
<images/text07/ch07A.001.png, id=2055, 1027.84pt x 770.88pt>
File: images/text07/ch07A.001.png Graphic file (type png)
<use images/text07/ch07A.001.png>
Package luatex.def Info: images/text07/ch07A.001.png  used on input line 15.
(luatex.def)             Requested size: 455.23088pt x 341.43306pt.
<images/text07/ch07A.002.png, id=2056, 1027.84pt x 770.88pt>
File: images/text07/ch07A.002.png Graphic file (type png)
<use images/text07/ch07A.002.png>
Package luatex.def Info: images/text07/ch07A.002.png  used on input line 22.
(luatex.def)             Requested size: 455.23088pt x 341.43306pt.
<images/text07/ch07A.003.png, id=2057, 1027.84pt x 770.88pt>
File: images/text07/ch07A.003.png Graphic file (type png)
<use images/text07/ch07A.003.png>
Package luatex.def Info: images/text07/ch07A.003.png  used on input line 29.
(luatex.def)             Requested size: 455.23088pt x 341.43306pt.
<images/text07/ch07A.004.png, id=2058, 1027.84pt x 770.88pt>
File: images/text07/ch07A.004.png Graphic file (type png)
<use images/text07/ch07A.004.png>
Package luatex.def Info: images/text07/ch07A.004.png  used on input line 36.
(luatex.def)             Requested size: 455.23088pt x 341.43306pt.
<images/text07/ch07A.005.png, id=2059, 1027.84pt x 770.88pt>
File: images/text07/ch07A.005.png Graphic file (type png)
<use images/text07/ch07A.005.png>
Package luatex.def Info: images/text07/ch07A.005.png  used on input line 43.
(luatex.def)             Requested size: 455.23088pt x 341.43306pt.
<images/text07/ch07A.006.png, id=2060, 1027.84pt x 770.88pt>
File: images/text07/ch07A.006.png Graphic file (type png)
<use images/text07/ch07A.006.png>
Package luatex.def Info: images/text07/ch07A.006.png  used on input line 50.
(luatex.def)             Requested size: 455.23088pt x 341.43306pt.
<images/text07/ch07A.007.png, id=2061, 1027.84pt x 770.88pt>
File: images/text07/ch07A.007.png Graphic file (type png)
<use images/text07/ch07A.007.png>
Package luatex.def Info: images/text07/ch07A.007.png  used on input line 57.
(luatex.def)             Requested size: 455.23088pt x 341.43306pt.
<images/text07/ch07A.008.png, id=2062, 1027.84pt x 770.88pt>
File: images/text07/ch07A.008.png Graphic file (type png)
<use images/text07/ch07A.008.png>
Package luatex.def Info: images/text07/ch07A.008.png  used on input line 64.
(luatex.def)             Requested size: 455.23088pt x 341.43306pt.
<images/text07/ch07A.009.png, id=2063, 1027.84pt x 770.88pt>
File: images/text07/ch07A.009.png Graphic file (type png)
<use images/text07/ch07A.009.png>
Package luatex.def Info: images/text07/ch07A.009.png  used on input line 71.
(luatex.def)             Requested size: 455.23088pt x 341.43306pt.
<images/text07/ch07A.010.png, id=2064, 1027.84pt x 770.88pt>
File: images/text07/ch07A.010.png Graphic file (type png)
<use images/text07/ch07A.010.png>
Package luatex.def Info: images/text07/ch07A.010.png  used on input line 78.
(luatex.def)             Requested size: 455.23088pt x 341.43306pt.
<images/text07/ch07A.011.png, id=2065, 1027.84pt x 770.88pt>
File: images/text07/ch07A.011.png Graphic file (type png)
<use images/text07/ch07A.011.png>
Package luatex.def Info: images/text07/ch07A.011.png  used on input line 85.
(luatex.def)             Requested size: 455.23088pt x 341.43306pt.
<images/text07/ch07A.012.png, id=2066, 1027.84pt x 770.88pt>
File: images/text07/ch07A.012.png Graphic file (type png)
<use images/text07/ch07A.012.png>
Package luatex.def Info: images/text07/ch07A.012.png  used on input line 92.
(luatex.def)             Requested size: 455.23088pt x 341.43306pt.
<images/text07/ch07A.013.png, id=2067, 1027.84pt x 770.88pt>
File: images/text07/ch07A.013.png Graphic file (type png)
<use images/text07/ch07A.013.png>
Package luatex.def Info: images/text07/ch07A.013.png  used on input line 99.
(luatex.def)             Requested size: 455.23088pt x 341.43306pt.
<images/text07/ch07A.014.png, id=2068, 1027.84pt x 770.88pt>
File: images/text07/ch07A.014.png Graphic file (type png)
<use images/text07/ch07A.014.png>
Package luatex.def Info: images/text07/ch07A.014.png  used on input line 106.
(luatex.def)             Requested size: 455.23088pt x 341.43306pt.
<images/text07/ch07A.015.png, id=2069, 1027.84pt x 770.88pt>
File: images/text07/ch07A.015.png Graphic file (type png)
<use images/text07/ch07A.015.png>
Package luatex.def Info: images/text07/ch07A.015.png  used on input line 113.
(luatex.def)             Requested size: 455.23088pt x 341.43306pt.
<images/text07/ch07A.016.png, id=2070, 1027.84pt x 770.88pt>
File: images/text07/ch07A.016.png Graphic file (type png)
<use images/text07/ch07A.016.png>
Package luatex.def Info: images/text07/ch07A.016.png  used on input line 120.
(luatex.def)             Requested size: 455.23088pt x 341.43306pt.
<images/text07/ch07A.017.png, id=2071, 1027.84pt x 770.88pt>
File: images/text07/ch07A.017.png Graphic file (type png)
<use images/text07/ch07A.017.png>
Package luatex.def Info: images/text07/ch07A.017.png  used on input line 127.
(luatex.def)             Requested size: 455.23088pt x 341.43306pt.
<images/text07/ch07A.018.png, id=2072, 1027.84pt x 770.88pt>
File: images/text07/ch07A.018.png Graphic file (type png)
<use images/text07/ch07A.018.png>
Package luatex.def Info: images/text07/ch07A.018.png  used on input line 134.
(luatex.def)             Requested size: 455.23088pt x 341.43306pt.
<images/text07/ch07A.019.png, id=2073, 1027.84pt x 770.88pt>
File: images/text07/ch07A.019.png Graphic file (type png)
<use images/text07/ch07A.019.png>
Package luatex.def Info: images/text07/ch07A.019.png  used on input line 141.
(luatex.def)             Requested size: 455.23088pt x 341.43306pt.
<images/text07/ch07A.020.png, id=2074, 1027.84pt x 770.88pt>
File: images/text07/ch07A.020.png Graphic file (type png)
<use images/text07/ch07A.020.png>
Package luatex.def Info: images/text07/ch07A.020.png  used on input line 148.
(luatex.def)             Requested size: 455.23088pt x 341.43306pt.
<images/text07/ch07A.021.png, id=2075, 1027.84pt x 770.88pt>
File: images/text07/ch07A.021.png Graphic file (type png)
<use images/text07/ch07A.021.png>
Package luatex.def Info: images/text07/ch07A.021.png  used on input line 155.
(luatex.def)             Requested size: 455.23088pt x 341.43306pt.
<images/text07/ch07A.022.png, id=2076, 1027.84pt x 770.88pt>
File: images/text07/ch07A.022.png Graphic file (type png)
<use images/text07/ch07A.022.png>
Package luatex.def Info: images/text07/ch07A.022.png  used on input line 162.
(luatex.def)             Requested size: 455.23088pt x 341.43306pt.
<images/text07/ch07A.023.png, id=2077, 1027.84pt x 770.88pt>
File: images/text07/ch07A.023.png Graphic file (type png)
<use images/text07/ch07A.023.png>
Package luatex.def Info: images/text07/ch07A.023.png  used on input line 169.
(luatex.def)             Requested size: 455.23088pt x 341.43306pt.
<images/text07/ch07A.024.png, id=2078, 1027.84pt x 770.88pt>
File: images/text07/ch07A.024.png Graphic file (type png)
<use images/text07/ch07A.024.png>
Package luatex.def Info: images/text07/ch07A.024.png  used on input line 176.
(luatex.def)             Requested size: 455.23088pt x 341.43306pt.
<images/text07/ch07A.025.png, id=2079, 1027.84pt x 770.88pt>
File: images/text07/ch07A.025.png Graphic file (type png)
<use images/text07/ch07A.025.png>
Package luatex.def Info: images/text07/ch07A.025.png  used on input line 183.
(luatex.def)             Requested size: 455.23088pt x 341.43306pt.
<images/text07/ch07A.026.png, id=2080, 1027.84pt x 770.88pt>
File: images/text07/ch07A.026.png Graphic file (type png)
<use images/text07/ch07A.026.png>
Package luatex.def Info: images/text07/ch07A.026.png  used on input line 190.
(luatex.def)             Requested size: 455.23088pt x 341.43306pt.
<images/text07/ch07A.027.png, id=2081, 1027.84pt x 770.88pt>
File: images/text07/ch07A.027.png Graphic file (type png)
<use images/text07/ch07A.027.png>
Package luatex.def Info: images/text07/ch07A.027.png  used on input line 197.
(luatex.def)             Requested size: 455.23088pt x 341.43306pt.
 [334

<./images/text07/ch07A.001.png>] [335<./images/text07/ch07A.002.png>] [336<./ima
ges/text07/ch07A.003.png>] [337<./images/text07/ch07A.004.png>]
[338<./images/text07/ch07A.005.png>] [339<./images/text07/ch07A.006.png>]
[340<./images/text07/ch07A.007.png>] [341<./images/text07/ch07A.008.png>]
[342<./images/text07/ch07A.009.png>] [343<./images/text07/ch07A.010.png>]
[344<./images/text07/ch07A.011.png>] [345<./images/text07/ch07A.012.png>]
[346<./images/text07/ch07A.013.png>] [347<./images/text07/ch07A.014.png>]
[348<./images/text07/ch07A.015.png>] [349<./images/text07/ch07A.016.png>]
[350<./images/text07/ch07A.017.png>] [351<./images/text07/ch07A.018.png>]
[352<./images/text07/ch07A.019.png>] [353<./images/text07/ch07A.020.png>]
[354<./images/text07/ch07A.021.png>] [355<./images/text07/ch07A.022.png>]
[356<./images/text07/ch07A.023.png>] [357<./images/text07/ch07A.024.png>]
[358<./images/text07/ch07A.025.png>] [359<./images/text07/ch07A.026.png>]
[360<./images/text07/ch07A.027.png>]
<images/text07/ch07B.001.png, id=2221, 1027.84pt x 770.88pt>
File: images/text07/ch07B.001.png Graphic file (type png)
<use images/text07/ch07B.001.png>
Package luatex.def Info: images/text07/ch07B.001.png  used on input line 208.
(luatex.def)             Requested size: 455.23088pt x 341.43306pt.
<images/text07/ch07B.002.png, id=2222, 1027.84pt x 770.88pt>
File: images/text07/ch07B.002.png Graphic file (type png)
<use images/text07/ch07B.002.png>
Package luatex.def Info: images/text07/ch07B.002.png  used on input line 215.
(luatex.def)             Requested size: 455.23088pt x 341.43306pt.
<images/text07/ch07B.003.png, id=2223, 1027.84pt x 770.88pt>
File: images/text07/ch07B.003.png Graphic file (type png)
<use images/text07/ch07B.003.png>
Package luatex.def Info: images/text07/ch07B.003.png  used on input line 222.
(luatex.def)             Requested size: 455.23088pt x 341.43306pt.
<images/text07/ch07B.004.png, id=2224, 1027.84pt x 770.88pt>
File: images/text07/ch07B.004.png Graphic file (type png)
<use images/text07/ch07B.004.png>
Package luatex.def Info: images/text07/ch07B.004.png  used on input line 229.
(luatex.def)             Requested size: 455.23088pt x 341.43306pt.
<images/text07/ch07B.005.png, id=2225, 1027.84pt x 770.88pt>
File: images/text07/ch07B.005.png Graphic file (type png)
<use images/text07/ch07B.005.png>
Package luatex.def Info: images/text07/ch07B.005.png  used on input line 236.
(luatex.def)             Requested size: 455.23088pt x 341.43306pt.
<images/text07/ch07B.006.png, id=2226, 1027.84pt x 770.88pt>
File: images/text07/ch07B.006.png Graphic file (type png)
<use images/text07/ch07B.006.png>
Package luatex.def Info: images/text07/ch07B.006.png  used on input line 243.
(luatex.def)             Requested size: 455.23088pt x 341.43306pt.
<images/text07/ch07B.007.png, id=2227, 1027.84pt x 770.88pt>
File: images/text07/ch07B.007.png Graphic file (type png)
<use images/text07/ch07B.007.png>
Package luatex.def Info: images/text07/ch07B.007.png  used on input line 250.
(luatex.def)             Requested size: 455.23088pt x 341.43306pt.
<images/text07/ch07B.008.png, id=2228, 1027.84pt x 770.88pt>
File: images/text07/ch07B.008.png Graphic file (type png)
<use images/text07/ch07B.008.png>
Package luatex.def Info: images/text07/ch07B.008.png  used on input line 257.
(luatex.def)             Requested size: 455.23088pt x 341.43306pt.
<images/text07/ch07B.009.png, id=2229, 1027.84pt x 770.88pt>
File: images/text07/ch07B.009.png Graphic file (type png)
<use images/text07/ch07B.009.png>
Package luatex.def Info: images/text07/ch07B.009.png  used on input line 264.
(luatex.def)             Requested size: 455.23088pt x 341.43306pt.
<images/text07/ch07B.010.png, id=2230, 1027.84pt x 770.88pt>
File: images/text07/ch07B.010.png Graphic file (type png)
<use images/text07/ch07B.010.png>
Package luatex.def Info: images/text07/ch07B.010.png  used on input line 271.
(luatex.def)             Requested size: 455.23088pt x 341.43306pt.
<images/text07/ch07B.011.png, id=2231, 1027.84pt x 770.88pt>
File: images/text07/ch07B.011.png Graphic file (type png)
<use images/text07/ch07B.011.png>
Package luatex.def Info: images/text07/ch07B.011.png  used on input line 278.
(luatex.def)             Requested size: 455.23088pt x 341.43306pt.
<images/text07/ch07B.012.png, id=2232, 1027.84pt x 770.88pt>
File: images/text07/ch07B.012.png Graphic file (type png)
<use images/text07/ch07B.012.png>
Package luatex.def Info: images/text07/ch07B.012.png  used on input line 285.
(luatex.def)             Requested size: 455.23088pt x 341.43306pt.
<images/text07/ch07B.013.png, id=2233, 1027.84pt x 770.88pt>
File: images/text07/ch07B.013.png Graphic file (type png)
<use images/text07/ch07B.013.png>
Package luatex.def Info: images/text07/ch07B.013.png  used on input line 292.
(luatex.def)             Requested size: 455.23088pt x 341.43306pt.
<images/text07/ch07B.014.png, id=2234, 1027.84pt x 770.88pt>
File: images/text07/ch07B.014.png Graphic file (type png)
<use images/text07/ch07B.014.png>
Package luatex.def Info: images/text07/ch07B.014.png  used on input line 299.
(luatex.def)             Requested size: 455.23088pt x 341.43306pt.
<images/text07/ch07B.015.png, id=2235, 1027.84pt x 770.88pt>
File: images/text07/ch07B.015.png Graphic file (type png)
<use images/text07/ch07B.015.png>
Package luatex.def Info: images/text07/ch07B.015.png  used on input line 306.
(luatex.def)             Requested size: 455.23088pt x 341.43306pt.
<images/text07/ch07B.016.png, id=2236, 1027.84pt x 770.88pt>
File: images/text07/ch07B.016.png Graphic file (type png)
<use images/text07/ch07B.016.png>
Package luatex.def Info: images/text07/ch07B.016.png  used on input line 313.
(luatex.def)             Requested size: 455.23088pt x 341.43306pt.
<images/text07/ch07B.017.png, id=2237, 1027.84pt x 770.88pt>
File: images/text07/ch07B.017.png Graphic file (type png)
<use images/text07/ch07B.017.png>
Package luatex.def Info: images/text07/ch07B.017.png  used on input line 320.
(luatex.def)             Requested size: 455.23088pt x 341.43306pt.
<images/text07/ch07B.018.png, id=2238, 1027.84pt x 770.88pt>
File: images/text07/ch07B.018.png Graphic file (type png)
<use images/text07/ch07B.018.png>
Package luatex.def Info: images/text07/ch07B.018.png  used on input line 327.
(luatex.def)             Requested size: 455.23088pt x 341.43306pt.
<images/text07/ch07B.019.png, id=2239, 1027.84pt x 770.88pt>
File: images/text07/ch07B.019.png Graphic file (type png)
<use images/text07/ch07B.019.png>
Package luatex.def Info: images/text07/ch07B.019.png  used on input line 334.
(luatex.def)             Requested size: 455.23088pt x 341.43306pt.
<images/text07/ch07B.020.png, id=2240, 1027.84pt x 770.88pt>
File: images/text07/ch07B.020.png Graphic file (type png)
<use images/text07/ch07B.020.png>
Package luatex.def Info: images/text07/ch07B.020.png  used on input line 341.
(luatex.def)             Requested size: 455.23088pt x 341.43306pt.
<images/text07/ch07B.021.png, id=2241, 1027.84pt x 770.88pt>
File: images/text07/ch07B.021.png Graphic file (type png)
<use images/text07/ch07B.021.png>
Package luatex.def Info: images/text07/ch07B.021.png  used on input line 348.
(luatex.def)             Requested size: 455.23088pt x 341.43306pt.
<images/text07/ch07B.022.png, id=2242, 1027.84pt x 770.88pt>
File: images/text07/ch07B.022.png Graphic file (type png)
<use images/text07/ch07B.022.png>
Package luatex.def Info: images/text07/ch07B.022.png  used on input line 355.
(luatex.def)             Requested size: 455.23088pt x 341.43306pt.
<images/text07/ch07B.023.png, id=2243, 1027.84pt x 770.88pt>
File: images/text07/ch07B.023.png Graphic file (type png)
<use images/text07/ch07B.023.png>
Package luatex.def Info: images/text07/ch07B.023.png  used on input line 362.
(luatex.def)             Requested size: 455.23088pt x 341.43306pt.
<images/text07/ch07B.024.png, id=2244, 1027.84pt x 770.88pt>
File: images/text07/ch07B.024.png Graphic file (type png)
<use images/text07/ch07B.024.png>
Package luatex.def Info: images/text07/ch07B.024.png  used on input line 369.
(luatex.def)             Requested size: 455.23088pt x 341.43306pt.
<images/text07/ch07B.025.png, id=2245, 1027.84pt x 770.88pt>
File: images/text07/ch07B.025.png Graphic file (type png)
<use images/text07/ch07B.025.png>
Package luatex.def Info: images/text07/ch07B.025.png  used on input line 376.
(luatex.def)             Requested size: 455.23088pt x 341.43306pt.
<images/text07/ch07B.026.png, id=2246, 1027.84pt x 770.88pt>
File: images/text07/ch07B.026.png Graphic file (type png)
<use images/text07/ch07B.026.png>
Package luatex.def Info: images/text07/ch07B.026.png  used on input line 383.
(luatex.def)             Requested size: 455.23088pt x 341.43306pt.
 [361

<./images/text07/ch07B.001.png>]
[362<./images/text07/ch07B.002.png>] [363<./images/text07/ch07B.003.png>]
[364<./images/text07/ch07B.004.png>] [365<./images/text07/ch07B.005.png>]
[366<./images/text07/ch07B.006.png>] [367<./images/text07/ch07B.007.png>]
[368<./images/text07/ch07B.008.png>] [369<./images/text07/ch07B.009.png>]
[370<./images/text07/ch07B.010.png>] [371<./images/text07/ch07B.011.png>]
[372<./images/text07/ch07B.012.png>] [373<./images/text07/ch07B.013.png>]
[374<./images/text07/ch07B.014.png>] [375<./images/text07/ch07B.015.png>]
[376<./images/text07/ch07B.016.png>] [377<./images/text07/ch07B.017.png>]
[378<./images/text07/ch07B.018.png>] [379<./images/text07/ch07B.019.png>]
[380<./images/text07/ch07B.020.png>] [381<./images/text07/ch07B.021.png>]
[382<./images/text07/ch07B.022.png>] [383<./images/text07/ch07B.023.png>]
[384<./images/text07/ch07B.024.png>] [385<./images/text07/ch07B.025.png>]
[386<./images/text07/ch07B.026.png>]
<images/text07/ch07C.001.png, id=2381, 1027.84pt x 770.88pt>
File: images/text07/ch07C.001.png Graphic file (type png)
<use images/text07/ch07C.001.png>
Package luatex.def Info: images/text07/ch07C.001.png  used on input line 394.
(luatex.def)             Requested size: 455.23088pt x 341.43306pt.
<images/text07/ch07C.002.png, id=2382, 1027.84pt x 770.88pt>
File: images/text07/ch07C.002.png Graphic file (type png)
<use images/text07/ch07C.002.png>
Package luatex.def Info: images/text07/ch07C.002.png  used on input line 401.
(luatex.def)             Requested size: 455.23088pt x 341.43306pt.
<images/text07/ch07C.003.png, id=2383, 1027.84pt x 770.88pt>
File: images/text07/ch07C.003.png Graphic file (type png)
<use images/text07/ch07C.003.png>
Package luatex.def Info: images/text07/ch07C.003.png  used on input line 408.
(luatex.def)             Requested size: 455.23088pt x 341.43306pt.
<images/text07/ch07C.004.png, id=2384, 1027.84pt x 770.88pt>
File: images/text07/ch07C.004.png Graphic file (type png)
<use images/text07/ch07C.004.png>
Package luatex.def Info: images/text07/ch07C.004.png  used on input line 415.
(luatex.def)             Requested size: 455.23088pt x 341.43306pt.
<images/text07/ch07C.005.png, id=2385, 1027.84pt x 770.88pt>
File: images/text07/ch07C.005.png Graphic file (type png)
<use images/text07/ch07C.005.png>
Package luatex.def Info: images/text07/ch07C.005.png  used on input line 422.
(luatex.def)             Requested size: 455.23088pt x 341.43306pt.
<images/text07/ch07C.006.png, id=2386, 1027.84pt x 770.88pt>
File: images/text07/ch07C.006.png Graphic file (type png)
<use images/text07/ch07C.006.png>
Package luatex.def Info: images/text07/ch07C.006.png  used on input line 429.
(luatex.def)             Requested size: 455.23088pt x 341.43306pt.
<images/text07/ch07C.007.png, id=2387, 1027.84pt x 770.88pt>
File: images/text07/ch07C.007.png Graphic file (type png)
<use images/text07/ch07C.007.png>
Package luatex.def Info: images/text07/ch07C.007.png  used on input line 436.
(luatex.def)             Requested size: 455.23088pt x 341.43306pt.
<images/text07/ch07C.008.png, id=2388, 1027.84pt x 770.88pt>
File: images/text07/ch07C.008.png Graphic file (type png)
<use images/text07/ch07C.008.png>
Package luatex.def Info: images/text07/ch07C.008.png  used on input line 443.
(luatex.def)             Requested size: 455.23088pt x 341.43306pt.
<images/text07/ch07C.009.png, id=2389, 1027.84pt x 770.88pt>
File: images/text07/ch07C.009.png Graphic file (type png)
<use images/text07/ch07C.009.png>
Package luatex.def Info: images/text07/ch07C.009.png  used on input line 450.
(luatex.def)             Requested size: 455.23088pt x 341.43306pt.
<images/text07/ch07C.010.png, id=2390, 1027.84pt x 770.88pt>
File: images/text07/ch07C.010.png Graphic file (type png)
<use images/text07/ch07C.010.png>
Package luatex.def Info: images/text07/ch07C.010.png  used on input line 457.
(luatex.def)             Requested size: 455.23088pt x 341.43306pt.
<images/text07/ch07C.011.png, id=2391, 1027.84pt x 770.88pt>
File: images/text07/ch07C.011.png Graphic file (type png)
<use images/text07/ch07C.011.png>
Package luatex.def Info: images/text07/ch07C.011.png  used on input line 464.
(luatex.def)             Requested size: 455.23088pt x 341.43306pt.
<images/text07/ch07C.012.png, id=2392, 1027.84pt x 770.88pt>
File: images/text07/ch07C.012.png Graphic file (type png)
<use images/text07/ch07C.012.png>
Package luatex.def Info: images/text07/ch07C.012.png  used on input line 471.
(luatex.def)             Requested size: 455.23088pt x 341.43306pt.
<images/text07/ch07C.013.png, id=2393, 1027.84pt x 770.88pt>
File: images/text07/ch07C.013.png Graphic file (type png)
<use images/text07/ch07C.013.png>
Package luatex.def Info: images/text07/ch07C.013.png  used on input line 478.
(luatex.def)             Requested size: 455.23088pt x 341.43306pt.
 [387

<./images/text07/ch07C.001.png>]
[388<./images/text07/ch07C.002.png>] [389<./images/text07/ch07C.003.png>]
[390<./images/text07/ch07C.004.png>] [391<./images/text07/ch07C.005.png>]
[392<./images/text07/ch07C.006.png>] [393<./images/text07/ch07C.007.png>]
[394<./images/text07/ch07C.008.png>] [395<./images/text07/ch07C.009.png>]
[396<./images/text07/ch07C.010.png>] [397<./images/text07/ch07C.011.png>]
[398<./images/text07/ch07C.012.png>] [399<./images/text07/ch07C.013.png>]
<images/text07/ch07D.001.png, id=2462, 1027.84pt x 770.88pt>
File: images/text07/ch07D.001.png Graphic file (type png)
<use images/text07/ch07D.001.png>
Package luatex.def Info: images/text07/ch07D.001.png  used on input line 489.
(luatex.def)             Requested size: 455.23088pt x 341.43306pt.
<images/text07/ch07D.002.png, id=2463, 1027.84pt x 770.88pt>
File: images/text07/ch07D.002.png Graphic file (type png)
<use images/text07/ch07D.002.png>
Package luatex.def Info: images/text07/ch07D.002.png  used on input line 496.
(luatex.def)             Requested size: 455.23088pt x 341.43306pt.
<images/text07/ch07D.003.png, id=2464, 1027.84pt x 770.88pt>
File: images/text07/ch07D.003.png Graphic file (type png)
<use images/text07/ch07D.003.png>
Package luatex.def Info: images/text07/ch07D.003.png  used on input line 503.
(luatex.def)             Requested size: 455.23088pt x 341.43306pt.
<images/text07/ch07D.004.png, id=2465, 1027.84pt x 770.88pt>
File: images/text07/ch07D.004.png Graphic file (type png)
<use images/text07/ch07D.004.png>
Package luatex.def Info: images/text07/ch07D.004.png  used on input line 510.
(luatex.def)             Requested size: 455.23088pt x 341.43306pt.
<images/text07/ch07D.005.png, id=2466, 1027.84pt x 770.88pt>
File: images/text07/ch07D.005.png Graphic file (type png)
<use images/text07/ch07D.005.png>
Package luatex.def Info: images/text07/ch07D.005.png  used on input line 517.
(luatex.def)             Requested size: 455.23088pt x 341.43306pt.
<images/text07/ch07D.006.png, id=2467, 1027.84pt x 770.88pt>
File: images/text07/ch07D.006.png Graphic file (type png)
<use images/text07/ch07D.006.png>
Package luatex.def Info: images/text07/ch07D.006.png  used on input line 524.
(luatex.def)             Requested size: 455.23088pt x 341.43306pt.
<images/text07/ch07D.007.png, id=2468, 1027.84pt x 770.88pt>
File: images/text07/ch07D.007.png Graphic file (type png)
<use images/text07/ch07D.007.png>
Package luatex.def Info: images/text07/ch07D.007.png  used on input line 531.
(luatex.def)             Requested size: 455.23088pt x 341.43306pt.
<images/text07/ch07D.008.png, id=2469, 1027.84pt x 770.88pt>
File: images/text07/ch07D.008.png Graphic file (type png)
<use images/text07/ch07D.008.png>
Package luatex.def Info: images/text07/ch07D.008.png  used on input line 538.
(luatex.def)             Requested size: 455.23088pt x 341.43306pt.
<images/text07/ch07D.009.png, id=2470, 1027.84pt x 770.88pt>
File: images/text07/ch07D.009.png Graphic file (type png)
<use images/text07/ch07D.009.png>
Package luatex.def Info: images/text07/ch07D.009.png  used on input line 545.
(luatex.def)             Requested size: 455.23088pt x 341.43306pt.
<images/text07/ch07D.010.png, id=2471, 1027.84pt x 770.88pt>
File: images/text07/ch07D.010.png Graphic file (type png)
<use images/text07/ch07D.010.png>
Package luatex.def Info: images/text07/ch07D.010.png  used on input line 552.
(luatex.def)             Requested size: 455.23088pt x 341.43306pt.
<images/text07/ch07D.011.png, id=2472, 1027.84pt x 770.88pt>
File: images/text07/ch07D.011.png Graphic file (type png)
<use images/text07/ch07D.011.png>
Package luatex.def Info: images/text07/ch07D.011.png  used on input line 559.
(luatex.def)             Requested size: 455.23088pt x 341.43306pt.
<images/text07/ch07D.012.png, id=2473, 1027.84pt x 770.88pt>
File: images/text07/ch07D.012.png Graphic file (type png)
<use images/text07/ch07D.012.png>
Package luatex.def Info: images/text07/ch07D.012.png  used on input line 566.
(luatex.def)             Requested size: 455.23088pt x 341.43306pt.
<images/text07/ch07D.013.png, id=2474, 1027.84pt x 770.88pt>
File: images/text07/ch07D.013.png Graphic file (type png)
<use images/text07/ch07D.013.png>
Package luatex.def Info: images/text07/ch07D.013.png  used on input line 573.
(luatex.def)             Requested size: 455.23088pt x 341.43306pt.
<images/text07/ch07D.014.png, id=2475, 1027.84pt x 770.88pt>
File: images/text07/ch07D.014.png Graphic file (type png)
<use images/text07/ch07D.014.png>
Package luatex.def Info: images/text07/ch07D.014.png  used on input line 580.
(luatex.def)             Requested size: 455.23088pt x 341.43306pt.
)
[400

<./images/text07/ch07D.001.png>] [401<./images/text07/ch07D.002.png>]
[402<./images/text07/ch07D.003.png>] [403<./images/text07/ch07D.004.png>]
[404<./images/text07/ch07D.005.png>] [405<./images/text07/ch07D.006.png>]
[406<./images/text07/ch07D.007.png>] [407<./images/text07/ch07D.008.png>]
[408<./images/text07/ch07D.009.png>] [409<./images/text07/ch07D.010.png>]
[410<./images/text07/ch07D.011.png>] [411<./images/text07/ch07D.012.png>]
[412<./images/text07/ch07D.013.png>] [413<./images/text07/ch07D.014.png>]
\openout2 = text08.aux

(./text08.tex [414




]
第8章
<images/text08/ch08A.001.png, id=2553, 1027.84pt x 770.88pt>
File: images/text08/ch08A.001.png Graphic file (type png)
<use images/text08/ch08A.001.png>
Package luatex.def Info: images/text08/ch08A.001.png  used on input line 14.
(luatex.def)             Requested size: 455.23088pt x 341.43306pt.
<images/text08/ch08A.002.png, id=2554, 1027.84pt x 770.88pt>
File: images/text08/ch08A.002.png Graphic file (type png)
<use images/text08/ch08A.002.png>
Package luatex.def Info: images/text08/ch08A.002.png  used on input line 21.
(luatex.def)             Requested size: 455.23088pt x 341.43306pt.
<images/text08/ch08A.003.png, id=2555, 1027.84pt x 770.88pt>
File: images/text08/ch08A.003.png Graphic file (type png)
<use images/text08/ch08A.003.png>
Package luatex.def Info: images/text08/ch08A.003.png  used on input line 28.
(luatex.def)             Requested size: 455.23088pt x 341.43306pt.
<images/text08/ch08A.004.png, id=2556, 1027.84pt x 770.88pt>
File: images/text08/ch08A.004.png Graphic file (type png)
<use images/text08/ch08A.004.png>
Package luatex.def Info: images/text08/ch08A.004.png  used on input line 35.
(luatex.def)             Requested size: 455.23088pt x 341.43306pt.
<images/text08/ch08A.005.png, id=2557, 1027.84pt x 770.88pt>
File: images/text08/ch08A.005.png Graphic file (type png)
<use images/text08/ch08A.005.png>
Package luatex.def Info: images/text08/ch08A.005.png  used on input line 42.
(luatex.def)             Requested size: 455.23088pt x 341.43306pt.
<images/text08/ch08A.006.png, id=2558, 1027.84pt x 770.88pt>
File: images/text08/ch08A.006.png Graphic file (type png)
<use images/text08/ch08A.006.png>
Package luatex.def Info: images/text08/ch08A.006.png  used on input line 49.
(luatex.def)             Requested size: 455.23088pt x 341.43306pt.
<images/text08/ch08A.007.png, id=2559, 1027.84pt x 770.88pt>
File: images/text08/ch08A.007.png Graphic file (type png)
<use images/text08/ch08A.007.png>
Package luatex.def Info: images/text08/ch08A.007.png  used on input line 56.
(luatex.def)             Requested size: 455.23088pt x 341.43306pt.
<images/text08/ch08A.008.png, id=2560, 1027.84pt x 770.88pt>
File: images/text08/ch08A.008.png Graphic file (type png)
<use images/text08/ch08A.008.png>
Package luatex.def Info: images/text08/ch08A.008.png  used on input line 63.
(luatex.def)             Requested size: 455.23088pt x 341.43306pt.
<images/text08/ch08A.009.png, id=2561, 1027.84pt x 770.88pt>
File: images/text08/ch08A.009.png Graphic file (type png)
<use images/text08/ch08A.009.png>
Package luatex.def Info: images/text08/ch08A.009.png  used on input line 70.
(luatex.def)             Requested size: 455.23088pt x 341.43306pt.
<images/text08/ch08A.010.png, id=2562, 1027.84pt x 770.88pt>
File: images/text08/ch08A.010.png Graphic file (type png)
<use images/text08/ch08A.010.png>
Package luatex.def Info: images/text08/ch08A.010.png  used on input line 77.
(luatex.def)             Requested size: 455.23088pt x 341.43306pt.
<images/text08/ch08A.011.png, id=2563, 1027.84pt x 770.88pt>
File: images/text08/ch08A.011.png Graphic file (type png)
<use images/text08/ch08A.011.png>
Package luatex.def Info: images/text08/ch08A.011.png  used on input line 84.
(luatex.def)             Requested size: 455.23088pt x 341.43306pt.
<images/text08/ch08A.012.png, id=2564, 1027.84pt x 770.88pt>
File: images/text08/ch08A.012.png Graphic file (type png)
<use images/text08/ch08A.012.png>
Package luatex.def Info: images/text08/ch08A.012.png  used on input line 91.
(luatex.def)             Requested size: 455.23088pt x 341.43306pt.
<images/text08/ch08A.013.png, id=2565, 1027.84pt x 770.88pt>
File: images/text08/ch08A.013.png Graphic file (type png)
<use images/text08/ch08A.013.png>
Package luatex.def Info: images/text08/ch08A.013.png  used on input line 98.
(luatex.def)             Requested size: 455.23088pt x 341.43306pt.
<images/text08/ch08A.014.png, id=2566, 1027.84pt x 770.88pt>
File: images/text08/ch08A.014.png Graphic file (type png)
<use images/text08/ch08A.014.png>
Package luatex.def Info: images/text08/ch08A.014.png  used on input line 105.
(luatex.def)             Requested size: 455.23088pt x 341.43306pt.
<images/text08/ch08A.015.png, id=2567, 1027.84pt x 770.88pt>
File: images/text08/ch08A.015.png Graphic file (type png)
<use images/text08/ch08A.015.png>
Package luatex.def Info: images/text08/ch08A.015.png  used on input line 112.
(luatex.def)             Requested size: 455.23088pt x 341.43306pt.
<images/text08/ch08A.016.png, id=2568, 1027.84pt x 770.88pt>
File: images/text08/ch08A.016.png Graphic file (type png)
<use images/text08/ch08A.016.png>
Package luatex.def Info: images/text08/ch08A.016.png  used on input line 119.
(luatex.def)             Requested size: 455.23088pt x 341.43306pt.
[415<./images/text08/ch08A.001.png>] [416<./images/text08/ch08A.002.png>]
[417<./images/text08/ch08A.003.png>] [418<./images/text08/ch08A.004.png>]
[419<./images/text08/ch08A.005.png>] [420<./images/text08/ch08A.006.png>]
[421<./images/text08/ch08A.007.png>] [422<./images/text08/ch08A.008.png>]
[423<./images/text08/ch08A.009.png>] [424<./images/text08/ch08A.010.png>]
[425<./images/text08/ch08A.011.png>] [426<./images/text08/ch08A.012.png>]
[427<./images/text08/ch08A.013.png>] [428<./images/text08/ch08A.014.png>]
[429<./images/text08/ch08A.015.png>] [430<./images/text08/ch08A.016.png>]
<images/text08/ch08B.001.png, id=2653, 1027.84pt x 770.88pt>
File: images/text08/ch08B.001.png Graphic file (type png)
<use images/text08/ch08B.001.png>
Package luatex.def Info: images/text08/ch08B.001.png  used on input line 130.
(luatex.def)             Requested size: 455.23088pt x 341.43306pt.
<images/text08/ch08B.002.png, id=2654, 1027.84pt x 770.88pt>
File: images/text08/ch08B.002.png Graphic file (type png)
<use images/text08/ch08B.002.png>
Package luatex.def Info: images/text08/ch08B.002.png  used on input line 137.
(luatex.def)             Requested size: 455.23088pt x 341.43306pt.
<images/text08/ch08B.003.png, id=2655, 1027.84pt x 770.88pt>
File: images/text08/ch08B.003.png Graphic file (type png)
<use images/text08/ch08B.003.png>
Package luatex.def Info: images/text08/ch08B.003.png  used on input line 144.
(luatex.def)             Requested size: 455.23088pt x 341.43306pt.
<images/text08/ch08B.004.png, id=2656, 1027.84pt x 770.88pt>
File: images/text08/ch08B.004.png Graphic file (type png)
<use images/text08/ch08B.004.png>
Package luatex.def Info: images/text08/ch08B.004.png  used on input line 151.
(luatex.def)             Requested size: 455.23088pt x 341.43306pt.
<images/text08/ch08B.005.png, id=2657, 1027.84pt x 770.88pt>
File: images/text08/ch08B.005.png Graphic file (type png)
<use images/text08/ch08B.005.png>
Package luatex.def Info: images/text08/ch08B.005.png  used on input line 158.
(luatex.def)             Requested size: 455.23088pt x 341.43306pt.
<images/text08/ch08B.006.png, id=2658, 1027.84pt x 770.88pt>
File: images/text08/ch08B.006.png Graphic file (type png)
<use images/text08/ch08B.006.png>
Package luatex.def Info: images/text08/ch08B.006.png  used on input line 165.
(luatex.def)             Requested size: 455.23088pt x 341.43306pt.
<images/text08/ch08B.007.png, id=2659, 1027.84pt x 770.88pt>
File: images/text08/ch08B.007.png Graphic file (type png)
<use images/text08/ch08B.007.png>
Package luatex.def Info: images/text08/ch08B.007.png  used on input line 172.
(luatex.def)             Requested size: 455.23088pt x 341.43306pt.
<images/text08/ch08B.008.png, id=2660, 1027.84pt x 770.88pt>
File: images/text08/ch08B.008.png Graphic file (type png)
<use images/text08/ch08B.008.png>
Package luatex.def Info: images/text08/ch08B.008.png  used on input line 179.
(luatex.def)             Requested size: 455.23088pt x 341.43306pt.
<images/text08/ch08B.009.png, id=2661, 1027.84pt x 770.88pt>
File: images/text08/ch08B.009.png Graphic file (type png)
<use images/text08/ch08B.009.png>
Package luatex.def Info: images/text08/ch08B.009.png  used on input line 186.
(luatex.def)             Requested size: 455.23088pt x 341.43306pt.
<images/text08/ch08B.010.png, id=2662, 1027.84pt x 770.88pt>
File: images/text08/ch08B.010.png Graphic file (type png)
<use images/text08/ch08B.010.png>
Package luatex.def Info: images/text08/ch08B.010.png  used on input line 193.
(luatex.def)             Requested size: 455.23088pt x 341.43306pt.
<images/text08/ch08B.011.png, id=2663, 1027.84pt x 770.88pt>
File: images/text08/ch08B.011.png Graphic file (type png)
<use images/text08/ch08B.011.png>
Package luatex.def Info: images/text08/ch08B.011.png  used on input line 200.
(luatex.def)             Requested size: 455.23088pt x 341.43306pt.
<images/text08/ch08B.012.png, id=2664, 1027.84pt x 770.88pt>
File: images/text08/ch08B.012.png Graphic file (type png)
<use images/text08/ch08B.012.png>
Package luatex.def Info: images/text08/ch08B.012.png  used on input line 207.
(luatex.def)             Requested size: 455.23088pt x 341.43306pt.
<images/text08/ch08B.013.png, id=2665, 1027.84pt x 770.88pt>
File: images/text08/ch08B.013.png Graphic file (type png)
<use images/text08/ch08B.013.png>
Package luatex.def Info: images/text08/ch08B.013.png  used on input line 214.
(luatex.def)             Requested size: 455.23088pt x 341.43306pt.
<images/text08/ch08B.014.png, id=2666, 1027.84pt x 770.88pt>
File: images/text08/ch08B.014.png Graphic file (type png)
<use images/text08/ch08B.014.png>
Package luatex.def Info: images/text08/ch08B.014.png  used on input line 221.
(luatex.def)             Requested size: 455.23088pt x 341.43306pt.
)
[431

<./images/text08/ch08B.001.png>] [432<./images/text08/ch08B.002.png>]
[433<./images/text08/ch08B.003.png>] [434<./images/text08/ch08B.004.png>]
[435<./images/text08/ch08B.005.png>] [436<./images/text08/ch08B.006.png>]
[437<./images/text08/ch08B.007.png>] [438<./images/text08/ch08B.008.png>]
[439<./images/text08/ch08B.009.png>] [440<./images/text08/ch08B.010.png>]
[441<./images/text08/ch08B.011.png>] [442<./images/text08/ch08B.012.png>]
[443<./images/text08/ch08B.013.png>] [444<./images/text08/ch08B.014.png>]
\openout2 = text09.aux

(./text09.tex
第9章
[445




]
<images/text09/ch09A.001.png, id=2745, 1027.84pt x 770.88pt>
File: images/text09/ch09A.001.png Graphic file (type png)
<use images/text09/ch09A.001.png>
Package luatex.def Info: images/text09/ch09A.001.png  used on input line 15.
(luatex.def)             Requested size: 455.23088pt x 341.43306pt.
<images/text09/ch09A.002.png, id=2746, 1027.84pt x 770.88pt>
File: images/text09/ch09A.002.png Graphic file (type png)
<use images/text09/ch09A.002.png>
Package luatex.def Info: images/text09/ch09A.002.png  used on input line 22.
(luatex.def)             Requested size: 455.23088pt x 341.43306pt.
<images/text09/ch09A.003.png, id=2747, 1027.84pt x 770.88pt>
File: images/text09/ch09A.003.png Graphic file (type png)
<use images/text09/ch09A.003.png>
Package luatex.def Info: images/text09/ch09A.003.png  used on input line 29.
(luatex.def)             Requested size: 455.23088pt x 341.43306pt.
<images/text09/ch09A.004.png, id=2748, 1027.84pt x 770.88pt>
File: images/text09/ch09A.004.png Graphic file (type png)
<use images/text09/ch09A.004.png>
Package luatex.def Info: images/text09/ch09A.004.png  used on input line 36.
(luatex.def)             Requested size: 455.23088pt x 341.43306pt.
<images/text09/ch09A.005.png, id=2749, 1027.84pt x 770.88pt>
File: images/text09/ch09A.005.png Graphic file (type png)
<use images/text09/ch09A.005.png>
Package luatex.def Info: images/text09/ch09A.005.png  used on input line 43.
(luatex.def)             Requested size: 455.23088pt x 341.43306pt.
<images/text09/ch09A.006.png, id=2750, 1027.84pt x 770.88pt>
File: images/text09/ch09A.006.png Graphic file (type png)
<use images/text09/ch09A.006.png>
Package luatex.def Info: images/text09/ch09A.006.png  used on input line 50.
(luatex.def)             Requested size: 455.23088pt x 341.43306pt.
<images/text09/ch09A.007.png, id=2751, 1027.84pt x 770.88pt>
File: images/text09/ch09A.007.png Graphic file (type png)
<use images/text09/ch09A.007.png>
Package luatex.def Info: images/text09/ch09A.007.png  used on input line 57.
(luatex.def)             Requested size: 455.23088pt x 341.43306pt.
<images/text09/ch09A.008.png, id=2752, 1027.84pt x 770.88pt>
File: images/text09/ch09A.008.png Graphic file (type png)
<use images/text09/ch09A.008.png>
Package luatex.def Info: images/text09/ch09A.008.png  used on input line 64.
(luatex.def)             Requested size: 455.23088pt x 341.43306pt.
<images/text09/ch09A.009.png, id=2753, 1027.84pt x 770.88pt>
File: images/text09/ch09A.009.png Graphic file (type png)
<use images/text09/ch09A.009.png>
Package luatex.def Info: images/text09/ch09A.009.png  used on input line 71.
(luatex.def)             Requested size: 455.23088pt x 341.43306pt.
<images/text09/ch09A.010.png, id=2754, 1027.84pt x 770.88pt>
File: images/text09/ch09A.010.png Graphic file (type png)
<use images/text09/ch09A.010.png>
Package luatex.def Info: images/text09/ch09A.010.png  used on input line 78.
(luatex.def)             Requested size: 455.23088pt x 341.43306pt.
<images/text09/ch09A.011.png, id=2755, 1027.84pt x 770.88pt>
File: images/text09/ch09A.011.png Graphic file (type png)
<use images/text09/ch09A.011.png>
Package luatex.def Info: images/text09/ch09A.011.png  used on input line 85.
(luatex.def)             Requested size: 455.23088pt x 341.43306pt.
<images/text09/ch09A.012.png, id=2756, 1027.84pt x 770.88pt>
File: images/text09/ch09A.012.png Graphic file (type png)
<use images/text09/ch09A.012.png>
Package luatex.def Info: images/text09/ch09A.012.png  used on input line 92.
(luatex.def)             Requested size: 455.23088pt x 341.43306pt.
<images/text09/ch09A.013.png, id=2757, 1027.84pt x 770.88pt>
File: images/text09/ch09A.013.png Graphic file (type png)
<use images/text09/ch09A.013.png>
Package luatex.def Info: images/text09/ch09A.013.png  used on input line 99.
(luatex.def)             Requested size: 455.23088pt x 341.43306pt.
 [446

<./images/text09/ch09A.001.png>] [447<./images/text09/ch09A.002.png>] [448<./ima
ges/text09/ch09A.003.png>] [449<./images/text09/ch09A.004.png>]
[450<./images/text09/ch09A.005.png>] [451<./images/text09/ch09A.006.png>]
[452<./images/text09/ch09A.007.png>] [453<./images/text09/ch09A.008.png>]
[454<./images/text09/ch09A.009.png>] [455<./images/text09/ch09A.010.png>]
[456<./images/text09/ch09A.011.png>] [457<./images/text09/ch09A.012.png>]
[458<./images/text09/ch09A.013.png>]
<images/text09/ch09B.001.png, id=2826, 1027.84pt x 770.88pt>
File: images/text09/ch09B.001.png Graphic file (type png)
<use images/text09/ch09B.001.png>
Package luatex.def Info: images/text09/ch09B.001.png  used on input line 110.
(luatex.def)             Requested size: 455.23088pt x 341.43306pt.
<images/text09/ch09B.002.png, id=2827, 1027.84pt x 770.88pt>
File: images/text09/ch09B.002.png Graphic file (type png)
<use images/text09/ch09B.002.png>
Package luatex.def Info: images/text09/ch09B.002.png  used on input line 117.
(luatex.def)             Requested size: 455.23088pt x 341.43306pt.
<images/text09/ch09B.003.png, id=2828, 1027.84pt x 770.88pt>
File: images/text09/ch09B.003.png Graphic file (type png)
<use images/text09/ch09B.003.png>
Package luatex.def Info: images/text09/ch09B.003.png  used on input line 124.
(luatex.def)             Requested size: 455.23088pt x 341.43306pt.
<images/text09/ch09B.004.png, id=2829, 1027.84pt x 770.88pt>
File: images/text09/ch09B.004.png Graphic file (type png)
<use images/text09/ch09B.004.png>
Package luatex.def Info: images/text09/ch09B.004.png  used on input line 131.
(luatex.def)             Requested size: 455.23088pt x 341.43306pt.
<images/text09/ch09B.005.png, id=2830, 1027.84pt x 770.88pt>
File: images/text09/ch09B.005.png Graphic file (type png)
<use images/text09/ch09B.005.png>
Package luatex.def Info: images/text09/ch09B.005.png  used on input line 138.
(luatex.def)             Requested size: 455.23088pt x 341.43306pt.
<images/text09/ch09B.006.png, id=2831, 1027.84pt x 770.88pt>
File: images/text09/ch09B.006.png Graphic file (type png)
<use images/text09/ch09B.006.png>
Package luatex.def Info: images/text09/ch09B.006.png  used on input line 145.
(luatex.def)             Requested size: 455.23088pt x 341.43306pt.
<images/text09/ch09B.007.png, id=2832, 1027.84pt x 770.88pt>
File: images/text09/ch09B.007.png Graphic file (type png)
<use images/text09/ch09B.007.png>
Package luatex.def Info: images/text09/ch09B.007.png  used on input line 152.
(luatex.def)             Requested size: 455.23088pt x 341.43306pt.
<images/text09/ch09B.008.png, id=2833, 1027.84pt x 770.88pt>
File: images/text09/ch09B.008.png Graphic file (type png)
<use images/text09/ch09B.008.png>
Package luatex.def Info: images/text09/ch09B.008.png  used on input line 159.
(luatex.def)             Requested size: 455.23088pt x 341.43306pt.
<images/text09/ch09B.009.png, id=2834, 1027.84pt x 770.88pt>
File: images/text09/ch09B.009.png Graphic file (type png)
<use images/text09/ch09B.009.png>
Package luatex.def Info: images/text09/ch09B.009.png  used on input line 166.
(luatex.def)             Requested size: 455.23088pt x 341.43306pt.
<images/text09/ch09B.010.png, id=2835, 1027.84pt x 770.88pt>
File: images/text09/ch09B.010.png Graphic file (type png)
<use images/text09/ch09B.010.png>
Package luatex.def Info: images/text09/ch09B.010.png  used on input line 173.
(luatex.def)             Requested size: 455.23088pt x 341.43306pt.
<images/text09/ch09B.011.png, id=2836, 1027.84pt x 770.88pt>
File: images/text09/ch09B.011.png Graphic file (type png)
<use images/text09/ch09B.011.png>
Package luatex.def Info: images/text09/ch09B.011.png  used on input line 180.
(luatex.def)             Requested size: 455.23088pt x 341.43306pt.
<images/text09/ch09B.012.png, id=2837, 1027.84pt x 770.88pt>
File: images/text09/ch09B.012.png Graphic file (type png)
<use images/text09/ch09B.012.png>
Package luatex.def Info: images/text09/ch09B.012.png  used on input line 187.
(luatex.def)             Requested size: 455.23088pt x 341.43306pt.
<images/text09/ch09B.013.png, id=2838, 1027.84pt x 770.88pt>
File: images/text09/ch09B.013.png Graphic file (type png)
<use images/text09/ch09B.013.png>
Package luatex.def Info: images/text09/ch09B.013.png  used on input line 194.
(luatex.def)             Requested size: 455.23088pt x 341.43306pt.
<images/text09/ch09B.014.png, id=2839, 1027.84pt x 770.88pt>
File: images/text09/ch09B.014.png Graphic file (type png)
<use images/text09/ch09B.014.png>
Package luatex.def Info: images/text09/ch09B.014.png  used on input line 201.
(luatex.def)             Requested size: 455.23088pt x 341.43306pt.
<images/text09/ch09B.015.png, id=2840, 1027.84pt x 770.88pt>
File: images/text09/ch09B.015.png Graphic file (type png)
<use images/text09/ch09B.015.png>
Package luatex.def Info: images/text09/ch09B.015.png  used on input line 208.
(luatex.def)             Requested size: 455.23088pt x 341.43306pt.
<images/text09/ch09B.016.png, id=2841, 1027.84pt x 770.88pt>
File: images/text09/ch09B.016.png Graphic file (type png)
<use images/text09/ch09B.016.png>
Package luatex.def Info: images/text09/ch09B.016.png  used on input line 215.
(luatex.def)             Requested size: 455.23088pt x 341.43306pt.
<images/text09/ch09B.017.png, id=2842, 1027.84pt x 770.88pt>
File: images/text09/ch09B.017.png Graphic file (type png)
<use images/text09/ch09B.017.png>
Package luatex.def Info: images/text09/ch09B.017.png  used on input line 222.
(luatex.def)             Requested size: 455.23088pt x 341.43306pt.
<images/text09/ch09B.018.png, id=2843, 1027.84pt x 770.88pt>
File: images/text09/ch09B.018.png Graphic file (type png)
<use images/text09/ch09B.018.png>
Package luatex.def Info: images/text09/ch09B.018.png  used on input line 229.
(luatex.def)             Requested size: 455.23088pt x 341.43306pt.
<images/text09/ch09B.019.png, id=2844, 1027.84pt x 770.88pt>
File: images/text09/ch09B.019.png Graphic file (type png)
<use images/text09/ch09B.019.png>
Package luatex.def Info: images/text09/ch09B.019.png  used on input line 236.
(luatex.def)             Requested size: 455.23088pt x 341.43306pt.
<images/text09/ch09B.020.png, id=2845, 1027.84pt x 770.88pt>
File: images/text09/ch09B.020.png Graphic file (type png)
<use images/text09/ch09B.020.png>
Package luatex.def Info: images/text09/ch09B.020.png  used on input line 243.
(luatex.def)             Requested size: 455.23088pt x 341.43306pt.
<images/text09/ch09B.021.png, id=2846, 1027.84pt x 770.88pt>
File: images/text09/ch09B.021.png Graphic file (type png)
<use images/text09/ch09B.021.png>
Package luatex.def Info: images/text09/ch09B.021.png  used on input line 250.
(luatex.def)             Requested size: 455.23088pt x 341.43306pt.
<images/text09/ch09B.022.png, id=2847, 1027.84pt x 770.88pt>
File: images/text09/ch09B.022.png Graphic file (type png)
<use images/text09/ch09B.022.png>
Package luatex.def Info: images/text09/ch09B.022.png  used on input line 257.
(luatex.def)             Requested size: 455.23088pt x 341.43306pt.
<images/text09/ch09B.023.png, id=2848, 1027.84pt x 770.88pt>
File: images/text09/ch09B.023.png Graphic file (type png)
<use images/text09/ch09B.023.png>
Package luatex.def Info: images/text09/ch09B.023.png  used on input line 264.
(luatex.def)             Requested size: 455.23088pt x 341.43306pt.
 [459

<./images/text09/ch09B.001.png>]
[460<./images/text09/ch09B.002.png>] [461<./images/text09/ch09B.003.png>]
[462<./images/text09/ch09B.004.png>] [463<./images/text09/ch09B.005.png>]
[464<./images/text09/ch09B.006.png>] [465<./images/text09/ch09B.007.png>]
[466<./images/text09/ch09B.008.png>] [467<./images/text09/ch09B.009.png>]
[468<./images/text09/ch09B.010.png>] [469<./images/text09/ch09B.011.png>]
[470<./images/text09/ch09B.012.png>] [471<./images/text09/ch09B.013.png>]
[472<./images/text09/ch09B.014.png>] [473<./images/text09/ch09B.015.png>]
[474<./images/text09/ch09B.016.png>] [475<./images/text09/ch09B.017.png>]
[476<./images/text09/ch09B.018.png>] [477<./images/text09/ch09B.019.png>]
[478<./images/text09/ch09B.020.png>] [479<./images/text09/ch09B.021.png>]
[480<./images/text09/ch09B.022.png>] [481<./images/text09/ch09B.023.png>]
<images/text09/ch09C.001.png, id=2968, 1027.84pt x 770.88pt>
File: images/text09/ch09C.001.png Graphic file (type png)
<use images/text09/ch09C.001.png>
Package luatex.def Info: images/text09/ch09C.001.png  used on input line 275.
(luatex.def)             Requested size: 455.23088pt x 341.43306pt.
<images/text09/ch09C.002.png, id=2969, 1027.84pt x 770.88pt>
File: images/text09/ch09C.002.png Graphic file (type png)
<use images/text09/ch09C.002.png>
Package luatex.def Info: images/text09/ch09C.002.png  used on input line 282.
(luatex.def)             Requested size: 455.23088pt x 341.43306pt.
<images/text09/ch09C.003.png, id=2970, 1027.84pt x 770.88pt>
File: images/text09/ch09C.003.png Graphic file (type png)
<use images/text09/ch09C.003.png>
Package luatex.def Info: images/text09/ch09C.003.png  used on input line 289.
(luatex.def)             Requested size: 455.23088pt x 341.43306pt.
<images/text09/ch09C.004.png, id=2971, 1027.84pt x 770.88pt>
File: images/text09/ch09C.004.png Graphic file (type png)
<use images/text09/ch09C.004.png>
Package luatex.def Info: images/text09/ch09C.004.png  used on input line 296.
(luatex.def)             Requested size: 455.23088pt x 341.43306pt.
<images/text09/ch09C.005.png, id=2972, 1027.84pt x 770.88pt>
File: images/text09/ch09C.005.png Graphic file (type png)
<use images/text09/ch09C.005.png>
Package luatex.def Info: images/text09/ch09C.005.png  used on input line 303.
(luatex.def)             Requested size: 455.23088pt x 341.43306pt.
<images/text09/ch09C.006.png, id=2973, 1027.84pt x 770.88pt>
File: images/text09/ch09C.006.png Graphic file (type png)
<use images/text09/ch09C.006.png>
Package luatex.def Info: images/text09/ch09C.006.png  used on input line 310.
(luatex.def)             Requested size: 455.23088pt x 341.43306pt.
<images/text09/ch09C.007.png, id=2974, 1027.84pt x 770.88pt>
File: images/text09/ch09C.007.png Graphic file (type png)
<use images/text09/ch09C.007.png>
Package luatex.def Info: images/text09/ch09C.007.png  used on input line 317.
(luatex.def)             Requested size: 455.23088pt x 341.43306pt.
<images/text09/ch09C.008.png, id=2975, 1027.84pt x 770.88pt>
File: images/text09/ch09C.008.png Graphic file (type png)
<use images/text09/ch09C.008.png>
Package luatex.def Info: images/text09/ch09C.008.png  used on input line 324.
(luatex.def)             Requested size: 455.23088pt x 341.43306pt.
<images/text09/ch09C.009.png, id=2976, 1027.84pt x 770.88pt>
File: images/text09/ch09C.009.png Graphic file (type png)
<use images/text09/ch09C.009.png>
Package luatex.def Info: images/text09/ch09C.009.png  used on input line 331.
(luatex.def)             Requested size: 455.23088pt x 341.43306pt.
<images/text09/ch09C.010.png, id=2977, 1027.84pt x 770.88pt>
File: images/text09/ch09C.010.png Graphic file (type png)
<use images/text09/ch09C.010.png>
Package luatex.def Info: images/text09/ch09C.010.png  used on input line 338.
(luatex.def)             Requested size: 455.23088pt x 341.43306pt.
<images/text09/ch09C.011.png, id=2978, 1027.84pt x 770.88pt>
File: images/text09/ch09C.011.png Graphic file (type png)
<use images/text09/ch09C.011.png>
Package luatex.def Info: images/text09/ch09C.011.png  used on input line 345.
(luatex.def)             Requested size: 455.23088pt x 341.43306pt.
)
[482

<./images/text09/ch09C.001.png>] [483<./images/text09/ch09C.002.png>]
[484<./images/text09/ch09C.003.png>] [485<./images/text09/ch09C.004.png>]
[486<./images/text09/ch09C.005.png>] [487<./images/text09/ch09C.006.png>]
[488<./images/text09/ch09C.007.png>] [489<./images/text09/ch09C.008.png>]
[490<./images/text09/ch09C.009.png>] [491<./images/text09/ch09C.010.png>]
[492<./images/text09/ch09C.011.png>]
\openout2 = text10.aux
 (./text10.tex
第10章
[493




]
<images/text10/ch10.001.png, id=3042, 1027.84pt x 770.88pt>
File: images/text10/ch10.001.png Graphic file (type png)
<use images/text10/ch10.001.png>
Package luatex.def Info: images/text10/ch10.001.png  used on input line 14.
(luatex.def)             Requested size: 455.23088pt x 341.43306pt.
<images/text10/ch10.002.png, id=3043, 1027.84pt x 770.88pt>
File: images/text10/ch10.002.png Graphic file (type png)
<use images/text10/ch10.002.png>
Package luatex.def Info: images/text10/ch10.002.png  used on input line 21.
(luatex.def)             Requested size: 455.23088pt x 341.43306pt.
<images/text10/ch10.003.png, id=3044, 1027.84pt x 770.88pt>
File: images/text10/ch10.003.png Graphic file (type png)
<use images/text10/ch10.003.png>
Package luatex.def Info: images/text10/ch10.003.png  used on input line 28.
(luatex.def)             Requested size: 455.23088pt x 341.43306pt.
<images/text10/ch10.004.png, id=3045, 1027.84pt x 770.88pt>
File: images/text10/ch10.004.png Graphic file (type png)
<use images/text10/ch10.004.png>
Package luatex.def Info: images/text10/ch10.004.png  used on input line 35.
(luatex.def)             Requested size: 455.23088pt x 341.43306pt.
<images/text10/ch10.005.png, id=3046, 1027.84pt x 770.88pt>
File: images/text10/ch10.005.png Graphic file (type png)
<use images/text10/ch10.005.png>
Package luatex.def Info: images/text10/ch10.005.png  used on input line 42.
(luatex.def)             Requested size: 455.23088pt x 341.43306pt.
<images/text10/ch10.006.png, id=3047, 1027.84pt x 770.88pt>
File: images/text10/ch10.006.png Graphic file (type png)
<use images/text10/ch10.006.png>
Package luatex.def Info: images/text10/ch10.006.png  used on input line 49.
(luatex.def)             Requested size: 455.23088pt x 341.43306pt.
<images/text10/ch10.007.png, id=3048, 1027.84pt x 770.88pt>
File: images/text10/ch10.007.png Graphic file (type png)
<use images/text10/ch10.007.png>
Package luatex.def Info: images/text10/ch10.007.png  used on input line 56.
(luatex.def)             Requested size: 455.23088pt x 341.43306pt.
<images/text10/ch10.008.png, id=3049, 1027.84pt x 770.88pt>
File: images/text10/ch10.008.png Graphic file (type png)
<use images/text10/ch10.008.png>
Package luatex.def Info: images/text10/ch10.008.png  used on input line 63.
(luatex.def)             Requested size: 455.23088pt x 341.43306pt.
<images/text10/ch10.009.png, id=3050, 1027.84pt x 770.88pt>
File: images/text10/ch10.009.png Graphic file (type png)
<use images/text10/ch10.009.png>
Package luatex.def Info: images/text10/ch10.009.png  used on input line 70.
(luatex.def)             Requested size: 455.23088pt x 341.43306pt.
<images/text10/ch10.010.png, id=3051, 1027.84pt x 770.88pt>
File: images/text10/ch10.010.png Graphic file (type png)
<use images/text10/ch10.010.png>
Package luatex.def Info: images/text10/ch10.010.png  used on input line 77.
(luatex.def)             Requested size: 455.23088pt x 341.43306pt.
<images/text10/ch10.011.png, id=3052, 1027.84pt x 770.88pt>
File: images/text10/ch10.011.png Graphic file (type png)
<use images/text10/ch10.011.png>
Package luatex.def Info: images/text10/ch10.011.png  used on input line 84.
(luatex.def)             Requested size: 455.23088pt x 341.43306pt.
<images/text10/ch10.012.png, id=3053, 1027.84pt x 770.88pt>
File: images/text10/ch10.012.png Graphic file (type png)
<use images/text10/ch10.012.png>
Package luatex.def Info: images/text10/ch10.012.png  used on input line 91.
(luatex.def)             Requested size: 455.23088pt x 341.43306pt.
<images/text10/ch10.013.png, id=3054, 1027.84pt x 770.88pt>
File: images/text10/ch10.013.png Graphic file (type png)
<use images/text10/ch10.013.png>
Package luatex.def Info: images/text10/ch10.013.png  used on input line 98.
(luatex.def)             Requested size: 455.23088pt x 341.43306pt.
<images/text10/ch10.014.png, id=3055, 1027.84pt x 770.88pt>
File: images/text10/ch10.014.png Graphic file (type png)
<use images/text10/ch10.014.png>
Package luatex.def Info: images/text10/ch10.014.png  used on input line 105.
(luatex.def)             Requested size: 455.23088pt x 341.43306pt.
<images/text10/ch10.015.png, id=3056, 1027.84pt x 770.88pt>
File: images/text10/ch10.015.png Graphic file (type png)
<use images/text10/ch10.015.png>
Package luatex.def Info: images/text10/ch10.015.png  used on input line 112.
(luatex.def)             Requested size: 455.23088pt x 341.43306pt.
<images/text10/ch10.016.png, id=3057, 1027.84pt x 770.88pt>
File: images/text10/ch10.016.png Graphic file (type png)
<use images/text10/ch10.016.png>
Package luatex.def Info: images/text10/ch10.016.png  used on input line 119.
(luatex.def)             Requested size: 455.23088pt x 341.43306pt.
<images/text10/ch10.017.png, id=3058, 1027.84pt x 770.88pt>
File: images/text10/ch10.017.png Graphic file (type png)
<use images/text10/ch10.017.png>
Package luatex.def Info: images/text10/ch10.017.png  used on input line 126.
(luatex.def)             Requested size: 455.23088pt x 341.43306pt.
<images/text10/ch10.018.png, id=3059, 1027.84pt x 770.88pt>
File: images/text10/ch10.018.png Graphic file (type png)
<use images/text10/ch10.018.png>
Package luatex.def Info: images/text10/ch10.018.png  used on input line 133.
(luatex.def)             Requested size: 455.23088pt x 341.43306pt.
<images/text10/ch10.019.png, id=3060, 1027.84pt x 770.88pt>
File: images/text10/ch10.019.png Graphic file (type png)
<use images/text10/ch10.019.png>
Package luatex.def Info: images/text10/ch10.019.png  used on input line 140.
(luatex.def)             Requested size: 455.23088pt x 341.43306pt.
<images/text10/ch10.020.png, id=3061, 1027.84pt x 770.88pt>
File: images/text10/ch10.020.png Graphic file (type png)
<use images/text10/ch10.020.png>
Package luatex.def Info: images/text10/ch10.020.png  used on input line 147.
(luatex.def)             Requested size: 455.23088pt x 341.43306pt.
<images/text10/ch10.021.png, id=3062, 1027.84pt x 770.88pt>
File: images/text10/ch10.021.png Graphic file (type png)
<use images/text10/ch10.021.png>
Package luatex.def Info: images/text10/ch10.021.png  used on input line 154.
(luatex.def)             Requested size: 455.23088pt x 341.43306pt.
<images/text10/ch10.022.png, id=3063, 1027.84pt x 770.88pt>
File: images/text10/ch10.022.png Graphic file (type png)
<use images/text10/ch10.022.png>
Package luatex.def Info: images/text10/ch10.022.png  used on input line 161.
(luatex.def)             Requested size: 455.23088pt x 341.43306pt.
<images/text10/ch10.023.png, id=3064, 1027.84pt x 770.88pt>
File: images/text10/ch10.023.png Graphic file (type png)
<use images/text10/ch10.023.png>
Package luatex.def Info: images/text10/ch10.023.png  used on input line 168.
(luatex.def)             Requested size: 455.23088pt x 341.43306pt.
<images/text10/ch10.024.png, id=3065, 1027.84pt x 770.88pt>
File: images/text10/ch10.024.png Graphic file (type png)
<use images/text10/ch10.024.png>
Package luatex.def Info: images/text10/ch10.024.png  used on input line 175.
(luatex.def)             Requested size: 455.23088pt x 341.43306pt.
<images/text10/ch10.025.png, id=3066, 1027.84pt x 770.88pt>
File: images/text10/ch10.025.png Graphic file (type png)
<use images/text10/ch10.025.png>
Package luatex.def Info: images/text10/ch10.025.png  used on input line 182.
(luatex.def)             Requested size: 455.23088pt x 341.43306pt.
<images/text10/ch10.026.png, id=3067, 1027.84pt x 770.88pt>
File: images/text10/ch10.026.png Graphic file (type png)
<use images/text10/ch10.026.png>
Package luatex.def Info: images/text10/ch10.026.png  used on input line 189.
(luatex.def)             Requested size: 455.23088pt x 341.43306pt.
<images/text10/ch10.027.png, id=3068, 1027.84pt x 770.88pt>
File: images/text10/ch10.027.png Graphic file (type png)
<use images/text10/ch10.027.png>
Package luatex.def Info: images/text10/ch10.027.png  used on input line 196.
(luatex.def)             Requested size: 455.23088pt x 341.43306pt.
<images/text10/ch10.028.png, id=3069, 1027.84pt x 770.88pt>
File: images/text10/ch10.028.png Graphic file (type png)
<use images/text10/ch10.028.png>
Package luatex.def Info: images/text10/ch10.028.png  used on input line 203.
(luatex.def)             Requested size: 455.23088pt x 341.43306pt.
<images/text10/ch10.029.png, id=3070, 1027.84pt x 770.88pt>
File: images/text10/ch10.029.png Graphic file (type png)
<use images/text10/ch10.029.png>
Package luatex.def Info: images/text10/ch10.029.png  used on input line 210.
(luatex.def)             Requested size: 455.23088pt x 341.43306pt.
<images/text10/ch10.030.png, id=3071, 1027.84pt x 770.88pt>
File: images/text10/ch10.030.png Graphic file (type png)
<use images/text10/ch10.030.png>
Package luatex.def Info: images/text10/ch10.030.png  used on input line 217.
(luatex.def)             Requested size: 455.23088pt x 341.43306pt.
<images/text10/ch10.031.png, id=3072, 1027.84pt x 770.88pt>
File: images/text10/ch10.031.png Graphic file (type png)
<use images/text10/ch10.031.png>
Package luatex.def Info: images/text10/ch10.031.png  used on input line 224.
(luatex.def)             Requested size: 455.23088pt x 341.43306pt.
<images/text10/ch10.032.png, id=3073, 1027.84pt x 770.88pt>
File: images/text10/ch10.032.png Graphic file (type png)
<use images/text10/ch10.032.png>
Package luatex.def Info: images/text10/ch10.032.png  used on input line 231.
(luatex.def)             Requested size: 455.23088pt x 341.43306pt.
<images/text10/ch10.033.png, id=3074, 1027.84pt x 770.88pt>
File: images/text10/ch10.033.png Graphic file (type png)
<use images/text10/ch10.033.png>
Package luatex.def Info: images/text10/ch10.033.png  used on input line 238.
(luatex.def)             Requested size: 455.23088pt x 341.43306pt.
) [494

<./images/text10/ch10.001.png>] [495<./images/text10/ch10.002.png>]
[496<./images/text10/ch10.003.png>] [497<./images/text10/ch10.004.png>]
[498<./images/text10/ch10.005.png>] [499<./images/text10/ch10.006.png>]
[500<./images/text10/ch10.007.png>] [501<./images/text10/ch10.008.png>]
[502<./images/text10/ch10.009.png>] [503<./images/text10/ch10.010.png>]
[504<./images/text10/ch10.011.png>] [505<./images/text10/ch10.012.png>]
[506<./images/text10/ch10.013.png>] [507<./images/text10/ch10.014.png>]
[508<./images/text10/ch10.015.png>] [509<./images/text10/ch10.016.png>]
[510<./images/text10/ch10.017.png>] [511<./images/text10/ch10.018.png>]
[512<./images/text10/ch10.019.png>] [513<./images/text10/ch10.020.png>]
[514<./images/text10/ch10.021.png>] [515<./images/text10/ch10.022.png>]
[516<./images/text10/ch10.023.png>] [517<./images/text10/ch10.024.png>]
[518<./images/text10/ch10.025.png>] [519<./images/text10/ch10.026.png>]
[520<./images/text10/ch10.027.png>] [521<./images/text10/ch10.028.png>]
[522<./images/text10/ch10.029.png>] [523<./images/text10/ch10.030.png>]
[524<./images/text10/ch10.031.png>] [525<./images/text10/ch10.032.png>]
[526<./images/text10/ch10.033.png>]
\openout2 = text11.aux
 (./text11.tex
第11章
[527




]
<images/text11/ch11A.001.png, id=3250, 1027.84pt x 770.88pt>
File: images/text11/ch11A.001.png Graphic file (type png)
<use images/text11/ch11A.001.png>
Package luatex.def Info: images/text11/ch11A.001.png  used on input line 14.
(luatex.def)             Requested size: 455.23088pt x 341.43306pt.
<images/text11/ch11A.002.png, id=3251, 1027.84pt x 770.88pt>
File: images/text11/ch11A.002.png Graphic file (type png)
<use images/text11/ch11A.002.png>
Package luatex.def Info: images/text11/ch11A.002.png  used on input line 21.
(luatex.def)             Requested size: 455.23088pt x 341.43306pt.
<images/text11/ch11A.003.png, id=3252, 1027.84pt x 770.88pt>
File: images/text11/ch11A.003.png Graphic file (type png)
<use images/text11/ch11A.003.png>
Package luatex.def Info: images/text11/ch11A.003.png  used on input line 28.
(luatex.def)             Requested size: 455.23088pt x 341.43306pt.
<images/text11/ch11A.004.png, id=3253, 1027.84pt x 770.88pt>
File: images/text11/ch11A.004.png Graphic file (type png)
<use images/text11/ch11A.004.png>
Package luatex.def Info: images/text11/ch11A.004.png  used on input line 35.
(luatex.def)             Requested size: 455.23088pt x 341.43306pt.
<images/text11/ch11A.005.png, id=3254, 1027.84pt x 770.88pt>
File: images/text11/ch11A.005.png Graphic file (type png)
<use images/text11/ch11A.005.png>
Package luatex.def Info: images/text11/ch11A.005.png  used on input line 42.
(luatex.def)             Requested size: 455.23088pt x 341.43306pt.
<images/text11/ch11A.006.png, id=3255, 1027.84pt x 770.88pt>
File: images/text11/ch11A.006.png Graphic file (type png)
<use images/text11/ch11A.006.png>
Package luatex.def Info: images/text11/ch11A.006.png  used on input line 49.
(luatex.def)             Requested size: 455.23088pt x 341.43306pt.
<images/text11/ch11A.007.png, id=3256, 1027.84pt x 770.88pt>
File: images/text11/ch11A.007.png Graphic file (type png)
<use images/text11/ch11A.007.png>
Package luatex.def Info: images/text11/ch11A.007.png  used on input line 56.
(luatex.def)             Requested size: 455.23088pt x 341.43306pt.
<images/text11/ch11A.008.png, id=3257, 1027.84pt x 770.88pt>
File: images/text11/ch11A.008.png Graphic file (type png)
<use images/text11/ch11A.008.png>
Package luatex.def Info: images/text11/ch11A.008.png  used on input line 63.
(luatex.def)             Requested size: 455.23088pt x 341.43306pt.
<images/text11/ch11A.009.png, id=3258, 1027.84pt x 770.88pt>
File: images/text11/ch11A.009.png Graphic file (type png)
<use images/text11/ch11A.009.png>
Package luatex.def Info: images/text11/ch11A.009.png  used on input line 70.
(luatex.def)             Requested size: 455.23088pt x 341.43306pt.
<images/text11/ch11A.010.png, id=3259, 1027.84pt x 770.88pt>
File: images/text11/ch11A.010.png Graphic file (type png)
<use images/text11/ch11A.010.png>
Package luatex.def Info: images/text11/ch11A.010.png  used on input line 77.
(luatex.def)             Requested size: 455.23088pt x 341.43306pt.
<images/text11/ch11A.011.png, id=3260, 1027.84pt x 770.88pt>
File: images/text11/ch11A.011.png Graphic file (type png)
<use images/text11/ch11A.011.png>
Package luatex.def Info: images/text11/ch11A.011.png  used on input line 84.
(luatex.def)             Requested size: 455.23088pt x 341.43306pt.
<images/text11/ch11A.012.png, id=3261, 1027.84pt x 770.88pt>
File: images/text11/ch11A.012.png Graphic file (type png)
<use images/text11/ch11A.012.png>
Package luatex.def Info: images/text11/ch11A.012.png  used on input line 91.
(luatex.def)             Requested size: 455.23088pt x 341.43306pt.
<images/text11/ch11A.013.png, id=3262, 1027.84pt x 770.88pt>
File: images/text11/ch11A.013.png Graphic file (type png)
<use images/text11/ch11A.013.png>
Package luatex.def Info: images/text11/ch11A.013.png  used on input line 98.
(luatex.def)             Requested size: 455.23088pt x 341.43306pt.
<images/text11/ch11A.014.png, id=3263, 1027.84pt x 770.88pt>
File: images/text11/ch11A.014.png Graphic file (type png)
<use images/text11/ch11A.014.png>
Package luatex.def Info: images/text11/ch11A.014.png  used on input line 105.
(luatex.def)             Requested size: 455.23088pt x 341.43306pt.
<images/text11/ch11A.015.png, id=3264, 1027.84pt x 770.88pt>
File: images/text11/ch11A.015.png Graphic file (type png)
<use images/text11/ch11A.015.png>
Package luatex.def Info: images/text11/ch11A.015.png  used on input line 112.
(luatex.def)             Requested size: 455.23088pt x 341.43306pt.
<images/text11/ch11A.016.png, id=3265, 1027.84pt x 770.88pt>
File: images/text11/ch11A.016.png Graphic file (type png)
<use images/text11/ch11A.016.png>
Package luatex.def Info: images/text11/ch11A.016.png  used on input line 119.
(luatex.def)             Requested size: 455.23088pt x 341.43306pt.
<images/text11/ch11A.017.png, id=3266, 1027.84pt x 770.88pt>
File: images/text11/ch11A.017.png Graphic file (type png)
<use images/text11/ch11A.017.png>
Package luatex.def Info: images/text11/ch11A.017.png  used on input line 126.
(luatex.def)             Requested size: 455.23088pt x 341.43306pt.
<images/text11/ch11A.018.png, id=3267, 1027.84pt x 770.88pt>
File: images/text11/ch11A.018.png Graphic file (type png)
<use images/text11/ch11A.018.png>
Package luatex.def Info: images/text11/ch11A.018.png  used on input line 133.
(luatex.def)             Requested size: 455.23088pt x 341.43306pt.
<images/text11/ch11A.019.png, id=3268, 1027.84pt x 770.88pt>
File: images/text11/ch11A.019.png Graphic file (type png)
<use images/text11/ch11A.019.png>
Package luatex.def Info: images/text11/ch11A.019.png  used on input line 140.
(luatex.def)             Requested size: 455.23088pt x 341.43306pt.
 [528

<./images/text11/ch11A.001.png>] [529<./images/text11/ch11A.002.png>] [530<./ima
ges/text11/ch11A.003.png>] [531<./images/text11/ch11A.004.png>]
[532<./images/text11/ch11A.005.png>] [533<./images/text11/ch11A.006.png>]
[534<./images/text11/ch11A.007.png>] [535<./images/text11/ch11A.008.png>]
[536<./images/text11/ch11A.009.png>] [537<./images/text11/ch11A.010.png>]
[538<./images/text11/ch11A.011.png>] [539<./images/text11/ch11A.012.png>]
[540<./images/text11/ch11A.013.png>] [541<./images/text11/ch11A.014.png>]
[542<./images/text11/ch11A.015.png>] [543<./images/text11/ch11A.016.png>]
[544<./images/text11/ch11A.017.png>] [545<./images/text11/ch11A.018.png>]
[546<./images/text11/ch11A.019.png>]
<images/text11/ch11B.001.png, id=3367, 1027.84pt x 770.88pt>
File: images/text11/ch11B.001.png Graphic file (type png)
<use images/text11/ch11B.001.png>
Package luatex.def Info: images/text11/ch11B.001.png  used on input line 151.
(luatex.def)             Requested size: 455.23088pt x 341.43306pt.
<images/text11/ch11B.002.png, id=3368, 1027.84pt x 770.88pt>
File: images/text11/ch11B.002.png Graphic file (type png)
<use images/text11/ch11B.002.png>
Package luatex.def Info: images/text11/ch11B.002.png  used on input line 158.
(luatex.def)             Requested size: 455.23088pt x 341.43306pt.
<images/text11/ch11B.003.png, id=3369, 1027.84pt x 770.88pt>
File: images/text11/ch11B.003.png Graphic file (type png)
<use images/text11/ch11B.003.png>
Package luatex.def Info: images/text11/ch11B.003.png  used on input line 165.
(luatex.def)             Requested size: 455.23088pt x 341.43306pt.
<images/text11/ch11B.004.png, id=3370, 1027.84pt x 770.88pt>
File: images/text11/ch11B.004.png Graphic file (type png)
<use images/text11/ch11B.004.png>
Package luatex.def Info: images/text11/ch11B.004.png  used on input line 172.
(luatex.def)             Requested size: 455.23088pt x 341.43306pt.
<images/text11/ch11B.005.png, id=3371, 1027.84pt x 770.88pt>
File: images/text11/ch11B.005.png Graphic file (type png)
<use images/text11/ch11B.005.png>
Package luatex.def Info: images/text11/ch11B.005.png  used on input line 179.
(luatex.def)             Requested size: 455.23088pt x 341.43306pt.
<images/text11/ch11B.006.png, id=3372, 1027.84pt x 770.88pt>
File: images/text11/ch11B.006.png Graphic file (type png)
<use images/text11/ch11B.006.png>
Package luatex.def Info: images/text11/ch11B.006.png  used on input line 186.
(luatex.def)             Requested size: 455.23088pt x 341.43306pt.
<images/text11/ch11B.007.png, id=3373, 1027.84pt x 770.88pt>
File: images/text11/ch11B.007.png Graphic file (type png)
<use images/text11/ch11B.007.png>
Package luatex.def Info: images/text11/ch11B.007.png  used on input line 193.
(luatex.def)             Requested size: 455.23088pt x 341.43306pt.
<images/text11/ch11B.008.png, id=3374, 1027.84pt x 770.88pt>
File: images/text11/ch11B.008.png Graphic file (type png)
<use images/text11/ch11B.008.png>
Package luatex.def Info: images/text11/ch11B.008.png  used on input line 200.
(luatex.def)             Requested size: 455.23088pt x 341.43306pt.
<images/text11/ch11B.009.png, id=3375, 1027.84pt x 770.88pt>
File: images/text11/ch11B.009.png Graphic file (type png)
<use images/text11/ch11B.009.png>
Package luatex.def Info: images/text11/ch11B.009.png  used on input line 207.
(luatex.def)             Requested size: 455.23088pt x 341.43306pt.
<images/text11/ch11B.010.png, id=3376, 1027.84pt x 770.88pt>
File: images/text11/ch11B.010.png Graphic file (type png)
<use images/text11/ch11B.010.png>
Package luatex.def Info: images/text11/ch11B.010.png  used on input line 214.
(luatex.def)             Requested size: 455.23088pt x 341.43306pt.
<images/text11/ch11B.011.png, id=3377, 1027.84pt x 770.88pt>
File: images/text11/ch11B.011.png Graphic file (type png)
<use images/text11/ch11B.011.png>
Package luatex.def Info: images/text11/ch11B.011.png  used on input line 221.
(luatex.def)             Requested size: 455.23088pt x 341.43306pt.
<images/text11/ch11B.012.png, id=3378, 1027.84pt x 770.88pt>
File: images/text11/ch11B.012.png Graphic file (type png)
<use images/text11/ch11B.012.png>
Package luatex.def Info: images/text11/ch11B.012.png  used on input line 228.
(luatex.def)             Requested size: 455.23088pt x 341.43306pt.
<images/text11/ch11B.013.png, id=3379, 1027.84pt x 770.88pt>
File: images/text11/ch11B.013.png Graphic file (type png)
<use images/text11/ch11B.013.png>
Package luatex.def Info: images/text11/ch11B.013.png  used on input line 235.
(luatex.def)             Requested size: 455.23088pt x 341.43306pt.
<images/text11/ch11B.014.png, id=3380, 1027.84pt x 770.88pt>
File: images/text11/ch11B.014.png Graphic file (type png)
<use images/text11/ch11B.014.png>
Package luatex.def Info: images/text11/ch11B.014.png  used on input line 242.
(luatex.def)             Requested size: 455.23088pt x 341.43306pt.
 [547

<./images/text11/ch11B.001.png>]
[548<./images/text11/ch11B.002.png>] [549<./images/text11/ch11B.003.png>]
[550<./images/text11/ch11B.004.png>] [551<./images/text11/ch11B.005.png>]
[552<./images/text11/ch11B.006.png>] [553<./images/text11/ch11B.007.png>]
[554<./images/text11/ch11B.008.png>] [555<./images/text11/ch11B.009.png>]
[556<./images/text11/ch11B.010.png>] [557<./images/text11/ch11B.011.png>]
[558<./images/text11/ch11B.012.png>] [559<./images/text11/ch11B.013.png>]
[560<./images/text11/ch11B.014.png>]
<images/text11/ch11C.001.png, id=3454, 1027.84pt x 770.88pt>
File: images/text11/ch11C.001.png Graphic file (type png)
<use images/text11/ch11C.001.png>
Package luatex.def Info: images/text11/ch11C.001.png  used on input line 253.
(luatex.def)             Requested size: 455.23088pt x 341.43306pt.
<images/text11/ch11C.002.png, id=3455, 1027.84pt x 770.88pt>
File: images/text11/ch11C.002.png Graphic file (type png)
<use images/text11/ch11C.002.png>
Package luatex.def Info: images/text11/ch11C.002.png  used on input line 260.
(luatex.def)             Requested size: 455.23088pt x 341.43306pt.
<images/text11/ch11C.003.png, id=3456, 1027.84pt x 770.88pt>
File: images/text11/ch11C.003.png Graphic file (type png)
<use images/text11/ch11C.003.png>
Package luatex.def Info: images/text11/ch11C.003.png  used on input line 267.
(luatex.def)             Requested size: 455.23088pt x 341.43306pt.
<images/text11/ch11C.004.png, id=3457, 1027.84pt x 770.88pt>
File: images/text11/ch11C.004.png Graphic file (type png)
<use images/text11/ch11C.004.png>
Package luatex.def Info: images/text11/ch11C.004.png  used on input line 274.
(luatex.def)             Requested size: 455.23088pt x 341.43306pt.
<images/text11/ch11C.005.png, id=3458, 1027.84pt x 770.88pt>
File: images/text11/ch11C.005.png Graphic file (type png)
<use images/text11/ch11C.005.png>
Package luatex.def Info: images/text11/ch11C.005.png  used on input line 281.
(luatex.def)             Requested size: 455.23088pt x 341.43306pt.
<images/text11/ch11C.006.png, id=3459, 1027.84pt x 770.88pt>
File: images/text11/ch11C.006.png Graphic file (type png)
<use images/text11/ch11C.006.png>
Package luatex.def Info: images/text11/ch11C.006.png  used on input line 288.
(luatex.def)             Requested size: 455.23088pt x 341.43306pt.
<images/text11/ch11C.007.png, id=3460, 1027.84pt x 770.88pt>
File: images/text11/ch11C.007.png Graphic file (type png)
<use images/text11/ch11C.007.png>
Package luatex.def Info: images/text11/ch11C.007.png  used on input line 295.
(luatex.def)             Requested size: 455.23088pt x 341.43306pt.
<images/text11/ch11C.008.png, id=3461, 1027.84pt x 770.88pt>
File: images/text11/ch11C.008.png Graphic file (type png)
<use images/text11/ch11C.008.png>
Package luatex.def Info: images/text11/ch11C.008.png  used on input line 302.
(luatex.def)             Requested size: 455.23088pt x 341.43306pt.
<images/text11/ch11C.009.png, id=3462, 1027.84pt x 770.88pt>
File: images/text11/ch11C.009.png Graphic file (type png)
<use images/text11/ch11C.009.png>
Package luatex.def Info: images/text11/ch11C.009.png  used on input line 309.
(luatex.def)             Requested size: 455.23088pt x 341.43306pt.
<images/text11/ch11C.010.png, id=3463, 1027.84pt x 770.88pt>
File: images/text11/ch11C.010.png Graphic file (type png)
<use images/text11/ch11C.010.png>
Package luatex.def Info: images/text11/ch11C.010.png  used on input line 316.
(luatex.def)             Requested size: 455.23088pt x 341.43306pt.
<images/text11/ch11C.011.png, id=3464, 1027.84pt x 770.88pt>
File: images/text11/ch11C.011.png Graphic file (type png)
<use images/text11/ch11C.011.png>
Package luatex.def Info: images/text11/ch11C.011.png  used on input line 323.
(luatex.def)             Requested size: 455.23088pt x 341.43306pt.
<images/text11/ch11C.012.png, id=3465, 1027.84pt x 770.88pt>
File: images/text11/ch11C.012.png Graphic file (type png)
<use images/text11/ch11C.012.png>
Package luatex.def Info: images/text11/ch11C.012.png  used on input line 330.
(luatex.def)             Requested size: 455.23088pt x 341.43306pt.
<images/text11/ch11C.013.png, id=3466, 1027.84pt x 770.88pt>
File: images/text11/ch11C.013.png Graphic file (type png)
<use images/text11/ch11C.013.png>
Package luatex.def Info: images/text11/ch11C.013.png  used on input line 337.
(luatex.def)             Requested size: 455.23088pt x 341.43306pt.
<images/text11/ch11C.014.png, id=3467, 1027.84pt x 770.88pt>
File: images/text11/ch11C.014.png Graphic file (type png)
<use images/text11/ch11C.014.png>
Package luatex.def Info: images/text11/ch11C.014.png  used on input line 344.
(luatex.def)             Requested size: 455.23088pt x 341.43306pt.
<images/text11/ch11C.015.png, id=3468, 1027.84pt x 770.88pt>
File: images/text11/ch11C.015.png Graphic file (type png)
<use images/text11/ch11C.015.png>
Package luatex.def Info: images/text11/ch11C.015.png  used on input line 351.
(luatex.def)             Requested size: 455.23088pt x 341.43306pt.
<images/text11/ch11C.016.png, id=3469, 1027.84pt x 770.88pt>
File: images/text11/ch11C.016.png Graphic file (type png)
<use images/text11/ch11C.016.png>
Package luatex.def Info: images/text11/ch11C.016.png  used on input line 358.
(luatex.def)             Requested size: 455.23088pt x 341.43306pt.
<images/text11/ch11C.017.png, id=3470, 1027.84pt x 770.88pt>
File: images/text11/ch11C.017.png Graphic file (type png)
<use images/text11/ch11C.017.png>
Package luatex.def Info: images/text11/ch11C.017.png  used on input line 365.
(luatex.def)             Requested size: 455.23088pt x 341.43306pt.
<images/text11/ch11C.018.png, id=3471, 1027.84pt x 770.88pt>
File: images/text11/ch11C.018.png Graphic file (type png)
<use images/text11/ch11C.018.png>
Package luatex.def Info: images/text11/ch11C.018.png  used on input line 372.
(luatex.def)             Requested size: 455.23088pt x 341.43306pt.
<images/text11/ch11C.019.png, id=3472, 1027.84pt x 770.88pt>
File: images/text11/ch11C.019.png Graphic file (type png)
<use images/text11/ch11C.019.png>
Package luatex.def Info: images/text11/ch11C.019.png  used on input line 379.
(luatex.def)             Requested size: 455.23088pt x 341.43306pt.
<images/text11/ch11C.020.png, id=3473, 1027.84pt x 770.88pt>
File: images/text11/ch11C.020.png Graphic file (type png)
<use images/text11/ch11C.020.png>
Package luatex.def Info: images/text11/ch11C.020.png  used on input line 386.
(luatex.def)             Requested size: 455.23088pt x 341.43306pt.
<images/text11/ch11C.021.png, id=3474, 1027.84pt x 770.88pt>
File: images/text11/ch11C.021.png Graphic file (type png)
<use images/text11/ch11C.021.png>
Package luatex.def Info: images/text11/ch11C.021.png  used on input line 393.
(luatex.def)             Requested size: 455.23088pt x 341.43306pt.
 [561

<./images/text11/ch11C.001.png>]
[562<./images/text11/ch11C.002.png>] [563<./images/text11/ch11C.003.png>]
[564<./images/text11/ch11C.004.png>] [565<./images/text11/ch11C.005.png>]
[566<./images/text11/ch11C.006.png>] [567<./images/text11/ch11C.007.png>]
[568<./images/text11/ch11C.008.png>] [569<./images/text11/ch11C.009.png>]
[570<./images/text11/ch11C.010.png>] [571<./images/text11/ch11C.011.png>]
[572<./images/text11/ch11C.012.png>] [573<./images/text11/ch11C.013.png>]
[574<./images/text11/ch11C.014.png>] [575<./images/text11/ch11C.015.png>]
[576<./images/text11/ch11C.016.png>] [577<./images/text11/ch11C.017.png>]
[578<./images/text11/ch11C.018.png>] [579<./images/text11/ch11C.019.png>]
[580<./images/text11/ch11C.020.png>] [581<./images/text11/ch11C.021.png>]
<images/text11/ch11D.001.png, id=3584, 1027.84pt x 770.88pt>
File: images/text11/ch11D.001.png Graphic file (type png)
<use images/text11/ch11D.001.png>
Package luatex.def Info: images/text11/ch11D.001.png  used on input line 404.
(luatex.def)             Requested size: 455.23088pt x 341.43306pt.
<images/text11/ch11D.002.png, id=3585, 1027.84pt x 770.88pt>
File: images/text11/ch11D.002.png Graphic file (type png)
<use images/text11/ch11D.002.png>
Package luatex.def Info: images/text11/ch11D.002.png  used on input line 411.
(luatex.def)             Requested size: 455.23088pt x 341.43306pt.
<images/text11/ch11D.003.png, id=3586, 1027.84pt x 770.88pt>
File: images/text11/ch11D.003.png Graphic file (type png)
<use images/text11/ch11D.003.png>
Package luatex.def Info: images/text11/ch11D.003.png  used on input line 418.
(luatex.def)             Requested size: 455.23088pt x 341.43306pt.
<images/text11/ch11D.004.png, id=3587, 1027.84pt x 770.88pt>
File: images/text11/ch11D.004.png Graphic file (type png)
<use images/text11/ch11D.004.png>
Package luatex.def Info: images/text11/ch11D.004.png  used on input line 425.
(luatex.def)             Requested size: 455.23088pt x 341.43306pt.
<images/text11/ch11D.005.png, id=3588, 1027.84pt x 770.88pt>
File: images/text11/ch11D.005.png Graphic file (type png)
<use images/text11/ch11D.005.png>
Package luatex.def Info: images/text11/ch11D.005.png  used on input line 432.
(luatex.def)             Requested size: 455.23088pt x 341.43306pt.
<images/text11/ch11D.006.png, id=3589, 1027.84pt x 770.88pt>
File: images/text11/ch11D.006.png Graphic file (type png)
<use images/text11/ch11D.006.png>
Package luatex.def Info: images/text11/ch11D.006.png  used on input line 439.
(luatex.def)             Requested size: 455.23088pt x 341.43306pt.
<images/text11/ch11D.007.png, id=3590, 1027.84pt x 770.88pt>
File: images/text11/ch11D.007.png Graphic file (type png)
<use images/text11/ch11D.007.png>
Package luatex.def Info: images/text11/ch11D.007.png  used on input line 446.
(luatex.def)             Requested size: 455.23088pt x 341.43306pt.
<images/text11/ch11D.008.png, id=3591, 1027.84pt x 770.88pt>
File: images/text11/ch11D.008.png Graphic file (type png)
<use images/text11/ch11D.008.png>
Package luatex.def Info: images/text11/ch11D.008.png  used on input line 453.
(luatex.def)             Requested size: 455.23088pt x 341.43306pt.
<images/text11/ch11D.009.png, id=3592, 1027.84pt x 770.88pt>
File: images/text11/ch11D.009.png Graphic file (type png)
<use images/text11/ch11D.009.png>
Package luatex.def Info: images/text11/ch11D.009.png  used on input line 460.
(luatex.def)             Requested size: 455.23088pt x 341.43306pt.
<images/text11/ch11D.010.png, id=3593, 1027.84pt x 770.88pt>
File: images/text11/ch11D.010.png Graphic file (type png)
<use images/text11/ch11D.010.png>
Package luatex.def Info: images/text11/ch11D.010.png  used on input line 467.
(luatex.def)             Requested size: 455.23088pt x 341.43306pt.
<images/text11/ch11D.011.png, id=3594, 1027.84pt x 770.88pt>
File: images/text11/ch11D.011.png Graphic file (type png)
<use images/text11/ch11D.011.png>
Package luatex.def Info: images/text11/ch11D.011.png  used on input line 474.
(luatex.def)             Requested size: 455.23088pt x 341.43306pt.
<images/text11/ch11D.012.png, id=3595, 1027.84pt x 770.88pt>
File: images/text11/ch11D.012.png Graphic file (type png)
<use images/text11/ch11D.012.png>
Package luatex.def Info: images/text11/ch11D.012.png  used on input line 481.
(luatex.def)             Requested size: 455.23088pt x 341.43306pt.
<images/text11/ch11D.013.png, id=3596, 1027.84pt x 770.88pt>
File: images/text11/ch11D.013.png Graphic file (type png)
<use images/text11/ch11D.013.png>
Package luatex.def Info: images/text11/ch11D.013.png  used on input line 488.
(luatex.def)             Requested size: 455.23088pt x 341.43306pt.
<images/text11/ch11D.014.png, id=3597, 1027.84pt x 770.88pt>
File: images/text11/ch11D.014.png Graphic file (type png)
<use images/text11/ch11D.014.png>
Package luatex.def Info: images/text11/ch11D.014.png  used on input line 495.
(luatex.def)             Requested size: 455.23088pt x 341.43306pt.
<images/text11/ch11D.015.png, id=3598, 1027.84pt x 770.88pt>
File: images/text11/ch11D.015.png Graphic file (type png)
<use images/text11/ch11D.015.png>
Package luatex.def Info: images/text11/ch11D.015.png  used on input line 502.
(luatex.def)             Requested size: 455.23088pt x 341.43306pt.
)
[582

<./images/text11/ch11D.001.png>] [583<./images/text11/ch11D.002.png>]
[584<./images/text11/ch11D.003.png>] [585<./images/text11/ch11D.004.png>]
[586<./images/text11/ch11D.005.png>] [587<./images/text11/ch11D.006.png>]
[588<./images/text11/ch11D.007.png>] [589<./images/text11/ch11D.008.png>]
[590<./images/text11/ch11D.009.png>] [591<./images/text11/ch11D.010.png>]
[592<./images/text11/ch11D.011.png>] [593<./images/text11/ch11D.012.png>]
[594<./images/text11/ch11D.013.png>] [595<./images/text11/ch11D.014.png>]
[596<./images/text11/ch11D.015.png>]
\openout2 = text16.aux
 (./text16.tex
第12章

LaTeX Warning: Reference `chapter3' on page 597 undefined on input line 28.


LaTeX Warning: Reference `fig::16_01' on page 597 undefined on input line 34.

<images/text16/slide16_01.png, id=3677, 1027.84pt x 770.88pt>
File: images/text16/slide16_01.png Graphic file (type png)
<use images/text16/slide16_01.png>
Package luatex.def Info: images/text16/slide16_01.png  used on input line 38.
(luatex.def)             Requested size: 455.23088pt x 341.43306pt.
(load cache: extra_lmroman9-regular.luc)
LaTeX Font Info:    Font shape `JT3/mc/m/n' will be
(Font)              scaled to size 8.32242pt on input line 39.
LaTeX Font Info:    Font shape `JY3/mc/m/n' will be
(Font)              scaled to size 8.32242pt on input line 39.
(load cache: extra_lmroman7-regular.luc)
LaTeX Font Info:    Font shape `JT3/mc/m/n' will be
(Font)              scaled to size 6.47299pt on input line 44.
(load cache: extra_lmroman6-regular.luc)
LaTeX Font Info:    Font shape `JT3/mc/m/n' will be
(Font)              scaled to size 5.54828pt on input line 44.
[597




] [598<./images/text16/slide16_01.png>]

LaTeX Warning: Reference `fig::16_02' on page 599 undefined on input line 58.

<images/text16/slide16_02.png, id=3700, 1027.84pt x 770.88pt>
File: images/text16/slide16_02.png Graphic file (type png)
<use images/text16/slide16_02.png>
Package luatex.def Info: images/text16/slide16_02.png  used on input line 61.
(luatex.def)             Requested size: 455.23088pt x 341.43306pt.
<dice.pdf, id=3702, 258.9675pt x 86.3225pt>
File: dice.pdf Graphic file (type pdf)
<use dice.pdf>
Package luatex.def Info: dice.pdf  used on input line 67.
(luatex.def)             Requested size: 6.03389pt x 6.034pt.
File: dice.pdf Graphic file (type pdf)
<use dice.pdf>
Package luatex.def Info: dice.pdf  used on input line 67.
(luatex.def)             Requested size: 6.03389pt x 6.034pt.
(load cache: extra_lmroman8-bold.luc)
LaTeX Font Info:    Font shape `JT3/mc/b/n' in size <8> not available
(Font)              Font shape `JT3/gt/m/n' tried instead on input line 73.
LaTeX Font Info:    Font shape `JT3/gt/m/n' will be
(Font)              scaled to size 7.3977pt on input line 73.
LaTeX Font Info:    Font shape `JY3/mc/b/n' in size <8> not available
(Font)              Font shape `JY3/gt/m/n' tried instead on input line 73.
LaTeX Font Info:    Font shape `JY3/gt/m/n' will be
(Font)              scaled to size 7.3977pt on input line 73.

LaTeX Warning: Reference `chapter6' on page 599 undefined on input line 73.


LaTeX Warning: Reference `chapter7' on page 599 undefined on input line 75.

[599</usr/local/texlive/2020/texmf-dist/tex/latex/epsdice/dice.pdf>] [600<./imag
es/text16/slide16_02.png>]

LaTeX Warning: Reference `tbl::16_01' on page 601 undefined on input line 108.

(load cache: extra_lmmono8-regular.luc)
LaTeX Font Info:    Font shape `JT3/gt/m/n' will be
(Font)              scaled to size 7.3977pt on input line 110.

LaTeX Warning: Reference `fig::16_3' on page 601 undefined on input line 110.

<images/text16/Rplot16_01.png, id=3736, 4818.0pt x 2409.0pt>
File: images/text16/Rplot16_01.png Graphic file (type png)
<use images/text16/Rplot16_01.png>
Package luatex.def Info: images/text16/Rplot16_01.png  used on input line 114.
(luatex.def)             Requested size: 284.50949pt x 142.26378pt.
! Dimension too large.
<to be read again> 
\ltj@yablshift 
l.120 \begin{screen}
                  
? X


Here is how much of LuaTeX's memory you used:
 21666 strings out of 478902
 597285,953878 words of node,token memory allocated 372770 words of node memory still in use:
   296 hlist, 6 vlist, 793 rule, 2 ins, 1 mark, 12 local_par, 1 dir, 12 math, 15
95 glue, 1123 kern, 165 penalty, 1221 glyph, 1 page_insert, 128199 attribute, 92
43 glue_spec, 8571 attribute_list, 1 temp, 2 if_stack, 6 write, 4204 user_define
d, 2 pdf_start_link, 2 pdf_end_link, 5 pdf_dest, 2 pdf_action, 42 pdf_colorstack
, 1 pdf_setmatrix, 1 pdf_save, 1 pdf_restore nodes
   avail lists: 1:34,2:43798,3:752,4:541,5:309,6:33,7:9910,8:21,9:5009,10:48,11:
3
 36318 multiletter control sequences out of 65536+600000
 79 fonts using 70569639 bytes
 121i,9n,118p,1406b,521s stack positions out of 5000i,500n,10000p,200000b,200000s
</usr/local/texlive/2020/texmf-dist/fonts/opentype/public/lm/lmroman8-bold.otf><
/usr/local/texlive/2020/texmf-dist/fonts/opentype/public/lm/lmroman6-regular.otf
></usr/local/texlive/2020/texmf-dist/fonts/opentype/public/lm/lmroman7-regular.o
tf></usr/local/texlive/2020/texmf-dist/fonts/opentype/public/lm/lmroman9-regular
.otf></usr/local/texlive/2020/texmf-dist/fonts/opentype/public/lm/lmsans12-regul
ar.otf></usr/local/texlive/2020/texmf-dist/fonts/opentype/public/lm/lmroman10-re
gular.otf></usr/local/texlive/2020/texmf-dist/fonts/opentype/public/lm/lmsans17-
regular.otf></usr/local/texlive/2020/texmf-dist/fonts/opentype/public/haranoaji/
HaranoAjiGothic-Medium.otf></usr/local/texlive/2020/texmf-dist/fonts/opentype/pu
blic/lm/lmroman10-bold.otf></usr/local/texlive/2020/texmf-dist/fonts/opentype/pu
blic/lm/lmsans8-regular.otf></usr/local/texlive/2020/texmf-dist/fonts/opentype/p
ublic/lm/lmroman17-regular.otf></usr/local/texlive/2020/texmf-dist/fonts/opentyp
e/public/haranoaji/HaranoAjiMincho-Regular.otf></usr/local/texlive/2020/texmf-di
st/fonts/type1/public/amsfonts/cm/cmex10.pfb></usr/local/texlive/2020/texmf-dist
/fonts/type1/public/amsfonts/cm/cmmi10.pfb></usr/local/texlive/2020/texmf-dist/f
onts/type1/public/amsfonts/cm/cmmi7.pfb></usr/local/texlive/2020/texmf-dist/font
s/type1/public/amsfonts/cm/cmr10.pfb></usr/local/texlive/2020/texmf-dist/fonts/t
ype1/public/amsfonts/cm/cmr7.pfb></usr/local/texlive/2020/texmf-dist/fonts/type1
/public/amsfonts/cm/cmsy10.pfb></usr/local/texlive/2020/texmf-dist/fonts/type1/p
ublic/amsfonts/cm/cmsy8.pfb>
Output written on textbook.pdf (600 pages, 64099338 bytes).

PDF statistics: 3865 PDF objects out of 4296 (max. 8388607)
 2035 compressed objects within 21 object streams
 661 named destinations out of 1000 (max. 131072)
 21 words of extra memory for PDF output out of 10000 (max. 100000000)

